=== Starting 'tofu plan' in /Users/adam/Documents/Antigravity/Netris Terraform/fabric-builder-ui/backend/deployments/hardwarefree ===
$ /opt/homebrew/bin/tofu plan -refresh=false -parallelism=20 -no-color -out=tofu.tfplan

data.netris_tenant.admin: Reading...
data.netris_tenant.admin: Read complete after 1s [id=1]

OpenTofu used the selected providers to generate the following execution
plan. Resource actions are indicated with the following symbols:
  + create

OpenTofu will perform the following actions:

  # netris_allocation.allocations["alloc-ew-loopbacks"] will be created
  + resource "netris_allocation" "allocations" {
      + id       = (known after apply)
      + name     = "alloc-ew-loopbacks"
      + prefix   = "172.16.0.0/24"
      + tenantid = 1
    }

  # netris_allocation.allocations["alloc-ew-p2p"] will be created
  + resource "netris_allocation" "allocations" {
      + id       = (known after apply)
      + name     = "alloc-ew-p2p"
      + prefix   = "172.17.0.0/16"
      + tenantid = 1
    }

  # netris_allocation.allocations["alloc-ns-loopbacks"] will be created
  + resource "netris_allocation" "allocations" {
      + id       = (known after apply)
      + name     = "alloc-ns-loopbacks"
      + prefix   = "172.16.1.0/24"
      + tenantid = 1
    }

  # netris_allocation.allocations["alloc-ns-mgmt"] will be created
  + resource "netris_allocation" "allocations" {
      + id       = (known after apply)
      + name     = "alloc-ns-mgmt"
      + prefix   = "172.16.2.0/24"
      + tenantid = 1
    }

  # netris_allocation.allocations["alloc-oob"] will be created
  + resource "netris_allocation" "allocations" {
      + id       = (known after apply)
      + name     = "alloc-oob"
      + prefix   = "172.16.4.0/24"
      + tenantid = 1
    }

  # netris_allocation.allocations["alloc-storage"] will be created
  + resource "netris_allocation" "allocations" {
      + id       = (known after apply)
      + name     = "alloc-storage"
      + prefix   = "172.16.3.0/24"
      + tenantid = 1
    }

  # netris_inventory_profile.ew_profile_pl1 will be created
  + resource "netris_inventory_profile" "ew_profile_pl1" {
      + description = "East-West Spectrum-X Profile for Plane 1"
      + dnsservers  = [
          + "1.1.1.1",
          + "8.8.8.8",
        ]
      + id          = (known after apply)
      + ipv4ssh     = [
          + "0.0.0.0/0",
        ]
      + name        = "hardwarefree-ew-pl1"
      + ntpservers  = [
          + "1.pool.ntp.org",
          + "2.pool.ntp.org",
        ]
      + timezone    = "Europe/London"

      + fabricsettings {
          + automaticlinkaggregation     = false
          + fabrictype                   = "ew-plane1"
          + mclag                        = false
          + optimisebgpoverlay           = true
          + optimisebgpoverlayhypervisor = false
          + serverbasedesi               = false
          + unnumberedbgpunderlay        = true
        }

      + gpuclustersettings {
          + aggregatel3vpnprefix = true
          + asicmonitoring       = false
          + congestioncontrol    = true
          + hwmp                 = false
          + qosandroce           = true
          + refarch              = "b300_spx_2_tier_dual_plane"
          + roceadaptiverouting  = true
        }

      + netqsettings (known after apply)

      + snmpv2 (known after apply)

      + ztpsettings (known after apply)
    }

  # netris_inventory_profile.ew_profile_pl2 will be created
  + resource "netris_inventory_profile" "ew_profile_pl2" {
      + description = "East-West Spectrum-X Profile for Plane 2"
      + dnsservers  = [
          + "1.1.1.1",
          + "8.8.8.8",
        ]
      + id          = (known after apply)
      + ipv4ssh     = [
          + "0.0.0.0/0",
        ]
      + name        = "hardwarefree-ew-pl2"
      + ntpservers  = [
          + "1.pool.ntp.org",
          + "2.pool.ntp.org",
        ]
      + timezone    = "Europe/London"

      + fabricsettings {
          + automaticlinkaggregation     = false
          + fabrictype                   = "ew-plane2"
          + mclag                        = false
          + optimisebgpoverlay           = true
          + optimisebgpoverlayhypervisor = false
          + serverbasedesi               = false
          + unnumberedbgpunderlay        = true
        }

      + gpuclustersettings {
          + aggregatel3vpnprefix = true
          + asicmonitoring       = false
          + congestioncontrol    = true
          + hwmp                 = false
          + qosandroce           = true
          + refarch              = "b300_spx_2_tier_dual_plane"
          + roceadaptiverouting  = true
        }

      + netqsettings (known after apply)

      + snmpv2 (known after apply)

      + ztpsettings (known after apply)
    }

  # netris_inventory_profile.ew_profile_pl3 will be created
  + resource "netris_inventory_profile" "ew_profile_pl3" {
      + description = "East-West Spectrum-X Profile for Plane 3"
      + dnsservers  = [
          + "1.1.1.1",
          + "8.8.8.8",
        ]
      + id          = (known after apply)
      + ipv4ssh     = [
          + "0.0.0.0/0",
        ]
      + name        = "hardwarefree-ew-pl3"
      + ntpservers  = [
          + "1.pool.ntp.org",
          + "2.pool.ntp.org",
        ]
      + timezone    = "Europe/London"

      + fabricsettings {
          + automaticlinkaggregation     = false
          + fabrictype                   = "ew-plane3"
          + mclag                        = false
          + optimisebgpoverlay           = true
          + optimisebgpoverlayhypervisor = false
          + serverbasedesi               = false
          + unnumberedbgpunderlay        = true
        }

      + gpuclustersettings {
          + aggregatel3vpnprefix = true
          + asicmonitoring       = false
          + congestioncontrol    = true
          + hwmp                 = false
          + qosandroce           = true
          + refarch              = "b300_spx_2_tier_dual_plane"
          + roceadaptiverouting  = true
        }

      + netqsettings (known after apply)

      + snmpv2 (known after apply)

      + ztpsettings (known after apply)
    }

  # netris_inventory_profile.ew_profile_pl4 will be created
  + resource "netris_inventory_profile" "ew_profile_pl4" {
      + description = "East-West Spectrum-X Profile for Plane 4"
      + dnsservers  = [
          + "1.1.1.1",
          + "8.8.8.8",
        ]
      + id          = (known after apply)
      + ipv4ssh     = [
          + "0.0.0.0/0",
        ]
      + name        = "hardwarefree-ew-pl4"
      + ntpservers  = [
          + "1.pool.ntp.org",
          + "2.pool.ntp.org",
        ]
      + timezone    = "Europe/London"

      + fabricsettings {
          + automaticlinkaggregation     = false
          + fabrictype                   = "ew-plane4"
          + mclag                        = false
          + optimisebgpoverlay           = true
          + optimisebgpoverlayhypervisor = false
          + serverbasedesi               = false
          + unnumberedbgpunderlay        = true
        }

      + gpuclustersettings {
          + aggregatel3vpnprefix = true
          + asicmonitoring       = false
          + congestioncontrol    = true
          + hwmp                 = false
          + qosandroce           = true
          + refarch              = "b300_spx_2_tier_dual_plane"
          + roceadaptiverouting  = true
        }

      + netqsettings (known after apply)

      + snmpv2 (known after apply)

      + ztpsettings (known after apply)
    }

  # netris_inventory_profile.ns_profile will be created
  + resource "netris_inventory_profile" "ns_profile" {
      + description = "North-South Front-End Inventory Profile"
      + dnsservers  = [
          + "1.1.1.1",
          + "8.8.8.8",
        ]
      + id          = (known after apply)
      + ipv4ssh     = [
          + "0.0.0.0/0",
        ]
      + name        = "hardwarefree-ns-profile"
      + ntpservers  = [
          + "1.pool.ntp.org",
          + "2.pool.ntp.org",
        ]
      + timezone    = "Europe/London"

      + fabricsettings {
          + automaticlinkaggregation     = true
          + fabrictype                   = "ns"
          + mclag                        = false
          + optimisebgpoverlay           = false
          + optimisebgpoverlayhypervisor = false
          + serverbasedesi               = false
          + unnumberedbgpunderlay        = false
        }

      + gpuclustersettings (known after apply)

      + netqsettings (known after apply)

      + snmpv2 (known after apply)

      + ztpsettings (known after apply)
    }

  # netris_inventory_profile.oob_profile will be created
  + resource "netris_inventory_profile" "oob_profile" {
      + description = "Out-of-band management profile"
      + dnsservers  = [
          + "1.1.1.1",
          + "8.8.8.8",
        ]
      + id          = (known after apply)
      + ipv4ssh     = [
          + "0.0.0.0/0",
        ]
      + name        = "hardwarefree-oob-profile"
      + ntpservers  = [
          + "1.pool.ntp.org",
          + "2.pool.ntp.org",
        ]
      + timezone    = "Europe/London"

      + fabricsettings {
          + automaticlinkaggregation     = false
          + fabrictype                   = "oob"
          + mclag                        = false
          + optimisebgpoverlay           = false
          + optimisebgpoverlayhypervisor = false
          + serverbasedesi               = false
          + unnumberedbgpunderlay        = false
        }

      + gpuclustersettings (known after apply)

      + netqsettings (known after apply)

      + snmpv2 (known after apply)

      + ztpsettings (known after apply)
    }

  # netris_link.ew_gpu_links["swp10@sw-hardwarefree-plane1-leaf01--eth2@gpu-hardwarefree-033"] will be created
  + resource "netris_link" "ew_gpu_links" {
      + id       = (known after apply)
      + ports    = [
          + "swp10@sw-hardwarefree-plane1-leaf01",
          + "eth2@gpu-hardwarefree-033",
        ]
      + underlay = "enabled"
    }

  # netris_link.ew_gpu_links["swp10@sw-hardwarefree-plane1-leaf02--eth2@gpu-hardwarefree-034"] will be created
  + resource "netris_link" "ew_gpu_links" {
      + id       = (known after apply)
      + ports    = [
          + "swp10@sw-hardwarefree-plane1-leaf02",
          + "eth2@gpu-hardwarefree-034",
        ]
      + underlay = "enabled"
    }

  # netris_link.ew_gpu_links["swp10@sw-hardwarefree-plane1-leaf03--eth2@gpu-hardwarefree-035"] will be created
  + resource "netris_link" "ew_gpu_links" {
      + id       = (known after apply)
      + ports    = [
          + "swp10@sw-hardwarefree-plane1-leaf03",
          + "eth2@gpu-hardwarefree-035",
        ]
      + underlay = "enabled"
    }

  # netris_link.ew_gpu_links["swp10@sw-hardwarefree-plane1-leaf04--eth2@gpu-hardwarefree-036"] will be created
  + resource "netris_link" "ew_gpu_links" {
      + id       = (known after apply)
      + ports    = [
          + "swp10@sw-hardwarefree-plane1-leaf04",
          + "eth2@gpu-hardwarefree-036",
        ]
      + underlay = "enabled"
    }

  # netris_link.ew_gpu_links["swp10@sw-hardwarefree-plane1-leaf05--eth2@gpu-hardwarefree-037"] will be created
  + resource "netris_link" "ew_gpu_links" {
      + id       = (known after apply)
      + ports    = [
          + "swp10@sw-hardwarefree-plane1-leaf05",
          + "eth2@gpu-hardwarefree-037",
        ]
      + underlay = "enabled"
    }

  # netris_link.ew_gpu_links["swp10@sw-hardwarefree-plane1-leaf06--eth2@gpu-hardwarefree-038"] will be created
  + resource "netris_link" "ew_gpu_links" {
      + id       = (known after apply)
      + ports    = [
          + "swp10@sw-hardwarefree-plane1-leaf06",
          + "eth2@gpu-hardwarefree-038",
        ]
      + underlay = "enabled"
    }

  # netris_link.ew_gpu_links["swp10@sw-hardwarefree-plane1-leaf07--eth2@gpu-hardwarefree-039"] will be created
  + resource "netris_link" "ew_gpu_links" {
      + id       = (known after apply)
      + ports    = [
          + "swp10@sw-hardwarefree-plane1-leaf07",
          + "eth2@gpu-hardwarefree-039",
        ]
      + underlay = "enabled"
    }

  # netris_link.ew_gpu_links["swp10@sw-hardwarefree-plane1-leaf08--eth2@gpu-hardwarefree-040"] will be created
  + resource "netris_link" "ew_gpu_links" {
      + id       = (known after apply)
      + ports    = [
          + "swp10@sw-hardwarefree-plane1-leaf08",
          + "eth2@gpu-hardwarefree-040",
        ]
      + underlay = "enabled"
    }

  # netris_link.ew_gpu_links["swp10@sw-hardwarefree-plane2-leaf01--eth4@gpu-hardwarefree-033"] will be created
  + resource "netris_link" "ew_gpu_links" {
      + id       = (known after apply)
      + ports    = [
          + "swp10@sw-hardwarefree-plane2-leaf01",
          + "eth4@gpu-hardwarefree-033",
        ]
      + underlay = "enabled"
    }

  # netris_link.ew_gpu_links["swp10@sw-hardwarefree-plane2-leaf02--eth4@gpu-hardwarefree-034"] will be created
  + resource "netris_link" "ew_gpu_links" {
      + id       = (known after apply)
      + ports    = [
          + "swp10@sw-hardwarefree-plane2-leaf02",
          + "eth4@gpu-hardwarefree-034",
        ]
      + underlay = "enabled"
    }

  # netris_link.ew_gpu_links["swp10@sw-hardwarefree-plane2-leaf03--eth4@gpu-hardwarefree-035"] will be created
  + resource "netris_link" "ew_gpu_links" {
      + id       = (known after apply)
      + ports    = [
          + "swp10@sw-hardwarefree-plane2-leaf03",
          + "eth4@gpu-hardwarefree-035",
        ]
      + underlay = "enabled"
    }

  # netris_link.ew_gpu_links["swp10@sw-hardwarefree-plane2-leaf04--eth4@gpu-hardwarefree-036"] will be created
  + resource "netris_link" "ew_gpu_links" {
      + id       = (known after apply)
      + ports    = [
          + "swp10@sw-hardwarefree-plane2-leaf04",
          + "eth4@gpu-hardwarefree-036",
        ]
      + underlay = "enabled"
    }

  # netris_link.ew_gpu_links["swp10@sw-hardwarefree-plane2-leaf05--eth4@gpu-hardwarefree-037"] will be created
  + resource "netris_link" "ew_gpu_links" {
      + id       = (known after apply)
      + ports    = [
          + "swp10@sw-hardwarefree-plane2-leaf05",
          + "eth4@gpu-hardwarefree-037",
        ]
      + underlay = "enabled"
    }

  # netris_link.ew_gpu_links["swp10@sw-hardwarefree-plane2-leaf06--eth4@gpu-hardwarefree-038"] will be created
  + resource "netris_link" "ew_gpu_links" {
      + id       = (known after apply)
      + ports    = [
          + "swp10@sw-hardwarefree-plane2-leaf06",
          + "eth4@gpu-hardwarefree-038",
        ]
      + underlay = "enabled"
    }

  # netris_link.ew_gpu_links["swp10@sw-hardwarefree-plane2-leaf07--eth4@gpu-hardwarefree-039"] will be created
  + resource "netris_link" "ew_gpu_links" {
      + id       = (known after apply)
      + ports    = [
          + "swp10@sw-hardwarefree-plane2-leaf07",
          + "eth4@gpu-hardwarefree-039",
        ]
      + underlay = "enabled"
    }

  # netris_link.ew_gpu_links["swp10@sw-hardwarefree-plane2-leaf08--eth4@gpu-hardwarefree-040"] will be created
  + resource "netris_link" "ew_gpu_links" {
      + id       = (known after apply)
      + ports    = [
          + "swp10@sw-hardwarefree-plane2-leaf08",
          + "eth4@gpu-hardwarefree-040",
        ]
      + underlay = "enabled"
    }

  # netris_link.ew_gpu_links["swp10@sw-hardwarefree-plane3-leaf01--eth6@gpu-hardwarefree-033"] will be created
  + resource "netris_link" "ew_gpu_links" {
      + id       = (known after apply)
      + ports    = [
          + "swp10@sw-hardwarefree-plane3-leaf01",
          + "eth6@gpu-hardwarefree-033",
        ]
      + underlay = "enabled"
    }

  # netris_link.ew_gpu_links["swp10@sw-hardwarefree-plane3-leaf02--eth6@gpu-hardwarefree-034"] will be created
  + resource "netris_link" "ew_gpu_links" {
      + id       = (known after apply)
      + ports    = [
          + "swp10@sw-hardwarefree-plane3-leaf02",
          + "eth6@gpu-hardwarefree-034",
        ]
      + underlay = "enabled"
    }

  # netris_link.ew_gpu_links["swp10@sw-hardwarefree-plane3-leaf03--eth6@gpu-hardwarefree-035"] will be created
  + resource "netris_link" "ew_gpu_links" {
      + id       = (known after apply)
      + ports    = [
          + "swp10@sw-hardwarefree-plane3-leaf03",
          + "eth6@gpu-hardwarefree-035",
        ]
      + underlay = "enabled"
    }

  # netris_link.ew_gpu_links["swp10@sw-hardwarefree-plane3-leaf04--eth6@gpu-hardwarefree-036"] will be created
  + resource "netris_link" "ew_gpu_links" {
      + id       = (known after apply)
      + ports    = [
          + "swp10@sw-hardwarefree-plane3-leaf04",
          + "eth6@gpu-hardwarefree-036",
        ]
      + underlay = "enabled"
    }

  # netris_link.ew_gpu_links["swp10@sw-hardwarefree-plane3-leaf05--eth6@gpu-hardwarefree-037"] will be created
  + resource "netris_link" "ew_gpu_links" {
      + id       = (known after apply)
      + ports    = [
          + "swp10@sw-hardwarefree-plane3-leaf05",
          + "eth6@gpu-hardwarefree-037",
        ]
      + underlay = "enabled"
    }

  # netris_link.ew_gpu_links["swp10@sw-hardwarefree-plane3-leaf06--eth6@gpu-hardwarefree-038"] will be created
  + resource "netris_link" "ew_gpu_links" {
      + id       = (known after apply)
      + ports    = [
          + "swp10@sw-hardwarefree-plane3-leaf06",
          + "eth6@gpu-hardwarefree-038",
        ]
      + underlay = "enabled"
    }

  # netris_link.ew_gpu_links["swp10@sw-hardwarefree-plane3-leaf07--eth6@gpu-hardwarefree-039"] will be created
  + resource "netris_link" "ew_gpu_links" {
      + id       = (known after apply)
      + ports    = [
          + "swp10@sw-hardwarefree-plane3-leaf07",
          + "eth6@gpu-hardwarefree-039",
        ]
      + underlay = "enabled"
    }

  # netris_link.ew_gpu_links["swp10@sw-hardwarefree-plane3-leaf08--eth6@gpu-hardwarefree-040"] will be created
  + resource "netris_link" "ew_gpu_links" {
      + id       = (known after apply)
      + ports    = [
          + "swp10@sw-hardwarefree-plane3-leaf08",
          + "eth6@gpu-hardwarefree-040",
        ]
      + underlay = "enabled"
    }

  # netris_link.ew_gpu_links["swp10@sw-hardwarefree-plane4-leaf01--eth8@gpu-hardwarefree-033"] will be created
  + resource "netris_link" "ew_gpu_links" {
      + id       = (known after apply)
      + ports    = [
          + "swp10@sw-hardwarefree-plane4-leaf01",
          + "eth8@gpu-hardwarefree-033",
        ]
      + underlay = "enabled"
    }

  # netris_link.ew_gpu_links["swp10@sw-hardwarefree-plane4-leaf02--eth8@gpu-hardwarefree-034"] will be created
  + resource "netris_link" "ew_gpu_links" {
      + id       = (known after apply)
      + ports    = [
          + "swp10@sw-hardwarefree-plane4-leaf02",
          + "eth8@gpu-hardwarefree-034",
        ]
      + underlay = "enabled"
    }

  # netris_link.ew_gpu_links["swp10@sw-hardwarefree-plane4-leaf03--eth8@gpu-hardwarefree-035"] will be created
  + resource "netris_link" "ew_gpu_links" {
      + id       = (known after apply)
      + ports    = [
          + "swp10@sw-hardwarefree-plane4-leaf03",
          + "eth8@gpu-hardwarefree-035",
        ]
      + underlay = "enabled"
    }

  # netris_link.ew_gpu_links["swp10@sw-hardwarefree-plane4-leaf04--eth8@gpu-hardwarefree-036"] will be created
  + resource "netris_link" "ew_gpu_links" {
      + id       = (known after apply)
      + ports    = [
          + "swp10@sw-hardwarefree-plane4-leaf04",
          + "eth8@gpu-hardwarefree-036",
        ]
      + underlay = "enabled"
    }

  # netris_link.ew_gpu_links["swp10@sw-hardwarefree-plane4-leaf05--eth8@gpu-hardwarefree-037"] will be created
  + resource "netris_link" "ew_gpu_links" {
      + id       = (known after apply)
      + ports    = [
          + "swp10@sw-hardwarefree-plane4-leaf05",
          + "eth8@gpu-hardwarefree-037",
        ]
      + underlay = "enabled"
    }

  # netris_link.ew_gpu_links["swp10@sw-hardwarefree-plane4-leaf06--eth8@gpu-hardwarefree-038"] will be created
  + resource "netris_link" "ew_gpu_links" {
      + id       = (known after apply)
      + ports    = [
          + "swp10@sw-hardwarefree-plane4-leaf06",
          + "eth8@gpu-hardwarefree-038",
        ]
      + underlay = "enabled"
    }

  # netris_link.ew_gpu_links["swp10@sw-hardwarefree-plane4-leaf07--eth8@gpu-hardwarefree-039"] will be created
  + resource "netris_link" "ew_gpu_links" {
      + id       = (known after apply)
      + ports    = [
          + "swp10@sw-hardwarefree-plane4-leaf07",
          + "eth8@gpu-hardwarefree-039",
        ]
      + underlay = "enabled"
    }

  # netris_link.ew_gpu_links["swp10@sw-hardwarefree-plane4-leaf08--eth8@gpu-hardwarefree-040"] will be created
  + resource "netris_link" "ew_gpu_links" {
      + id       = (known after apply)
      + ports    = [
          + "swp10@sw-hardwarefree-plane4-leaf08",
          + "eth8@gpu-hardwarefree-040",
        ]
      + underlay = "enabled"
    }

  # netris_link.ew_gpu_links["swp11@sw-hardwarefree-plane1-leaf01--eth1@gpu-hardwarefree-041"] will be created
  + resource "netris_link" "ew_gpu_links" {
      + id       = (known after apply)
      + ports    = [
          + "swp11@sw-hardwarefree-plane1-leaf01",
          + "eth1@gpu-hardwarefree-041",
        ]
      + underlay = "enabled"
    }

  # netris_link.ew_gpu_links["swp11@sw-hardwarefree-plane1-leaf02--eth1@gpu-hardwarefree-042"] will be created
  + resource "netris_link" "ew_gpu_links" {
      + id       = (known after apply)
      + ports    = [
          + "swp11@sw-hardwarefree-plane1-leaf02",
          + "eth1@gpu-hardwarefree-042",
        ]
      + underlay = "enabled"
    }

  # netris_link.ew_gpu_links["swp11@sw-hardwarefree-plane1-leaf03--eth1@gpu-hardwarefree-043"] will be created
  + resource "netris_link" "ew_gpu_links" {
      + id       = (known after apply)
      + ports    = [
          + "swp11@sw-hardwarefree-plane1-leaf03",
          + "eth1@gpu-hardwarefree-043",
        ]
      + underlay = "enabled"
    }

  # netris_link.ew_gpu_links["swp11@sw-hardwarefree-plane1-leaf04--eth1@gpu-hardwarefree-044"] will be created
  + resource "netris_link" "ew_gpu_links" {
      + id       = (known after apply)
      + ports    = [
          + "swp11@sw-hardwarefree-plane1-leaf04",
          + "eth1@gpu-hardwarefree-044",
        ]
      + underlay = "enabled"
    }

  # netris_link.ew_gpu_links["swp11@sw-hardwarefree-plane1-leaf05--eth1@gpu-hardwarefree-045"] will be created
  + resource "netris_link" "ew_gpu_links" {
      + id       = (known after apply)
      + ports    = [
          + "swp11@sw-hardwarefree-plane1-leaf05",
          + "eth1@gpu-hardwarefree-045",
        ]
      + underlay = "enabled"
    }

  # netris_link.ew_gpu_links["swp11@sw-hardwarefree-plane1-leaf06--eth1@gpu-hardwarefree-046"] will be created
  + resource "netris_link" "ew_gpu_links" {
      + id       = (known after apply)
      + ports    = [
          + "swp11@sw-hardwarefree-plane1-leaf06",
          + "eth1@gpu-hardwarefree-046",
        ]
      + underlay = "enabled"
    }

  # netris_link.ew_gpu_links["swp11@sw-hardwarefree-plane1-leaf07--eth1@gpu-hardwarefree-047"] will be created
  + resource "netris_link" "ew_gpu_links" {
      + id       = (known after apply)
      + ports    = [
          + "swp11@sw-hardwarefree-plane1-leaf07",
          + "eth1@gpu-hardwarefree-047",
        ]
      + underlay = "enabled"
    }

  # netris_link.ew_gpu_links["swp11@sw-hardwarefree-plane1-leaf08--eth1@gpu-hardwarefree-048"] will be created
  + resource "netris_link" "ew_gpu_links" {
      + id       = (known after apply)
      + ports    = [
          + "swp11@sw-hardwarefree-plane1-leaf08",
          + "eth1@gpu-hardwarefree-048",
        ]
      + underlay = "enabled"
    }

  # netris_link.ew_gpu_links["swp11@sw-hardwarefree-plane2-leaf01--eth3@gpu-hardwarefree-041"] will be created
  + resource "netris_link" "ew_gpu_links" {
      + id       = (known after apply)
      + ports    = [
          + "swp11@sw-hardwarefree-plane2-leaf01",
          + "eth3@gpu-hardwarefree-041",
        ]
      + underlay = "enabled"
    }

  # netris_link.ew_gpu_links["swp11@sw-hardwarefree-plane2-leaf02--eth3@gpu-hardwarefree-042"] will be created
  + resource "netris_link" "ew_gpu_links" {
      + id       = (known after apply)
      + ports    = [
          + "swp11@sw-hardwarefree-plane2-leaf02",
          + "eth3@gpu-hardwarefree-042",
        ]
      + underlay = "enabled"
    }

  # netris_link.ew_gpu_links["swp11@sw-hardwarefree-plane2-leaf03--eth3@gpu-hardwarefree-043"] will be created
  + resource "netris_link" "ew_gpu_links" {
      + id       = (known after apply)
      + ports    = [
          + "swp11@sw-hardwarefree-plane2-leaf03",
          + "eth3@gpu-hardwarefree-043",
        ]
      + underlay = "enabled"
    }

  # netris_link.ew_gpu_links["swp11@sw-hardwarefree-plane2-leaf04--eth3@gpu-hardwarefree-044"] will be created
  + resource "netris_link" "ew_gpu_links" {
      + id       = (known after apply)
      + ports    = [
          + "swp11@sw-hardwarefree-plane2-leaf04",
          + "eth3@gpu-hardwarefree-044",
        ]
      + underlay = "enabled"
    }

  # netris_link.ew_gpu_links["swp11@sw-hardwarefree-plane2-leaf05--eth3@gpu-hardwarefree-045"] will be created
  + resource "netris_link" "ew_gpu_links" {
      + id       = (known after apply)
      + ports    = [
          + "swp11@sw-hardwarefree-plane2-leaf05",
          + "eth3@gpu-hardwarefree-045",
        ]
      + underlay = "enabled"
    }

  # netris_link.ew_gpu_links["swp11@sw-hardwarefree-plane2-leaf06--eth3@gpu-hardwarefree-046"] will be created
  + resource "netris_link" "ew_gpu_links" {
      + id       = (known after apply)
      + ports    = [
          + "swp11@sw-hardwarefree-plane2-leaf06",
          + "eth3@gpu-hardwarefree-046",
        ]
      + underlay = "enabled"
    }

  # netris_link.ew_gpu_links["swp11@sw-hardwarefree-plane2-leaf07--eth3@gpu-hardwarefree-047"] will be created
  + resource "netris_link" "ew_gpu_links" {
      + id       = (known after apply)
      + ports    = [
          + "swp11@sw-hardwarefree-plane2-leaf07",
          + "eth3@gpu-hardwarefree-047",
        ]
      + underlay = "enabled"
    }

  # netris_link.ew_gpu_links["swp11@sw-hardwarefree-plane2-leaf08--eth3@gpu-hardwarefree-048"] will be created
  + resource "netris_link" "ew_gpu_links" {
      + id       = (known after apply)
      + ports    = [
          + "swp11@sw-hardwarefree-plane2-leaf08",
          + "eth3@gpu-hardwarefree-048",
        ]
      + underlay = "enabled"
    }

  # netris_link.ew_gpu_links["swp11@sw-hardwarefree-plane3-leaf01--eth5@gpu-hardwarefree-041"] will be created
  + resource "netris_link" "ew_gpu_links" {
      + id       = (known after apply)
      + ports    = [
          + "swp11@sw-hardwarefree-plane3-leaf01",
          + "eth5@gpu-hardwarefree-041",
        ]
      + underlay = "enabled"
    }

  # netris_link.ew_gpu_links["swp11@sw-hardwarefree-plane3-leaf02--eth5@gpu-hardwarefree-042"] will be created
  + resource "netris_link" "ew_gpu_links" {
      + id       = (known after apply)
      + ports    = [
          + "swp11@sw-hardwarefree-plane3-leaf02",
          + "eth5@gpu-hardwarefree-042",
        ]
      + underlay = "enabled"
    }

  # netris_link.ew_gpu_links["swp11@sw-hardwarefree-plane3-leaf03--eth5@gpu-hardwarefree-043"] will be created
  + resource "netris_link" "ew_gpu_links" {
      + id       = (known after apply)
      + ports    = [
          + "swp11@sw-hardwarefree-plane3-leaf03",
          + "eth5@gpu-hardwarefree-043",
        ]
      + underlay = "enabled"
    }

  # netris_link.ew_gpu_links["swp11@sw-hardwarefree-plane3-leaf04--eth5@gpu-hardwarefree-044"] will be created
  + resource "netris_link" "ew_gpu_links" {
      + id       = (known after apply)
      + ports    = [
          + "swp11@sw-hardwarefree-plane3-leaf04",
          + "eth5@gpu-hardwarefree-044",
        ]
      + underlay = "enabled"
    }

  # netris_link.ew_gpu_links["swp11@sw-hardwarefree-plane3-leaf05--eth5@gpu-hardwarefree-045"] will be created
  + resource "netris_link" "ew_gpu_links" {
      + id       = (known after apply)
      + ports    = [
          + "swp11@sw-hardwarefree-plane3-leaf05",
          + "eth5@gpu-hardwarefree-045",
        ]
      + underlay = "enabled"
    }

  # netris_link.ew_gpu_links["swp11@sw-hardwarefree-plane3-leaf06--eth5@gpu-hardwarefree-046"] will be created
  + resource "netris_link" "ew_gpu_links" {
      + id       = (known after apply)
      + ports    = [
          + "swp11@sw-hardwarefree-plane3-leaf06",
          + "eth5@gpu-hardwarefree-046",
        ]
      + underlay = "enabled"
    }

  # netris_link.ew_gpu_links["swp11@sw-hardwarefree-plane3-leaf07--eth5@gpu-hardwarefree-047"] will be created
  + resource "netris_link" "ew_gpu_links" {
      + id       = (known after apply)
      + ports    = [
          + "swp11@sw-hardwarefree-plane3-leaf07",
          + "eth5@gpu-hardwarefree-047",
        ]
      + underlay = "enabled"
    }

  # netris_link.ew_gpu_links["swp11@sw-hardwarefree-plane3-leaf08--eth5@gpu-hardwarefree-048"] will be created
  + resource "netris_link" "ew_gpu_links" {
      + id       = (known after apply)
      + ports    = [
          + "swp11@sw-hardwarefree-plane3-leaf08",
          + "eth5@gpu-hardwarefree-048",
        ]
      + underlay = "enabled"
    }

  # netris_link.ew_gpu_links["swp11@sw-hardwarefree-plane4-leaf01--eth7@gpu-hardwarefree-041"] will be created
  + resource "netris_link" "ew_gpu_links" {
      + id       = (known after apply)
      + ports    = [
          + "swp11@sw-hardwarefree-plane4-leaf01",
          + "eth7@gpu-hardwarefree-041",
        ]
      + underlay = "enabled"
    }

  # netris_link.ew_gpu_links["swp11@sw-hardwarefree-plane4-leaf02--eth7@gpu-hardwarefree-042"] will be created
  + resource "netris_link" "ew_gpu_links" {
      + id       = (known after apply)
      + ports    = [
          + "swp11@sw-hardwarefree-plane4-leaf02",
          + "eth7@gpu-hardwarefree-042",
        ]
      + underlay = "enabled"
    }

  # netris_link.ew_gpu_links["swp11@sw-hardwarefree-plane4-leaf03--eth7@gpu-hardwarefree-043"] will be created
  + resource "netris_link" "ew_gpu_links" {
      + id       = (known after apply)
      + ports    = [
          + "swp11@sw-hardwarefree-plane4-leaf03",
          + "eth7@gpu-hardwarefree-043",
        ]
      + underlay = "enabled"
    }

  # netris_link.ew_gpu_links["swp11@sw-hardwarefree-plane4-leaf04--eth7@gpu-hardwarefree-044"] will be created
  + resource "netris_link" "ew_gpu_links" {
      + id       = (known after apply)
      + ports    = [
          + "swp11@sw-hardwarefree-plane4-leaf04",
          + "eth7@gpu-hardwarefree-044",
        ]
      + underlay = "enabled"
    }

  # netris_link.ew_gpu_links["swp11@sw-hardwarefree-plane4-leaf05--eth7@gpu-hardwarefree-045"] will be created
  + resource "netris_link" "ew_gpu_links" {
      + id       = (known after apply)
      + ports    = [
          + "swp11@sw-hardwarefree-plane4-leaf05",
          + "eth7@gpu-hardwarefree-045",
        ]
      + underlay = "enabled"
    }

  # netris_link.ew_gpu_links["swp11@sw-hardwarefree-plane4-leaf06--eth7@gpu-hardwarefree-046"] will be created
  + resource "netris_link" "ew_gpu_links" {
      + id       = (known after apply)
      + ports    = [
          + "swp11@sw-hardwarefree-plane4-leaf06",
          + "eth7@gpu-hardwarefree-046",
        ]
      + underlay = "enabled"
    }

  # netris_link.ew_gpu_links["swp11@sw-hardwarefree-plane4-leaf07--eth7@gpu-hardwarefree-047"] will be created
  + resource "netris_link" "ew_gpu_links" {
      + id       = (known after apply)
      + ports    = [
          + "swp11@sw-hardwarefree-plane4-leaf07",
          + "eth7@gpu-hardwarefree-047",
        ]
      + underlay = "enabled"
    }

  # netris_link.ew_gpu_links["swp11@sw-hardwarefree-plane4-leaf08--eth7@gpu-hardwarefree-048"] will be created
  + resource "netris_link" "ew_gpu_links" {
      + id       = (known after apply)
      + ports    = [
          + "swp11@sw-hardwarefree-plane4-leaf08",
          + "eth7@gpu-hardwarefree-048",
        ]
      + underlay = "enabled"
    }

  # netris_link.ew_gpu_links["swp12@sw-hardwarefree-plane1-leaf01--eth2@gpu-hardwarefree-041"] will be created
  + resource "netris_link" "ew_gpu_links" {
      + id       = (known after apply)
      + ports    = [
          + "swp12@sw-hardwarefree-plane1-leaf01",
          + "eth2@gpu-hardwarefree-041",
        ]
      + underlay = "enabled"
    }

  # netris_link.ew_gpu_links["swp12@sw-hardwarefree-plane1-leaf02--eth2@gpu-hardwarefree-042"] will be created
  + resource "netris_link" "ew_gpu_links" {
      + id       = (known after apply)
      + ports    = [
          + "swp12@sw-hardwarefree-plane1-leaf02",
          + "eth2@gpu-hardwarefree-042",
        ]
      + underlay = "enabled"
    }

  # netris_link.ew_gpu_links["swp12@sw-hardwarefree-plane1-leaf03--eth2@gpu-hardwarefree-043"] will be created
  + resource "netris_link" "ew_gpu_links" {
      + id       = (known after apply)
      + ports    = [
          + "swp12@sw-hardwarefree-plane1-leaf03",
          + "eth2@gpu-hardwarefree-043",
        ]
      + underlay = "enabled"
    }

  # netris_link.ew_gpu_links["swp12@sw-hardwarefree-plane1-leaf04--eth2@gpu-hardwarefree-044"] will be created
  + resource "netris_link" "ew_gpu_links" {
      + id       = (known after apply)
      + ports    = [
          + "swp12@sw-hardwarefree-plane1-leaf04",
          + "eth2@gpu-hardwarefree-044",
        ]
      + underlay = "enabled"
    }

  # netris_link.ew_gpu_links["swp12@sw-hardwarefree-plane1-leaf05--eth2@gpu-hardwarefree-045"] will be created
  + resource "netris_link" "ew_gpu_links" {
      + id       = (known after apply)
      + ports    = [
          + "swp12@sw-hardwarefree-plane1-leaf05",
          + "eth2@gpu-hardwarefree-045",
        ]
      + underlay = "enabled"
    }

  # netris_link.ew_gpu_links["swp12@sw-hardwarefree-plane1-leaf06--eth2@gpu-hardwarefree-046"] will be created
  + resource "netris_link" "ew_gpu_links" {
      + id       = (known after apply)
      + ports    = [
          + "swp12@sw-hardwarefree-plane1-leaf06",
          + "eth2@gpu-hardwarefree-046",
        ]
      + underlay = "enabled"
    }

  # netris_link.ew_gpu_links["swp12@sw-hardwarefree-plane1-leaf07--eth2@gpu-hardwarefree-047"] will be created
  + resource "netris_link" "ew_gpu_links" {
      + id       = (known after apply)
      + ports    = [
          + "swp12@sw-hardwarefree-plane1-leaf07",
          + "eth2@gpu-hardwarefree-047",
        ]
      + underlay = "enabled"
    }

  # netris_link.ew_gpu_links["swp12@sw-hardwarefree-plane1-leaf08--eth2@gpu-hardwarefree-048"] will be created
  + resource "netris_link" "ew_gpu_links" {
      + id       = (known after apply)
      + ports    = [
          + "swp12@sw-hardwarefree-plane1-leaf08",
          + "eth2@gpu-hardwarefree-048",
        ]
      + underlay = "enabled"
    }

  # netris_link.ew_gpu_links["swp12@sw-hardwarefree-plane2-leaf01--eth4@gpu-hardwarefree-041"] will be created
  + resource "netris_link" "ew_gpu_links" {
      + id       = (known after apply)
      + ports    = [
          + "swp12@sw-hardwarefree-plane2-leaf01",
          + "eth4@gpu-hardwarefree-041",
        ]
      + underlay = "enabled"
    }

  # netris_link.ew_gpu_links["swp12@sw-hardwarefree-plane2-leaf02--eth4@gpu-hardwarefree-042"] will be created
  + resource "netris_link" "ew_gpu_links" {
      + id       = (known after apply)
      + ports    = [
          + "swp12@sw-hardwarefree-plane2-leaf02",
          + "eth4@gpu-hardwarefree-042",
        ]
      + underlay = "enabled"
    }

  # netris_link.ew_gpu_links["swp12@sw-hardwarefree-plane2-leaf03--eth4@gpu-hardwarefree-043"] will be created
  + resource "netris_link" "ew_gpu_links" {
      + id       = (known after apply)
      + ports    = [
          + "swp12@sw-hardwarefree-plane2-leaf03",
          + "eth4@gpu-hardwarefree-043",
        ]
      + underlay = "enabled"
    }

  # netris_link.ew_gpu_links["swp12@sw-hardwarefree-plane2-leaf04--eth4@gpu-hardwarefree-044"] will be created
  + resource "netris_link" "ew_gpu_links" {
      + id       = (known after apply)
      + ports    = [
          + "swp12@sw-hardwarefree-plane2-leaf04",
          + "eth4@gpu-hardwarefree-044",
        ]
      + underlay = "enabled"
    }

  # netris_link.ew_gpu_links["swp12@sw-hardwarefree-plane2-leaf05--eth4@gpu-hardwarefree-045"] will be created
  + resource "netris_link" "ew_gpu_links" {
      + id       = (known after apply)
      + ports    = [
          + "swp12@sw-hardwarefree-plane2-leaf05",
          + "eth4@gpu-hardwarefree-045",
        ]
      + underlay = "enabled"
    }

  # netris_link.ew_gpu_links["swp12@sw-hardwarefree-plane2-leaf06--eth4@gpu-hardwarefree-046"] will be created
  + resource "netris_link" "ew_gpu_links" {
      + id       = (known after apply)
      + ports    = [
          + "swp12@sw-hardwarefree-plane2-leaf06",
          + "eth4@gpu-hardwarefree-046",
        ]
      + underlay = "enabled"
    }

  # netris_link.ew_gpu_links["swp12@sw-hardwarefree-plane2-leaf07--eth4@gpu-hardwarefree-047"] will be created
  + resource "netris_link" "ew_gpu_links" {
      + id       = (known after apply)
      + ports    = [
          + "swp12@sw-hardwarefree-plane2-leaf07",
          + "eth4@gpu-hardwarefree-047",
        ]
      + underlay = "enabled"
    }

  # netris_link.ew_gpu_links["swp12@sw-hardwarefree-plane2-leaf08--eth4@gpu-hardwarefree-048"] will be created
  + resource "netris_link" "ew_gpu_links" {
      + id       = (known after apply)
      + ports    = [
          + "swp12@sw-hardwarefree-plane2-leaf08",
          + "eth4@gpu-hardwarefree-048",
        ]
      + underlay = "enabled"
    }

  # netris_link.ew_gpu_links["swp12@sw-hardwarefree-plane3-leaf01--eth6@gpu-hardwarefree-041"] will be created
  + resource "netris_link" "ew_gpu_links" {
      + id       = (known after apply)
      + ports    = [
          + "swp12@sw-hardwarefree-plane3-leaf01",
          + "eth6@gpu-hardwarefree-041",
        ]
      + underlay = "enabled"
    }

  # netris_link.ew_gpu_links["swp12@sw-hardwarefree-plane3-leaf02--eth6@gpu-hardwarefree-042"] will be created
  + resource "netris_link" "ew_gpu_links" {
      + id       = (known after apply)
      + ports    = [
          + "swp12@sw-hardwarefree-plane3-leaf02",
          + "eth6@gpu-hardwarefree-042",
        ]
      + underlay = "enabled"
    }

  # netris_link.ew_gpu_links["swp12@sw-hardwarefree-plane3-leaf03--eth6@gpu-hardwarefree-043"] will be created
  + resource "netris_link" "ew_gpu_links" {
      + id       = (known after apply)
      + ports    = [
          + "swp12@sw-hardwarefree-plane3-leaf03",
          + "eth6@gpu-hardwarefree-043",
        ]
      + underlay = "enabled"
    }

  # netris_link.ew_gpu_links["swp12@sw-hardwarefree-plane3-leaf04--eth6@gpu-hardwarefree-044"] will be created
  + resource "netris_link" "ew_gpu_links" {
      + id       = (known after apply)
      + ports    = [
          + "swp12@sw-hardwarefree-plane3-leaf04",
          + "eth6@gpu-hardwarefree-044",
        ]
      + underlay = "enabled"
    }

  # netris_link.ew_gpu_links["swp12@sw-hardwarefree-plane3-leaf05--eth6@gpu-hardwarefree-045"] will be created
  + resource "netris_link" "ew_gpu_links" {
      + id       = (known after apply)
      + ports    = [
          + "swp12@sw-hardwarefree-plane3-leaf05",
          + "eth6@gpu-hardwarefree-045",
        ]
      + underlay = "enabled"
    }

  # netris_link.ew_gpu_links["swp12@sw-hardwarefree-plane3-leaf06--eth6@gpu-hardwarefree-046"] will be created
  + resource "netris_link" "ew_gpu_links" {
      + id       = (known after apply)
      + ports    = [
          + "swp12@sw-hardwarefree-plane3-leaf06",
          + "eth6@gpu-hardwarefree-046",
        ]
      + underlay = "enabled"
    }

  # netris_link.ew_gpu_links["swp12@sw-hardwarefree-plane3-leaf07--eth6@gpu-hardwarefree-047"] will be created
  + resource "netris_link" "ew_gpu_links" {
      + id       = (known after apply)
      + ports    = [
          + "swp12@sw-hardwarefree-plane3-leaf07",
          + "eth6@gpu-hardwarefree-047",
        ]
      + underlay = "enabled"
    }

  # netris_link.ew_gpu_links["swp12@sw-hardwarefree-plane3-leaf08--eth6@gpu-hardwarefree-048"] will be created
  + resource "netris_link" "ew_gpu_links" {
      + id       = (known after apply)
      + ports    = [
          + "swp12@sw-hardwarefree-plane3-leaf08",
          + "eth6@gpu-hardwarefree-048",
        ]
      + underlay = "enabled"
    }

  # netris_link.ew_gpu_links["swp12@sw-hardwarefree-plane4-leaf01--eth8@gpu-hardwarefree-041"] will be created
  + resource "netris_link" "ew_gpu_links" {
      + id       = (known after apply)
      + ports    = [
          + "swp12@sw-hardwarefree-plane4-leaf01",
          + "eth8@gpu-hardwarefree-041",
        ]
      + underlay = "enabled"
    }

  # netris_link.ew_gpu_links["swp12@sw-hardwarefree-plane4-leaf02--eth8@gpu-hardwarefree-042"] will be created
  + resource "netris_link" "ew_gpu_links" {
      + id       = (known after apply)
      + ports    = [
          + "swp12@sw-hardwarefree-plane4-leaf02",
          + "eth8@gpu-hardwarefree-042",
        ]
      + underlay = "enabled"
    }

  # netris_link.ew_gpu_links["swp12@sw-hardwarefree-plane4-leaf03--eth8@gpu-hardwarefree-043"] will be created
  + resource "netris_link" "ew_gpu_links" {
      + id       = (known after apply)
      + ports    = [
          + "swp12@sw-hardwarefree-plane4-leaf03",
          + "eth8@gpu-hardwarefree-043",
        ]
      + underlay = "enabled"
    }

  # netris_link.ew_gpu_links["swp12@sw-hardwarefree-plane4-leaf04--eth8@gpu-hardwarefree-044"] will be created
  + resource "netris_link" "ew_gpu_links" {
      + id       = (known after apply)
      + ports    = [
          + "swp12@sw-hardwarefree-plane4-leaf04",
          + "eth8@gpu-hardwarefree-044",
        ]
      + underlay = "enabled"
    }

  # netris_link.ew_gpu_links["swp12@sw-hardwarefree-plane4-leaf05--eth8@gpu-hardwarefree-045"] will be created
  + resource "netris_link" "ew_gpu_links" {
      + id       = (known after apply)
      + ports    = [
          + "swp12@sw-hardwarefree-plane4-leaf05",
          + "eth8@gpu-hardwarefree-045",
        ]
      + underlay = "enabled"
    }

  # netris_link.ew_gpu_links["swp12@sw-hardwarefree-plane4-leaf06--eth8@gpu-hardwarefree-046"] will be created
  + resource "netris_link" "ew_gpu_links" {
      + id       = (known after apply)
      + ports    = [
          + "swp12@sw-hardwarefree-plane4-leaf06",
          + "eth8@gpu-hardwarefree-046",
        ]
      + underlay = "enabled"
    }

  # netris_link.ew_gpu_links["swp12@sw-hardwarefree-plane4-leaf07--eth8@gpu-hardwarefree-047"] will be created
  + resource "netris_link" "ew_gpu_links" {
      + id       = (known after apply)
      + ports    = [
          + "swp12@sw-hardwarefree-plane4-leaf07",
          + "eth8@gpu-hardwarefree-047",
        ]
      + underlay = "enabled"
    }

  # netris_link.ew_gpu_links["swp12@sw-hardwarefree-plane4-leaf08--eth8@gpu-hardwarefree-048"] will be created
  + resource "netris_link" "ew_gpu_links" {
      + id       = (known after apply)
      + ports    = [
          + "swp12@sw-hardwarefree-plane4-leaf08",
          + "eth8@gpu-hardwarefree-048",
        ]
      + underlay = "enabled"
    }

  # netris_link.ew_gpu_links["swp13@sw-hardwarefree-plane1-leaf01--eth1@gpu-hardwarefree-049"] will be created
  + resource "netris_link" "ew_gpu_links" {
      + id       = (known after apply)
      + ports    = [
          + "swp13@sw-hardwarefree-plane1-leaf01",
          + "eth1@gpu-hardwarefree-049",
        ]
      + underlay = "enabled"
    }

  # netris_link.ew_gpu_links["swp13@sw-hardwarefree-plane1-leaf02--eth1@gpu-hardwarefree-050"] will be created
  + resource "netris_link" "ew_gpu_links" {
      + id       = (known after apply)
      + ports    = [
          + "swp13@sw-hardwarefree-plane1-leaf02",
          + "eth1@gpu-hardwarefree-050",
        ]
      + underlay = "enabled"
    }

  # netris_link.ew_gpu_links["swp13@sw-hardwarefree-plane1-leaf03--eth1@gpu-hardwarefree-051"] will be created
  + resource "netris_link" "ew_gpu_links" {
      + id       = (known after apply)
      + ports    = [
          + "swp13@sw-hardwarefree-plane1-leaf03",
          + "eth1@gpu-hardwarefree-051",
        ]
      + underlay = "enabled"
    }

  # netris_link.ew_gpu_links["swp13@sw-hardwarefree-plane1-leaf04--eth1@gpu-hardwarefree-052"] will be created
  + resource "netris_link" "ew_gpu_links" {
      + id       = (known after apply)
      + ports    = [
          + "swp13@sw-hardwarefree-plane1-leaf04",
          + "eth1@gpu-hardwarefree-052",
        ]
      + underlay = "enabled"
    }

  # netris_link.ew_gpu_links["swp13@sw-hardwarefree-plane1-leaf05--eth1@gpu-hardwarefree-053"] will be created
  + resource "netris_link" "ew_gpu_links" {
      + id       = (known after apply)
      + ports    = [
          + "swp13@sw-hardwarefree-plane1-leaf05",
          + "eth1@gpu-hardwarefree-053",
        ]
      + underlay = "enabled"
    }

  # netris_link.ew_gpu_links["swp13@sw-hardwarefree-plane1-leaf06--eth1@gpu-hardwarefree-054"] will be created
  + resource "netris_link" "ew_gpu_links" {
      + id       = (known after apply)
      + ports    = [
          + "swp13@sw-hardwarefree-plane1-leaf06",
          + "eth1@gpu-hardwarefree-054",
        ]
      + underlay = "enabled"
    }

  # netris_link.ew_gpu_links["swp13@sw-hardwarefree-plane1-leaf07--eth1@gpu-hardwarefree-055"] will be created
  + resource "netris_link" "ew_gpu_links" {
      + id       = (known after apply)
      + ports    = [
          + "swp13@sw-hardwarefree-plane1-leaf07",
          + "eth1@gpu-hardwarefree-055",
        ]
      + underlay = "enabled"
    }

  # netris_link.ew_gpu_links["swp13@sw-hardwarefree-plane1-leaf08--eth1@gpu-hardwarefree-056"] will be created
  + resource "netris_link" "ew_gpu_links" {
      + id       = (known after apply)
      + ports    = [
          + "swp13@sw-hardwarefree-plane1-leaf08",
          + "eth1@gpu-hardwarefree-056",
        ]
      + underlay = "enabled"
    }

  # netris_link.ew_gpu_links["swp13@sw-hardwarefree-plane2-leaf01--eth3@gpu-hardwarefree-049"] will be created
  + resource "netris_link" "ew_gpu_links" {
      + id       = (known after apply)
      + ports    = [
          + "swp13@sw-hardwarefree-plane2-leaf01",
          + "eth3@gpu-hardwarefree-049",
        ]
      + underlay = "enabled"
    }

  # netris_link.ew_gpu_links["swp13@sw-hardwarefree-plane2-leaf02--eth3@gpu-hardwarefree-050"] will be created
  + resource "netris_link" "ew_gpu_links" {
      + id       = (known after apply)
      + ports    = [
          + "swp13@sw-hardwarefree-plane2-leaf02",
          + "eth3@gpu-hardwarefree-050",
        ]
      + underlay = "enabled"
    }

  # netris_link.ew_gpu_links["swp13@sw-hardwarefree-plane2-leaf03--eth3@gpu-hardwarefree-051"] will be created
  + resource "netris_link" "ew_gpu_links" {
      + id       = (known after apply)
      + ports    = [
          + "swp13@sw-hardwarefree-plane2-leaf03",
          + "eth3@gpu-hardwarefree-051",
        ]
      + underlay = "enabled"
    }

  # netris_link.ew_gpu_links["swp13@sw-hardwarefree-plane2-leaf04--eth3@gpu-hardwarefree-052"] will be created
  + resource "netris_link" "ew_gpu_links" {
      + id       = (known after apply)
      + ports    = [
          + "swp13@sw-hardwarefree-plane2-leaf04",
          + "eth3@gpu-hardwarefree-052",
        ]
      + underlay = "enabled"
    }

  # netris_link.ew_gpu_links["swp13@sw-hardwarefree-plane2-leaf05--eth3@gpu-hardwarefree-053"] will be created
  + resource "netris_link" "ew_gpu_links" {
      + id       = (known after apply)
      + ports    = [
          + "swp13@sw-hardwarefree-plane2-leaf05",
          + "eth3@gpu-hardwarefree-053",
        ]
      + underlay = "enabled"
    }

  # netris_link.ew_gpu_links["swp13@sw-hardwarefree-plane2-leaf06--eth3@gpu-hardwarefree-054"] will be created
  + resource "netris_link" "ew_gpu_links" {
      + id       = (known after apply)
      + ports    = [
          + "swp13@sw-hardwarefree-plane2-leaf06",
          + "eth3@gpu-hardwarefree-054",
        ]
      + underlay = "enabled"
    }

  # netris_link.ew_gpu_links["swp13@sw-hardwarefree-plane2-leaf07--eth3@gpu-hardwarefree-055"] will be created
  + resource "netris_link" "ew_gpu_links" {
      + id       = (known after apply)
      + ports    = [
          + "swp13@sw-hardwarefree-plane2-leaf07",
          + "eth3@gpu-hardwarefree-055",
        ]
      + underlay = "enabled"
    }

  # netris_link.ew_gpu_links["swp13@sw-hardwarefree-plane2-leaf08--eth3@gpu-hardwarefree-056"] will be created
  + resource "netris_link" "ew_gpu_links" {
      + id       = (known after apply)
      + ports    = [
          + "swp13@sw-hardwarefree-plane2-leaf08",
          + "eth3@gpu-hardwarefree-056",
        ]
      + underlay = "enabled"
    }

  # netris_link.ew_gpu_links["swp13@sw-hardwarefree-plane3-leaf01--eth5@gpu-hardwarefree-049"] will be created
  + resource "netris_link" "ew_gpu_links" {
      + id       = (known after apply)
      + ports    = [
          + "swp13@sw-hardwarefree-plane3-leaf01",
          + "eth5@gpu-hardwarefree-049",
        ]
      + underlay = "enabled"
    }

  # netris_link.ew_gpu_links["swp13@sw-hardwarefree-plane3-leaf02--eth5@gpu-hardwarefree-050"] will be created
  + resource "netris_link" "ew_gpu_links" {
      + id       = (known after apply)
      + ports    = [
          + "swp13@sw-hardwarefree-plane3-leaf02",
          + "eth5@gpu-hardwarefree-050",
        ]
      + underlay = "enabled"
    }

  # netris_link.ew_gpu_links["swp13@sw-hardwarefree-plane3-leaf03--eth5@gpu-hardwarefree-051"] will be created
  + resource "netris_link" "ew_gpu_links" {
      + id       = (known after apply)
      + ports    = [
          + "swp13@sw-hardwarefree-plane3-leaf03",
          + "eth5@gpu-hardwarefree-051",
        ]
      + underlay = "enabled"
    }

  # netris_link.ew_gpu_links["swp13@sw-hardwarefree-plane3-leaf04--eth5@gpu-hardwarefree-052"] will be created
  + resource "netris_link" "ew_gpu_links" {
      + id       = (known after apply)
      + ports    = [
          + "swp13@sw-hardwarefree-plane3-leaf04",
          + "eth5@gpu-hardwarefree-052",
        ]
      + underlay = "enabled"
    }

  # netris_link.ew_gpu_links["swp13@sw-hardwarefree-plane3-leaf05--eth5@gpu-hardwarefree-053"] will be created
  + resource "netris_link" "ew_gpu_links" {
      + id       = (known after apply)
      + ports    = [
          + "swp13@sw-hardwarefree-plane3-leaf05",
          + "eth5@gpu-hardwarefree-053",
        ]
      + underlay = "enabled"
    }

  # netris_link.ew_gpu_links["swp13@sw-hardwarefree-plane3-leaf06--eth5@gpu-hardwarefree-054"] will be created
  + resource "netris_link" "ew_gpu_links" {
      + id       = (known after apply)
      + ports    = [
          + "swp13@sw-hardwarefree-plane3-leaf06",
          + "eth5@gpu-hardwarefree-054",
        ]
      + underlay = "enabled"
    }

  # netris_link.ew_gpu_links["swp13@sw-hardwarefree-plane3-leaf07--eth5@gpu-hardwarefree-055"] will be created
  + resource "netris_link" "ew_gpu_links" {
      + id       = (known after apply)
      + ports    = [
          + "swp13@sw-hardwarefree-plane3-leaf07",
          + "eth5@gpu-hardwarefree-055",
        ]
      + underlay = "enabled"
    }

  # netris_link.ew_gpu_links["swp13@sw-hardwarefree-plane3-leaf08--eth5@gpu-hardwarefree-056"] will be created
  + resource "netris_link" "ew_gpu_links" {
      + id       = (known after apply)
      + ports    = [
          + "swp13@sw-hardwarefree-plane3-leaf08",
          + "eth5@gpu-hardwarefree-056",
        ]
      + underlay = "enabled"
    }

  # netris_link.ew_gpu_links["swp13@sw-hardwarefree-plane4-leaf01--eth7@gpu-hardwarefree-049"] will be created
  + resource "netris_link" "ew_gpu_links" {
      + id       = (known after apply)
      + ports    = [
          + "swp13@sw-hardwarefree-plane4-leaf01",
          + "eth7@gpu-hardwarefree-049",
        ]
      + underlay = "enabled"
    }

  # netris_link.ew_gpu_links["swp13@sw-hardwarefree-plane4-leaf02--eth7@gpu-hardwarefree-050"] will be created
  + resource "netris_link" "ew_gpu_links" {
      + id       = (known after apply)
      + ports    = [
          + "swp13@sw-hardwarefree-plane4-leaf02",
          + "eth7@gpu-hardwarefree-050",
        ]
      + underlay = "enabled"
    }

  # netris_link.ew_gpu_links["swp13@sw-hardwarefree-plane4-leaf03--eth7@gpu-hardwarefree-051"] will be created
  + resource "netris_link" "ew_gpu_links" {
      + id       = (known after apply)
      + ports    = [
          + "swp13@sw-hardwarefree-plane4-leaf03",
          + "eth7@gpu-hardwarefree-051",
        ]
      + underlay = "enabled"
    }

  # netris_link.ew_gpu_links["swp13@sw-hardwarefree-plane4-leaf04--eth7@gpu-hardwarefree-052"] will be created
  + resource "netris_link" "ew_gpu_links" {
      + id       = (known after apply)
      + ports    = [
          + "swp13@sw-hardwarefree-plane4-leaf04",
          + "eth7@gpu-hardwarefree-052",
        ]
      + underlay = "enabled"
    }

  # netris_link.ew_gpu_links["swp13@sw-hardwarefree-plane4-leaf05--eth7@gpu-hardwarefree-053"] will be created
  + resource "netris_link" "ew_gpu_links" {
      + id       = (known after apply)
      + ports    = [
          + "swp13@sw-hardwarefree-plane4-leaf05",
          + "eth7@gpu-hardwarefree-053",
        ]
      + underlay = "enabled"
    }

  # netris_link.ew_gpu_links["swp13@sw-hardwarefree-plane4-leaf06--eth7@gpu-hardwarefree-054"] will be created
  + resource "netris_link" "ew_gpu_links" {
      + id       = (known after apply)
      + ports    = [
          + "swp13@sw-hardwarefree-plane4-leaf06",
          + "eth7@gpu-hardwarefree-054",
        ]
      + underlay = "enabled"
    }

  # netris_link.ew_gpu_links["swp13@sw-hardwarefree-plane4-leaf07--eth7@gpu-hardwarefree-055"] will be created
  + resource "netris_link" "ew_gpu_links" {
      + id       = (known after apply)
      + ports    = [
          + "swp13@sw-hardwarefree-plane4-leaf07",
          + "eth7@gpu-hardwarefree-055",
        ]
      + underlay = "enabled"
    }

  # netris_link.ew_gpu_links["swp13@sw-hardwarefree-plane4-leaf08--eth7@gpu-hardwarefree-056"] will be created
  + resource "netris_link" "ew_gpu_links" {
      + id       = (known after apply)
      + ports    = [
          + "swp13@sw-hardwarefree-plane4-leaf08",
          + "eth7@gpu-hardwarefree-056",
        ]
      + underlay = "enabled"
    }

  # netris_link.ew_gpu_links["swp14@sw-hardwarefree-plane1-leaf01--eth2@gpu-hardwarefree-049"] will be created
  + resource "netris_link" "ew_gpu_links" {
      + id       = (known after apply)
      + ports    = [
          + "swp14@sw-hardwarefree-plane1-leaf01",
          + "eth2@gpu-hardwarefree-049",
        ]
      + underlay = "enabled"
    }

  # netris_link.ew_gpu_links["swp14@sw-hardwarefree-plane1-leaf02--eth2@gpu-hardwarefree-050"] will be created
  + resource "netris_link" "ew_gpu_links" {
      + id       = (known after apply)
      + ports    = [
          + "swp14@sw-hardwarefree-plane1-leaf02",
          + "eth2@gpu-hardwarefree-050",
        ]
      + underlay = "enabled"
    }

  # netris_link.ew_gpu_links["swp14@sw-hardwarefree-plane1-leaf03--eth2@gpu-hardwarefree-051"] will be created
  + resource "netris_link" "ew_gpu_links" {
      + id       = (known after apply)
      + ports    = [
          + "swp14@sw-hardwarefree-plane1-leaf03",
          + "eth2@gpu-hardwarefree-051",
        ]
      + underlay = "enabled"
    }

  # netris_link.ew_gpu_links["swp14@sw-hardwarefree-plane1-leaf04--eth2@gpu-hardwarefree-052"] will be created
  + resource "netris_link" "ew_gpu_links" {
      + id       = (known after apply)
      + ports    = [
          + "swp14@sw-hardwarefree-plane1-leaf04",
          + "eth2@gpu-hardwarefree-052",
        ]
      + underlay = "enabled"
    }

  # netris_link.ew_gpu_links["swp14@sw-hardwarefree-plane1-leaf05--eth2@gpu-hardwarefree-053"] will be created
  + resource "netris_link" "ew_gpu_links" {
      + id       = (known after apply)
      + ports    = [
          + "swp14@sw-hardwarefree-plane1-leaf05",
          + "eth2@gpu-hardwarefree-053",
        ]
      + underlay = "enabled"
    }

  # netris_link.ew_gpu_links["swp14@sw-hardwarefree-plane1-leaf06--eth2@gpu-hardwarefree-054"] will be created
  + resource "netris_link" "ew_gpu_links" {
      + id       = (known after apply)
      + ports    = [
          + "swp14@sw-hardwarefree-plane1-leaf06",
          + "eth2@gpu-hardwarefree-054",
        ]
      + underlay = "enabled"
    }

  # netris_link.ew_gpu_links["swp14@sw-hardwarefree-plane1-leaf07--eth2@gpu-hardwarefree-055"] will be created
  + resource "netris_link" "ew_gpu_links" {
      + id       = (known after apply)
      + ports    = [
          + "swp14@sw-hardwarefree-plane1-leaf07",
          + "eth2@gpu-hardwarefree-055",
        ]
      + underlay = "enabled"
    }

  # netris_link.ew_gpu_links["swp14@sw-hardwarefree-plane1-leaf08--eth2@gpu-hardwarefree-056"] will be created
  + resource "netris_link" "ew_gpu_links" {
      + id       = (known after apply)
      + ports    = [
          + "swp14@sw-hardwarefree-plane1-leaf08",
          + "eth2@gpu-hardwarefree-056",
        ]
      + underlay = "enabled"
    }

  # netris_link.ew_gpu_links["swp14@sw-hardwarefree-plane2-leaf01--eth4@gpu-hardwarefree-049"] will be created
  + resource "netris_link" "ew_gpu_links" {
      + id       = (known after apply)
      + ports    = [
          + "swp14@sw-hardwarefree-plane2-leaf01",
          + "eth4@gpu-hardwarefree-049",
        ]
      + underlay = "enabled"
    }

  # netris_link.ew_gpu_links["swp14@sw-hardwarefree-plane2-leaf02--eth4@gpu-hardwarefree-050"] will be created
  + resource "netris_link" "ew_gpu_links" {
      + id       = (known after apply)
      + ports    = [
          + "swp14@sw-hardwarefree-plane2-leaf02",
          + "eth4@gpu-hardwarefree-050",
        ]
      + underlay = "enabled"
    }

  # netris_link.ew_gpu_links["swp14@sw-hardwarefree-plane2-leaf03--eth4@gpu-hardwarefree-051"] will be created
  + resource "netris_link" "ew_gpu_links" {
      + id       = (known after apply)
      + ports    = [
          + "swp14@sw-hardwarefree-plane2-leaf03",
          + "eth4@gpu-hardwarefree-051",
        ]
      + underlay = "enabled"
    }

  # netris_link.ew_gpu_links["swp14@sw-hardwarefree-plane2-leaf04--eth4@gpu-hardwarefree-052"] will be created
  + resource "netris_link" "ew_gpu_links" {
      + id       = (known after apply)
      + ports    = [
          + "swp14@sw-hardwarefree-plane2-leaf04",
          + "eth4@gpu-hardwarefree-052",
        ]
      + underlay = "enabled"
    }

  # netris_link.ew_gpu_links["swp14@sw-hardwarefree-plane2-leaf05--eth4@gpu-hardwarefree-053"] will be created
  + resource "netris_link" "ew_gpu_links" {
      + id       = (known after apply)
      + ports    = [
          + "swp14@sw-hardwarefree-plane2-leaf05",
          + "eth4@gpu-hardwarefree-053",
        ]
      + underlay = "enabled"
    }

  # netris_link.ew_gpu_links["swp14@sw-hardwarefree-plane2-leaf06--eth4@gpu-hardwarefree-054"] will be created
  + resource "netris_link" "ew_gpu_links" {
      + id       = (known after apply)
      + ports    = [
          + "swp14@sw-hardwarefree-plane2-leaf06",
          + "eth4@gpu-hardwarefree-054",
        ]
      + underlay = "enabled"
    }

  # netris_link.ew_gpu_links["swp14@sw-hardwarefree-plane2-leaf07--eth4@gpu-hardwarefree-055"] will be created
  + resource "netris_link" "ew_gpu_links" {
      + id       = (known after apply)
      + ports    = [
          + "swp14@sw-hardwarefree-plane2-leaf07",
          + "eth4@gpu-hardwarefree-055",
        ]
      + underlay = "enabled"
    }

  # netris_link.ew_gpu_links["swp14@sw-hardwarefree-plane2-leaf08--eth4@gpu-hardwarefree-056"] will be created
  + resource "netris_link" "ew_gpu_links" {
      + id       = (known after apply)
      + ports    = [
          + "swp14@sw-hardwarefree-plane2-leaf08",
          + "eth4@gpu-hardwarefree-056",
        ]
      + underlay = "enabled"
    }

  # netris_link.ew_gpu_links["swp14@sw-hardwarefree-plane3-leaf01--eth6@gpu-hardwarefree-049"] will be created
  + resource "netris_link" "ew_gpu_links" {
      + id       = (known after apply)
      + ports    = [
          + "swp14@sw-hardwarefree-plane3-leaf01",
          + "eth6@gpu-hardwarefree-049",
        ]
      + underlay = "enabled"
    }

  # netris_link.ew_gpu_links["swp14@sw-hardwarefree-plane3-leaf02--eth6@gpu-hardwarefree-050"] will be created
  + resource "netris_link" "ew_gpu_links" {
      + id       = (known after apply)
      + ports    = [
          + "swp14@sw-hardwarefree-plane3-leaf02",
          + "eth6@gpu-hardwarefree-050",
        ]
      + underlay = "enabled"
    }

  # netris_link.ew_gpu_links["swp14@sw-hardwarefree-plane3-leaf03--eth6@gpu-hardwarefree-051"] will be created
  + resource "netris_link" "ew_gpu_links" {
      + id       = (known after apply)
      + ports    = [
          + "swp14@sw-hardwarefree-plane3-leaf03",
          + "eth6@gpu-hardwarefree-051",
        ]
      + underlay = "enabled"
    }

  # netris_link.ew_gpu_links["swp14@sw-hardwarefree-plane3-leaf04--eth6@gpu-hardwarefree-052"] will be created
  + resource "netris_link" "ew_gpu_links" {
      + id       = (known after apply)
      + ports    = [
          + "swp14@sw-hardwarefree-plane3-leaf04",
          + "eth6@gpu-hardwarefree-052",
        ]
      + underlay = "enabled"
    }

  # netris_link.ew_gpu_links["swp14@sw-hardwarefree-plane3-leaf05--eth6@gpu-hardwarefree-053"] will be created
  + resource "netris_link" "ew_gpu_links" {
      + id       = (known after apply)
      + ports    = [
          + "swp14@sw-hardwarefree-plane3-leaf05",
          + "eth6@gpu-hardwarefree-053",
        ]
      + underlay = "enabled"
    }

  # netris_link.ew_gpu_links["swp14@sw-hardwarefree-plane3-leaf06--eth6@gpu-hardwarefree-054"] will be created
  + resource "netris_link" "ew_gpu_links" {
      + id       = (known after apply)
      + ports    = [
          + "swp14@sw-hardwarefree-plane3-leaf06",
          + "eth6@gpu-hardwarefree-054",
        ]
      + underlay = "enabled"
    }

  # netris_link.ew_gpu_links["swp14@sw-hardwarefree-plane3-leaf07--eth6@gpu-hardwarefree-055"] will be created
  + resource "netris_link" "ew_gpu_links" {
      + id       = (known after apply)
      + ports    = [
          + "swp14@sw-hardwarefree-plane3-leaf07",
          + "eth6@gpu-hardwarefree-055",
        ]
      + underlay = "enabled"
    }

  # netris_link.ew_gpu_links["swp14@sw-hardwarefree-plane3-leaf08--eth6@gpu-hardwarefree-056"] will be created
  + resource "netris_link" "ew_gpu_links" {
      + id       = (known after apply)
      + ports    = [
          + "swp14@sw-hardwarefree-plane3-leaf08",
          + "eth6@gpu-hardwarefree-056",
        ]
      + underlay = "enabled"
    }

  # netris_link.ew_gpu_links["swp14@sw-hardwarefree-plane4-leaf01--eth8@gpu-hardwarefree-049"] will be created
  + resource "netris_link" "ew_gpu_links" {
      + id       = (known after apply)
      + ports    = [
          + "swp14@sw-hardwarefree-plane4-leaf01",
          + "eth8@gpu-hardwarefree-049",
        ]
      + underlay = "enabled"
    }

  # netris_link.ew_gpu_links["swp14@sw-hardwarefree-plane4-leaf02--eth8@gpu-hardwarefree-050"] will be created
  + resource "netris_link" "ew_gpu_links" {
      + id       = (known after apply)
      + ports    = [
          + "swp14@sw-hardwarefree-plane4-leaf02",
          + "eth8@gpu-hardwarefree-050",
        ]
      + underlay = "enabled"
    }

  # netris_link.ew_gpu_links["swp14@sw-hardwarefree-plane4-leaf03--eth8@gpu-hardwarefree-051"] will be created
  + resource "netris_link" "ew_gpu_links" {
      + id       = (known after apply)
      + ports    = [
          + "swp14@sw-hardwarefree-plane4-leaf03",
          + "eth8@gpu-hardwarefree-051",
        ]
      + underlay = "enabled"
    }

  # netris_link.ew_gpu_links["swp14@sw-hardwarefree-plane4-leaf04--eth8@gpu-hardwarefree-052"] will be created
  + resource "netris_link" "ew_gpu_links" {
      + id       = (known after apply)
      + ports    = [
          + "swp14@sw-hardwarefree-plane4-leaf04",
          + "eth8@gpu-hardwarefree-052",
        ]
      + underlay = "enabled"
    }

  # netris_link.ew_gpu_links["swp14@sw-hardwarefree-plane4-leaf05--eth8@gpu-hardwarefree-053"] will be created
  + resource "netris_link" "ew_gpu_links" {
      + id       = (known after apply)
      + ports    = [
          + "swp14@sw-hardwarefree-plane4-leaf05",
          + "eth8@gpu-hardwarefree-053",
        ]
      + underlay = "enabled"
    }

  # netris_link.ew_gpu_links["swp14@sw-hardwarefree-plane4-leaf06--eth8@gpu-hardwarefree-054"] will be created
  + resource "netris_link" "ew_gpu_links" {
      + id       = (known after apply)
      + ports    = [
          + "swp14@sw-hardwarefree-plane4-leaf06",
          + "eth8@gpu-hardwarefree-054",
        ]
      + underlay = "enabled"
    }

  # netris_link.ew_gpu_links["swp14@sw-hardwarefree-plane4-leaf07--eth8@gpu-hardwarefree-055"] will be created
  + resource "netris_link" "ew_gpu_links" {
      + id       = (known after apply)
      + ports    = [
          + "swp14@sw-hardwarefree-plane4-leaf07",
          + "eth8@gpu-hardwarefree-055",
        ]
      + underlay = "enabled"
    }

  # netris_link.ew_gpu_links["swp14@sw-hardwarefree-plane4-leaf08--eth8@gpu-hardwarefree-056"] will be created
  + resource "netris_link" "ew_gpu_links" {
      + id       = (known after apply)
      + ports    = [
          + "swp14@sw-hardwarefree-plane4-leaf08",
          + "eth8@gpu-hardwarefree-056",
        ]
      + underlay = "enabled"
    }

  # netris_link.ew_gpu_links["swp15@sw-hardwarefree-plane1-leaf01--eth1@gpu-hardwarefree-057"] will be created
  + resource "netris_link" "ew_gpu_links" {
      + id       = (known after apply)
      + ports    = [
          + "swp15@sw-hardwarefree-plane1-leaf01",
          + "eth1@gpu-hardwarefree-057",
        ]
      + underlay = "enabled"
    }

  # netris_link.ew_gpu_links["swp15@sw-hardwarefree-plane1-leaf02--eth1@gpu-hardwarefree-058"] will be created
  + resource "netris_link" "ew_gpu_links" {
      + id       = (known after apply)
      + ports    = [
          + "swp15@sw-hardwarefree-plane1-leaf02",
          + "eth1@gpu-hardwarefree-058",
        ]
      + underlay = "enabled"
    }

  # netris_link.ew_gpu_links["swp15@sw-hardwarefree-plane1-leaf03--eth1@gpu-hardwarefree-059"] will be created
  + resource "netris_link" "ew_gpu_links" {
      + id       = (known after apply)
      + ports    = [
          + "swp15@sw-hardwarefree-plane1-leaf03",
          + "eth1@gpu-hardwarefree-059",
        ]
      + underlay = "enabled"
    }

  # netris_link.ew_gpu_links["swp15@sw-hardwarefree-plane1-leaf04--eth1@gpu-hardwarefree-060"] will be created
  + resource "netris_link" "ew_gpu_links" {
      + id       = (known after apply)
      + ports    = [
          + "swp15@sw-hardwarefree-plane1-leaf04",
          + "eth1@gpu-hardwarefree-060",
        ]
      + underlay = "enabled"
    }

  # netris_link.ew_gpu_links["swp15@sw-hardwarefree-plane1-leaf05--eth1@gpu-hardwarefree-061"] will be created
  + resource "netris_link" "ew_gpu_links" {
      + id       = (known after apply)
      + ports    = [
          + "swp15@sw-hardwarefree-plane1-leaf05",
          + "eth1@gpu-hardwarefree-061",
        ]
      + underlay = "enabled"
    }

  # netris_link.ew_gpu_links["swp15@sw-hardwarefree-plane1-leaf06--eth1@gpu-hardwarefree-062"] will be created
  + resource "netris_link" "ew_gpu_links" {
      + id       = (known after apply)
      + ports    = [
          + "swp15@sw-hardwarefree-plane1-leaf06",
          + "eth1@gpu-hardwarefree-062",
        ]
      + underlay = "enabled"
    }

  # netris_link.ew_gpu_links["swp15@sw-hardwarefree-plane1-leaf07--eth1@gpu-hardwarefree-063"] will be created
  + resource "netris_link" "ew_gpu_links" {
      + id       = (known after apply)
      + ports    = [
          + "swp15@sw-hardwarefree-plane1-leaf07",
          + "eth1@gpu-hardwarefree-063",
        ]
      + underlay = "enabled"
    }

  # netris_link.ew_gpu_links["swp15@sw-hardwarefree-plane1-leaf08--eth1@gpu-hardwarefree-064"] will be created
  + resource "netris_link" "ew_gpu_links" {
      + id       = (known after apply)
      + ports    = [
          + "swp15@sw-hardwarefree-plane1-leaf08",
          + "eth1@gpu-hardwarefree-064",
        ]
      + underlay = "enabled"
    }

  # netris_link.ew_gpu_links["swp15@sw-hardwarefree-plane2-leaf01--eth3@gpu-hardwarefree-057"] will be created
  + resource "netris_link" "ew_gpu_links" {
      + id       = (known after apply)
      + ports    = [
          + "swp15@sw-hardwarefree-plane2-leaf01",
          + "eth3@gpu-hardwarefree-057",
        ]
      + underlay = "enabled"
    }

  # netris_link.ew_gpu_links["swp15@sw-hardwarefree-plane2-leaf02--eth3@gpu-hardwarefree-058"] will be created
  + resource "netris_link" "ew_gpu_links" {
      + id       = (known after apply)
      + ports    = [
          + "swp15@sw-hardwarefree-plane2-leaf02",
          + "eth3@gpu-hardwarefree-058",
        ]
      + underlay = "enabled"
    }

  # netris_link.ew_gpu_links["swp15@sw-hardwarefree-plane2-leaf03--eth3@gpu-hardwarefree-059"] will be created
  + resource "netris_link" "ew_gpu_links" {
      + id       = (known after apply)
      + ports    = [
          + "swp15@sw-hardwarefree-plane2-leaf03",
          + "eth3@gpu-hardwarefree-059",
        ]
      + underlay = "enabled"
    }

  # netris_link.ew_gpu_links["swp15@sw-hardwarefree-plane2-leaf04--eth3@gpu-hardwarefree-060"] will be created
  + resource "netris_link" "ew_gpu_links" {
      + id       = (known after apply)
      + ports    = [
          + "swp15@sw-hardwarefree-plane2-leaf04",
          + "eth3@gpu-hardwarefree-060",
        ]
      + underlay = "enabled"
    }

  # netris_link.ew_gpu_links["swp15@sw-hardwarefree-plane2-leaf05--eth3@gpu-hardwarefree-061"] will be created
  + resource "netris_link" "ew_gpu_links" {
      + id       = (known after apply)
      + ports    = [
          + "swp15@sw-hardwarefree-plane2-leaf05",
          + "eth3@gpu-hardwarefree-061",
        ]
      + underlay = "enabled"
    }

  # netris_link.ew_gpu_links["swp15@sw-hardwarefree-plane2-leaf06--eth3@gpu-hardwarefree-062"] will be created
  + resource "netris_link" "ew_gpu_links" {
      + id       = (known after apply)
      + ports    = [
          + "swp15@sw-hardwarefree-plane2-leaf06",
          + "eth3@gpu-hardwarefree-062",
        ]
      + underlay = "enabled"
    }

  # netris_link.ew_gpu_links["swp15@sw-hardwarefree-plane2-leaf07--eth3@gpu-hardwarefree-063"] will be created
  + resource "netris_link" "ew_gpu_links" {
      + id       = (known after apply)
      + ports    = [
          + "swp15@sw-hardwarefree-plane2-leaf07",
          + "eth3@gpu-hardwarefree-063",
        ]
      + underlay = "enabled"
    }

  # netris_link.ew_gpu_links["swp15@sw-hardwarefree-plane2-leaf08--eth3@gpu-hardwarefree-064"] will be created
  + resource "netris_link" "ew_gpu_links" {
      + id       = (known after apply)
      + ports    = [
          + "swp15@sw-hardwarefree-plane2-leaf08",
          + "eth3@gpu-hardwarefree-064",
        ]
      + underlay = "enabled"
    }

  # netris_link.ew_gpu_links["swp15@sw-hardwarefree-plane3-leaf01--eth5@gpu-hardwarefree-057"] will be created
  + resource "netris_link" "ew_gpu_links" {
      + id       = (known after apply)
      + ports    = [
          + "swp15@sw-hardwarefree-plane3-leaf01",
          + "eth5@gpu-hardwarefree-057",
        ]
      + underlay = "enabled"
    }

  # netris_link.ew_gpu_links["swp15@sw-hardwarefree-plane3-leaf02--eth5@gpu-hardwarefree-058"] will be created
  + resource "netris_link" "ew_gpu_links" {
      + id       = (known after apply)
      + ports    = [
          + "swp15@sw-hardwarefree-plane3-leaf02",
          + "eth5@gpu-hardwarefree-058",
        ]
      + underlay = "enabled"
    }

  # netris_link.ew_gpu_links["swp15@sw-hardwarefree-plane3-leaf03--eth5@gpu-hardwarefree-059"] will be created
  + resource "netris_link" "ew_gpu_links" {
      + id       = (known after apply)
      + ports    = [
          + "swp15@sw-hardwarefree-plane3-leaf03",
          + "eth5@gpu-hardwarefree-059",
        ]
      + underlay = "enabled"
    }

  # netris_link.ew_gpu_links["swp15@sw-hardwarefree-plane3-leaf04--eth5@gpu-hardwarefree-060"] will be created
  + resource "netris_link" "ew_gpu_links" {
      + id       = (known after apply)
      + ports    = [
          + "swp15@sw-hardwarefree-plane3-leaf04",
          + "eth5@gpu-hardwarefree-060",
        ]
      + underlay = "enabled"
    }

  # netris_link.ew_gpu_links["swp15@sw-hardwarefree-plane3-leaf05--eth5@gpu-hardwarefree-061"] will be created
  + resource "netris_link" "ew_gpu_links" {
      + id       = (known after apply)
      + ports    = [
          + "swp15@sw-hardwarefree-plane3-leaf05",
          + "eth5@gpu-hardwarefree-061",
        ]
      + underlay = "enabled"
    }

  # netris_link.ew_gpu_links["swp15@sw-hardwarefree-plane3-leaf06--eth5@gpu-hardwarefree-062"] will be created
  + resource "netris_link" "ew_gpu_links" {
      + id       = (known after apply)
      + ports    = [
          + "swp15@sw-hardwarefree-plane3-leaf06",
          + "eth5@gpu-hardwarefree-062",
        ]
      + underlay = "enabled"
    }

  # netris_link.ew_gpu_links["swp15@sw-hardwarefree-plane3-leaf07--eth5@gpu-hardwarefree-063"] will be created
  + resource "netris_link" "ew_gpu_links" {
      + id       = (known after apply)
      + ports    = [
          + "swp15@sw-hardwarefree-plane3-leaf07",
          + "eth5@gpu-hardwarefree-063",
        ]
      + underlay = "enabled"
    }

  # netris_link.ew_gpu_links["swp15@sw-hardwarefree-plane3-leaf08--eth5@gpu-hardwarefree-064"] will be created
  + resource "netris_link" "ew_gpu_links" {
      + id       = (known after apply)
      + ports    = [
          + "swp15@sw-hardwarefree-plane3-leaf08",
          + "eth5@gpu-hardwarefree-064",
        ]
      + underlay = "enabled"
    }

  # netris_link.ew_gpu_links["swp15@sw-hardwarefree-plane4-leaf01--eth7@gpu-hardwarefree-057"] will be created
  + resource "netris_link" "ew_gpu_links" {
      + id       = (known after apply)
      + ports    = [
          + "swp15@sw-hardwarefree-plane4-leaf01",
          + "eth7@gpu-hardwarefree-057",
        ]
      + underlay = "enabled"
    }

  # netris_link.ew_gpu_links["swp15@sw-hardwarefree-plane4-leaf02--eth7@gpu-hardwarefree-058"] will be created
  + resource "netris_link" "ew_gpu_links" {
      + id       = (known after apply)
      + ports    = [
          + "swp15@sw-hardwarefree-plane4-leaf02",
          + "eth7@gpu-hardwarefree-058",
        ]
      + underlay = "enabled"
    }

  # netris_link.ew_gpu_links["swp15@sw-hardwarefree-plane4-leaf03--eth7@gpu-hardwarefree-059"] will be created
  + resource "netris_link" "ew_gpu_links" {
      + id       = (known after apply)
      + ports    = [
          + "swp15@sw-hardwarefree-plane4-leaf03",
          + "eth7@gpu-hardwarefree-059",
        ]
      + underlay = "enabled"
    }

  # netris_link.ew_gpu_links["swp15@sw-hardwarefree-plane4-leaf04--eth7@gpu-hardwarefree-060"] will be created
  + resource "netris_link" "ew_gpu_links" {
      + id       = (known after apply)
      + ports    = [
          + "swp15@sw-hardwarefree-plane4-leaf04",
          + "eth7@gpu-hardwarefree-060",
        ]
      + underlay = "enabled"
    }

  # netris_link.ew_gpu_links["swp15@sw-hardwarefree-plane4-leaf05--eth7@gpu-hardwarefree-061"] will be created
  + resource "netris_link" "ew_gpu_links" {
      + id       = (known after apply)
      + ports    = [
          + "swp15@sw-hardwarefree-plane4-leaf05",
          + "eth7@gpu-hardwarefree-061",
        ]
      + underlay = "enabled"
    }

  # netris_link.ew_gpu_links["swp15@sw-hardwarefree-plane4-leaf06--eth7@gpu-hardwarefree-062"] will be created
  + resource "netris_link" "ew_gpu_links" {
      + id       = (known after apply)
      + ports    = [
          + "swp15@sw-hardwarefree-plane4-leaf06",
          + "eth7@gpu-hardwarefree-062",
        ]
      + underlay = "enabled"
    }

  # netris_link.ew_gpu_links["swp15@sw-hardwarefree-plane4-leaf07--eth7@gpu-hardwarefree-063"] will be created
  + resource "netris_link" "ew_gpu_links" {
      + id       = (known after apply)
      + ports    = [
          + "swp15@sw-hardwarefree-plane4-leaf07",
          + "eth7@gpu-hardwarefree-063",
        ]
      + underlay = "enabled"
    }

  # netris_link.ew_gpu_links["swp15@sw-hardwarefree-plane4-leaf08--eth7@gpu-hardwarefree-064"] will be created
  + resource "netris_link" "ew_gpu_links" {
      + id       = (known after apply)
      + ports    = [
          + "swp15@sw-hardwarefree-plane4-leaf08",
          + "eth7@gpu-hardwarefree-064",
        ]
      + underlay = "enabled"
    }

  # netris_link.ew_gpu_links["swp16@sw-hardwarefree-plane1-leaf01--eth2@gpu-hardwarefree-057"] will be created
  + resource "netris_link" "ew_gpu_links" {
      + id       = (known after apply)
      + ports    = [
          + "swp16@sw-hardwarefree-plane1-leaf01",
          + "eth2@gpu-hardwarefree-057",
        ]
      + underlay = "enabled"
    }

  # netris_link.ew_gpu_links["swp16@sw-hardwarefree-plane1-leaf02--eth2@gpu-hardwarefree-058"] will be created
  + resource "netris_link" "ew_gpu_links" {
      + id       = (known after apply)
      + ports    = [
          + "swp16@sw-hardwarefree-plane1-leaf02",
          + "eth2@gpu-hardwarefree-058",
        ]
      + underlay = "enabled"
    }

  # netris_link.ew_gpu_links["swp16@sw-hardwarefree-plane1-leaf03--eth2@gpu-hardwarefree-059"] will be created
  + resource "netris_link" "ew_gpu_links" {
      + id       = (known after apply)
      + ports    = [
          + "swp16@sw-hardwarefree-plane1-leaf03",
          + "eth2@gpu-hardwarefree-059",
        ]
      + underlay = "enabled"
    }

  # netris_link.ew_gpu_links["swp16@sw-hardwarefree-plane1-leaf04--eth2@gpu-hardwarefree-060"] will be created
  + resource "netris_link" "ew_gpu_links" {
      + id       = (known after apply)
      + ports    = [
          + "swp16@sw-hardwarefree-plane1-leaf04",
          + "eth2@gpu-hardwarefree-060",
        ]
      + underlay = "enabled"
    }

  # netris_link.ew_gpu_links["swp16@sw-hardwarefree-plane1-leaf05--eth2@gpu-hardwarefree-061"] will be created
  + resource "netris_link" "ew_gpu_links" {
      + id       = (known after apply)
      + ports    = [
          + "swp16@sw-hardwarefree-plane1-leaf05",
          + "eth2@gpu-hardwarefree-061",
        ]
      + underlay = "enabled"
    }

  # netris_link.ew_gpu_links["swp16@sw-hardwarefree-plane1-leaf06--eth2@gpu-hardwarefree-062"] will be created
  + resource "netris_link" "ew_gpu_links" {
      + id       = (known after apply)
      + ports    = [
          + "swp16@sw-hardwarefree-plane1-leaf06",
          + "eth2@gpu-hardwarefree-062",
        ]
      + underlay = "enabled"
    }

  # netris_link.ew_gpu_links["swp16@sw-hardwarefree-plane1-leaf07--eth2@gpu-hardwarefree-063"] will be created
  + resource "netris_link" "ew_gpu_links" {
      + id       = (known after apply)
      + ports    = [
          + "swp16@sw-hardwarefree-plane1-leaf07",
          + "eth2@gpu-hardwarefree-063",
        ]
      + underlay = "enabled"
    }

  # netris_link.ew_gpu_links["swp16@sw-hardwarefree-plane1-leaf08--eth2@gpu-hardwarefree-064"] will be created
  + resource "netris_link" "ew_gpu_links" {
      + id       = (known after apply)
      + ports    = [
          + "swp16@sw-hardwarefree-plane1-leaf08",
          + "eth2@gpu-hardwarefree-064",
        ]
      + underlay = "enabled"
    }

  # netris_link.ew_gpu_links["swp16@sw-hardwarefree-plane2-leaf01--eth4@gpu-hardwarefree-057"] will be created
  + resource "netris_link" "ew_gpu_links" {
      + id       = (known after apply)
      + ports    = [
          + "swp16@sw-hardwarefree-plane2-leaf01",
          + "eth4@gpu-hardwarefree-057",
        ]
      + underlay = "enabled"
    }

  # netris_link.ew_gpu_links["swp16@sw-hardwarefree-plane2-leaf02--eth4@gpu-hardwarefree-058"] will be created
  + resource "netris_link" "ew_gpu_links" {
      + id       = (known after apply)
      + ports    = [
          + "swp16@sw-hardwarefree-plane2-leaf02",
          + "eth4@gpu-hardwarefree-058",
        ]
      + underlay = "enabled"
    }

  # netris_link.ew_gpu_links["swp16@sw-hardwarefree-plane2-leaf03--eth4@gpu-hardwarefree-059"] will be created
  + resource "netris_link" "ew_gpu_links" {
      + id       = (known after apply)
      + ports    = [
          + "swp16@sw-hardwarefree-plane2-leaf03",
          + "eth4@gpu-hardwarefree-059",
        ]
      + underlay = "enabled"
    }

  # netris_link.ew_gpu_links["swp16@sw-hardwarefree-plane2-leaf04--eth4@gpu-hardwarefree-060"] will be created
  + resource "netris_link" "ew_gpu_links" {
      + id       = (known after apply)
      + ports    = [
          + "swp16@sw-hardwarefree-plane2-leaf04",
          + "eth4@gpu-hardwarefree-060",
        ]
      + underlay = "enabled"
    }

  # netris_link.ew_gpu_links["swp16@sw-hardwarefree-plane2-leaf05--eth4@gpu-hardwarefree-061"] will be created
  + resource "netris_link" "ew_gpu_links" {
      + id       = (known after apply)
      + ports    = [
          + "swp16@sw-hardwarefree-plane2-leaf05",
          + "eth4@gpu-hardwarefree-061",
        ]
      + underlay = "enabled"
    }

  # netris_link.ew_gpu_links["swp16@sw-hardwarefree-plane2-leaf06--eth4@gpu-hardwarefree-062"] will be created
  + resource "netris_link" "ew_gpu_links" {
      + id       = (known after apply)
      + ports    = [
          + "swp16@sw-hardwarefree-plane2-leaf06",
          + "eth4@gpu-hardwarefree-062",
        ]
      + underlay = "enabled"
    }

  # netris_link.ew_gpu_links["swp16@sw-hardwarefree-plane2-leaf07--eth4@gpu-hardwarefree-063"] will be created
  + resource "netris_link" "ew_gpu_links" {
      + id       = (known after apply)
      + ports    = [
          + "swp16@sw-hardwarefree-plane2-leaf07",
          + "eth4@gpu-hardwarefree-063",
        ]
      + underlay = "enabled"
    }

  # netris_link.ew_gpu_links["swp16@sw-hardwarefree-plane2-leaf08--eth4@gpu-hardwarefree-064"] will be created
  + resource "netris_link" "ew_gpu_links" {
      + id       = (known after apply)
      + ports    = [
          + "swp16@sw-hardwarefree-plane2-leaf08",
          + "eth4@gpu-hardwarefree-064",
        ]
      + underlay = "enabled"
    }

  # netris_link.ew_gpu_links["swp16@sw-hardwarefree-plane3-leaf01--eth6@gpu-hardwarefree-057"] will be created
  + resource "netris_link" "ew_gpu_links" {
      + id       = (known after apply)
      + ports    = [
          + "swp16@sw-hardwarefree-plane3-leaf01",
          + "eth6@gpu-hardwarefree-057",
        ]
      + underlay = "enabled"
    }

  # netris_link.ew_gpu_links["swp16@sw-hardwarefree-plane3-leaf02--eth6@gpu-hardwarefree-058"] will be created
  + resource "netris_link" "ew_gpu_links" {
      + id       = (known after apply)
      + ports    = [
          + "swp16@sw-hardwarefree-plane3-leaf02",
          + "eth6@gpu-hardwarefree-058",
        ]
      + underlay = "enabled"
    }

  # netris_link.ew_gpu_links["swp16@sw-hardwarefree-plane3-leaf03--eth6@gpu-hardwarefree-059"] will be created
  + resource "netris_link" "ew_gpu_links" {
      + id       = (known after apply)
      + ports    = [
          + "swp16@sw-hardwarefree-plane3-leaf03",
          + "eth6@gpu-hardwarefree-059",
        ]
      + underlay = "enabled"
    }

  # netris_link.ew_gpu_links["swp16@sw-hardwarefree-plane3-leaf04--eth6@gpu-hardwarefree-060"] will be created
  + resource "netris_link" "ew_gpu_links" {
      + id       = (known after apply)
      + ports    = [
          + "swp16@sw-hardwarefree-plane3-leaf04",
          + "eth6@gpu-hardwarefree-060",
        ]
      + underlay = "enabled"
    }

  # netris_link.ew_gpu_links["swp16@sw-hardwarefree-plane3-leaf05--eth6@gpu-hardwarefree-061"] will be created
  + resource "netris_link" "ew_gpu_links" {
      + id       = (known after apply)
      + ports    = [
          + "swp16@sw-hardwarefree-plane3-leaf05",
          + "eth6@gpu-hardwarefree-061",
        ]
      + underlay = "enabled"
    }

  # netris_link.ew_gpu_links["swp16@sw-hardwarefree-plane3-leaf06--eth6@gpu-hardwarefree-062"] will be created
  + resource "netris_link" "ew_gpu_links" {
      + id       = (known after apply)
      + ports    = [
          + "swp16@sw-hardwarefree-plane3-leaf06",
          + "eth6@gpu-hardwarefree-062",
        ]
      + underlay = "enabled"
    }

  # netris_link.ew_gpu_links["swp16@sw-hardwarefree-plane3-leaf07--eth6@gpu-hardwarefree-063"] will be created
  + resource "netris_link" "ew_gpu_links" {
      + id       = (known after apply)
      + ports    = [
          + "swp16@sw-hardwarefree-plane3-leaf07",
          + "eth6@gpu-hardwarefree-063",
        ]
      + underlay = "enabled"
    }

  # netris_link.ew_gpu_links["swp16@sw-hardwarefree-plane3-leaf08--eth6@gpu-hardwarefree-064"] will be created
  + resource "netris_link" "ew_gpu_links" {
      + id       = (known after apply)
      + ports    = [
          + "swp16@sw-hardwarefree-plane3-leaf08",
          + "eth6@gpu-hardwarefree-064",
        ]
      + underlay = "enabled"
    }

  # netris_link.ew_gpu_links["swp16@sw-hardwarefree-plane4-leaf01--eth8@gpu-hardwarefree-057"] will be created
  + resource "netris_link" "ew_gpu_links" {
      + id       = (known after apply)
      + ports    = [
          + "swp16@sw-hardwarefree-plane4-leaf01",
          + "eth8@gpu-hardwarefree-057",
        ]
      + underlay = "enabled"
    }

  # netris_link.ew_gpu_links["swp16@sw-hardwarefree-plane4-leaf02--eth8@gpu-hardwarefree-058"] will be created
  + resource "netris_link" "ew_gpu_links" {
      + id       = (known after apply)
      + ports    = [
          + "swp16@sw-hardwarefree-plane4-leaf02",
          + "eth8@gpu-hardwarefree-058",
        ]
      + underlay = "enabled"
    }

  # netris_link.ew_gpu_links["swp16@sw-hardwarefree-plane4-leaf03--eth8@gpu-hardwarefree-059"] will be created
  + resource "netris_link" "ew_gpu_links" {
      + id       = (known after apply)
      + ports    = [
          + "swp16@sw-hardwarefree-plane4-leaf03",
          + "eth8@gpu-hardwarefree-059",
        ]
      + underlay = "enabled"
    }

  # netris_link.ew_gpu_links["swp16@sw-hardwarefree-plane4-leaf04--eth8@gpu-hardwarefree-060"] will be created
  + resource "netris_link" "ew_gpu_links" {
      + id       = (known after apply)
      + ports    = [
          + "swp16@sw-hardwarefree-plane4-leaf04",
          + "eth8@gpu-hardwarefree-060",
        ]
      + underlay = "enabled"
    }

  # netris_link.ew_gpu_links["swp16@sw-hardwarefree-plane4-leaf05--eth8@gpu-hardwarefree-061"] will be created
  + resource "netris_link" "ew_gpu_links" {
      + id       = (known after apply)
      + ports    = [
          + "swp16@sw-hardwarefree-plane4-leaf05",
          + "eth8@gpu-hardwarefree-061",
        ]
      + underlay = "enabled"
    }

  # netris_link.ew_gpu_links["swp16@sw-hardwarefree-plane4-leaf06--eth8@gpu-hardwarefree-062"] will be created
  + resource "netris_link" "ew_gpu_links" {
      + id       = (known after apply)
      + ports    = [
          + "swp16@sw-hardwarefree-plane4-leaf06",
          + "eth8@gpu-hardwarefree-062",
        ]
      + underlay = "enabled"
    }

  # netris_link.ew_gpu_links["swp16@sw-hardwarefree-plane4-leaf07--eth8@gpu-hardwarefree-063"] will be created
  + resource "netris_link" "ew_gpu_links" {
      + id       = (known after apply)
      + ports    = [
          + "swp16@sw-hardwarefree-plane4-leaf07",
          + "eth8@gpu-hardwarefree-063",
        ]
      + underlay = "enabled"
    }

  # netris_link.ew_gpu_links["swp16@sw-hardwarefree-plane4-leaf08--eth8@gpu-hardwarefree-064"] will be created
  + resource "netris_link" "ew_gpu_links" {
      + id       = (known after apply)
      + ports    = [
          + "swp16@sw-hardwarefree-plane4-leaf08",
          + "eth8@gpu-hardwarefree-064",
        ]
      + underlay = "enabled"
    }

  # netris_link.ew_gpu_links["swp1@sw-hardwarefree-plane1-leaf01--eth1@gpu-hardwarefree-001"] will be created
  + resource "netris_link" "ew_gpu_links" {
      + id       = (known after apply)
      + ports    = [
          + "swp1@sw-hardwarefree-plane1-leaf01",
          + "eth1@gpu-hardwarefree-001",
        ]
      + underlay = "enabled"
    }

  # netris_link.ew_gpu_links["swp1@sw-hardwarefree-plane1-leaf02--eth1@gpu-hardwarefree-002"] will be created
  + resource "netris_link" "ew_gpu_links" {
      + id       = (known after apply)
      + ports    = [
          + "swp1@sw-hardwarefree-plane1-leaf02",
          + "eth1@gpu-hardwarefree-002",
        ]
      + underlay = "enabled"
    }

  # netris_link.ew_gpu_links["swp1@sw-hardwarefree-plane1-leaf03--eth1@gpu-hardwarefree-003"] will be created
  + resource "netris_link" "ew_gpu_links" {
      + id       = (known after apply)
      + ports    = [
          + "swp1@sw-hardwarefree-plane1-leaf03",
          + "eth1@gpu-hardwarefree-003",
        ]
      + underlay = "enabled"
    }

  # netris_link.ew_gpu_links["swp1@sw-hardwarefree-plane1-leaf04--eth1@gpu-hardwarefree-004"] will be created
  + resource "netris_link" "ew_gpu_links" {
      + id       = (known after apply)
      + ports    = [
          + "swp1@sw-hardwarefree-plane1-leaf04",
          + "eth1@gpu-hardwarefree-004",
        ]
      + underlay = "enabled"
    }

  # netris_link.ew_gpu_links["swp1@sw-hardwarefree-plane1-leaf05--eth1@gpu-hardwarefree-005"] will be created
  + resource "netris_link" "ew_gpu_links" {
      + id       = (known after apply)
      + ports    = [
          + "swp1@sw-hardwarefree-plane1-leaf05",
          + "eth1@gpu-hardwarefree-005",
        ]
      + underlay = "enabled"
    }

  # netris_link.ew_gpu_links["swp1@sw-hardwarefree-plane1-leaf06--eth1@gpu-hardwarefree-006"] will be created
  + resource "netris_link" "ew_gpu_links" {
      + id       = (known after apply)
      + ports    = [
          + "swp1@sw-hardwarefree-plane1-leaf06",
          + "eth1@gpu-hardwarefree-006",
        ]
      + underlay = "enabled"
    }

  # netris_link.ew_gpu_links["swp1@sw-hardwarefree-plane1-leaf07--eth1@gpu-hardwarefree-007"] will be created
  + resource "netris_link" "ew_gpu_links" {
      + id       = (known after apply)
      + ports    = [
          + "swp1@sw-hardwarefree-plane1-leaf07",
          + "eth1@gpu-hardwarefree-007",
        ]
      + underlay = "enabled"
    }

  # netris_link.ew_gpu_links["swp1@sw-hardwarefree-plane1-leaf08--eth1@gpu-hardwarefree-008"] will be created
  + resource "netris_link" "ew_gpu_links" {
      + id       = (known after apply)
      + ports    = [
          + "swp1@sw-hardwarefree-plane1-leaf08",
          + "eth1@gpu-hardwarefree-008",
        ]
      + underlay = "enabled"
    }

  # netris_link.ew_gpu_links["swp1@sw-hardwarefree-plane2-leaf01--eth3@gpu-hardwarefree-001"] will be created
  + resource "netris_link" "ew_gpu_links" {
      + id       = (known after apply)
      + ports    = [
          + "swp1@sw-hardwarefree-plane2-leaf01",
          + "eth3@gpu-hardwarefree-001",
        ]
      + underlay = "enabled"
    }

  # netris_link.ew_gpu_links["swp1@sw-hardwarefree-plane2-leaf02--eth3@gpu-hardwarefree-002"] will be created
  + resource "netris_link" "ew_gpu_links" {
      + id       = (known after apply)
      + ports    = [
          + "swp1@sw-hardwarefree-plane2-leaf02",
          + "eth3@gpu-hardwarefree-002",
        ]
      + underlay = "enabled"
    }

  # netris_link.ew_gpu_links["swp1@sw-hardwarefree-plane2-leaf03--eth3@gpu-hardwarefree-003"] will be created
  + resource "netris_link" "ew_gpu_links" {
      + id       = (known after apply)
      + ports    = [
          + "swp1@sw-hardwarefree-plane2-leaf03",
          + "eth3@gpu-hardwarefree-003",
        ]
      + underlay = "enabled"
    }

  # netris_link.ew_gpu_links["swp1@sw-hardwarefree-plane2-leaf04--eth3@gpu-hardwarefree-004"] will be created
  + resource "netris_link" "ew_gpu_links" {
      + id       = (known after apply)
      + ports    = [
          + "swp1@sw-hardwarefree-plane2-leaf04",
          + "eth3@gpu-hardwarefree-004",
        ]
      + underlay = "enabled"
    }

  # netris_link.ew_gpu_links["swp1@sw-hardwarefree-plane2-leaf05--eth3@gpu-hardwarefree-005"] will be created
  + resource "netris_link" "ew_gpu_links" {
      + id       = (known after apply)
      + ports    = [
          + "swp1@sw-hardwarefree-plane2-leaf05",
          + "eth3@gpu-hardwarefree-005",
        ]
      + underlay = "enabled"
    }

  # netris_link.ew_gpu_links["swp1@sw-hardwarefree-plane2-leaf06--eth3@gpu-hardwarefree-006"] will be created
  + resource "netris_link" "ew_gpu_links" {
      + id       = (known after apply)
      + ports    = [
          + "swp1@sw-hardwarefree-plane2-leaf06",
          + "eth3@gpu-hardwarefree-006",
        ]
      + underlay = "enabled"
    }

  # netris_link.ew_gpu_links["swp1@sw-hardwarefree-plane2-leaf07--eth3@gpu-hardwarefree-007"] will be created
  + resource "netris_link" "ew_gpu_links" {
      + id       = (known after apply)
      + ports    = [
          + "swp1@sw-hardwarefree-plane2-leaf07",
          + "eth3@gpu-hardwarefree-007",
        ]
      + underlay = "enabled"
    }

  # netris_link.ew_gpu_links["swp1@sw-hardwarefree-plane2-leaf08--eth3@gpu-hardwarefree-008"] will be created
  + resource "netris_link" "ew_gpu_links" {
      + id       = (known after apply)
      + ports    = [
          + "swp1@sw-hardwarefree-plane2-leaf08",
          + "eth3@gpu-hardwarefree-008",
        ]
      + underlay = "enabled"
    }

  # netris_link.ew_gpu_links["swp1@sw-hardwarefree-plane3-leaf01--eth5@gpu-hardwarefree-001"] will be created
  + resource "netris_link" "ew_gpu_links" {
      + id       = (known after apply)
      + ports    = [
          + "swp1@sw-hardwarefree-plane3-leaf01",
          + "eth5@gpu-hardwarefree-001",
        ]
      + underlay = "enabled"
    }

  # netris_link.ew_gpu_links["swp1@sw-hardwarefree-plane3-leaf02--eth5@gpu-hardwarefree-002"] will be created
  + resource "netris_link" "ew_gpu_links" {
      + id       = (known after apply)
      + ports    = [
          + "swp1@sw-hardwarefree-plane3-leaf02",
          + "eth5@gpu-hardwarefree-002",
        ]
      + underlay = "enabled"
    }

  # netris_link.ew_gpu_links["swp1@sw-hardwarefree-plane3-leaf03--eth5@gpu-hardwarefree-003"] will be created
  + resource "netris_link" "ew_gpu_links" {
      + id       = (known after apply)
      + ports    = [
          + "swp1@sw-hardwarefree-plane3-leaf03",
          + "eth5@gpu-hardwarefree-003",
        ]
      + underlay = "enabled"
    }

  # netris_link.ew_gpu_links["swp1@sw-hardwarefree-plane3-leaf04--eth5@gpu-hardwarefree-004"] will be created
  + resource "netris_link" "ew_gpu_links" {
      + id       = (known after apply)
      + ports    = [
          + "swp1@sw-hardwarefree-plane3-leaf04",
          + "eth5@gpu-hardwarefree-004",
        ]
      + underlay = "enabled"
    }

  # netris_link.ew_gpu_links["swp1@sw-hardwarefree-plane3-leaf05--eth5@gpu-hardwarefree-005"] will be created
  + resource "netris_link" "ew_gpu_links" {
      + id       = (known after apply)
      + ports    = [
          + "swp1@sw-hardwarefree-plane3-leaf05",
          + "eth5@gpu-hardwarefree-005",
        ]
      + underlay = "enabled"
    }

  # netris_link.ew_gpu_links["swp1@sw-hardwarefree-plane3-leaf06--eth5@gpu-hardwarefree-006"] will be created
  + resource "netris_link" "ew_gpu_links" {
      + id       = (known after apply)
      + ports    = [
          + "swp1@sw-hardwarefree-plane3-leaf06",
          + "eth5@gpu-hardwarefree-006",
        ]
      + underlay = "enabled"
    }

  # netris_link.ew_gpu_links["swp1@sw-hardwarefree-plane3-leaf07--eth5@gpu-hardwarefree-007"] will be created
  + resource "netris_link" "ew_gpu_links" {
      + id       = (known after apply)
      + ports    = [
          + "swp1@sw-hardwarefree-plane3-leaf07",
          + "eth5@gpu-hardwarefree-007",
        ]
      + underlay = "enabled"
    }

  # netris_link.ew_gpu_links["swp1@sw-hardwarefree-plane3-leaf08--eth5@gpu-hardwarefree-008"] will be created
  + resource "netris_link" "ew_gpu_links" {
      + id       = (known after apply)
      + ports    = [
          + "swp1@sw-hardwarefree-plane3-leaf08",
          + "eth5@gpu-hardwarefree-008",
        ]
      + underlay = "enabled"
    }

  # netris_link.ew_gpu_links["swp1@sw-hardwarefree-plane4-leaf01--eth7@gpu-hardwarefree-001"] will be created
  + resource "netris_link" "ew_gpu_links" {
      + id       = (known after apply)
      + ports    = [
          + "swp1@sw-hardwarefree-plane4-leaf01",
          + "eth7@gpu-hardwarefree-001",
        ]
      + underlay = "enabled"
    }

  # netris_link.ew_gpu_links["swp1@sw-hardwarefree-plane4-leaf02--eth7@gpu-hardwarefree-002"] will be created
  + resource "netris_link" "ew_gpu_links" {
      + id       = (known after apply)
      + ports    = [
          + "swp1@sw-hardwarefree-plane4-leaf02",
          + "eth7@gpu-hardwarefree-002",
        ]
      + underlay = "enabled"
    }

  # netris_link.ew_gpu_links["swp1@sw-hardwarefree-plane4-leaf03--eth7@gpu-hardwarefree-003"] will be created
  + resource "netris_link" "ew_gpu_links" {
      + id       = (known after apply)
      + ports    = [
          + "swp1@sw-hardwarefree-plane4-leaf03",
          + "eth7@gpu-hardwarefree-003",
        ]
      + underlay = "enabled"
    }

  # netris_link.ew_gpu_links["swp1@sw-hardwarefree-plane4-leaf04--eth7@gpu-hardwarefree-004"] will be created
  + resource "netris_link" "ew_gpu_links" {
      + id       = (known after apply)
      + ports    = [
          + "swp1@sw-hardwarefree-plane4-leaf04",
          + "eth7@gpu-hardwarefree-004",
        ]
      + underlay = "enabled"
    }

  # netris_link.ew_gpu_links["swp1@sw-hardwarefree-plane4-leaf05--eth7@gpu-hardwarefree-005"] will be created
  + resource "netris_link" "ew_gpu_links" {
      + id       = (known after apply)
      + ports    = [
          + "swp1@sw-hardwarefree-plane4-leaf05",
          + "eth7@gpu-hardwarefree-005",
        ]
      + underlay = "enabled"
    }

  # netris_link.ew_gpu_links["swp1@sw-hardwarefree-plane4-leaf06--eth7@gpu-hardwarefree-006"] will be created
  + resource "netris_link" "ew_gpu_links" {
      + id       = (known after apply)
      + ports    = [
          + "swp1@sw-hardwarefree-plane4-leaf06",
          + "eth7@gpu-hardwarefree-006",
        ]
      + underlay = "enabled"
    }

  # netris_link.ew_gpu_links["swp1@sw-hardwarefree-plane4-leaf07--eth7@gpu-hardwarefree-007"] will be created
  + resource "netris_link" "ew_gpu_links" {
      + id       = (known after apply)
      + ports    = [
          + "swp1@sw-hardwarefree-plane4-leaf07",
          + "eth7@gpu-hardwarefree-007",
        ]
      + underlay = "enabled"
    }

  # netris_link.ew_gpu_links["swp1@sw-hardwarefree-plane4-leaf08--eth7@gpu-hardwarefree-008"] will be created
  + resource "netris_link" "ew_gpu_links" {
      + id       = (known after apply)
      + ports    = [
          + "swp1@sw-hardwarefree-plane4-leaf08",
          + "eth7@gpu-hardwarefree-008",
        ]
      + underlay = "enabled"
    }

  # netris_link.ew_gpu_links["swp2@sw-hardwarefree-plane1-leaf01--eth2@gpu-hardwarefree-001"] will be created
  + resource "netris_link" "ew_gpu_links" {
      + id       = (known after apply)
      + ports    = [
          + "swp2@sw-hardwarefree-plane1-leaf01",
          + "eth2@gpu-hardwarefree-001",
        ]
      + underlay = "enabled"
    }

  # netris_link.ew_gpu_links["swp2@sw-hardwarefree-plane1-leaf02--eth2@gpu-hardwarefree-002"] will be created
  + resource "netris_link" "ew_gpu_links" {
      + id       = (known after apply)
      + ports    = [
          + "swp2@sw-hardwarefree-plane1-leaf02",
          + "eth2@gpu-hardwarefree-002",
        ]
      + underlay = "enabled"
    }

  # netris_link.ew_gpu_links["swp2@sw-hardwarefree-plane1-leaf03--eth2@gpu-hardwarefree-003"] will be created
  + resource "netris_link" "ew_gpu_links" {
      + id       = (known after apply)
      + ports    = [
          + "swp2@sw-hardwarefree-plane1-leaf03",
          + "eth2@gpu-hardwarefree-003",
        ]
      + underlay = "enabled"
    }

  # netris_link.ew_gpu_links["swp2@sw-hardwarefree-plane1-leaf04--eth2@gpu-hardwarefree-004"] will be created
  + resource "netris_link" "ew_gpu_links" {
      + id       = (known after apply)
      + ports    = [
          + "swp2@sw-hardwarefree-plane1-leaf04",
          + "eth2@gpu-hardwarefree-004",
        ]
      + underlay = "enabled"
    }

  # netris_link.ew_gpu_links["swp2@sw-hardwarefree-plane1-leaf05--eth2@gpu-hardwarefree-005"] will be created
  + resource "netris_link" "ew_gpu_links" {
      + id       = (known after apply)
      + ports    = [
          + "swp2@sw-hardwarefree-plane1-leaf05",
          + "eth2@gpu-hardwarefree-005",
        ]
      + underlay = "enabled"
    }

  # netris_link.ew_gpu_links["swp2@sw-hardwarefree-plane1-leaf06--eth2@gpu-hardwarefree-006"] will be created
  + resource "netris_link" "ew_gpu_links" {
      + id       = (known after apply)
      + ports    = [
          + "swp2@sw-hardwarefree-plane1-leaf06",
          + "eth2@gpu-hardwarefree-006",
        ]
      + underlay = "enabled"
    }

  # netris_link.ew_gpu_links["swp2@sw-hardwarefree-plane1-leaf07--eth2@gpu-hardwarefree-007"] will be created
  + resource "netris_link" "ew_gpu_links" {
      + id       = (known after apply)
      + ports    = [
          + "swp2@sw-hardwarefree-plane1-leaf07",
          + "eth2@gpu-hardwarefree-007",
        ]
      + underlay = "enabled"
    }

  # netris_link.ew_gpu_links["swp2@sw-hardwarefree-plane1-leaf08--eth2@gpu-hardwarefree-008"] will be created
  + resource "netris_link" "ew_gpu_links" {
      + id       = (known after apply)
      + ports    = [
          + "swp2@sw-hardwarefree-plane1-leaf08",
          + "eth2@gpu-hardwarefree-008",
        ]
      + underlay = "enabled"
    }

  # netris_link.ew_gpu_links["swp2@sw-hardwarefree-plane2-leaf01--eth4@gpu-hardwarefree-001"] will be created
  + resource "netris_link" "ew_gpu_links" {
      + id       = (known after apply)
      + ports    = [
          + "swp2@sw-hardwarefree-plane2-leaf01",
          + "eth4@gpu-hardwarefree-001",
        ]
      + underlay = "enabled"
    }

  # netris_link.ew_gpu_links["swp2@sw-hardwarefree-plane2-leaf02--eth4@gpu-hardwarefree-002"] will be created
  + resource "netris_link" "ew_gpu_links" {
      + id       = (known after apply)
      + ports    = [
          + "swp2@sw-hardwarefree-plane2-leaf02",
          + "eth4@gpu-hardwarefree-002",
        ]
      + underlay = "enabled"
    }

  # netris_link.ew_gpu_links["swp2@sw-hardwarefree-plane2-leaf03--eth4@gpu-hardwarefree-003"] will be created
  + resource "netris_link" "ew_gpu_links" {
      + id       = (known after apply)
      + ports    = [
          + "swp2@sw-hardwarefree-plane2-leaf03",
          + "eth4@gpu-hardwarefree-003",
        ]
      + underlay = "enabled"
    }

  # netris_link.ew_gpu_links["swp2@sw-hardwarefree-plane2-leaf04--eth4@gpu-hardwarefree-004"] will be created
  + resource "netris_link" "ew_gpu_links" {
      + id       = (known after apply)
      + ports    = [
          + "swp2@sw-hardwarefree-plane2-leaf04",
          + "eth4@gpu-hardwarefree-004",
        ]
      + underlay = "enabled"
    }

  # netris_link.ew_gpu_links["swp2@sw-hardwarefree-plane2-leaf05--eth4@gpu-hardwarefree-005"] will be created
  + resource "netris_link" "ew_gpu_links" {
      + id       = (known after apply)
      + ports    = [
          + "swp2@sw-hardwarefree-plane2-leaf05",
          + "eth4@gpu-hardwarefree-005",
        ]
      + underlay = "enabled"
    }

  # netris_link.ew_gpu_links["swp2@sw-hardwarefree-plane2-leaf06--eth4@gpu-hardwarefree-006"] will be created
  + resource "netris_link" "ew_gpu_links" {
      + id       = (known after apply)
      + ports    = [
          + "swp2@sw-hardwarefree-plane2-leaf06",
          + "eth4@gpu-hardwarefree-006",
        ]
      + underlay = "enabled"
    }

  # netris_link.ew_gpu_links["swp2@sw-hardwarefree-plane2-leaf07--eth4@gpu-hardwarefree-007"] will be created
  + resource "netris_link" "ew_gpu_links" {
      + id       = (known after apply)
      + ports    = [
          + "swp2@sw-hardwarefree-plane2-leaf07",
          + "eth4@gpu-hardwarefree-007",
        ]
      + underlay = "enabled"
    }

  # netris_link.ew_gpu_links["swp2@sw-hardwarefree-plane2-leaf08--eth4@gpu-hardwarefree-008"] will be created
  + resource "netris_link" "ew_gpu_links" {
      + id       = (known after apply)
      + ports    = [
          + "swp2@sw-hardwarefree-plane2-leaf08",
          + "eth4@gpu-hardwarefree-008",
        ]
      + underlay = "enabled"
    }

  # netris_link.ew_gpu_links["swp2@sw-hardwarefree-plane3-leaf01--eth6@gpu-hardwarefree-001"] will be created
  + resource "netris_link" "ew_gpu_links" {
      + id       = (known after apply)
      + ports    = [
          + "swp2@sw-hardwarefree-plane3-leaf01",
          + "eth6@gpu-hardwarefree-001",
        ]
      + underlay = "enabled"
    }

  # netris_link.ew_gpu_links["swp2@sw-hardwarefree-plane3-leaf02--eth6@gpu-hardwarefree-002"] will be created
  + resource "netris_link" "ew_gpu_links" {
      + id       = (known after apply)
      + ports    = [
          + "swp2@sw-hardwarefree-plane3-leaf02",
          + "eth6@gpu-hardwarefree-002",
        ]
      + underlay = "enabled"
    }

  # netris_link.ew_gpu_links["swp2@sw-hardwarefree-plane3-leaf03--eth6@gpu-hardwarefree-003"] will be created
  + resource "netris_link" "ew_gpu_links" {
      + id       = (known after apply)
      + ports    = [
          + "swp2@sw-hardwarefree-plane3-leaf03",
          + "eth6@gpu-hardwarefree-003",
        ]
      + underlay = "enabled"
    }

  # netris_link.ew_gpu_links["swp2@sw-hardwarefree-plane3-leaf04--eth6@gpu-hardwarefree-004"] will be created
  + resource "netris_link" "ew_gpu_links" {
      + id       = (known after apply)
      + ports    = [
          + "swp2@sw-hardwarefree-plane3-leaf04",
          + "eth6@gpu-hardwarefree-004",
        ]
      + underlay = "enabled"
    }

  # netris_link.ew_gpu_links["swp2@sw-hardwarefree-plane3-leaf05--eth6@gpu-hardwarefree-005"] will be created
  + resource "netris_link" "ew_gpu_links" {
      + id       = (known after apply)
      + ports    = [
          + "swp2@sw-hardwarefree-plane3-leaf05",
          + "eth6@gpu-hardwarefree-005",
        ]
      + underlay = "enabled"
    }

  # netris_link.ew_gpu_links["swp2@sw-hardwarefree-plane3-leaf06--eth6@gpu-hardwarefree-006"] will be created
  + resource "netris_link" "ew_gpu_links" {
      + id       = (known after apply)
      + ports    = [
          + "swp2@sw-hardwarefree-plane3-leaf06",
          + "eth6@gpu-hardwarefree-006",
        ]
      + underlay = "enabled"
    }

  # netris_link.ew_gpu_links["swp2@sw-hardwarefree-plane3-leaf07--eth6@gpu-hardwarefree-007"] will be created
  + resource "netris_link" "ew_gpu_links" {
      + id       = (known after apply)
      + ports    = [
          + "swp2@sw-hardwarefree-plane3-leaf07",
          + "eth6@gpu-hardwarefree-007",
        ]
      + underlay = "enabled"
    }

  # netris_link.ew_gpu_links["swp2@sw-hardwarefree-plane3-leaf08--eth6@gpu-hardwarefree-008"] will be created
  + resource "netris_link" "ew_gpu_links" {
      + id       = (known after apply)
      + ports    = [
          + "swp2@sw-hardwarefree-plane3-leaf08",
          + "eth6@gpu-hardwarefree-008",
        ]
      + underlay = "enabled"
    }

  # netris_link.ew_gpu_links["swp2@sw-hardwarefree-plane4-leaf01--eth8@gpu-hardwarefree-001"] will be created
  + resource "netris_link" "ew_gpu_links" {
      + id       = (known after apply)
      + ports    = [
          + "swp2@sw-hardwarefree-plane4-leaf01",
          + "eth8@gpu-hardwarefree-001",
        ]
      + underlay = "enabled"
    }

  # netris_link.ew_gpu_links["swp2@sw-hardwarefree-plane4-leaf02--eth8@gpu-hardwarefree-002"] will be created
  + resource "netris_link" "ew_gpu_links" {
      + id       = (known after apply)
      + ports    = [
          + "swp2@sw-hardwarefree-plane4-leaf02",
          + "eth8@gpu-hardwarefree-002",
        ]
      + underlay = "enabled"
    }

  # netris_link.ew_gpu_links["swp2@sw-hardwarefree-plane4-leaf03--eth8@gpu-hardwarefree-003"] will be created
  + resource "netris_link" "ew_gpu_links" {
      + id       = (known after apply)
      + ports    = [
          + "swp2@sw-hardwarefree-plane4-leaf03",
          + "eth8@gpu-hardwarefree-003",
        ]
      + underlay = "enabled"
    }

  # netris_link.ew_gpu_links["swp2@sw-hardwarefree-plane4-leaf04--eth8@gpu-hardwarefree-004"] will be created
  + resource "netris_link" "ew_gpu_links" {
      + id       = (known after apply)
      + ports    = [
          + "swp2@sw-hardwarefree-plane4-leaf04",
          + "eth8@gpu-hardwarefree-004",
        ]
      + underlay = "enabled"
    }

  # netris_link.ew_gpu_links["swp2@sw-hardwarefree-plane4-leaf05--eth8@gpu-hardwarefree-005"] will be created
  + resource "netris_link" "ew_gpu_links" {
      + id       = (known after apply)
      + ports    = [
          + "swp2@sw-hardwarefree-plane4-leaf05",
          + "eth8@gpu-hardwarefree-005",
        ]
      + underlay = "enabled"
    }

  # netris_link.ew_gpu_links["swp2@sw-hardwarefree-plane4-leaf06--eth8@gpu-hardwarefree-006"] will be created
  + resource "netris_link" "ew_gpu_links" {
      + id       = (known after apply)
      + ports    = [
          + "swp2@sw-hardwarefree-plane4-leaf06",
          + "eth8@gpu-hardwarefree-006",
        ]
      + underlay = "enabled"
    }

  # netris_link.ew_gpu_links["swp2@sw-hardwarefree-plane4-leaf07--eth8@gpu-hardwarefree-007"] will be created
  + resource "netris_link" "ew_gpu_links" {
      + id       = (known after apply)
      + ports    = [
          + "swp2@sw-hardwarefree-plane4-leaf07",
          + "eth8@gpu-hardwarefree-007",
        ]
      + underlay = "enabled"
    }

  # netris_link.ew_gpu_links["swp2@sw-hardwarefree-plane4-leaf08--eth8@gpu-hardwarefree-008"] will be created
  + resource "netris_link" "ew_gpu_links" {
      + id       = (known after apply)
      + ports    = [
          + "swp2@sw-hardwarefree-plane4-leaf08",
          + "eth8@gpu-hardwarefree-008",
        ]
      + underlay = "enabled"
    }

  # netris_link.ew_gpu_links["swp3@sw-hardwarefree-plane1-leaf01--eth1@gpu-hardwarefree-009"] will be created
  + resource "netris_link" "ew_gpu_links" {
      + id       = (known after apply)
      + ports    = [
          + "swp3@sw-hardwarefree-plane1-leaf01",
          + "eth1@gpu-hardwarefree-009",
        ]
      + underlay = "enabled"
    }

  # netris_link.ew_gpu_links["swp3@sw-hardwarefree-plane1-leaf02--eth1@gpu-hardwarefree-010"] will be created
  + resource "netris_link" "ew_gpu_links" {
      + id       = (known after apply)
      + ports    = [
          + "swp3@sw-hardwarefree-plane1-leaf02",
          + "eth1@gpu-hardwarefree-010",
        ]
      + underlay = "enabled"
    }

  # netris_link.ew_gpu_links["swp3@sw-hardwarefree-plane1-leaf03--eth1@gpu-hardwarefree-011"] will be created
  + resource "netris_link" "ew_gpu_links" {
      + id       = (known after apply)
      + ports    = [
          + "swp3@sw-hardwarefree-plane1-leaf03",
          + "eth1@gpu-hardwarefree-011",
        ]
      + underlay = "enabled"
    }

  # netris_link.ew_gpu_links["swp3@sw-hardwarefree-plane1-leaf04--eth1@gpu-hardwarefree-012"] will be created
  + resource "netris_link" "ew_gpu_links" {
      + id       = (known after apply)
      + ports    = [
          + "swp3@sw-hardwarefree-plane1-leaf04",
          + "eth1@gpu-hardwarefree-012",
        ]
      + underlay = "enabled"
    }

  # netris_link.ew_gpu_links["swp3@sw-hardwarefree-plane1-leaf05--eth1@gpu-hardwarefree-013"] will be created
  + resource "netris_link" "ew_gpu_links" {
      + id       = (known after apply)
      + ports    = [
          + "swp3@sw-hardwarefree-plane1-leaf05",
          + "eth1@gpu-hardwarefree-013",
        ]
      + underlay = "enabled"
    }

  # netris_link.ew_gpu_links["swp3@sw-hardwarefree-plane1-leaf06--eth1@gpu-hardwarefree-014"] will be created
  + resource "netris_link" "ew_gpu_links" {
      + id       = (known after apply)
      + ports    = [
          + "swp3@sw-hardwarefree-plane1-leaf06",
          + "eth1@gpu-hardwarefree-014",
        ]
      + underlay = "enabled"
    }

  # netris_link.ew_gpu_links["swp3@sw-hardwarefree-plane1-leaf07--eth1@gpu-hardwarefree-015"] will be created
  + resource "netris_link" "ew_gpu_links" {
      + id       = (known after apply)
      + ports    = [
          + "swp3@sw-hardwarefree-plane1-leaf07",
          + "eth1@gpu-hardwarefree-015",
        ]
      + underlay = "enabled"
    }

  # netris_link.ew_gpu_links["swp3@sw-hardwarefree-plane1-leaf08--eth1@gpu-hardwarefree-016"] will be created
  + resource "netris_link" "ew_gpu_links" {
      + id       = (known after apply)
      + ports    = [
          + "swp3@sw-hardwarefree-plane1-leaf08",
          + "eth1@gpu-hardwarefree-016",
        ]
      + underlay = "enabled"
    }

  # netris_link.ew_gpu_links["swp3@sw-hardwarefree-plane2-leaf01--eth3@gpu-hardwarefree-009"] will be created
  + resource "netris_link" "ew_gpu_links" {
      + id       = (known after apply)
      + ports    = [
          + "swp3@sw-hardwarefree-plane2-leaf01",
          + "eth3@gpu-hardwarefree-009",
        ]
      + underlay = "enabled"
    }

  # netris_link.ew_gpu_links["swp3@sw-hardwarefree-plane2-leaf02--eth3@gpu-hardwarefree-010"] will be created
  + resource "netris_link" "ew_gpu_links" {
      + id       = (known after apply)
      + ports    = [
          + "swp3@sw-hardwarefree-plane2-leaf02",
          + "eth3@gpu-hardwarefree-010",
        ]
      + underlay = "enabled"
    }

  # netris_link.ew_gpu_links["swp3@sw-hardwarefree-plane2-leaf03--eth3@gpu-hardwarefree-011"] will be created
  + resource "netris_link" "ew_gpu_links" {
      + id       = (known after apply)
      + ports    = [
          + "swp3@sw-hardwarefree-plane2-leaf03",
          + "eth3@gpu-hardwarefree-011",
        ]
      + underlay = "enabled"
    }

  # netris_link.ew_gpu_links["swp3@sw-hardwarefree-plane2-leaf04--eth3@gpu-hardwarefree-012"] will be created
  + resource "netris_link" "ew_gpu_links" {
      + id       = (known after apply)
      + ports    = [
          + "swp3@sw-hardwarefree-plane2-leaf04",
          + "eth3@gpu-hardwarefree-012",
        ]
      + underlay = "enabled"
    }

  # netris_link.ew_gpu_links["swp3@sw-hardwarefree-plane2-leaf05--eth3@gpu-hardwarefree-013"] will be created
  + resource "netris_link" "ew_gpu_links" {
      + id       = (known after apply)
      + ports    = [
          + "swp3@sw-hardwarefree-plane2-leaf05",
          + "eth3@gpu-hardwarefree-013",
        ]
      + underlay = "enabled"
    }

  # netris_link.ew_gpu_links["swp3@sw-hardwarefree-plane2-leaf06--eth3@gpu-hardwarefree-014"] will be created
  + resource "netris_link" "ew_gpu_links" {
      + id       = (known after apply)
      + ports    = [
          + "swp3@sw-hardwarefree-plane2-leaf06",
          + "eth3@gpu-hardwarefree-014",
        ]
      + underlay = "enabled"
    }

  # netris_link.ew_gpu_links["swp3@sw-hardwarefree-plane2-leaf07--eth3@gpu-hardwarefree-015"] will be created
  + resource "netris_link" "ew_gpu_links" {
      + id       = (known after apply)
      + ports    = [
          + "swp3@sw-hardwarefree-plane2-leaf07",
          + "eth3@gpu-hardwarefree-015",
        ]
      + underlay = "enabled"
    }

  # netris_link.ew_gpu_links["swp3@sw-hardwarefree-plane2-leaf08--eth3@gpu-hardwarefree-016"] will be created
  + resource "netris_link" "ew_gpu_links" {
      + id       = (known after apply)
      + ports    = [
          + "swp3@sw-hardwarefree-plane2-leaf08",
          + "eth3@gpu-hardwarefree-016",
        ]
      + underlay = "enabled"
    }

  # netris_link.ew_gpu_links["swp3@sw-hardwarefree-plane3-leaf01--eth5@gpu-hardwarefree-009"] will be created
  + resource "netris_link" "ew_gpu_links" {
      + id       = (known after apply)
      + ports    = [
          + "swp3@sw-hardwarefree-plane3-leaf01",
          + "eth5@gpu-hardwarefree-009",
        ]
      + underlay = "enabled"
    }

  # netris_link.ew_gpu_links["swp3@sw-hardwarefree-plane3-leaf02--eth5@gpu-hardwarefree-010"] will be created
  + resource "netris_link" "ew_gpu_links" {
      + id       = (known after apply)
      + ports    = [
          + "swp3@sw-hardwarefree-plane3-leaf02",
          + "eth5@gpu-hardwarefree-010",
        ]
      + underlay = "enabled"
    }

  # netris_link.ew_gpu_links["swp3@sw-hardwarefree-plane3-leaf03--eth5@gpu-hardwarefree-011"] will be created
  + resource "netris_link" "ew_gpu_links" {
      + id       = (known after apply)
      + ports    = [
          + "swp3@sw-hardwarefree-plane3-leaf03",
          + "eth5@gpu-hardwarefree-011",
        ]
      + underlay = "enabled"
    }

  # netris_link.ew_gpu_links["swp3@sw-hardwarefree-plane3-leaf04--eth5@gpu-hardwarefree-012"] will be created
  + resource "netris_link" "ew_gpu_links" {
      + id       = (known after apply)
      + ports    = [
          + "swp3@sw-hardwarefree-plane3-leaf04",
          + "eth5@gpu-hardwarefree-012",
        ]
      + underlay = "enabled"
    }

  # netris_link.ew_gpu_links["swp3@sw-hardwarefree-plane3-leaf05--eth5@gpu-hardwarefree-013"] will be created
  + resource "netris_link" "ew_gpu_links" {
      + id       = (known after apply)
      + ports    = [
          + "swp3@sw-hardwarefree-plane3-leaf05",
          + "eth5@gpu-hardwarefree-013",
        ]
      + underlay = "enabled"
    }

  # netris_link.ew_gpu_links["swp3@sw-hardwarefree-plane3-leaf06--eth5@gpu-hardwarefree-014"] will be created
  + resource "netris_link" "ew_gpu_links" {
      + id       = (known after apply)
      + ports    = [
          + "swp3@sw-hardwarefree-plane3-leaf06",
          + "eth5@gpu-hardwarefree-014",
        ]
      + underlay = "enabled"
    }

  # netris_link.ew_gpu_links["swp3@sw-hardwarefree-plane3-leaf07--eth5@gpu-hardwarefree-015"] will be created
  + resource "netris_link" "ew_gpu_links" {
      + id       = (known after apply)
      + ports    = [
          + "swp3@sw-hardwarefree-plane3-leaf07",
          + "eth5@gpu-hardwarefree-015",
        ]
      + underlay = "enabled"
    }

  # netris_link.ew_gpu_links["swp3@sw-hardwarefree-plane3-leaf08--eth5@gpu-hardwarefree-016"] will be created
  + resource "netris_link" "ew_gpu_links" {
      + id       = (known after apply)
      + ports    = [
          + "swp3@sw-hardwarefree-plane3-leaf08",
          + "eth5@gpu-hardwarefree-016",
        ]
      + underlay = "enabled"
    }

  # netris_link.ew_gpu_links["swp3@sw-hardwarefree-plane4-leaf01--eth7@gpu-hardwarefree-009"] will be created
  + resource "netris_link" "ew_gpu_links" {
      + id       = (known after apply)
      + ports    = [
          + "swp3@sw-hardwarefree-plane4-leaf01",
          + "eth7@gpu-hardwarefree-009",
        ]
      + underlay = "enabled"
    }

  # netris_link.ew_gpu_links["swp3@sw-hardwarefree-plane4-leaf02--eth7@gpu-hardwarefree-010"] will be created
  + resource "netris_link" "ew_gpu_links" {
      + id       = (known after apply)
      + ports    = [
          + "swp3@sw-hardwarefree-plane4-leaf02",
          + "eth7@gpu-hardwarefree-010",
        ]
      + underlay = "enabled"
    }

  # netris_link.ew_gpu_links["swp3@sw-hardwarefree-plane4-leaf03--eth7@gpu-hardwarefree-011"] will be created
  + resource "netris_link" "ew_gpu_links" {
      + id       = (known after apply)
      + ports    = [
          + "swp3@sw-hardwarefree-plane4-leaf03",
          + "eth7@gpu-hardwarefree-011",
        ]
      + underlay = "enabled"
    }

  # netris_link.ew_gpu_links["swp3@sw-hardwarefree-plane4-leaf04--eth7@gpu-hardwarefree-012"] will be created
  + resource "netris_link" "ew_gpu_links" {
      + id       = (known after apply)
      + ports    = [
          + "swp3@sw-hardwarefree-plane4-leaf04",
          + "eth7@gpu-hardwarefree-012",
        ]
      + underlay = "enabled"
    }

  # netris_link.ew_gpu_links["swp3@sw-hardwarefree-plane4-leaf05--eth7@gpu-hardwarefree-013"] will be created
  + resource "netris_link" "ew_gpu_links" {
      + id       = (known after apply)
      + ports    = [
          + "swp3@sw-hardwarefree-plane4-leaf05",
          + "eth7@gpu-hardwarefree-013",
        ]
      + underlay = "enabled"
    }

  # netris_link.ew_gpu_links["swp3@sw-hardwarefree-plane4-leaf06--eth7@gpu-hardwarefree-014"] will be created
  + resource "netris_link" "ew_gpu_links" {
      + id       = (known after apply)
      + ports    = [
          + "swp3@sw-hardwarefree-plane4-leaf06",
          + "eth7@gpu-hardwarefree-014",
        ]
      + underlay = "enabled"
    }

  # netris_link.ew_gpu_links["swp3@sw-hardwarefree-plane4-leaf07--eth7@gpu-hardwarefree-015"] will be created
  + resource "netris_link" "ew_gpu_links" {
      + id       = (known after apply)
      + ports    = [
          + "swp3@sw-hardwarefree-plane4-leaf07",
          + "eth7@gpu-hardwarefree-015",
        ]
      + underlay = "enabled"
    }

  # netris_link.ew_gpu_links["swp3@sw-hardwarefree-plane4-leaf08--eth7@gpu-hardwarefree-016"] will be created
  + resource "netris_link" "ew_gpu_links" {
      + id       = (known after apply)
      + ports    = [
          + "swp3@sw-hardwarefree-plane4-leaf08",
          + "eth7@gpu-hardwarefree-016",
        ]
      + underlay = "enabled"
    }

  # netris_link.ew_gpu_links["swp4@sw-hardwarefree-plane1-leaf01--eth2@gpu-hardwarefree-009"] will be created
  + resource "netris_link" "ew_gpu_links" {
      + id       = (known after apply)
      + ports    = [
          + "swp4@sw-hardwarefree-plane1-leaf01",
          + "eth2@gpu-hardwarefree-009",
        ]
      + underlay = "enabled"
    }

  # netris_link.ew_gpu_links["swp4@sw-hardwarefree-plane1-leaf02--eth2@gpu-hardwarefree-010"] will be created
  + resource "netris_link" "ew_gpu_links" {
      + id       = (known after apply)
      + ports    = [
          + "swp4@sw-hardwarefree-plane1-leaf02",
          + "eth2@gpu-hardwarefree-010",
        ]
      + underlay = "enabled"
    }

  # netris_link.ew_gpu_links["swp4@sw-hardwarefree-plane1-leaf03--eth2@gpu-hardwarefree-011"] will be created
  + resource "netris_link" "ew_gpu_links" {
      + id       = (known after apply)
      + ports    = [
          + "swp4@sw-hardwarefree-plane1-leaf03",
          + "eth2@gpu-hardwarefree-011",
        ]
      + underlay = "enabled"
    }

  # netris_link.ew_gpu_links["swp4@sw-hardwarefree-plane1-leaf04--eth2@gpu-hardwarefree-012"] will be created
  + resource "netris_link" "ew_gpu_links" {
      + id       = (known after apply)
      + ports    = [
          + "swp4@sw-hardwarefree-plane1-leaf04",
          + "eth2@gpu-hardwarefree-012",
        ]
      + underlay = "enabled"
    }

  # netris_link.ew_gpu_links["swp4@sw-hardwarefree-plane1-leaf05--eth2@gpu-hardwarefree-013"] will be created
  + resource "netris_link" "ew_gpu_links" {
      + id       = (known after apply)
      + ports    = [
          + "swp4@sw-hardwarefree-plane1-leaf05",
          + "eth2@gpu-hardwarefree-013",
        ]
      + underlay = "enabled"
    }

  # netris_link.ew_gpu_links["swp4@sw-hardwarefree-plane1-leaf06--eth2@gpu-hardwarefree-014"] will be created
  + resource "netris_link" "ew_gpu_links" {
      + id       = (known after apply)
      + ports    = [
          + "swp4@sw-hardwarefree-plane1-leaf06",
          + "eth2@gpu-hardwarefree-014",
        ]
      + underlay = "enabled"
    }

  # netris_link.ew_gpu_links["swp4@sw-hardwarefree-plane1-leaf07--eth2@gpu-hardwarefree-015"] will be created
  + resource "netris_link" "ew_gpu_links" {
      + id       = (known after apply)
      + ports    = [
          + "swp4@sw-hardwarefree-plane1-leaf07",
          + "eth2@gpu-hardwarefree-015",
        ]
      + underlay = "enabled"
    }

  # netris_link.ew_gpu_links["swp4@sw-hardwarefree-plane1-leaf08--eth2@gpu-hardwarefree-016"] will be created
  + resource "netris_link" "ew_gpu_links" {
      + id       = (known after apply)
      + ports    = [
          + "swp4@sw-hardwarefree-plane1-leaf08",
          + "eth2@gpu-hardwarefree-016",
        ]
      + underlay = "enabled"
    }

  # netris_link.ew_gpu_links["swp4@sw-hardwarefree-plane2-leaf01--eth4@gpu-hardwarefree-009"] will be created
  + resource "netris_link" "ew_gpu_links" {
      + id       = (known after apply)
      + ports    = [
          + "swp4@sw-hardwarefree-plane2-leaf01",
          + "eth4@gpu-hardwarefree-009",
        ]
      + underlay = "enabled"
    }

  # netris_link.ew_gpu_links["swp4@sw-hardwarefree-plane2-leaf02--eth4@gpu-hardwarefree-010"] will be created
  + resource "netris_link" "ew_gpu_links" {
      + id       = (known after apply)
      + ports    = [
          + "swp4@sw-hardwarefree-plane2-leaf02",
          + "eth4@gpu-hardwarefree-010",
        ]
      + underlay = "enabled"
    }

  # netris_link.ew_gpu_links["swp4@sw-hardwarefree-plane2-leaf03--eth4@gpu-hardwarefree-011"] will be created
  + resource "netris_link" "ew_gpu_links" {
      + id       = (known after apply)
      + ports    = [
          + "swp4@sw-hardwarefree-plane2-leaf03",
          + "eth4@gpu-hardwarefree-011",
        ]
      + underlay = "enabled"
    }

  # netris_link.ew_gpu_links["swp4@sw-hardwarefree-plane2-leaf04--eth4@gpu-hardwarefree-012"] will be created
  + resource "netris_link" "ew_gpu_links" {
      + id       = (known after apply)
      + ports    = [
          + "swp4@sw-hardwarefree-plane2-leaf04",
          + "eth4@gpu-hardwarefree-012",
        ]
      + underlay = "enabled"
    }

  # netris_link.ew_gpu_links["swp4@sw-hardwarefree-plane2-leaf05--eth4@gpu-hardwarefree-013"] will be created
  + resource "netris_link" "ew_gpu_links" {
      + id       = (known after apply)
      + ports    = [
          + "swp4@sw-hardwarefree-plane2-leaf05",
          + "eth4@gpu-hardwarefree-013",
        ]
      + underlay = "enabled"
    }

  # netris_link.ew_gpu_links["swp4@sw-hardwarefree-plane2-leaf06--eth4@gpu-hardwarefree-014"] will be created
  + resource "netris_link" "ew_gpu_links" {
      + id       = (known after apply)
      + ports    = [
          + "swp4@sw-hardwarefree-plane2-leaf06",
          + "eth4@gpu-hardwarefree-014",
        ]
      + underlay = "enabled"
    }

  # netris_link.ew_gpu_links["swp4@sw-hardwarefree-plane2-leaf07--eth4@gpu-hardwarefree-015"] will be created
  + resource "netris_link" "ew_gpu_links" {
      + id       = (known after apply)
      + ports    = [
          + "swp4@sw-hardwarefree-plane2-leaf07",
          + "eth4@gpu-hardwarefree-015",
        ]
      + underlay = "enabled"
    }

  # netris_link.ew_gpu_links["swp4@sw-hardwarefree-plane2-leaf08--eth4@gpu-hardwarefree-016"] will be created
  + resource "netris_link" "ew_gpu_links" {
      + id       = (known after apply)
      + ports    = [
          + "swp4@sw-hardwarefree-plane2-leaf08",
          + "eth4@gpu-hardwarefree-016",
        ]
      + underlay = "enabled"
    }

  # netris_link.ew_gpu_links["swp4@sw-hardwarefree-plane3-leaf01--eth6@gpu-hardwarefree-009"] will be created
  + resource "netris_link" "ew_gpu_links" {
      + id       = (known after apply)
      + ports    = [
          + "swp4@sw-hardwarefree-plane3-leaf01",
          + "eth6@gpu-hardwarefree-009",
        ]
      + underlay = "enabled"
    }

  # netris_link.ew_gpu_links["swp4@sw-hardwarefree-plane3-leaf02--eth6@gpu-hardwarefree-010"] will be created
  + resource "netris_link" "ew_gpu_links" {
      + id       = (known after apply)
      + ports    = [
          + "swp4@sw-hardwarefree-plane3-leaf02",
          + "eth6@gpu-hardwarefree-010",
        ]
      + underlay = "enabled"
    }

  # netris_link.ew_gpu_links["swp4@sw-hardwarefree-plane3-leaf03--eth6@gpu-hardwarefree-011"] will be created
  + resource "netris_link" "ew_gpu_links" {
      + id       = (known after apply)
      + ports    = [
          + "swp4@sw-hardwarefree-plane3-leaf03",
          + "eth6@gpu-hardwarefree-011",
        ]
      + underlay = "enabled"
    }

  # netris_link.ew_gpu_links["swp4@sw-hardwarefree-plane3-leaf04--eth6@gpu-hardwarefree-012"] will be created
  + resource "netris_link" "ew_gpu_links" {
      + id       = (known after apply)
      + ports    = [
          + "swp4@sw-hardwarefree-plane3-leaf04",
          + "eth6@gpu-hardwarefree-012",
        ]
      + underlay = "enabled"
    }

  # netris_link.ew_gpu_links["swp4@sw-hardwarefree-plane3-leaf05--eth6@gpu-hardwarefree-013"] will be created
  + resource "netris_link" "ew_gpu_links" {
      + id       = (known after apply)
      + ports    = [
          + "swp4@sw-hardwarefree-plane3-leaf05",
          + "eth6@gpu-hardwarefree-013",
        ]
      + underlay = "enabled"
    }

  # netris_link.ew_gpu_links["swp4@sw-hardwarefree-plane3-leaf06--eth6@gpu-hardwarefree-014"] will be created
  + resource "netris_link" "ew_gpu_links" {
      + id       = (known after apply)
      + ports    = [
          + "swp4@sw-hardwarefree-plane3-leaf06",
          + "eth6@gpu-hardwarefree-014",
        ]
      + underlay = "enabled"
    }

  # netris_link.ew_gpu_links["swp4@sw-hardwarefree-plane3-leaf07--eth6@gpu-hardwarefree-015"] will be created
  + resource "netris_link" "ew_gpu_links" {
      + id       = (known after apply)
      + ports    = [
          + "swp4@sw-hardwarefree-plane3-leaf07",
          + "eth6@gpu-hardwarefree-015",
        ]
      + underlay = "enabled"
    }

  # netris_link.ew_gpu_links["swp4@sw-hardwarefree-plane3-leaf08--eth6@gpu-hardwarefree-016"] will be created
  + resource "netris_link" "ew_gpu_links" {
      + id       = (known after apply)
      + ports    = [
          + "swp4@sw-hardwarefree-plane3-leaf08",
          + "eth6@gpu-hardwarefree-016",
        ]
      + underlay = "enabled"
    }

  # netris_link.ew_gpu_links["swp4@sw-hardwarefree-plane4-leaf01--eth8@gpu-hardwarefree-009"] will be created
  + resource "netris_link" "ew_gpu_links" {
      + id       = (known after apply)
      + ports    = [
          + "swp4@sw-hardwarefree-plane4-leaf01",
          + "eth8@gpu-hardwarefree-009",
        ]
      + underlay = "enabled"
    }

  # netris_link.ew_gpu_links["swp4@sw-hardwarefree-plane4-leaf02--eth8@gpu-hardwarefree-010"] will be created
  + resource "netris_link" "ew_gpu_links" {
      + id       = (known after apply)
      + ports    = [
          + "swp4@sw-hardwarefree-plane4-leaf02",
          + "eth8@gpu-hardwarefree-010",
        ]
      + underlay = "enabled"
    }

  # netris_link.ew_gpu_links["swp4@sw-hardwarefree-plane4-leaf03--eth8@gpu-hardwarefree-011"] will be created
  + resource "netris_link" "ew_gpu_links" {
      + id       = (known after apply)
      + ports    = [
          + "swp4@sw-hardwarefree-plane4-leaf03",
          + "eth8@gpu-hardwarefree-011",
        ]
      + underlay = "enabled"
    }

  # netris_link.ew_gpu_links["swp4@sw-hardwarefree-plane4-leaf04--eth8@gpu-hardwarefree-012"] will be created
  + resource "netris_link" "ew_gpu_links" {
      + id       = (known after apply)
      + ports    = [
          + "swp4@sw-hardwarefree-plane4-leaf04",
          + "eth8@gpu-hardwarefree-012",
        ]
      + underlay = "enabled"
    }

  # netris_link.ew_gpu_links["swp4@sw-hardwarefree-plane4-leaf05--eth8@gpu-hardwarefree-013"] will be created
  + resource "netris_link" "ew_gpu_links" {
      + id       = (known after apply)
      + ports    = [
          + "swp4@sw-hardwarefree-plane4-leaf05",
          + "eth8@gpu-hardwarefree-013",
        ]
      + underlay = "enabled"
    }

  # netris_link.ew_gpu_links["swp4@sw-hardwarefree-plane4-leaf06--eth8@gpu-hardwarefree-014"] will be created
  + resource "netris_link" "ew_gpu_links" {
      + id       = (known after apply)
      + ports    = [
          + "swp4@sw-hardwarefree-plane4-leaf06",
          + "eth8@gpu-hardwarefree-014",
        ]
      + underlay = "enabled"
    }

  # netris_link.ew_gpu_links["swp4@sw-hardwarefree-plane4-leaf07--eth8@gpu-hardwarefree-015"] will be created
  + resource "netris_link" "ew_gpu_links" {
      + id       = (known after apply)
      + ports    = [
          + "swp4@sw-hardwarefree-plane4-leaf07",
          + "eth8@gpu-hardwarefree-015",
        ]
      + underlay = "enabled"
    }

  # netris_link.ew_gpu_links["swp4@sw-hardwarefree-plane4-leaf08--eth8@gpu-hardwarefree-016"] will be created
  + resource "netris_link" "ew_gpu_links" {
      + id       = (known after apply)
      + ports    = [
          + "swp4@sw-hardwarefree-plane4-leaf08",
          + "eth8@gpu-hardwarefree-016",
        ]
      + underlay = "enabled"
    }

  # netris_link.ew_gpu_links["swp5@sw-hardwarefree-plane1-leaf01--eth1@gpu-hardwarefree-017"] will be created
  + resource "netris_link" "ew_gpu_links" {
      + id       = (known after apply)
      + ports    = [
          + "swp5@sw-hardwarefree-plane1-leaf01",
          + "eth1@gpu-hardwarefree-017",
        ]
      + underlay = "enabled"
    }

  # netris_link.ew_gpu_links["swp5@sw-hardwarefree-plane1-leaf02--eth1@gpu-hardwarefree-018"] will be created
  + resource "netris_link" "ew_gpu_links" {
      + id       = (known after apply)
      + ports    = [
          + "swp5@sw-hardwarefree-plane1-leaf02",
          + "eth1@gpu-hardwarefree-018",
        ]
      + underlay = "enabled"
    }

  # netris_link.ew_gpu_links["swp5@sw-hardwarefree-plane1-leaf03--eth1@gpu-hardwarefree-019"] will be created
  + resource "netris_link" "ew_gpu_links" {
      + id       = (known after apply)
      + ports    = [
          + "swp5@sw-hardwarefree-plane1-leaf03",
          + "eth1@gpu-hardwarefree-019",
        ]
      + underlay = "enabled"
    }

  # netris_link.ew_gpu_links["swp5@sw-hardwarefree-plane1-leaf04--eth1@gpu-hardwarefree-020"] will be created
  + resource "netris_link" "ew_gpu_links" {
      + id       = (known after apply)
      + ports    = [
          + "swp5@sw-hardwarefree-plane1-leaf04",
          + "eth1@gpu-hardwarefree-020",
        ]
      + underlay = "enabled"
    }

  # netris_link.ew_gpu_links["swp5@sw-hardwarefree-plane1-leaf05--eth1@gpu-hardwarefree-021"] will be created
  + resource "netris_link" "ew_gpu_links" {
      + id       = (known after apply)
      + ports    = [
          + "swp5@sw-hardwarefree-plane1-leaf05",
          + "eth1@gpu-hardwarefree-021",
        ]
      + underlay = "enabled"
    }

  # netris_link.ew_gpu_links["swp5@sw-hardwarefree-plane1-leaf06--eth1@gpu-hardwarefree-022"] will be created
  + resource "netris_link" "ew_gpu_links" {
      + id       = (known after apply)
      + ports    = [
          + "swp5@sw-hardwarefree-plane1-leaf06",
          + "eth1@gpu-hardwarefree-022",
        ]
      + underlay = "enabled"
    }

  # netris_link.ew_gpu_links["swp5@sw-hardwarefree-plane1-leaf07--eth1@gpu-hardwarefree-023"] will be created
  + resource "netris_link" "ew_gpu_links" {
      + id       = (known after apply)
      + ports    = [
          + "swp5@sw-hardwarefree-plane1-leaf07",
          + "eth1@gpu-hardwarefree-023",
        ]
      + underlay = "enabled"
    }

  # netris_link.ew_gpu_links["swp5@sw-hardwarefree-plane1-leaf08--eth1@gpu-hardwarefree-024"] will be created
  + resource "netris_link" "ew_gpu_links" {
      + id       = (known after apply)
      + ports    = [
          + "swp5@sw-hardwarefree-plane1-leaf08",
          + "eth1@gpu-hardwarefree-024",
        ]
      + underlay = "enabled"
    }

  # netris_link.ew_gpu_links["swp5@sw-hardwarefree-plane2-leaf01--eth3@gpu-hardwarefree-017"] will be created
  + resource "netris_link" "ew_gpu_links" {
      + id       = (known after apply)
      + ports    = [
          + "swp5@sw-hardwarefree-plane2-leaf01",
          + "eth3@gpu-hardwarefree-017",
        ]
      + underlay = "enabled"
    }

  # netris_link.ew_gpu_links["swp5@sw-hardwarefree-plane2-leaf02--eth3@gpu-hardwarefree-018"] will be created
  + resource "netris_link" "ew_gpu_links" {
      + id       = (known after apply)
      + ports    = [
          + "swp5@sw-hardwarefree-plane2-leaf02",
          + "eth3@gpu-hardwarefree-018",
        ]
      + underlay = "enabled"
    }

  # netris_link.ew_gpu_links["swp5@sw-hardwarefree-plane2-leaf03--eth3@gpu-hardwarefree-019"] will be created
  + resource "netris_link" "ew_gpu_links" {
      + id       = (known after apply)
      + ports    = [
          + "swp5@sw-hardwarefree-plane2-leaf03",
          + "eth3@gpu-hardwarefree-019",
        ]
      + underlay = "enabled"
    }

  # netris_link.ew_gpu_links["swp5@sw-hardwarefree-plane2-leaf04--eth3@gpu-hardwarefree-020"] will be created
  + resource "netris_link" "ew_gpu_links" {
      + id       = (known after apply)
      + ports    = [
          + "swp5@sw-hardwarefree-plane2-leaf04",
          + "eth3@gpu-hardwarefree-020",
        ]
      + underlay = "enabled"
    }

  # netris_link.ew_gpu_links["swp5@sw-hardwarefree-plane2-leaf05--eth3@gpu-hardwarefree-021"] will be created
  + resource "netris_link" "ew_gpu_links" {
      + id       = (known after apply)
      + ports    = [
          + "swp5@sw-hardwarefree-plane2-leaf05",
          + "eth3@gpu-hardwarefree-021",
        ]
      + underlay = "enabled"
    }

  # netris_link.ew_gpu_links["swp5@sw-hardwarefree-plane2-leaf06--eth3@gpu-hardwarefree-022"] will be created
  + resource "netris_link" "ew_gpu_links" {
      + id       = (known after apply)
      + ports    = [
          + "swp5@sw-hardwarefree-plane2-leaf06",
          + "eth3@gpu-hardwarefree-022",
        ]
      + underlay = "enabled"
    }

  # netris_link.ew_gpu_links["swp5@sw-hardwarefree-plane2-leaf07--eth3@gpu-hardwarefree-023"] will be created
  + resource "netris_link" "ew_gpu_links" {
      + id       = (known after apply)
      + ports    = [
          + "swp5@sw-hardwarefree-plane2-leaf07",
          + "eth3@gpu-hardwarefree-023",
        ]
      + underlay = "enabled"
    }

  # netris_link.ew_gpu_links["swp5@sw-hardwarefree-plane2-leaf08--eth3@gpu-hardwarefree-024"] will be created
  + resource "netris_link" "ew_gpu_links" {
      + id       = (known after apply)
      + ports    = [
          + "swp5@sw-hardwarefree-plane2-leaf08",
          + "eth3@gpu-hardwarefree-024",
        ]
      + underlay = "enabled"
    }

  # netris_link.ew_gpu_links["swp5@sw-hardwarefree-plane3-leaf01--eth5@gpu-hardwarefree-017"] will be created
  + resource "netris_link" "ew_gpu_links" {
      + id       = (known after apply)
      + ports    = [
          + "swp5@sw-hardwarefree-plane3-leaf01",
          + "eth5@gpu-hardwarefree-017",
        ]
      + underlay = "enabled"
    }

  # netris_link.ew_gpu_links["swp5@sw-hardwarefree-plane3-leaf02--eth5@gpu-hardwarefree-018"] will be created
  + resource "netris_link" "ew_gpu_links" {
      + id       = (known after apply)
      + ports    = [
          + "swp5@sw-hardwarefree-plane3-leaf02",
          + "eth5@gpu-hardwarefree-018",
        ]
      + underlay = "enabled"
    }

  # netris_link.ew_gpu_links["swp5@sw-hardwarefree-plane3-leaf03--eth5@gpu-hardwarefree-019"] will be created
  + resource "netris_link" "ew_gpu_links" {
      + id       = (known after apply)
      + ports    = [
          + "swp5@sw-hardwarefree-plane3-leaf03",
          + "eth5@gpu-hardwarefree-019",
        ]
      + underlay = "enabled"
    }

  # netris_link.ew_gpu_links["swp5@sw-hardwarefree-plane3-leaf04--eth5@gpu-hardwarefree-020"] will be created
  + resource "netris_link" "ew_gpu_links" {
      + id       = (known after apply)
      + ports    = [
          + "swp5@sw-hardwarefree-plane3-leaf04",
          + "eth5@gpu-hardwarefree-020",
        ]
      + underlay = "enabled"
    }

  # netris_link.ew_gpu_links["swp5@sw-hardwarefree-plane3-leaf05--eth5@gpu-hardwarefree-021"] will be created
  + resource "netris_link" "ew_gpu_links" {
      + id       = (known after apply)
      + ports    = [
          + "swp5@sw-hardwarefree-plane3-leaf05",
          + "eth5@gpu-hardwarefree-021",
        ]
      + underlay = "enabled"
    }

  # netris_link.ew_gpu_links["swp5@sw-hardwarefree-plane3-leaf06--eth5@gpu-hardwarefree-022"] will be created
  + resource "netris_link" "ew_gpu_links" {
      + id       = (known after apply)
      + ports    = [
          + "swp5@sw-hardwarefree-plane3-leaf06",
          + "eth5@gpu-hardwarefree-022",
        ]
      + underlay = "enabled"
    }

  # netris_link.ew_gpu_links["swp5@sw-hardwarefree-plane3-leaf07--eth5@gpu-hardwarefree-023"] will be created
  + resource "netris_link" "ew_gpu_links" {
      + id       = (known after apply)
      + ports    = [
          + "swp5@sw-hardwarefree-plane3-leaf07",
          + "eth5@gpu-hardwarefree-023",
        ]
      + underlay = "enabled"
    }

  # netris_link.ew_gpu_links["swp5@sw-hardwarefree-plane3-leaf08--eth5@gpu-hardwarefree-024"] will be created
  + resource "netris_link" "ew_gpu_links" {
      + id       = (known after apply)
      + ports    = [
          + "swp5@sw-hardwarefree-plane3-leaf08",
          + "eth5@gpu-hardwarefree-024",
        ]
      + underlay = "enabled"
    }

  # netris_link.ew_gpu_links["swp5@sw-hardwarefree-plane4-leaf01--eth7@gpu-hardwarefree-017"] will be created
  + resource "netris_link" "ew_gpu_links" {
      + id       = (known after apply)
      + ports    = [
          + "swp5@sw-hardwarefree-plane4-leaf01",
          + "eth7@gpu-hardwarefree-017",
        ]
      + underlay = "enabled"
    }

  # netris_link.ew_gpu_links["swp5@sw-hardwarefree-plane4-leaf02--eth7@gpu-hardwarefree-018"] will be created
  + resource "netris_link" "ew_gpu_links" {
      + id       = (known after apply)
      + ports    = [
          + "swp5@sw-hardwarefree-plane4-leaf02",
          + "eth7@gpu-hardwarefree-018",
        ]
      + underlay = "enabled"
    }

  # netris_link.ew_gpu_links["swp5@sw-hardwarefree-plane4-leaf03--eth7@gpu-hardwarefree-019"] will be created
  + resource "netris_link" "ew_gpu_links" {
      + id       = (known after apply)
      + ports    = [
          + "swp5@sw-hardwarefree-plane4-leaf03",
          + "eth7@gpu-hardwarefree-019",
        ]
      + underlay = "enabled"
    }

  # netris_link.ew_gpu_links["swp5@sw-hardwarefree-plane4-leaf04--eth7@gpu-hardwarefree-020"] will be created
  + resource "netris_link" "ew_gpu_links" {
      + id       = (known after apply)
      + ports    = [
          + "swp5@sw-hardwarefree-plane4-leaf04",
          + "eth7@gpu-hardwarefree-020",
        ]
      + underlay = "enabled"
    }

  # netris_link.ew_gpu_links["swp5@sw-hardwarefree-plane4-leaf05--eth7@gpu-hardwarefree-021"] will be created
  + resource "netris_link" "ew_gpu_links" {
      + id       = (known after apply)
      + ports    = [
          + "swp5@sw-hardwarefree-plane4-leaf05",
          + "eth7@gpu-hardwarefree-021",
        ]
      + underlay = "enabled"
    }

  # netris_link.ew_gpu_links["swp5@sw-hardwarefree-plane4-leaf06--eth7@gpu-hardwarefree-022"] will be created
  + resource "netris_link" "ew_gpu_links" {
      + id       = (known after apply)
      + ports    = [
          + "swp5@sw-hardwarefree-plane4-leaf06",
          + "eth7@gpu-hardwarefree-022",
        ]
      + underlay = "enabled"
    }

  # netris_link.ew_gpu_links["swp5@sw-hardwarefree-plane4-leaf07--eth7@gpu-hardwarefree-023"] will be created
  + resource "netris_link" "ew_gpu_links" {
      + id       = (known after apply)
      + ports    = [
          + "swp5@sw-hardwarefree-plane4-leaf07",
          + "eth7@gpu-hardwarefree-023",
        ]
      + underlay = "enabled"
    }

  # netris_link.ew_gpu_links["swp5@sw-hardwarefree-plane4-leaf08--eth7@gpu-hardwarefree-024"] will be created
  + resource "netris_link" "ew_gpu_links" {
      + id       = (known after apply)
      + ports    = [
          + "swp5@sw-hardwarefree-plane4-leaf08",
          + "eth7@gpu-hardwarefree-024",
        ]
      + underlay = "enabled"
    }

  # netris_link.ew_gpu_links["swp6@sw-hardwarefree-plane1-leaf01--eth2@gpu-hardwarefree-017"] will be created
  + resource "netris_link" "ew_gpu_links" {
      + id       = (known after apply)
      + ports    = [
          + "swp6@sw-hardwarefree-plane1-leaf01",
          + "eth2@gpu-hardwarefree-017",
        ]
      + underlay = "enabled"
    }

  # netris_link.ew_gpu_links["swp6@sw-hardwarefree-plane1-leaf02--eth2@gpu-hardwarefree-018"] will be created
  + resource "netris_link" "ew_gpu_links" {
      + id       = (known after apply)
      + ports    = [
          + "swp6@sw-hardwarefree-plane1-leaf02",
          + "eth2@gpu-hardwarefree-018",
        ]
      + underlay = "enabled"
    }

  # netris_link.ew_gpu_links["swp6@sw-hardwarefree-plane1-leaf03--eth2@gpu-hardwarefree-019"] will be created
  + resource "netris_link" "ew_gpu_links" {
      + id       = (known after apply)
      + ports    = [
          + "swp6@sw-hardwarefree-plane1-leaf03",
          + "eth2@gpu-hardwarefree-019",
        ]
      + underlay = "enabled"
    }

  # netris_link.ew_gpu_links["swp6@sw-hardwarefree-plane1-leaf04--eth2@gpu-hardwarefree-020"] will be created
  + resource "netris_link" "ew_gpu_links" {
      + id       = (known after apply)
      + ports    = [
          + "swp6@sw-hardwarefree-plane1-leaf04",
          + "eth2@gpu-hardwarefree-020",
        ]
      + underlay = "enabled"
    }

  # netris_link.ew_gpu_links["swp6@sw-hardwarefree-plane1-leaf05--eth2@gpu-hardwarefree-021"] will be created
  + resource "netris_link" "ew_gpu_links" {
      + id       = (known after apply)
      + ports    = [
          + "swp6@sw-hardwarefree-plane1-leaf05",
          + "eth2@gpu-hardwarefree-021",
        ]
      + underlay = "enabled"
    }

  # netris_link.ew_gpu_links["swp6@sw-hardwarefree-plane1-leaf06--eth2@gpu-hardwarefree-022"] will be created
  + resource "netris_link" "ew_gpu_links" {
      + id       = (known after apply)
      + ports    = [
          + "swp6@sw-hardwarefree-plane1-leaf06",
          + "eth2@gpu-hardwarefree-022",
        ]
      + underlay = "enabled"
    }

  # netris_link.ew_gpu_links["swp6@sw-hardwarefree-plane1-leaf07--eth2@gpu-hardwarefree-023"] will be created
  + resource "netris_link" "ew_gpu_links" {
      + id       = (known after apply)
      + ports    = [
          + "swp6@sw-hardwarefree-plane1-leaf07",
          + "eth2@gpu-hardwarefree-023",
        ]
      + underlay = "enabled"
    }

  # netris_link.ew_gpu_links["swp6@sw-hardwarefree-plane1-leaf08--eth2@gpu-hardwarefree-024"] will be created
  + resource "netris_link" "ew_gpu_links" {
      + id       = (known after apply)
      + ports    = [
          + "swp6@sw-hardwarefree-plane1-leaf08",
          + "eth2@gpu-hardwarefree-024",
        ]
      + underlay = "enabled"
    }

  # netris_link.ew_gpu_links["swp6@sw-hardwarefree-plane2-leaf01--eth4@gpu-hardwarefree-017"] will be created
  + resource "netris_link" "ew_gpu_links" {
      + id       = (known after apply)
      + ports    = [
          + "swp6@sw-hardwarefree-plane2-leaf01",
          + "eth4@gpu-hardwarefree-017",
        ]
      + underlay = "enabled"
    }

  # netris_link.ew_gpu_links["swp6@sw-hardwarefree-plane2-leaf02--eth4@gpu-hardwarefree-018"] will be created
  + resource "netris_link" "ew_gpu_links" {
      + id       = (known after apply)
      + ports    = [
          + "swp6@sw-hardwarefree-plane2-leaf02",
          + "eth4@gpu-hardwarefree-018",
        ]
      + underlay = "enabled"
    }

  # netris_link.ew_gpu_links["swp6@sw-hardwarefree-plane2-leaf03--eth4@gpu-hardwarefree-019"] will be created
  + resource "netris_link" "ew_gpu_links" {
      + id       = (known after apply)
      + ports    = [
          + "swp6@sw-hardwarefree-plane2-leaf03",
          + "eth4@gpu-hardwarefree-019",
        ]
      + underlay = "enabled"
    }

  # netris_link.ew_gpu_links["swp6@sw-hardwarefree-plane2-leaf04--eth4@gpu-hardwarefree-020"] will be created
  + resource "netris_link" "ew_gpu_links" {
      + id       = (known after apply)
      + ports    = [
          + "swp6@sw-hardwarefree-plane2-leaf04",
          + "eth4@gpu-hardwarefree-020",
        ]
      + underlay = "enabled"
    }

  # netris_link.ew_gpu_links["swp6@sw-hardwarefree-plane2-leaf05--eth4@gpu-hardwarefree-021"] will be created
  + resource "netris_link" "ew_gpu_links" {
      + id       = (known after apply)
      + ports    = [
          + "swp6@sw-hardwarefree-plane2-leaf05",
          + "eth4@gpu-hardwarefree-021",
        ]
      + underlay = "enabled"
    }

  # netris_link.ew_gpu_links["swp6@sw-hardwarefree-plane2-leaf06--eth4@gpu-hardwarefree-022"] will be created
  + resource "netris_link" "ew_gpu_links" {
      + id       = (known after apply)
      + ports    = [
          + "swp6@sw-hardwarefree-plane2-leaf06",
          + "eth4@gpu-hardwarefree-022",
        ]
      + underlay = "enabled"
    }

  # netris_link.ew_gpu_links["swp6@sw-hardwarefree-plane2-leaf07--eth4@gpu-hardwarefree-023"] will be created
  + resource "netris_link" "ew_gpu_links" {
      + id       = (known after apply)
      + ports    = [
          + "swp6@sw-hardwarefree-plane2-leaf07",
          + "eth4@gpu-hardwarefree-023",
        ]
      + underlay = "enabled"
    }

  # netris_link.ew_gpu_links["swp6@sw-hardwarefree-plane2-leaf08--eth4@gpu-hardwarefree-024"] will be created
  + resource "netris_link" "ew_gpu_links" {
      + id       = (known after apply)
      + ports    = [
          + "swp6@sw-hardwarefree-plane2-leaf08",
          + "eth4@gpu-hardwarefree-024",
        ]
      + underlay = "enabled"
    }

  # netris_link.ew_gpu_links["swp6@sw-hardwarefree-plane3-leaf01--eth6@gpu-hardwarefree-017"] will be created
  + resource "netris_link" "ew_gpu_links" {
      + id       = (known after apply)
      + ports    = [
          + "swp6@sw-hardwarefree-plane3-leaf01",
          + "eth6@gpu-hardwarefree-017",
        ]
      + underlay = "enabled"
    }

  # netris_link.ew_gpu_links["swp6@sw-hardwarefree-plane3-leaf02--eth6@gpu-hardwarefree-018"] will be created
  + resource "netris_link" "ew_gpu_links" {
      + id       = (known after apply)
      + ports    = [
          + "swp6@sw-hardwarefree-plane3-leaf02",
          + "eth6@gpu-hardwarefree-018",
        ]
      + underlay = "enabled"
    }

  # netris_link.ew_gpu_links["swp6@sw-hardwarefree-plane3-leaf03--eth6@gpu-hardwarefree-019"] will be created
  + resource "netris_link" "ew_gpu_links" {
      + id       = (known after apply)
      + ports    = [
          + "swp6@sw-hardwarefree-plane3-leaf03",
          + "eth6@gpu-hardwarefree-019",
        ]
      + underlay = "enabled"
    }

  # netris_link.ew_gpu_links["swp6@sw-hardwarefree-plane3-leaf04--eth6@gpu-hardwarefree-020"] will be created
  + resource "netris_link" "ew_gpu_links" {
      + id       = (known after apply)
      + ports    = [
          + "swp6@sw-hardwarefree-plane3-leaf04",
          + "eth6@gpu-hardwarefree-020",
        ]
      + underlay = "enabled"
    }

  # netris_link.ew_gpu_links["swp6@sw-hardwarefree-plane3-leaf05--eth6@gpu-hardwarefree-021"] will be created
  + resource "netris_link" "ew_gpu_links" {
      + id       = (known after apply)
      + ports    = [
          + "swp6@sw-hardwarefree-plane3-leaf05",
          + "eth6@gpu-hardwarefree-021",
        ]
      + underlay = "enabled"
    }

  # netris_link.ew_gpu_links["swp6@sw-hardwarefree-plane3-leaf06--eth6@gpu-hardwarefree-022"] will be created
  + resource "netris_link" "ew_gpu_links" {
      + id       = (known after apply)
      + ports    = [
          + "swp6@sw-hardwarefree-plane3-leaf06",
          + "eth6@gpu-hardwarefree-022",
        ]
      + underlay = "enabled"
    }

  # netris_link.ew_gpu_links["swp6@sw-hardwarefree-plane3-leaf07--eth6@gpu-hardwarefree-023"] will be created
  + resource "netris_link" "ew_gpu_links" {
      + id       = (known after apply)
      + ports    = [
          + "swp6@sw-hardwarefree-plane3-leaf07",
          + "eth6@gpu-hardwarefree-023",
        ]
      + underlay = "enabled"
    }

  # netris_link.ew_gpu_links["swp6@sw-hardwarefree-plane3-leaf08--eth6@gpu-hardwarefree-024"] will be created
  + resource "netris_link" "ew_gpu_links" {
      + id       = (known after apply)
      + ports    = [
          + "swp6@sw-hardwarefree-plane3-leaf08",
          + "eth6@gpu-hardwarefree-024",
        ]
      + underlay = "enabled"
    }

  # netris_link.ew_gpu_links["swp6@sw-hardwarefree-plane4-leaf01--eth8@gpu-hardwarefree-017"] will be created
  + resource "netris_link" "ew_gpu_links" {
      + id       = (known after apply)
      + ports    = [
          + "swp6@sw-hardwarefree-plane4-leaf01",
          + "eth8@gpu-hardwarefree-017",
        ]
      + underlay = "enabled"
    }

  # netris_link.ew_gpu_links["swp6@sw-hardwarefree-plane4-leaf02--eth8@gpu-hardwarefree-018"] will be created
  + resource "netris_link" "ew_gpu_links" {
      + id       = (known after apply)
      + ports    = [
          + "swp6@sw-hardwarefree-plane4-leaf02",
          + "eth8@gpu-hardwarefree-018",
        ]
      + underlay = "enabled"
    }

  # netris_link.ew_gpu_links["swp6@sw-hardwarefree-plane4-leaf03--eth8@gpu-hardwarefree-019"] will be created
  + resource "netris_link" "ew_gpu_links" {
      + id       = (known after apply)
      + ports    = [
          + "swp6@sw-hardwarefree-plane4-leaf03",
          + "eth8@gpu-hardwarefree-019",
        ]
      + underlay = "enabled"
    }

  # netris_link.ew_gpu_links["swp6@sw-hardwarefree-plane4-leaf04--eth8@gpu-hardwarefree-020"] will be created
  + resource "netris_link" "ew_gpu_links" {
      + id       = (known after apply)
      + ports    = [
          + "swp6@sw-hardwarefree-plane4-leaf04",
          + "eth8@gpu-hardwarefree-020",
        ]
      + underlay = "enabled"
    }

  # netris_link.ew_gpu_links["swp6@sw-hardwarefree-plane4-leaf05--eth8@gpu-hardwarefree-021"] will be created
  + resource "netris_link" "ew_gpu_links" {
      + id       = (known after apply)
      + ports    = [
          + "swp6@sw-hardwarefree-plane4-leaf05",
          + "eth8@gpu-hardwarefree-021",
        ]
      + underlay = "enabled"
    }

  # netris_link.ew_gpu_links["swp6@sw-hardwarefree-plane4-leaf06--eth8@gpu-hardwarefree-022"] will be created
  + resource "netris_link" "ew_gpu_links" {
      + id       = (known after apply)
      + ports    = [
          + "swp6@sw-hardwarefree-plane4-leaf06",
          + "eth8@gpu-hardwarefree-022",
        ]
      + underlay = "enabled"
    }

  # netris_link.ew_gpu_links["swp6@sw-hardwarefree-plane4-leaf07--eth8@gpu-hardwarefree-023"] will be created
  + resource "netris_link" "ew_gpu_links" {
      + id       = (known after apply)
      + ports    = [
          + "swp6@sw-hardwarefree-plane4-leaf07",
          + "eth8@gpu-hardwarefree-023",
        ]
      + underlay = "enabled"
    }

  # netris_link.ew_gpu_links["swp6@sw-hardwarefree-plane4-leaf08--eth8@gpu-hardwarefree-024"] will be created
  + resource "netris_link" "ew_gpu_links" {
      + id       = (known after apply)
      + ports    = [
          + "swp6@sw-hardwarefree-plane4-leaf08",
          + "eth8@gpu-hardwarefree-024",
        ]
      + underlay = "enabled"
    }

  # netris_link.ew_gpu_links["swp7@sw-hardwarefree-plane1-leaf01--eth1@gpu-hardwarefree-025"] will be created
  + resource "netris_link" "ew_gpu_links" {
      + id       = (known after apply)
      + ports    = [
          + "swp7@sw-hardwarefree-plane1-leaf01",
          + "eth1@gpu-hardwarefree-025",
        ]
      + underlay = "enabled"
    }

  # netris_link.ew_gpu_links["swp7@sw-hardwarefree-plane1-leaf02--eth1@gpu-hardwarefree-026"] will be created
  + resource "netris_link" "ew_gpu_links" {
      + id       = (known after apply)
      + ports    = [
          + "swp7@sw-hardwarefree-plane1-leaf02",
          + "eth1@gpu-hardwarefree-026",
        ]
      + underlay = "enabled"
    }

  # netris_link.ew_gpu_links["swp7@sw-hardwarefree-plane1-leaf03--eth1@gpu-hardwarefree-027"] will be created
  + resource "netris_link" "ew_gpu_links" {
      + id       = (known after apply)
      + ports    = [
          + "swp7@sw-hardwarefree-plane1-leaf03",
          + "eth1@gpu-hardwarefree-027",
        ]
      + underlay = "enabled"
    }

  # netris_link.ew_gpu_links["swp7@sw-hardwarefree-plane1-leaf04--eth1@gpu-hardwarefree-028"] will be created
  + resource "netris_link" "ew_gpu_links" {
      + id       = (known after apply)
      + ports    = [
          + "swp7@sw-hardwarefree-plane1-leaf04",
          + "eth1@gpu-hardwarefree-028",
        ]
      + underlay = "enabled"
    }

  # netris_link.ew_gpu_links["swp7@sw-hardwarefree-plane1-leaf05--eth1@gpu-hardwarefree-029"] will be created
  + resource "netris_link" "ew_gpu_links" {
      + id       = (known after apply)
      + ports    = [
          + "swp7@sw-hardwarefree-plane1-leaf05",
          + "eth1@gpu-hardwarefree-029",
        ]
      + underlay = "enabled"
    }

  # netris_link.ew_gpu_links["swp7@sw-hardwarefree-plane1-leaf06--eth1@gpu-hardwarefree-030"] will be created
  + resource "netris_link" "ew_gpu_links" {
      + id       = (known after apply)
      + ports    = [
          + "swp7@sw-hardwarefree-plane1-leaf06",
          + "eth1@gpu-hardwarefree-030",
        ]
      + underlay = "enabled"
    }

  # netris_link.ew_gpu_links["swp7@sw-hardwarefree-plane1-leaf07--eth1@gpu-hardwarefree-031"] will be created
  + resource "netris_link" "ew_gpu_links" {
      + id       = (known after apply)
      + ports    = [
          + "swp7@sw-hardwarefree-plane1-leaf07",
          + "eth1@gpu-hardwarefree-031",
        ]
      + underlay = "enabled"
    }

  # netris_link.ew_gpu_links["swp7@sw-hardwarefree-plane1-leaf08--eth1@gpu-hardwarefree-032"] will be created
  + resource "netris_link" "ew_gpu_links" {
      + id       = (known after apply)
      + ports    = [
          + "swp7@sw-hardwarefree-plane1-leaf08",
          + "eth1@gpu-hardwarefree-032",
        ]
      + underlay = "enabled"
    }

  # netris_link.ew_gpu_links["swp7@sw-hardwarefree-plane2-leaf01--eth3@gpu-hardwarefree-025"] will be created
  + resource "netris_link" "ew_gpu_links" {
      + id       = (known after apply)
      + ports    = [
          + "swp7@sw-hardwarefree-plane2-leaf01",
          + "eth3@gpu-hardwarefree-025",
        ]
      + underlay = "enabled"
    }

  # netris_link.ew_gpu_links["swp7@sw-hardwarefree-plane2-leaf02--eth3@gpu-hardwarefree-026"] will be created
  + resource "netris_link" "ew_gpu_links" {
      + id       = (known after apply)
      + ports    = [
          + "swp7@sw-hardwarefree-plane2-leaf02",
          + "eth3@gpu-hardwarefree-026",
        ]
      + underlay = "enabled"
    }

  # netris_link.ew_gpu_links["swp7@sw-hardwarefree-plane2-leaf03--eth3@gpu-hardwarefree-027"] will be created
  + resource "netris_link" "ew_gpu_links" {
      + id       = (known after apply)
      + ports    = [
          + "swp7@sw-hardwarefree-plane2-leaf03",
          + "eth3@gpu-hardwarefree-027",
        ]
      + underlay = "enabled"
    }

  # netris_link.ew_gpu_links["swp7@sw-hardwarefree-plane2-leaf04--eth3@gpu-hardwarefree-028"] will be created
  + resource "netris_link" "ew_gpu_links" {
      + id       = (known after apply)
      + ports    = [
          + "swp7@sw-hardwarefree-plane2-leaf04",
          + "eth3@gpu-hardwarefree-028",
        ]
      + underlay = "enabled"
    }

  # netris_link.ew_gpu_links["swp7@sw-hardwarefree-plane2-leaf05--eth3@gpu-hardwarefree-029"] will be created
  + resource "netris_link" "ew_gpu_links" {
      + id       = (known after apply)
      + ports    = [
          + "swp7@sw-hardwarefree-plane2-leaf05",
          + "eth3@gpu-hardwarefree-029",
        ]
      + underlay = "enabled"
    }

  # netris_link.ew_gpu_links["swp7@sw-hardwarefree-plane2-leaf06--eth3@gpu-hardwarefree-030"] will be created
  + resource "netris_link" "ew_gpu_links" {
      + id       = (known after apply)
      + ports    = [
          + "swp7@sw-hardwarefree-plane2-leaf06",
          + "eth3@gpu-hardwarefree-030",
        ]
      + underlay = "enabled"
    }

  # netris_link.ew_gpu_links["swp7@sw-hardwarefree-plane2-leaf07--eth3@gpu-hardwarefree-031"] will be created
  + resource "netris_link" "ew_gpu_links" {
      + id       = (known after apply)
      + ports    = [
          + "swp7@sw-hardwarefree-plane2-leaf07",
          + "eth3@gpu-hardwarefree-031",
        ]
      + underlay = "enabled"
    }

  # netris_link.ew_gpu_links["swp7@sw-hardwarefree-plane2-leaf08--eth3@gpu-hardwarefree-032"] will be created
  + resource "netris_link" "ew_gpu_links" {
      + id       = (known after apply)
      + ports    = [
          + "swp7@sw-hardwarefree-plane2-leaf08",
          + "eth3@gpu-hardwarefree-032",
        ]
      + underlay = "enabled"
    }

  # netris_link.ew_gpu_links["swp7@sw-hardwarefree-plane3-leaf01--eth5@gpu-hardwarefree-025"] will be created
  + resource "netris_link" "ew_gpu_links" {
      + id       = (known after apply)
      + ports    = [
          + "swp7@sw-hardwarefree-plane3-leaf01",
          + "eth5@gpu-hardwarefree-025",
        ]
      + underlay = "enabled"
    }

  # netris_link.ew_gpu_links["swp7@sw-hardwarefree-plane3-leaf02--eth5@gpu-hardwarefree-026"] will be created
  + resource "netris_link" "ew_gpu_links" {
      + id       = (known after apply)
      + ports    = [
          + "swp7@sw-hardwarefree-plane3-leaf02",
          + "eth5@gpu-hardwarefree-026",
        ]
      + underlay = "enabled"
    }

  # netris_link.ew_gpu_links["swp7@sw-hardwarefree-plane3-leaf03--eth5@gpu-hardwarefree-027"] will be created
  + resource "netris_link" "ew_gpu_links" {
      + id       = (known after apply)
      + ports    = [
          + "swp7@sw-hardwarefree-plane3-leaf03",
          + "eth5@gpu-hardwarefree-027",
        ]
      + underlay = "enabled"
    }

  # netris_link.ew_gpu_links["swp7@sw-hardwarefree-plane3-leaf04--eth5@gpu-hardwarefree-028"] will be created
  + resource "netris_link" "ew_gpu_links" {
      + id       = (known after apply)
      + ports    = [
          + "swp7@sw-hardwarefree-plane3-leaf04",
          + "eth5@gpu-hardwarefree-028",
        ]
      + underlay = "enabled"
    }

  # netris_link.ew_gpu_links["swp7@sw-hardwarefree-plane3-leaf05--eth5@gpu-hardwarefree-029"] will be created
  + resource "netris_link" "ew_gpu_links" {
      + id       = (known after apply)
      + ports    = [
          + "swp7@sw-hardwarefree-plane3-leaf05",
          + "eth5@gpu-hardwarefree-029",
        ]
      + underlay = "enabled"
    }

  # netris_link.ew_gpu_links["swp7@sw-hardwarefree-plane3-leaf06--eth5@gpu-hardwarefree-030"] will be created
  + resource "netris_link" "ew_gpu_links" {
      + id       = (known after apply)
      + ports    = [
          + "swp7@sw-hardwarefree-plane3-leaf06",
          + "eth5@gpu-hardwarefree-030",
        ]
      + underlay = "enabled"
    }

  # netris_link.ew_gpu_links["swp7@sw-hardwarefree-plane3-leaf07--eth5@gpu-hardwarefree-031"] will be created
  + resource "netris_link" "ew_gpu_links" {
      + id       = (known after apply)
      + ports    = [
          + "swp7@sw-hardwarefree-plane3-leaf07",
          + "eth5@gpu-hardwarefree-031",
        ]
      + underlay = "enabled"
    }

  # netris_link.ew_gpu_links["swp7@sw-hardwarefree-plane3-leaf08--eth5@gpu-hardwarefree-032"] will be created
  + resource "netris_link" "ew_gpu_links" {
      + id       = (known after apply)
      + ports    = [
          + "swp7@sw-hardwarefree-plane3-leaf08",
          + "eth5@gpu-hardwarefree-032",
        ]
      + underlay = "enabled"
    }

  # netris_link.ew_gpu_links["swp7@sw-hardwarefree-plane4-leaf01--eth7@gpu-hardwarefree-025"] will be created
  + resource "netris_link" "ew_gpu_links" {
      + id       = (known after apply)
      + ports    = [
          + "swp7@sw-hardwarefree-plane4-leaf01",
          + "eth7@gpu-hardwarefree-025",
        ]
      + underlay = "enabled"
    }

  # netris_link.ew_gpu_links["swp7@sw-hardwarefree-plane4-leaf02--eth7@gpu-hardwarefree-026"] will be created
  + resource "netris_link" "ew_gpu_links" {
      + id       = (known after apply)
      + ports    = [
          + "swp7@sw-hardwarefree-plane4-leaf02",
          + "eth7@gpu-hardwarefree-026",
        ]
      + underlay = "enabled"
    }

  # netris_link.ew_gpu_links["swp7@sw-hardwarefree-plane4-leaf03--eth7@gpu-hardwarefree-027"] will be created
  + resource "netris_link" "ew_gpu_links" {
      + id       = (known after apply)
      + ports    = [
          + "swp7@sw-hardwarefree-plane4-leaf03",
          + "eth7@gpu-hardwarefree-027",
        ]
      + underlay = "enabled"
    }

  # netris_link.ew_gpu_links["swp7@sw-hardwarefree-plane4-leaf04--eth7@gpu-hardwarefree-028"] will be created
  + resource "netris_link" "ew_gpu_links" {
      + id       = (known after apply)
      + ports    = [
          + "swp7@sw-hardwarefree-plane4-leaf04",
          + "eth7@gpu-hardwarefree-028",
        ]
      + underlay = "enabled"
    }

  # netris_link.ew_gpu_links["swp7@sw-hardwarefree-plane4-leaf05--eth7@gpu-hardwarefree-029"] will be created
  + resource "netris_link" "ew_gpu_links" {
      + id       = (known after apply)
      + ports    = [
          + "swp7@sw-hardwarefree-plane4-leaf05",
          + "eth7@gpu-hardwarefree-029",
        ]
      + underlay = "enabled"
    }

  # netris_link.ew_gpu_links["swp7@sw-hardwarefree-plane4-leaf06--eth7@gpu-hardwarefree-030"] will be created
  + resource "netris_link" "ew_gpu_links" {
      + id       = (known after apply)
      + ports    = [
          + "swp7@sw-hardwarefree-plane4-leaf06",
          + "eth7@gpu-hardwarefree-030",
        ]
      + underlay = "enabled"
    }

  # netris_link.ew_gpu_links["swp7@sw-hardwarefree-plane4-leaf07--eth7@gpu-hardwarefree-031"] will be created
  + resource "netris_link" "ew_gpu_links" {
      + id       = (known after apply)
      + ports    = [
          + "swp7@sw-hardwarefree-plane4-leaf07",
          + "eth7@gpu-hardwarefree-031",
        ]
      + underlay = "enabled"
    }

  # netris_link.ew_gpu_links["swp7@sw-hardwarefree-plane4-leaf08--eth7@gpu-hardwarefree-032"] will be created
  + resource "netris_link" "ew_gpu_links" {
      + id       = (known after apply)
      + ports    = [
          + "swp7@sw-hardwarefree-plane4-leaf08",
          + "eth7@gpu-hardwarefree-032",
        ]
      + underlay = "enabled"
    }

  # netris_link.ew_gpu_links["swp8@sw-hardwarefree-plane1-leaf01--eth2@gpu-hardwarefree-025"] will be created
  + resource "netris_link" "ew_gpu_links" {
      + id       = (known after apply)
      + ports    = [
          + "swp8@sw-hardwarefree-plane1-leaf01",
          + "eth2@gpu-hardwarefree-025",
        ]
      + underlay = "enabled"
    }

  # netris_link.ew_gpu_links["swp8@sw-hardwarefree-plane1-leaf02--eth2@gpu-hardwarefree-026"] will be created
  + resource "netris_link" "ew_gpu_links" {
      + id       = (known after apply)
      + ports    = [
          + "swp8@sw-hardwarefree-plane1-leaf02",
          + "eth2@gpu-hardwarefree-026",
        ]
      + underlay = "enabled"
    }

  # netris_link.ew_gpu_links["swp8@sw-hardwarefree-plane1-leaf03--eth2@gpu-hardwarefree-027"] will be created
  + resource "netris_link" "ew_gpu_links" {
      + id       = (known after apply)
      + ports    = [
          + "swp8@sw-hardwarefree-plane1-leaf03",
          + "eth2@gpu-hardwarefree-027",
        ]
      + underlay = "enabled"
    }

  # netris_link.ew_gpu_links["swp8@sw-hardwarefree-plane1-leaf04--eth2@gpu-hardwarefree-028"] will be created
  + resource "netris_link" "ew_gpu_links" {
      + id       = (known after apply)
      + ports    = [
          + "swp8@sw-hardwarefree-plane1-leaf04",
          + "eth2@gpu-hardwarefree-028",
        ]
      + underlay = "enabled"
    }

  # netris_link.ew_gpu_links["swp8@sw-hardwarefree-plane1-leaf05--eth2@gpu-hardwarefree-029"] will be created
  + resource "netris_link" "ew_gpu_links" {
      + id       = (known after apply)
      + ports    = [
          + "swp8@sw-hardwarefree-plane1-leaf05",
          + "eth2@gpu-hardwarefree-029",
        ]
      + underlay = "enabled"
    }

  # netris_link.ew_gpu_links["swp8@sw-hardwarefree-plane1-leaf06--eth2@gpu-hardwarefree-030"] will be created
  + resource "netris_link" "ew_gpu_links" {
      + id       = (known after apply)
      + ports    = [
          + "swp8@sw-hardwarefree-plane1-leaf06",
          + "eth2@gpu-hardwarefree-030",
        ]
      + underlay = "enabled"
    }

  # netris_link.ew_gpu_links["swp8@sw-hardwarefree-plane1-leaf07--eth2@gpu-hardwarefree-031"] will be created
  + resource "netris_link" "ew_gpu_links" {
      + id       = (known after apply)
      + ports    = [
          + "swp8@sw-hardwarefree-plane1-leaf07",
          + "eth2@gpu-hardwarefree-031",
        ]
      + underlay = "enabled"
    }

  # netris_link.ew_gpu_links["swp8@sw-hardwarefree-plane1-leaf08--eth2@gpu-hardwarefree-032"] will be created
  + resource "netris_link" "ew_gpu_links" {
      + id       = (known after apply)
      + ports    = [
          + "swp8@sw-hardwarefree-plane1-leaf08",
          + "eth2@gpu-hardwarefree-032",
        ]
      + underlay = "enabled"
    }

  # netris_link.ew_gpu_links["swp8@sw-hardwarefree-plane2-leaf01--eth4@gpu-hardwarefree-025"] will be created
  + resource "netris_link" "ew_gpu_links" {
      + id       = (known after apply)
      + ports    = [
          + "swp8@sw-hardwarefree-plane2-leaf01",
          + "eth4@gpu-hardwarefree-025",
        ]
      + underlay = "enabled"
    }

  # netris_link.ew_gpu_links["swp8@sw-hardwarefree-plane2-leaf02--eth4@gpu-hardwarefree-026"] will be created
  + resource "netris_link" "ew_gpu_links" {
      + id       = (known after apply)
      + ports    = [
          + "swp8@sw-hardwarefree-plane2-leaf02",
          + "eth4@gpu-hardwarefree-026",
        ]
      + underlay = "enabled"
    }

  # netris_link.ew_gpu_links["swp8@sw-hardwarefree-plane2-leaf03--eth4@gpu-hardwarefree-027"] will be created
  + resource "netris_link" "ew_gpu_links" {
      + id       = (known after apply)
      + ports    = [
          + "swp8@sw-hardwarefree-plane2-leaf03",
          + "eth4@gpu-hardwarefree-027",
        ]
      + underlay = "enabled"
    }

  # netris_link.ew_gpu_links["swp8@sw-hardwarefree-plane2-leaf04--eth4@gpu-hardwarefree-028"] will be created
  + resource "netris_link" "ew_gpu_links" {
      + id       = (known after apply)
      + ports    = [
          + "swp8@sw-hardwarefree-plane2-leaf04",
          + "eth4@gpu-hardwarefree-028",
        ]
      + underlay = "enabled"
    }

  # netris_link.ew_gpu_links["swp8@sw-hardwarefree-plane2-leaf05--eth4@gpu-hardwarefree-029"] will be created
  + resource "netris_link" "ew_gpu_links" {
      + id       = (known after apply)
      + ports    = [
          + "swp8@sw-hardwarefree-plane2-leaf05",
          + "eth4@gpu-hardwarefree-029",
        ]
      + underlay = "enabled"
    }

  # netris_link.ew_gpu_links["swp8@sw-hardwarefree-plane2-leaf06--eth4@gpu-hardwarefree-030"] will be created
  + resource "netris_link" "ew_gpu_links" {
      + id       = (known after apply)
      + ports    = [
          + "swp8@sw-hardwarefree-plane2-leaf06",
          + "eth4@gpu-hardwarefree-030",
        ]
      + underlay = "enabled"
    }

  # netris_link.ew_gpu_links["swp8@sw-hardwarefree-plane2-leaf07--eth4@gpu-hardwarefree-031"] will be created
  + resource "netris_link" "ew_gpu_links" {
      + id       = (known after apply)
      + ports    = [
          + "swp8@sw-hardwarefree-plane2-leaf07",
          + "eth4@gpu-hardwarefree-031",
        ]
      + underlay = "enabled"
    }

  # netris_link.ew_gpu_links["swp8@sw-hardwarefree-plane2-leaf08--eth4@gpu-hardwarefree-032"] will be created
  + resource "netris_link" "ew_gpu_links" {
      + id       = (known after apply)
      + ports    = [
          + "swp8@sw-hardwarefree-plane2-leaf08",
          + "eth4@gpu-hardwarefree-032",
        ]
      + underlay = "enabled"
    }

  # netris_link.ew_gpu_links["swp8@sw-hardwarefree-plane3-leaf01--eth6@gpu-hardwarefree-025"] will be created
  + resource "netris_link" "ew_gpu_links" {
      + id       = (known after apply)
      + ports    = [
          + "swp8@sw-hardwarefree-plane3-leaf01",
          + "eth6@gpu-hardwarefree-025",
        ]
      + underlay = "enabled"
    }

  # netris_link.ew_gpu_links["swp8@sw-hardwarefree-plane3-leaf02--eth6@gpu-hardwarefree-026"] will be created
  + resource "netris_link" "ew_gpu_links" {
      + id       = (known after apply)
      + ports    = [
          + "swp8@sw-hardwarefree-plane3-leaf02",
          + "eth6@gpu-hardwarefree-026",
        ]
      + underlay = "enabled"
    }

  # netris_link.ew_gpu_links["swp8@sw-hardwarefree-plane3-leaf03--eth6@gpu-hardwarefree-027"] will be created
  + resource "netris_link" "ew_gpu_links" {
      + id       = (known after apply)
      + ports    = [
          + "swp8@sw-hardwarefree-plane3-leaf03",
          + "eth6@gpu-hardwarefree-027",
        ]
      + underlay = "enabled"
    }

  # netris_link.ew_gpu_links["swp8@sw-hardwarefree-plane3-leaf04--eth6@gpu-hardwarefree-028"] will be created
  + resource "netris_link" "ew_gpu_links" {
      + id       = (known after apply)
      + ports    = [
          + "swp8@sw-hardwarefree-plane3-leaf04",
          + "eth6@gpu-hardwarefree-028",
        ]
      + underlay = "enabled"
    }

  # netris_link.ew_gpu_links["swp8@sw-hardwarefree-plane3-leaf05--eth6@gpu-hardwarefree-029"] will be created
  + resource "netris_link" "ew_gpu_links" {
      + id       = (known after apply)
      + ports    = [
          + "swp8@sw-hardwarefree-plane3-leaf05",
          + "eth6@gpu-hardwarefree-029",
        ]
      + underlay = "enabled"
    }

  # netris_link.ew_gpu_links["swp8@sw-hardwarefree-plane3-leaf06--eth6@gpu-hardwarefree-030"] will be created
  + resource "netris_link" "ew_gpu_links" {
      + id       = (known after apply)
      + ports    = [
          + "swp8@sw-hardwarefree-plane3-leaf06",
          + "eth6@gpu-hardwarefree-030",
        ]
      + underlay = "enabled"
    }

  # netris_link.ew_gpu_links["swp8@sw-hardwarefree-plane3-leaf07--eth6@gpu-hardwarefree-031"] will be created
  + resource "netris_link" "ew_gpu_links" {
      + id       = (known after apply)
      + ports    = [
          + "swp8@sw-hardwarefree-plane3-leaf07",
          + "eth6@gpu-hardwarefree-031",
        ]
      + underlay = "enabled"
    }

  # netris_link.ew_gpu_links["swp8@sw-hardwarefree-plane3-leaf08--eth6@gpu-hardwarefree-032"] will be created
  + resource "netris_link" "ew_gpu_links" {
      + id       = (known after apply)
      + ports    = [
          + "swp8@sw-hardwarefree-plane3-leaf08",
          + "eth6@gpu-hardwarefree-032",
        ]
      + underlay = "enabled"
    }

  # netris_link.ew_gpu_links["swp8@sw-hardwarefree-plane4-leaf01--eth8@gpu-hardwarefree-025"] will be created
  + resource "netris_link" "ew_gpu_links" {
      + id       = (known after apply)
      + ports    = [
          + "swp8@sw-hardwarefree-plane4-leaf01",
          + "eth8@gpu-hardwarefree-025",
        ]
      + underlay = "enabled"
    }

  # netris_link.ew_gpu_links["swp8@sw-hardwarefree-plane4-leaf02--eth8@gpu-hardwarefree-026"] will be created
  + resource "netris_link" "ew_gpu_links" {
      + id       = (known after apply)
      + ports    = [
          + "swp8@sw-hardwarefree-plane4-leaf02",
          + "eth8@gpu-hardwarefree-026",
        ]
      + underlay = "enabled"
    }

  # netris_link.ew_gpu_links["swp8@sw-hardwarefree-plane4-leaf03--eth8@gpu-hardwarefree-027"] will be created
  + resource "netris_link" "ew_gpu_links" {
      + id       = (known after apply)
      + ports    = [
          + "swp8@sw-hardwarefree-plane4-leaf03",
          + "eth8@gpu-hardwarefree-027",
        ]
      + underlay = "enabled"
    }

  # netris_link.ew_gpu_links["swp8@sw-hardwarefree-plane4-leaf04--eth8@gpu-hardwarefree-028"] will be created
  + resource "netris_link" "ew_gpu_links" {
      + id       = (known after apply)
      + ports    = [
          + "swp8@sw-hardwarefree-plane4-leaf04",
          + "eth8@gpu-hardwarefree-028",
        ]
      + underlay = "enabled"
    }

  # netris_link.ew_gpu_links["swp8@sw-hardwarefree-plane4-leaf05--eth8@gpu-hardwarefree-029"] will be created
  + resource "netris_link" "ew_gpu_links" {
      + id       = (known after apply)
      + ports    = [
          + "swp8@sw-hardwarefree-plane4-leaf05",
          + "eth8@gpu-hardwarefree-029",
        ]
      + underlay = "enabled"
    }

  # netris_link.ew_gpu_links["swp8@sw-hardwarefree-plane4-leaf06--eth8@gpu-hardwarefree-030"] will be created
  + resource "netris_link" "ew_gpu_links" {
      + id       = (known after apply)
      + ports    = [
          + "swp8@sw-hardwarefree-plane4-leaf06",
          + "eth8@gpu-hardwarefree-030",
        ]
      + underlay = "enabled"
    }

  # netris_link.ew_gpu_links["swp8@sw-hardwarefree-plane4-leaf07--eth8@gpu-hardwarefree-031"] will be created
  + resource "netris_link" "ew_gpu_links" {
      + id       = (known after apply)
      + ports    = [
          + "swp8@sw-hardwarefree-plane4-leaf07",
          + "eth8@gpu-hardwarefree-031",
        ]
      + underlay = "enabled"
    }

  # netris_link.ew_gpu_links["swp8@sw-hardwarefree-plane4-leaf08--eth8@gpu-hardwarefree-032"] will be created
  + resource "netris_link" "ew_gpu_links" {
      + id       = (known after apply)
      + ports    = [
          + "swp8@sw-hardwarefree-plane4-leaf08",
          + "eth8@gpu-hardwarefree-032",
        ]
      + underlay = "enabled"
    }

  # netris_link.ew_gpu_links["swp9@sw-hardwarefree-plane1-leaf01--eth1@gpu-hardwarefree-033"] will be created
  + resource "netris_link" "ew_gpu_links" {
      + id       = (known after apply)
      + ports    = [
          + "swp9@sw-hardwarefree-plane1-leaf01",
          + "eth1@gpu-hardwarefree-033",
        ]
      + underlay = "enabled"
    }

  # netris_link.ew_gpu_links["swp9@sw-hardwarefree-plane1-leaf02--eth1@gpu-hardwarefree-034"] will be created
  + resource "netris_link" "ew_gpu_links" {
      + id       = (known after apply)
      + ports    = [
          + "swp9@sw-hardwarefree-plane1-leaf02",
          + "eth1@gpu-hardwarefree-034",
        ]
      + underlay = "enabled"
    }

  # netris_link.ew_gpu_links["swp9@sw-hardwarefree-plane1-leaf03--eth1@gpu-hardwarefree-035"] will be created
  + resource "netris_link" "ew_gpu_links" {
      + id       = (known after apply)
      + ports    = [
          + "swp9@sw-hardwarefree-plane1-leaf03",
          + "eth1@gpu-hardwarefree-035",
        ]
      + underlay = "enabled"
    }

  # netris_link.ew_gpu_links["swp9@sw-hardwarefree-plane1-leaf04--eth1@gpu-hardwarefree-036"] will be created
  + resource "netris_link" "ew_gpu_links" {
      + id       = (known after apply)
      + ports    = [
          + "swp9@sw-hardwarefree-plane1-leaf04",
          + "eth1@gpu-hardwarefree-036",
        ]
      + underlay = "enabled"
    }

  # netris_link.ew_gpu_links["swp9@sw-hardwarefree-plane1-leaf05--eth1@gpu-hardwarefree-037"] will be created
  + resource "netris_link" "ew_gpu_links" {
      + id       = (known after apply)
      + ports    = [
          + "swp9@sw-hardwarefree-plane1-leaf05",
          + "eth1@gpu-hardwarefree-037",
        ]
      + underlay = "enabled"
    }

  # netris_link.ew_gpu_links["swp9@sw-hardwarefree-plane1-leaf06--eth1@gpu-hardwarefree-038"] will be created
  + resource "netris_link" "ew_gpu_links" {
      + id       = (known after apply)
      + ports    = [
          + "swp9@sw-hardwarefree-plane1-leaf06",
          + "eth1@gpu-hardwarefree-038",
        ]
      + underlay = "enabled"
    }

  # netris_link.ew_gpu_links["swp9@sw-hardwarefree-plane1-leaf07--eth1@gpu-hardwarefree-039"] will be created
  + resource "netris_link" "ew_gpu_links" {
      + id       = (known after apply)
      + ports    = [
          + "swp9@sw-hardwarefree-plane1-leaf07",
          + "eth1@gpu-hardwarefree-039",
        ]
      + underlay = "enabled"
    }

  # netris_link.ew_gpu_links["swp9@sw-hardwarefree-plane1-leaf08--eth1@gpu-hardwarefree-040"] will be created
  + resource "netris_link" "ew_gpu_links" {
      + id       = (known after apply)
      + ports    = [
          + "swp9@sw-hardwarefree-plane1-leaf08",
          + "eth1@gpu-hardwarefree-040",
        ]
      + underlay = "enabled"
    }

  # netris_link.ew_gpu_links["swp9@sw-hardwarefree-plane2-leaf01--eth3@gpu-hardwarefree-033"] will be created
  + resource "netris_link" "ew_gpu_links" {
      + id       = (known after apply)
      + ports    = [
          + "swp9@sw-hardwarefree-plane2-leaf01",
          + "eth3@gpu-hardwarefree-033",
        ]
      + underlay = "enabled"
    }

  # netris_link.ew_gpu_links["swp9@sw-hardwarefree-plane2-leaf02--eth3@gpu-hardwarefree-034"] will be created
  + resource "netris_link" "ew_gpu_links" {
      + id       = (known after apply)
      + ports    = [
          + "swp9@sw-hardwarefree-plane2-leaf02",
          + "eth3@gpu-hardwarefree-034",
        ]
      + underlay = "enabled"
    }

  # netris_link.ew_gpu_links["swp9@sw-hardwarefree-plane2-leaf03--eth3@gpu-hardwarefree-035"] will be created
  + resource "netris_link" "ew_gpu_links" {
      + id       = (known after apply)
      + ports    = [
          + "swp9@sw-hardwarefree-plane2-leaf03",
          + "eth3@gpu-hardwarefree-035",
        ]
      + underlay = "enabled"
    }

  # netris_link.ew_gpu_links["swp9@sw-hardwarefree-plane2-leaf04--eth3@gpu-hardwarefree-036"] will be created
  + resource "netris_link" "ew_gpu_links" {
      + id       = (known after apply)
      + ports    = [
          + "swp9@sw-hardwarefree-plane2-leaf04",
          + "eth3@gpu-hardwarefree-036",
        ]
      + underlay = "enabled"
    }

  # netris_link.ew_gpu_links["swp9@sw-hardwarefree-plane2-leaf05--eth3@gpu-hardwarefree-037"] will be created
  + resource "netris_link" "ew_gpu_links" {
      + id       = (known after apply)
      + ports    = [
          + "swp9@sw-hardwarefree-plane2-leaf05",
          + "eth3@gpu-hardwarefree-037",
        ]
      + underlay = "enabled"
    }

  # netris_link.ew_gpu_links["swp9@sw-hardwarefree-plane2-leaf06--eth3@gpu-hardwarefree-038"] will be created
  + resource "netris_link" "ew_gpu_links" {
      + id       = (known after apply)
      + ports    = [
          + "swp9@sw-hardwarefree-plane2-leaf06",
          + "eth3@gpu-hardwarefree-038",
        ]
      + underlay = "enabled"
    }

  # netris_link.ew_gpu_links["swp9@sw-hardwarefree-plane2-leaf07--eth3@gpu-hardwarefree-039"] will be created
  + resource "netris_link" "ew_gpu_links" {
      + id       = (known after apply)
      + ports    = [
          + "swp9@sw-hardwarefree-plane2-leaf07",
          + "eth3@gpu-hardwarefree-039",
        ]
      + underlay = "enabled"
    }

  # netris_link.ew_gpu_links["swp9@sw-hardwarefree-plane2-leaf08--eth3@gpu-hardwarefree-040"] will be created
  + resource "netris_link" "ew_gpu_links" {
      + id       = (known after apply)
      + ports    = [
          + "swp9@sw-hardwarefree-plane2-leaf08",
          + "eth3@gpu-hardwarefree-040",
        ]
      + underlay = "enabled"
    }

  # netris_link.ew_gpu_links["swp9@sw-hardwarefree-plane3-leaf01--eth5@gpu-hardwarefree-033"] will be created
  + resource "netris_link" "ew_gpu_links" {
      + id       = (known after apply)
      + ports    = [
          + "swp9@sw-hardwarefree-plane3-leaf01",
          + "eth5@gpu-hardwarefree-033",
        ]
      + underlay = "enabled"
    }

  # netris_link.ew_gpu_links["swp9@sw-hardwarefree-plane3-leaf02--eth5@gpu-hardwarefree-034"] will be created
  + resource "netris_link" "ew_gpu_links" {
      + id       = (known after apply)
      + ports    = [
          + "swp9@sw-hardwarefree-plane3-leaf02",
          + "eth5@gpu-hardwarefree-034",
        ]
      + underlay = "enabled"
    }

  # netris_link.ew_gpu_links["swp9@sw-hardwarefree-plane3-leaf03--eth5@gpu-hardwarefree-035"] will be created
  + resource "netris_link" "ew_gpu_links" {
      + id       = (known after apply)
      + ports    = [
          + "swp9@sw-hardwarefree-plane3-leaf03",
          + "eth5@gpu-hardwarefree-035",
        ]
      + underlay = "enabled"
    }

  # netris_link.ew_gpu_links["swp9@sw-hardwarefree-plane3-leaf04--eth5@gpu-hardwarefree-036"] will be created
  + resource "netris_link" "ew_gpu_links" {
      + id       = (known after apply)
      + ports    = [
          + "swp9@sw-hardwarefree-plane3-leaf04",
          + "eth5@gpu-hardwarefree-036",
        ]
      + underlay = "enabled"
    }

  # netris_link.ew_gpu_links["swp9@sw-hardwarefree-plane3-leaf05--eth5@gpu-hardwarefree-037"] will be created
  + resource "netris_link" "ew_gpu_links" {
      + id       = (known after apply)
      + ports    = [
          + "swp9@sw-hardwarefree-plane3-leaf05",
          + "eth5@gpu-hardwarefree-037",
        ]
      + underlay = "enabled"
    }

  # netris_link.ew_gpu_links["swp9@sw-hardwarefree-plane3-leaf06--eth5@gpu-hardwarefree-038"] will be created
  + resource "netris_link" "ew_gpu_links" {
      + id       = (known after apply)
      + ports    = [
          + "swp9@sw-hardwarefree-plane3-leaf06",
          + "eth5@gpu-hardwarefree-038",
        ]
      + underlay = "enabled"
    }

  # netris_link.ew_gpu_links["swp9@sw-hardwarefree-plane3-leaf07--eth5@gpu-hardwarefree-039"] will be created
  + resource "netris_link" "ew_gpu_links" {
      + id       = (known after apply)
      + ports    = [
          + "swp9@sw-hardwarefree-plane3-leaf07",
          + "eth5@gpu-hardwarefree-039",
        ]
      + underlay = "enabled"
    }

  # netris_link.ew_gpu_links["swp9@sw-hardwarefree-plane3-leaf08--eth5@gpu-hardwarefree-040"] will be created
  + resource "netris_link" "ew_gpu_links" {
      + id       = (known after apply)
      + ports    = [
          + "swp9@sw-hardwarefree-plane3-leaf08",
          + "eth5@gpu-hardwarefree-040",
        ]
      + underlay = "enabled"
    }

  # netris_link.ew_gpu_links["swp9@sw-hardwarefree-plane4-leaf01--eth7@gpu-hardwarefree-033"] will be created
  + resource "netris_link" "ew_gpu_links" {
      + id       = (known after apply)
      + ports    = [
          + "swp9@sw-hardwarefree-plane4-leaf01",
          + "eth7@gpu-hardwarefree-033",
        ]
      + underlay = "enabled"
    }

  # netris_link.ew_gpu_links["swp9@sw-hardwarefree-plane4-leaf02--eth7@gpu-hardwarefree-034"] will be created
  + resource "netris_link" "ew_gpu_links" {
      + id       = (known after apply)
      + ports    = [
          + "swp9@sw-hardwarefree-plane4-leaf02",
          + "eth7@gpu-hardwarefree-034",
        ]
      + underlay = "enabled"
    }

  # netris_link.ew_gpu_links["swp9@sw-hardwarefree-plane4-leaf03--eth7@gpu-hardwarefree-035"] will be created
  + resource "netris_link" "ew_gpu_links" {
      + id       = (known after apply)
      + ports    = [
          + "swp9@sw-hardwarefree-plane4-leaf03",
          + "eth7@gpu-hardwarefree-035",
        ]
      + underlay = "enabled"
    }

  # netris_link.ew_gpu_links["swp9@sw-hardwarefree-plane4-leaf04--eth7@gpu-hardwarefree-036"] will be created
  + resource "netris_link" "ew_gpu_links" {
      + id       = (known after apply)
      + ports    = [
          + "swp9@sw-hardwarefree-plane4-leaf04",
          + "eth7@gpu-hardwarefree-036",
        ]
      + underlay = "enabled"
    }

  # netris_link.ew_gpu_links["swp9@sw-hardwarefree-plane4-leaf05--eth7@gpu-hardwarefree-037"] will be created
  + resource "netris_link" "ew_gpu_links" {
      + id       = (known after apply)
      + ports    = [
          + "swp9@sw-hardwarefree-plane4-leaf05",
          + "eth7@gpu-hardwarefree-037",
        ]
      + underlay = "enabled"
    }

  # netris_link.ew_gpu_links["swp9@sw-hardwarefree-plane4-leaf06--eth7@gpu-hardwarefree-038"] will be created
  + resource "netris_link" "ew_gpu_links" {
      + id       = (known after apply)
      + ports    = [
          + "swp9@sw-hardwarefree-plane4-leaf06",
          + "eth7@gpu-hardwarefree-038",
        ]
      + underlay = "enabled"
    }

  # netris_link.ew_gpu_links["swp9@sw-hardwarefree-plane4-leaf07--eth7@gpu-hardwarefree-039"] will be created
  + resource "netris_link" "ew_gpu_links" {
      + id       = (known after apply)
      + ports    = [
          + "swp9@sw-hardwarefree-plane4-leaf07",
          + "eth7@gpu-hardwarefree-039",
        ]
      + underlay = "enabled"
    }

  # netris_link.ew_gpu_links["swp9@sw-hardwarefree-plane4-leaf08--eth7@gpu-hardwarefree-040"] will be created
  + resource "netris_link" "ew_gpu_links" {
      + id       = (known after apply)
      + ports    = [
          + "swp9@sw-hardwarefree-plane4-leaf08",
          + "eth7@gpu-hardwarefree-040",
        ]
      + underlay = "enabled"
    }

  # netris_link.ew_switch_links["swp10@sw-hardwarefree-plane1-spine01--swp26@sw-hardwarefree-plane1-leaf03"] will be created
  + resource "netris_link" "ew_switch_links" {
      + id       = (known after apply)
      + ports    = [
          + "swp10@sw-hardwarefree-plane1-spine01",
          + "swp26@sw-hardwarefree-plane1-leaf03",
        ]
      + underlay = "enabled"
    }

  # netris_link.ew_switch_links["swp10@sw-hardwarefree-plane1-spine02--swp30@sw-hardwarefree-plane1-leaf03"] will be created
  + resource "netris_link" "ew_switch_links" {
      + id       = (known after apply)
      + ports    = [
          + "swp10@sw-hardwarefree-plane1-spine02",
          + "swp30@sw-hardwarefree-plane1-leaf03",
        ]
      + underlay = "enabled"
    }

  # netris_link.ew_switch_links["swp10@sw-hardwarefree-plane2-spine01--swp26@sw-hardwarefree-plane2-leaf03"] will be created
  + resource "netris_link" "ew_switch_links" {
      + id       = (known after apply)
      + ports    = [
          + "swp10@sw-hardwarefree-plane2-spine01",
          + "swp26@sw-hardwarefree-plane2-leaf03",
        ]
      + underlay = "enabled"
    }

  # netris_link.ew_switch_links["swp10@sw-hardwarefree-plane2-spine02--swp30@sw-hardwarefree-plane2-leaf03"] will be created
  + resource "netris_link" "ew_switch_links" {
      + id       = (known after apply)
      + ports    = [
          + "swp10@sw-hardwarefree-plane2-spine02",
          + "swp30@sw-hardwarefree-plane2-leaf03",
        ]
      + underlay = "enabled"
    }

  # netris_link.ew_switch_links["swp10@sw-hardwarefree-plane3-spine01--swp26@sw-hardwarefree-plane3-leaf03"] will be created
  + resource "netris_link" "ew_switch_links" {
      + id       = (known after apply)
      + ports    = [
          + "swp10@sw-hardwarefree-plane3-spine01",
          + "swp26@sw-hardwarefree-plane3-leaf03",
        ]
      + underlay = "enabled"
    }

  # netris_link.ew_switch_links["swp10@sw-hardwarefree-plane3-spine02--swp30@sw-hardwarefree-plane3-leaf03"] will be created
  + resource "netris_link" "ew_switch_links" {
      + id       = (known after apply)
      + ports    = [
          + "swp10@sw-hardwarefree-plane3-spine02",
          + "swp30@sw-hardwarefree-plane3-leaf03",
        ]
      + underlay = "enabled"
    }

  # netris_link.ew_switch_links["swp10@sw-hardwarefree-plane4-spine01--swp26@sw-hardwarefree-plane4-leaf03"] will be created
  + resource "netris_link" "ew_switch_links" {
      + id       = (known after apply)
      + ports    = [
          + "swp10@sw-hardwarefree-plane4-spine01",
          + "swp26@sw-hardwarefree-plane4-leaf03",
        ]
      + underlay = "enabled"
    }

  # netris_link.ew_switch_links["swp10@sw-hardwarefree-plane4-spine02--swp30@sw-hardwarefree-plane4-leaf03"] will be created
  + resource "netris_link" "ew_switch_links" {
      + id       = (known after apply)
      + ports    = [
          + "swp10@sw-hardwarefree-plane4-spine02",
          + "swp30@sw-hardwarefree-plane4-leaf03",
        ]
      + underlay = "enabled"
    }

  # netris_link.ew_switch_links["swp11@sw-hardwarefree-plane1-spine01--swp27@sw-hardwarefree-plane1-leaf03"] will be created
  + resource "netris_link" "ew_switch_links" {
      + id       = (known after apply)
      + ports    = [
          + "swp11@sw-hardwarefree-plane1-spine01",
          + "swp27@sw-hardwarefree-plane1-leaf03",
        ]
      + underlay = "enabled"
    }

  # netris_link.ew_switch_links["swp11@sw-hardwarefree-plane1-spine02--swp31@sw-hardwarefree-plane1-leaf03"] will be created
  + resource "netris_link" "ew_switch_links" {
      + id       = (known after apply)
      + ports    = [
          + "swp11@sw-hardwarefree-plane1-spine02",
          + "swp31@sw-hardwarefree-plane1-leaf03",
        ]
      + underlay = "enabled"
    }

  # netris_link.ew_switch_links["swp11@sw-hardwarefree-plane2-spine01--swp27@sw-hardwarefree-plane2-leaf03"] will be created
  + resource "netris_link" "ew_switch_links" {
      + id       = (known after apply)
      + ports    = [
          + "swp11@sw-hardwarefree-plane2-spine01",
          + "swp27@sw-hardwarefree-plane2-leaf03",
        ]
      + underlay = "enabled"
    }

  # netris_link.ew_switch_links["swp11@sw-hardwarefree-plane2-spine02--swp31@sw-hardwarefree-plane2-leaf03"] will be created
  + resource "netris_link" "ew_switch_links" {
      + id       = (known after apply)
      + ports    = [
          + "swp11@sw-hardwarefree-plane2-spine02",
          + "swp31@sw-hardwarefree-plane2-leaf03",
        ]
      + underlay = "enabled"
    }

  # netris_link.ew_switch_links["swp11@sw-hardwarefree-plane3-spine01--swp27@sw-hardwarefree-plane3-leaf03"] will be created
  + resource "netris_link" "ew_switch_links" {
      + id       = (known after apply)
      + ports    = [
          + "swp11@sw-hardwarefree-plane3-spine01",
          + "swp27@sw-hardwarefree-plane3-leaf03",
        ]
      + underlay = "enabled"
    }

  # netris_link.ew_switch_links["swp11@sw-hardwarefree-plane3-spine02--swp31@sw-hardwarefree-plane3-leaf03"] will be created
  + resource "netris_link" "ew_switch_links" {
      + id       = (known after apply)
      + ports    = [
          + "swp11@sw-hardwarefree-plane3-spine02",
          + "swp31@sw-hardwarefree-plane3-leaf03",
        ]
      + underlay = "enabled"
    }

  # netris_link.ew_switch_links["swp11@sw-hardwarefree-plane4-spine01--swp27@sw-hardwarefree-plane4-leaf03"] will be created
  + resource "netris_link" "ew_switch_links" {
      + id       = (known after apply)
      + ports    = [
          + "swp11@sw-hardwarefree-plane4-spine01",
          + "swp27@sw-hardwarefree-plane4-leaf03",
        ]
      + underlay = "enabled"
    }

  # netris_link.ew_switch_links["swp11@sw-hardwarefree-plane4-spine02--swp31@sw-hardwarefree-plane4-leaf03"] will be created
  + resource "netris_link" "ew_switch_links" {
      + id       = (known after apply)
      + ports    = [
          + "swp11@sw-hardwarefree-plane4-spine02",
          + "swp31@sw-hardwarefree-plane4-leaf03",
        ]
      + underlay = "enabled"
    }

  # netris_link.ew_switch_links["swp12@sw-hardwarefree-plane1-spine01--swp28@sw-hardwarefree-plane1-leaf03"] will be created
  + resource "netris_link" "ew_switch_links" {
      + id       = (known after apply)
      + ports    = [
          + "swp12@sw-hardwarefree-plane1-spine01",
          + "swp28@sw-hardwarefree-plane1-leaf03",
        ]
      + underlay = "enabled"
    }

  # netris_link.ew_switch_links["swp12@sw-hardwarefree-plane1-spine02--swp32@sw-hardwarefree-plane1-leaf03"] will be created
  + resource "netris_link" "ew_switch_links" {
      + id       = (known after apply)
      + ports    = [
          + "swp12@sw-hardwarefree-plane1-spine02",
          + "swp32@sw-hardwarefree-plane1-leaf03",
        ]
      + underlay = "enabled"
    }

  # netris_link.ew_switch_links["swp12@sw-hardwarefree-plane2-spine01--swp28@sw-hardwarefree-plane2-leaf03"] will be created
  + resource "netris_link" "ew_switch_links" {
      + id       = (known after apply)
      + ports    = [
          + "swp12@sw-hardwarefree-plane2-spine01",
          + "swp28@sw-hardwarefree-plane2-leaf03",
        ]
      + underlay = "enabled"
    }

  # netris_link.ew_switch_links["swp12@sw-hardwarefree-plane2-spine02--swp32@sw-hardwarefree-plane2-leaf03"] will be created
  + resource "netris_link" "ew_switch_links" {
      + id       = (known after apply)
      + ports    = [
          + "swp12@sw-hardwarefree-plane2-spine02",
          + "swp32@sw-hardwarefree-plane2-leaf03",
        ]
      + underlay = "enabled"
    }

  # netris_link.ew_switch_links["swp12@sw-hardwarefree-plane3-spine01--swp28@sw-hardwarefree-plane3-leaf03"] will be created
  + resource "netris_link" "ew_switch_links" {
      + id       = (known after apply)
      + ports    = [
          + "swp12@sw-hardwarefree-plane3-spine01",
          + "swp28@sw-hardwarefree-plane3-leaf03",
        ]
      + underlay = "enabled"
    }

  # netris_link.ew_switch_links["swp12@sw-hardwarefree-plane3-spine02--swp32@sw-hardwarefree-plane3-leaf03"] will be created
  + resource "netris_link" "ew_switch_links" {
      + id       = (known after apply)
      + ports    = [
          + "swp12@sw-hardwarefree-plane3-spine02",
          + "swp32@sw-hardwarefree-plane3-leaf03",
        ]
      + underlay = "enabled"
    }

  # netris_link.ew_switch_links["swp12@sw-hardwarefree-plane4-spine01--swp28@sw-hardwarefree-plane4-leaf03"] will be created
  + resource "netris_link" "ew_switch_links" {
      + id       = (known after apply)
      + ports    = [
          + "swp12@sw-hardwarefree-plane4-spine01",
          + "swp28@sw-hardwarefree-plane4-leaf03",
        ]
      + underlay = "enabled"
    }

  # netris_link.ew_switch_links["swp12@sw-hardwarefree-plane4-spine02--swp32@sw-hardwarefree-plane4-leaf03"] will be created
  + resource "netris_link" "ew_switch_links" {
      + id       = (known after apply)
      + ports    = [
          + "swp12@sw-hardwarefree-plane4-spine02",
          + "swp32@sw-hardwarefree-plane4-leaf03",
        ]
      + underlay = "enabled"
    }

  # netris_link.ew_switch_links["swp13@sw-hardwarefree-plane1-spine01--swp25@sw-hardwarefree-plane1-leaf04"] will be created
  + resource "netris_link" "ew_switch_links" {
      + id       = (known after apply)
      + ports    = [
          + "swp13@sw-hardwarefree-plane1-spine01",
          + "swp25@sw-hardwarefree-plane1-leaf04",
        ]
      + underlay = "enabled"
    }

  # netris_link.ew_switch_links["swp13@sw-hardwarefree-plane1-spine02--swp29@sw-hardwarefree-plane1-leaf04"] will be created
  + resource "netris_link" "ew_switch_links" {
      + id       = (known after apply)
      + ports    = [
          + "swp13@sw-hardwarefree-plane1-spine02",
          + "swp29@sw-hardwarefree-plane1-leaf04",
        ]
      + underlay = "enabled"
    }

  # netris_link.ew_switch_links["swp13@sw-hardwarefree-plane2-spine01--swp25@sw-hardwarefree-plane2-leaf04"] will be created
  + resource "netris_link" "ew_switch_links" {
      + id       = (known after apply)
      + ports    = [
          + "swp13@sw-hardwarefree-plane2-spine01",
          + "swp25@sw-hardwarefree-plane2-leaf04",
        ]
      + underlay = "enabled"
    }

  # netris_link.ew_switch_links["swp13@sw-hardwarefree-plane2-spine02--swp29@sw-hardwarefree-plane2-leaf04"] will be created
  + resource "netris_link" "ew_switch_links" {
      + id       = (known after apply)
      + ports    = [
          + "swp13@sw-hardwarefree-plane2-spine02",
          + "swp29@sw-hardwarefree-plane2-leaf04",
        ]
      + underlay = "enabled"
    }

  # netris_link.ew_switch_links["swp13@sw-hardwarefree-plane3-spine01--swp25@sw-hardwarefree-plane3-leaf04"] will be created
  + resource "netris_link" "ew_switch_links" {
      + id       = (known after apply)
      + ports    = [
          + "swp13@sw-hardwarefree-plane3-spine01",
          + "swp25@sw-hardwarefree-plane3-leaf04",
        ]
      + underlay = "enabled"
    }

  # netris_link.ew_switch_links["swp13@sw-hardwarefree-plane3-spine02--swp29@sw-hardwarefree-plane3-leaf04"] will be created
  + resource "netris_link" "ew_switch_links" {
      + id       = (known after apply)
      + ports    = [
          + "swp13@sw-hardwarefree-plane3-spine02",
          + "swp29@sw-hardwarefree-plane3-leaf04",
        ]
      + underlay = "enabled"
    }

  # netris_link.ew_switch_links["swp13@sw-hardwarefree-plane4-spine01--swp25@sw-hardwarefree-plane4-leaf04"] will be created
  + resource "netris_link" "ew_switch_links" {
      + id       = (known after apply)
      + ports    = [
          + "swp13@sw-hardwarefree-plane4-spine01",
          + "swp25@sw-hardwarefree-plane4-leaf04",
        ]
      + underlay = "enabled"
    }

  # netris_link.ew_switch_links["swp13@sw-hardwarefree-plane4-spine02--swp29@sw-hardwarefree-plane4-leaf04"] will be created
  + resource "netris_link" "ew_switch_links" {
      + id       = (known after apply)
      + ports    = [
          + "swp13@sw-hardwarefree-plane4-spine02",
          + "swp29@sw-hardwarefree-plane4-leaf04",
        ]
      + underlay = "enabled"
    }

  # netris_link.ew_switch_links["swp14@sw-hardwarefree-plane1-spine01--swp26@sw-hardwarefree-plane1-leaf04"] will be created
  + resource "netris_link" "ew_switch_links" {
      + id       = (known after apply)
      + ports    = [
          + "swp14@sw-hardwarefree-plane1-spine01",
          + "swp26@sw-hardwarefree-plane1-leaf04",
        ]
      + underlay = "enabled"
    }

  # netris_link.ew_switch_links["swp14@sw-hardwarefree-plane1-spine02--swp30@sw-hardwarefree-plane1-leaf04"] will be created
  + resource "netris_link" "ew_switch_links" {
      + id       = (known after apply)
      + ports    = [
          + "swp14@sw-hardwarefree-plane1-spine02",
          + "swp30@sw-hardwarefree-plane1-leaf04",
        ]
      + underlay = "enabled"
    }

  # netris_link.ew_switch_links["swp14@sw-hardwarefree-plane2-spine01--swp26@sw-hardwarefree-plane2-leaf04"] will be created
  + resource "netris_link" "ew_switch_links" {
      + id       = (known after apply)
      + ports    = [
          + "swp14@sw-hardwarefree-plane2-spine01",
          + "swp26@sw-hardwarefree-plane2-leaf04",
        ]
      + underlay = "enabled"
    }

  # netris_link.ew_switch_links["swp14@sw-hardwarefree-plane2-spine02--swp30@sw-hardwarefree-plane2-leaf04"] will be created
  + resource "netris_link" "ew_switch_links" {
      + id       = (known after apply)
      + ports    = [
          + "swp14@sw-hardwarefree-plane2-spine02",
          + "swp30@sw-hardwarefree-plane2-leaf04",
        ]
      + underlay = "enabled"
    }

  # netris_link.ew_switch_links["swp14@sw-hardwarefree-plane3-spine01--swp26@sw-hardwarefree-plane3-leaf04"] will be created
  + resource "netris_link" "ew_switch_links" {
      + id       = (known after apply)
      + ports    = [
          + "swp14@sw-hardwarefree-plane3-spine01",
          + "swp26@sw-hardwarefree-plane3-leaf04",
        ]
      + underlay = "enabled"
    }

  # netris_link.ew_switch_links["swp14@sw-hardwarefree-plane3-spine02--swp30@sw-hardwarefree-plane3-leaf04"] will be created
  + resource "netris_link" "ew_switch_links" {
      + id       = (known after apply)
      + ports    = [
          + "swp14@sw-hardwarefree-plane3-spine02",
          + "swp30@sw-hardwarefree-plane3-leaf04",
        ]
      + underlay = "enabled"
    }

  # netris_link.ew_switch_links["swp14@sw-hardwarefree-plane4-spine01--swp26@sw-hardwarefree-plane4-leaf04"] will be created
  + resource "netris_link" "ew_switch_links" {
      + id       = (known after apply)
      + ports    = [
          + "swp14@sw-hardwarefree-plane4-spine01",
          + "swp26@sw-hardwarefree-plane4-leaf04",
        ]
      + underlay = "enabled"
    }

  # netris_link.ew_switch_links["swp14@sw-hardwarefree-plane4-spine02--swp30@sw-hardwarefree-plane4-leaf04"] will be created
  + resource "netris_link" "ew_switch_links" {
      + id       = (known after apply)
      + ports    = [
          + "swp14@sw-hardwarefree-plane4-spine02",
          + "swp30@sw-hardwarefree-plane4-leaf04",
        ]
      + underlay = "enabled"
    }

  # netris_link.ew_switch_links["swp15@sw-hardwarefree-plane1-spine01--swp27@sw-hardwarefree-plane1-leaf04"] will be created
  + resource "netris_link" "ew_switch_links" {
      + id       = (known after apply)
      + ports    = [
          + "swp15@sw-hardwarefree-plane1-spine01",
          + "swp27@sw-hardwarefree-plane1-leaf04",
        ]
      + underlay = "enabled"
    }

  # netris_link.ew_switch_links["swp15@sw-hardwarefree-plane1-spine02--swp31@sw-hardwarefree-plane1-leaf04"] will be created
  + resource "netris_link" "ew_switch_links" {
      + id       = (known after apply)
      + ports    = [
          + "swp15@sw-hardwarefree-plane1-spine02",
          + "swp31@sw-hardwarefree-plane1-leaf04",
        ]
      + underlay = "enabled"
    }

  # netris_link.ew_switch_links["swp15@sw-hardwarefree-plane2-spine01--swp27@sw-hardwarefree-plane2-leaf04"] will be created
  + resource "netris_link" "ew_switch_links" {
      + id       = (known after apply)
      + ports    = [
          + "swp15@sw-hardwarefree-plane2-spine01",
          + "swp27@sw-hardwarefree-plane2-leaf04",
        ]
      + underlay = "enabled"
    }

  # netris_link.ew_switch_links["swp15@sw-hardwarefree-plane2-spine02--swp31@sw-hardwarefree-plane2-leaf04"] will be created
  + resource "netris_link" "ew_switch_links" {
      + id       = (known after apply)
      + ports    = [
          + "swp15@sw-hardwarefree-plane2-spine02",
          + "swp31@sw-hardwarefree-plane2-leaf04",
        ]
      + underlay = "enabled"
    }

  # netris_link.ew_switch_links["swp15@sw-hardwarefree-plane3-spine01--swp27@sw-hardwarefree-plane3-leaf04"] will be created
  + resource "netris_link" "ew_switch_links" {
      + id       = (known after apply)
      + ports    = [
          + "swp15@sw-hardwarefree-plane3-spine01",
          + "swp27@sw-hardwarefree-plane3-leaf04",
        ]
      + underlay = "enabled"
    }

  # netris_link.ew_switch_links["swp15@sw-hardwarefree-plane3-spine02--swp31@sw-hardwarefree-plane3-leaf04"] will be created
  + resource "netris_link" "ew_switch_links" {
      + id       = (known after apply)
      + ports    = [
          + "swp15@sw-hardwarefree-plane3-spine02",
          + "swp31@sw-hardwarefree-plane3-leaf04",
        ]
      + underlay = "enabled"
    }

  # netris_link.ew_switch_links["swp15@sw-hardwarefree-plane4-spine01--swp27@sw-hardwarefree-plane4-leaf04"] will be created
  + resource "netris_link" "ew_switch_links" {
      + id       = (known after apply)
      + ports    = [
          + "swp15@sw-hardwarefree-plane4-spine01",
          + "swp27@sw-hardwarefree-plane4-leaf04",
        ]
      + underlay = "enabled"
    }

  # netris_link.ew_switch_links["swp15@sw-hardwarefree-plane4-spine02--swp31@sw-hardwarefree-plane4-leaf04"] will be created
  + resource "netris_link" "ew_switch_links" {
      + id       = (known after apply)
      + ports    = [
          + "swp15@sw-hardwarefree-plane4-spine02",
          + "swp31@sw-hardwarefree-plane4-leaf04",
        ]
      + underlay = "enabled"
    }

  # netris_link.ew_switch_links["swp16@sw-hardwarefree-plane1-spine01--swp28@sw-hardwarefree-plane1-leaf04"] will be created
  + resource "netris_link" "ew_switch_links" {
      + id       = (known after apply)
      + ports    = [
          + "swp16@sw-hardwarefree-plane1-spine01",
          + "swp28@sw-hardwarefree-plane1-leaf04",
        ]
      + underlay = "enabled"
    }

  # netris_link.ew_switch_links["swp16@sw-hardwarefree-plane1-spine02--swp32@sw-hardwarefree-plane1-leaf04"] will be created
  + resource "netris_link" "ew_switch_links" {
      + id       = (known after apply)
      + ports    = [
          + "swp16@sw-hardwarefree-plane1-spine02",
          + "swp32@sw-hardwarefree-plane1-leaf04",
        ]
      + underlay = "enabled"
    }

  # netris_link.ew_switch_links["swp16@sw-hardwarefree-plane2-spine01--swp28@sw-hardwarefree-plane2-leaf04"] will be created
  + resource "netris_link" "ew_switch_links" {
      + id       = (known after apply)
      + ports    = [
          + "swp16@sw-hardwarefree-plane2-spine01",
          + "swp28@sw-hardwarefree-plane2-leaf04",
        ]
      + underlay = "enabled"
    }

  # netris_link.ew_switch_links["swp16@sw-hardwarefree-plane2-spine02--swp32@sw-hardwarefree-plane2-leaf04"] will be created
  + resource "netris_link" "ew_switch_links" {
      + id       = (known after apply)
      + ports    = [
          + "swp16@sw-hardwarefree-plane2-spine02",
          + "swp32@sw-hardwarefree-plane2-leaf04",
        ]
      + underlay = "enabled"
    }

  # netris_link.ew_switch_links["swp16@sw-hardwarefree-plane3-spine01--swp28@sw-hardwarefree-plane3-leaf04"] will be created
  + resource "netris_link" "ew_switch_links" {
      + id       = (known after apply)
      + ports    = [
          + "swp16@sw-hardwarefree-plane3-spine01",
          + "swp28@sw-hardwarefree-plane3-leaf04",
        ]
      + underlay = "enabled"
    }

  # netris_link.ew_switch_links["swp16@sw-hardwarefree-plane3-spine02--swp32@sw-hardwarefree-plane3-leaf04"] will be created
  + resource "netris_link" "ew_switch_links" {
      + id       = (known after apply)
      + ports    = [
          + "swp16@sw-hardwarefree-plane3-spine02",
          + "swp32@sw-hardwarefree-plane3-leaf04",
        ]
      + underlay = "enabled"
    }

  # netris_link.ew_switch_links["swp16@sw-hardwarefree-plane4-spine01--swp28@sw-hardwarefree-plane4-leaf04"] will be created
  + resource "netris_link" "ew_switch_links" {
      + id       = (known after apply)
      + ports    = [
          + "swp16@sw-hardwarefree-plane4-spine01",
          + "swp28@sw-hardwarefree-plane4-leaf04",
        ]
      + underlay = "enabled"
    }

  # netris_link.ew_switch_links["swp16@sw-hardwarefree-plane4-spine02--swp32@sw-hardwarefree-plane4-leaf04"] will be created
  + resource "netris_link" "ew_switch_links" {
      + id       = (known after apply)
      + ports    = [
          + "swp16@sw-hardwarefree-plane4-spine02",
          + "swp32@sw-hardwarefree-plane4-leaf04",
        ]
      + underlay = "enabled"
    }

  # netris_link.ew_switch_links["swp17@sw-hardwarefree-plane1-spine01--swp25@sw-hardwarefree-plane1-leaf05"] will be created
  + resource "netris_link" "ew_switch_links" {
      + id       = (known after apply)
      + ports    = [
          + "swp17@sw-hardwarefree-plane1-spine01",
          + "swp25@sw-hardwarefree-plane1-leaf05",
        ]
      + underlay = "enabled"
    }

  # netris_link.ew_switch_links["swp17@sw-hardwarefree-plane1-spine02--swp29@sw-hardwarefree-plane1-leaf05"] will be created
  + resource "netris_link" "ew_switch_links" {
      + id       = (known after apply)
      + ports    = [
          + "swp17@sw-hardwarefree-plane1-spine02",
          + "swp29@sw-hardwarefree-plane1-leaf05",
        ]
      + underlay = "enabled"
    }

  # netris_link.ew_switch_links["swp17@sw-hardwarefree-plane2-spine01--swp25@sw-hardwarefree-plane2-leaf05"] will be created
  + resource "netris_link" "ew_switch_links" {
      + id       = (known after apply)
      + ports    = [
          + "swp17@sw-hardwarefree-plane2-spine01",
          + "swp25@sw-hardwarefree-plane2-leaf05",
        ]
      + underlay = "enabled"
    }

  # netris_link.ew_switch_links["swp17@sw-hardwarefree-plane2-spine02--swp29@sw-hardwarefree-plane2-leaf05"] will be created
  + resource "netris_link" "ew_switch_links" {
      + id       = (known after apply)
      + ports    = [
          + "swp17@sw-hardwarefree-plane2-spine02",
          + "swp29@sw-hardwarefree-plane2-leaf05",
        ]
      + underlay = "enabled"
    }

  # netris_link.ew_switch_links["swp17@sw-hardwarefree-plane3-spine01--swp25@sw-hardwarefree-plane3-leaf05"] will be created
  + resource "netris_link" "ew_switch_links" {
      + id       = (known after apply)
      + ports    = [
          + "swp17@sw-hardwarefree-plane3-spine01",
          + "swp25@sw-hardwarefree-plane3-leaf05",
        ]
      + underlay = "enabled"
    }

  # netris_link.ew_switch_links["swp17@sw-hardwarefree-plane3-spine02--swp29@sw-hardwarefree-plane3-leaf05"] will be created
  + resource "netris_link" "ew_switch_links" {
      + id       = (known after apply)
      + ports    = [
          + "swp17@sw-hardwarefree-plane3-spine02",
          + "swp29@sw-hardwarefree-plane3-leaf05",
        ]
      + underlay = "enabled"
    }

  # netris_link.ew_switch_links["swp17@sw-hardwarefree-plane4-spine01--swp25@sw-hardwarefree-plane4-leaf05"] will be created
  + resource "netris_link" "ew_switch_links" {
      + id       = (known after apply)
      + ports    = [
          + "swp17@sw-hardwarefree-plane4-spine01",
          + "swp25@sw-hardwarefree-plane4-leaf05",
        ]
      + underlay = "enabled"
    }

  # netris_link.ew_switch_links["swp17@sw-hardwarefree-plane4-spine02--swp29@sw-hardwarefree-plane4-leaf05"] will be created
  + resource "netris_link" "ew_switch_links" {
      + id       = (known after apply)
      + ports    = [
          + "swp17@sw-hardwarefree-plane4-spine02",
          + "swp29@sw-hardwarefree-plane4-leaf05",
        ]
      + underlay = "enabled"
    }

  # netris_link.ew_switch_links["swp18@sw-hardwarefree-plane1-spine01--swp26@sw-hardwarefree-plane1-leaf05"] will be created
  + resource "netris_link" "ew_switch_links" {
      + id       = (known after apply)
      + ports    = [
          + "swp18@sw-hardwarefree-plane1-spine01",
          + "swp26@sw-hardwarefree-plane1-leaf05",
        ]
      + underlay = "enabled"
    }

  # netris_link.ew_switch_links["swp18@sw-hardwarefree-plane1-spine02--swp30@sw-hardwarefree-plane1-leaf05"] will be created
  + resource "netris_link" "ew_switch_links" {
      + id       = (known after apply)
      + ports    = [
          + "swp18@sw-hardwarefree-plane1-spine02",
          + "swp30@sw-hardwarefree-plane1-leaf05",
        ]
      + underlay = "enabled"
    }

  # netris_link.ew_switch_links["swp18@sw-hardwarefree-plane2-spine01--swp26@sw-hardwarefree-plane2-leaf05"] will be created
  + resource "netris_link" "ew_switch_links" {
      + id       = (known after apply)
      + ports    = [
          + "swp18@sw-hardwarefree-plane2-spine01",
          + "swp26@sw-hardwarefree-plane2-leaf05",
        ]
      + underlay = "enabled"
    }

  # netris_link.ew_switch_links["swp18@sw-hardwarefree-plane2-spine02--swp30@sw-hardwarefree-plane2-leaf05"] will be created
  + resource "netris_link" "ew_switch_links" {
      + id       = (known after apply)
      + ports    = [
          + "swp18@sw-hardwarefree-plane2-spine02",
          + "swp30@sw-hardwarefree-plane2-leaf05",
        ]
      + underlay = "enabled"
    }

  # netris_link.ew_switch_links["swp18@sw-hardwarefree-plane3-spine01--swp26@sw-hardwarefree-plane3-leaf05"] will be created
  + resource "netris_link" "ew_switch_links" {
      + id       = (known after apply)
      + ports    = [
          + "swp18@sw-hardwarefree-plane3-spine01",
          + "swp26@sw-hardwarefree-plane3-leaf05",
        ]
      + underlay = "enabled"
    }

  # netris_link.ew_switch_links["swp18@sw-hardwarefree-plane3-spine02--swp30@sw-hardwarefree-plane3-leaf05"] will be created
  + resource "netris_link" "ew_switch_links" {
      + id       = (known after apply)
      + ports    = [
          + "swp18@sw-hardwarefree-plane3-spine02",
          + "swp30@sw-hardwarefree-plane3-leaf05",
        ]
      + underlay = "enabled"
    }

  # netris_link.ew_switch_links["swp18@sw-hardwarefree-plane4-spine01--swp26@sw-hardwarefree-plane4-leaf05"] will be created
  + resource "netris_link" "ew_switch_links" {
      + id       = (known after apply)
      + ports    = [
          + "swp18@sw-hardwarefree-plane4-spine01",
          + "swp26@sw-hardwarefree-plane4-leaf05",
        ]
      + underlay = "enabled"
    }

  # netris_link.ew_switch_links["swp18@sw-hardwarefree-plane4-spine02--swp30@sw-hardwarefree-plane4-leaf05"] will be created
  + resource "netris_link" "ew_switch_links" {
      + id       = (known after apply)
      + ports    = [
          + "swp18@sw-hardwarefree-plane4-spine02",
          + "swp30@sw-hardwarefree-plane4-leaf05",
        ]
      + underlay = "enabled"
    }

  # netris_link.ew_switch_links["swp19@sw-hardwarefree-plane1-spine01--swp27@sw-hardwarefree-plane1-leaf05"] will be created
  + resource "netris_link" "ew_switch_links" {
      + id       = (known after apply)
      + ports    = [
          + "swp19@sw-hardwarefree-plane1-spine01",
          + "swp27@sw-hardwarefree-plane1-leaf05",
        ]
      + underlay = "enabled"
    }

  # netris_link.ew_switch_links["swp19@sw-hardwarefree-plane1-spine02--swp31@sw-hardwarefree-plane1-leaf05"] will be created
  + resource "netris_link" "ew_switch_links" {
      + id       = (known after apply)
      + ports    = [
          + "swp19@sw-hardwarefree-plane1-spine02",
          + "swp31@sw-hardwarefree-plane1-leaf05",
        ]
      + underlay = "enabled"
    }

  # netris_link.ew_switch_links["swp19@sw-hardwarefree-plane2-spine01--swp27@sw-hardwarefree-plane2-leaf05"] will be created
  + resource "netris_link" "ew_switch_links" {
      + id       = (known after apply)
      + ports    = [
          + "swp19@sw-hardwarefree-plane2-spine01",
          + "swp27@sw-hardwarefree-plane2-leaf05",
        ]
      + underlay = "enabled"
    }

  # netris_link.ew_switch_links["swp19@sw-hardwarefree-plane2-spine02--swp31@sw-hardwarefree-plane2-leaf05"] will be created
  + resource "netris_link" "ew_switch_links" {
      + id       = (known after apply)
      + ports    = [
          + "swp19@sw-hardwarefree-plane2-spine02",
          + "swp31@sw-hardwarefree-plane2-leaf05",
        ]
      + underlay = "enabled"
    }

  # netris_link.ew_switch_links["swp19@sw-hardwarefree-plane3-spine01--swp27@sw-hardwarefree-plane3-leaf05"] will be created
  + resource "netris_link" "ew_switch_links" {
      + id       = (known after apply)
      + ports    = [
          + "swp19@sw-hardwarefree-plane3-spine01",
          + "swp27@sw-hardwarefree-plane3-leaf05",
        ]
      + underlay = "enabled"
    }

  # netris_link.ew_switch_links["swp19@sw-hardwarefree-plane3-spine02--swp31@sw-hardwarefree-plane3-leaf05"] will be created
  + resource "netris_link" "ew_switch_links" {
      + id       = (known after apply)
      + ports    = [
          + "swp19@sw-hardwarefree-plane3-spine02",
          + "swp31@sw-hardwarefree-plane3-leaf05",
        ]
      + underlay = "enabled"
    }

  # netris_link.ew_switch_links["swp19@sw-hardwarefree-plane4-spine01--swp27@sw-hardwarefree-plane4-leaf05"] will be created
  + resource "netris_link" "ew_switch_links" {
      + id       = (known after apply)
      + ports    = [
          + "swp19@sw-hardwarefree-plane4-spine01",
          + "swp27@sw-hardwarefree-plane4-leaf05",
        ]
      + underlay = "enabled"
    }

  # netris_link.ew_switch_links["swp19@sw-hardwarefree-plane4-spine02--swp31@sw-hardwarefree-plane4-leaf05"] will be created
  + resource "netris_link" "ew_switch_links" {
      + id       = (known after apply)
      + ports    = [
          + "swp19@sw-hardwarefree-plane4-spine02",
          + "swp31@sw-hardwarefree-plane4-leaf05",
        ]
      + underlay = "enabled"
    }

  # netris_link.ew_switch_links["swp1@sw-hardwarefree-plane1-spine01--swp25@sw-hardwarefree-plane1-leaf01"] will be created
  + resource "netris_link" "ew_switch_links" {
      + id       = (known after apply)
      + ports    = [
          + "swp1@sw-hardwarefree-plane1-spine01",
          + "swp25@sw-hardwarefree-plane1-leaf01",
        ]
      + underlay = "enabled"
    }

  # netris_link.ew_switch_links["swp1@sw-hardwarefree-plane1-spine02--swp29@sw-hardwarefree-plane1-leaf01"] will be created
  + resource "netris_link" "ew_switch_links" {
      + id       = (known after apply)
      + ports    = [
          + "swp1@sw-hardwarefree-plane1-spine02",
          + "swp29@sw-hardwarefree-plane1-leaf01",
        ]
      + underlay = "enabled"
    }

  # netris_link.ew_switch_links["swp1@sw-hardwarefree-plane2-spine01--swp25@sw-hardwarefree-plane2-leaf01"] will be created
  + resource "netris_link" "ew_switch_links" {
      + id       = (known after apply)
      + ports    = [
          + "swp1@sw-hardwarefree-plane2-spine01",
          + "swp25@sw-hardwarefree-plane2-leaf01",
        ]
      + underlay = "enabled"
    }

  # netris_link.ew_switch_links["swp1@sw-hardwarefree-plane2-spine02--swp29@sw-hardwarefree-plane2-leaf01"] will be created
  + resource "netris_link" "ew_switch_links" {
      + id       = (known after apply)
      + ports    = [
          + "swp1@sw-hardwarefree-plane2-spine02",
          + "swp29@sw-hardwarefree-plane2-leaf01",
        ]
      + underlay = "enabled"
    }

  # netris_link.ew_switch_links["swp1@sw-hardwarefree-plane3-spine01--swp25@sw-hardwarefree-plane3-leaf01"] will be created
  + resource "netris_link" "ew_switch_links" {
      + id       = (known after apply)
      + ports    = [
          + "swp1@sw-hardwarefree-plane3-spine01",
          + "swp25@sw-hardwarefree-plane3-leaf01",
        ]
      + underlay = "enabled"
    }

  # netris_link.ew_switch_links["swp1@sw-hardwarefree-plane3-spine02--swp29@sw-hardwarefree-plane3-leaf01"] will be created
  + resource "netris_link" "ew_switch_links" {
      + id       = (known after apply)
      + ports    = [
          + "swp1@sw-hardwarefree-plane3-spine02",
          + "swp29@sw-hardwarefree-plane3-leaf01",
        ]
      + underlay = "enabled"
    }

  # netris_link.ew_switch_links["swp1@sw-hardwarefree-plane4-spine01--swp25@sw-hardwarefree-plane4-leaf01"] will be created
  + resource "netris_link" "ew_switch_links" {
      + id       = (known after apply)
      + ports    = [
          + "swp1@sw-hardwarefree-plane4-spine01",
          + "swp25@sw-hardwarefree-plane4-leaf01",
        ]
      + underlay = "enabled"
    }

  # netris_link.ew_switch_links["swp1@sw-hardwarefree-plane4-spine02--swp29@sw-hardwarefree-plane4-leaf01"] will be created
  + resource "netris_link" "ew_switch_links" {
      + id       = (known after apply)
      + ports    = [
          + "swp1@sw-hardwarefree-plane4-spine02",
          + "swp29@sw-hardwarefree-plane4-leaf01",
        ]
      + underlay = "enabled"
    }

  # netris_link.ew_switch_links["swp20@sw-hardwarefree-plane1-spine01--swp28@sw-hardwarefree-plane1-leaf05"] will be created
  + resource "netris_link" "ew_switch_links" {
      + id       = (known after apply)
      + ports    = [
          + "swp20@sw-hardwarefree-plane1-spine01",
          + "swp28@sw-hardwarefree-plane1-leaf05",
        ]
      + underlay = "enabled"
    }

  # netris_link.ew_switch_links["swp20@sw-hardwarefree-plane1-spine02--swp32@sw-hardwarefree-plane1-leaf05"] will be created
  + resource "netris_link" "ew_switch_links" {
      + id       = (known after apply)
      + ports    = [
          + "swp20@sw-hardwarefree-plane1-spine02",
          + "swp32@sw-hardwarefree-plane1-leaf05",
        ]
      + underlay = "enabled"
    }

  # netris_link.ew_switch_links["swp20@sw-hardwarefree-plane2-spine01--swp28@sw-hardwarefree-plane2-leaf05"] will be created
  + resource "netris_link" "ew_switch_links" {
      + id       = (known after apply)
      + ports    = [
          + "swp20@sw-hardwarefree-plane2-spine01",
          + "swp28@sw-hardwarefree-plane2-leaf05",
        ]
      + underlay = "enabled"
    }

  # netris_link.ew_switch_links["swp20@sw-hardwarefree-plane2-spine02--swp32@sw-hardwarefree-plane2-leaf05"] will be created
  + resource "netris_link" "ew_switch_links" {
      + id       = (known after apply)
      + ports    = [
          + "swp20@sw-hardwarefree-plane2-spine02",
          + "swp32@sw-hardwarefree-plane2-leaf05",
        ]
      + underlay = "enabled"
    }

  # netris_link.ew_switch_links["swp20@sw-hardwarefree-plane3-spine01--swp28@sw-hardwarefree-plane3-leaf05"] will be created
  + resource "netris_link" "ew_switch_links" {
      + id       = (known after apply)
      + ports    = [
          + "swp20@sw-hardwarefree-plane3-spine01",
          + "swp28@sw-hardwarefree-plane3-leaf05",
        ]
      + underlay = "enabled"
    }

  # netris_link.ew_switch_links["swp20@sw-hardwarefree-plane3-spine02--swp32@sw-hardwarefree-plane3-leaf05"] will be created
  + resource "netris_link" "ew_switch_links" {
      + id       = (known after apply)
      + ports    = [
          + "swp20@sw-hardwarefree-plane3-spine02",
          + "swp32@sw-hardwarefree-plane3-leaf05",
        ]
      + underlay = "enabled"
    }

  # netris_link.ew_switch_links["swp20@sw-hardwarefree-plane4-spine01--swp28@sw-hardwarefree-plane4-leaf05"] will be created
  + resource "netris_link" "ew_switch_links" {
      + id       = (known after apply)
      + ports    = [
          + "swp20@sw-hardwarefree-plane4-spine01",
          + "swp28@sw-hardwarefree-plane4-leaf05",
        ]
      + underlay = "enabled"
    }

  # netris_link.ew_switch_links["swp20@sw-hardwarefree-plane4-spine02--swp32@sw-hardwarefree-plane4-leaf05"] will be created
  + resource "netris_link" "ew_switch_links" {
      + id       = (known after apply)
      + ports    = [
          + "swp20@sw-hardwarefree-plane4-spine02",
          + "swp32@sw-hardwarefree-plane4-leaf05",
        ]
      + underlay = "enabled"
    }

  # netris_link.ew_switch_links["swp21@sw-hardwarefree-plane1-spine01--swp25@sw-hardwarefree-plane1-leaf06"] will be created
  + resource "netris_link" "ew_switch_links" {
      + id       = (known after apply)
      + ports    = [
          + "swp21@sw-hardwarefree-plane1-spine01",
          + "swp25@sw-hardwarefree-plane1-leaf06",
        ]
      + underlay = "enabled"
    }

  # netris_link.ew_switch_links["swp21@sw-hardwarefree-plane1-spine02--swp29@sw-hardwarefree-plane1-leaf06"] will be created
  + resource "netris_link" "ew_switch_links" {
      + id       = (known after apply)
      + ports    = [
          + "swp21@sw-hardwarefree-plane1-spine02",
          + "swp29@sw-hardwarefree-plane1-leaf06",
        ]
      + underlay = "enabled"
    }

  # netris_link.ew_switch_links["swp21@sw-hardwarefree-plane2-spine01--swp25@sw-hardwarefree-plane2-leaf06"] will be created
  + resource "netris_link" "ew_switch_links" {
      + id       = (known after apply)
      + ports    = [
          + "swp21@sw-hardwarefree-plane2-spine01",
          + "swp25@sw-hardwarefree-plane2-leaf06",
        ]
      + underlay = "enabled"
    }

  # netris_link.ew_switch_links["swp21@sw-hardwarefree-plane2-spine02--swp29@sw-hardwarefree-plane2-leaf06"] will be created
  + resource "netris_link" "ew_switch_links" {
      + id       = (known after apply)
      + ports    = [
          + "swp21@sw-hardwarefree-plane2-spine02",
          + "swp29@sw-hardwarefree-plane2-leaf06",
        ]
      + underlay = "enabled"
    }

  # netris_link.ew_switch_links["swp21@sw-hardwarefree-plane3-spine01--swp25@sw-hardwarefree-plane3-leaf06"] will be created
  + resource "netris_link" "ew_switch_links" {
      + id       = (known after apply)
      + ports    = [
          + "swp21@sw-hardwarefree-plane3-spine01",
          + "swp25@sw-hardwarefree-plane3-leaf06",
        ]
      + underlay = "enabled"
    }

  # netris_link.ew_switch_links["swp21@sw-hardwarefree-plane3-spine02--swp29@sw-hardwarefree-plane3-leaf06"] will be created
  + resource "netris_link" "ew_switch_links" {
      + id       = (known after apply)
      + ports    = [
          + "swp21@sw-hardwarefree-plane3-spine02",
          + "swp29@sw-hardwarefree-plane3-leaf06",
        ]
      + underlay = "enabled"
    }

  # netris_link.ew_switch_links["swp21@sw-hardwarefree-plane4-spine01--swp25@sw-hardwarefree-plane4-leaf06"] will be created
  + resource "netris_link" "ew_switch_links" {
      + id       = (known after apply)
      + ports    = [
          + "swp21@sw-hardwarefree-plane4-spine01",
          + "swp25@sw-hardwarefree-plane4-leaf06",
        ]
      + underlay = "enabled"
    }

  # netris_link.ew_switch_links["swp21@sw-hardwarefree-plane4-spine02--swp29@sw-hardwarefree-plane4-leaf06"] will be created
  + resource "netris_link" "ew_switch_links" {
      + id       = (known after apply)
      + ports    = [
          + "swp21@sw-hardwarefree-plane4-spine02",
          + "swp29@sw-hardwarefree-plane4-leaf06",
        ]
      + underlay = "enabled"
    }

  # netris_link.ew_switch_links["swp22@sw-hardwarefree-plane1-spine01--swp26@sw-hardwarefree-plane1-leaf06"] will be created
  + resource "netris_link" "ew_switch_links" {
      + id       = (known after apply)
      + ports    = [
          + "swp22@sw-hardwarefree-plane1-spine01",
          + "swp26@sw-hardwarefree-plane1-leaf06",
        ]
      + underlay = "enabled"
    }

  # netris_link.ew_switch_links["swp22@sw-hardwarefree-plane1-spine02--swp30@sw-hardwarefree-plane1-leaf06"] will be created
  + resource "netris_link" "ew_switch_links" {
      + id       = (known after apply)
      + ports    = [
          + "swp22@sw-hardwarefree-plane1-spine02",
          + "swp30@sw-hardwarefree-plane1-leaf06",
        ]
      + underlay = "enabled"
    }

  # netris_link.ew_switch_links["swp22@sw-hardwarefree-plane2-spine01--swp26@sw-hardwarefree-plane2-leaf06"] will be created
  + resource "netris_link" "ew_switch_links" {
      + id       = (known after apply)
      + ports    = [
          + "swp22@sw-hardwarefree-plane2-spine01",
          + "swp26@sw-hardwarefree-plane2-leaf06",
        ]
      + underlay = "enabled"
    }

  # netris_link.ew_switch_links["swp22@sw-hardwarefree-plane2-spine02--swp30@sw-hardwarefree-plane2-leaf06"] will be created
  + resource "netris_link" "ew_switch_links" {
      + id       = (known after apply)
      + ports    = [
          + "swp22@sw-hardwarefree-plane2-spine02",
          + "swp30@sw-hardwarefree-plane2-leaf06",
        ]
      + underlay = "enabled"
    }

  # netris_link.ew_switch_links["swp22@sw-hardwarefree-plane3-spine01--swp26@sw-hardwarefree-plane3-leaf06"] will be created
  + resource "netris_link" "ew_switch_links" {
      + id       = (known after apply)
      + ports    = [
          + "swp22@sw-hardwarefree-plane3-spine01",
          + "swp26@sw-hardwarefree-plane3-leaf06",
        ]
      + underlay = "enabled"
    }

  # netris_link.ew_switch_links["swp22@sw-hardwarefree-plane3-spine02--swp30@sw-hardwarefree-plane3-leaf06"] will be created
  + resource "netris_link" "ew_switch_links" {
      + id       = (known after apply)
      + ports    = [
          + "swp22@sw-hardwarefree-plane3-spine02",
          + "swp30@sw-hardwarefree-plane3-leaf06",
        ]
      + underlay = "enabled"
    }

  # netris_link.ew_switch_links["swp22@sw-hardwarefree-plane4-spine01--swp26@sw-hardwarefree-plane4-leaf06"] will be created
  + resource "netris_link" "ew_switch_links" {
      + id       = (known after apply)
      + ports    = [
          + "swp22@sw-hardwarefree-plane4-spine01",
          + "swp26@sw-hardwarefree-plane4-leaf06",
        ]
      + underlay = "enabled"
    }

  # netris_link.ew_switch_links["swp22@sw-hardwarefree-plane4-spine02--swp30@sw-hardwarefree-plane4-leaf06"] will be created
  + resource "netris_link" "ew_switch_links" {
      + id       = (known after apply)
      + ports    = [
          + "swp22@sw-hardwarefree-plane4-spine02",
          + "swp30@sw-hardwarefree-plane4-leaf06",
        ]
      + underlay = "enabled"
    }

  # netris_link.ew_switch_links["swp23@sw-hardwarefree-plane1-spine01--swp27@sw-hardwarefree-plane1-leaf06"] will be created
  + resource "netris_link" "ew_switch_links" {
      + id       = (known after apply)
      + ports    = [
          + "swp23@sw-hardwarefree-plane1-spine01",
          + "swp27@sw-hardwarefree-plane1-leaf06",
        ]
      + underlay = "enabled"
    }

  # netris_link.ew_switch_links["swp23@sw-hardwarefree-plane1-spine02--swp31@sw-hardwarefree-plane1-leaf06"] will be created
  + resource "netris_link" "ew_switch_links" {
      + id       = (known after apply)
      + ports    = [
          + "swp23@sw-hardwarefree-plane1-spine02",
          + "swp31@sw-hardwarefree-plane1-leaf06",
        ]
      + underlay = "enabled"
    }

  # netris_link.ew_switch_links["swp23@sw-hardwarefree-plane2-spine01--swp27@sw-hardwarefree-plane2-leaf06"] will be created
  + resource "netris_link" "ew_switch_links" {
      + id       = (known after apply)
      + ports    = [
          + "swp23@sw-hardwarefree-plane2-spine01",
          + "swp27@sw-hardwarefree-plane2-leaf06",
        ]
      + underlay = "enabled"
    }

  # netris_link.ew_switch_links["swp23@sw-hardwarefree-plane2-spine02--swp31@sw-hardwarefree-plane2-leaf06"] will be created
  + resource "netris_link" "ew_switch_links" {
      + id       = (known after apply)
      + ports    = [
          + "swp23@sw-hardwarefree-plane2-spine02",
          + "swp31@sw-hardwarefree-plane2-leaf06",
        ]
      + underlay = "enabled"
    }

  # netris_link.ew_switch_links["swp23@sw-hardwarefree-plane3-spine01--swp27@sw-hardwarefree-plane3-leaf06"] will be created
  + resource "netris_link" "ew_switch_links" {
      + id       = (known after apply)
      + ports    = [
          + "swp23@sw-hardwarefree-plane3-spine01",
          + "swp27@sw-hardwarefree-plane3-leaf06",
        ]
      + underlay = "enabled"
    }

  # netris_link.ew_switch_links["swp23@sw-hardwarefree-plane3-spine02--swp31@sw-hardwarefree-plane3-leaf06"] will be created
  + resource "netris_link" "ew_switch_links" {
      + id       = (known after apply)
      + ports    = [
          + "swp23@sw-hardwarefree-plane3-spine02",
          + "swp31@sw-hardwarefree-plane3-leaf06",
        ]
      + underlay = "enabled"
    }

  # netris_link.ew_switch_links["swp23@sw-hardwarefree-plane4-spine01--swp27@sw-hardwarefree-plane4-leaf06"] will be created
  + resource "netris_link" "ew_switch_links" {
      + id       = (known after apply)
      + ports    = [
          + "swp23@sw-hardwarefree-plane4-spine01",
          + "swp27@sw-hardwarefree-plane4-leaf06",
        ]
      + underlay = "enabled"
    }

  # netris_link.ew_switch_links["swp23@sw-hardwarefree-plane4-spine02--swp31@sw-hardwarefree-plane4-leaf06"] will be created
  + resource "netris_link" "ew_switch_links" {
      + id       = (known after apply)
      + ports    = [
          + "swp23@sw-hardwarefree-plane4-spine02",
          + "swp31@sw-hardwarefree-plane4-leaf06",
        ]
      + underlay = "enabled"
    }

  # netris_link.ew_switch_links["swp24@sw-hardwarefree-plane1-spine01--swp28@sw-hardwarefree-plane1-leaf06"] will be created
  + resource "netris_link" "ew_switch_links" {
      + id       = (known after apply)
      + ports    = [
          + "swp24@sw-hardwarefree-plane1-spine01",
          + "swp28@sw-hardwarefree-plane1-leaf06",
        ]
      + underlay = "enabled"
    }

  # netris_link.ew_switch_links["swp24@sw-hardwarefree-plane1-spine02--swp32@sw-hardwarefree-plane1-leaf06"] will be created
  + resource "netris_link" "ew_switch_links" {
      + id       = (known after apply)
      + ports    = [
          + "swp24@sw-hardwarefree-plane1-spine02",
          + "swp32@sw-hardwarefree-plane1-leaf06",
        ]
      + underlay = "enabled"
    }

  # netris_link.ew_switch_links["swp24@sw-hardwarefree-plane2-spine01--swp28@sw-hardwarefree-plane2-leaf06"] will be created
  + resource "netris_link" "ew_switch_links" {
      + id       = (known after apply)
      + ports    = [
          + "swp24@sw-hardwarefree-plane2-spine01",
          + "swp28@sw-hardwarefree-plane2-leaf06",
        ]
      + underlay = "enabled"
    }

  # netris_link.ew_switch_links["swp24@sw-hardwarefree-plane2-spine02--swp32@sw-hardwarefree-plane2-leaf06"] will be created
  + resource "netris_link" "ew_switch_links" {
      + id       = (known after apply)
      + ports    = [
          + "swp24@sw-hardwarefree-plane2-spine02",
          + "swp32@sw-hardwarefree-plane2-leaf06",
        ]
      + underlay = "enabled"
    }

  # netris_link.ew_switch_links["swp24@sw-hardwarefree-plane3-spine01--swp28@sw-hardwarefree-plane3-leaf06"] will be created
  + resource "netris_link" "ew_switch_links" {
      + id       = (known after apply)
      + ports    = [
          + "swp24@sw-hardwarefree-plane3-spine01",
          + "swp28@sw-hardwarefree-plane3-leaf06",
        ]
      + underlay = "enabled"
    }

  # netris_link.ew_switch_links["swp24@sw-hardwarefree-plane3-spine02--swp32@sw-hardwarefree-plane3-leaf06"] will be created
  + resource "netris_link" "ew_switch_links" {
      + id       = (known after apply)
      + ports    = [
          + "swp24@sw-hardwarefree-plane3-spine02",
          + "swp32@sw-hardwarefree-plane3-leaf06",
        ]
      + underlay = "enabled"
    }

  # netris_link.ew_switch_links["swp24@sw-hardwarefree-plane4-spine01--swp28@sw-hardwarefree-plane4-leaf06"] will be created
  + resource "netris_link" "ew_switch_links" {
      + id       = (known after apply)
      + ports    = [
          + "swp24@sw-hardwarefree-plane4-spine01",
          + "swp28@sw-hardwarefree-plane4-leaf06",
        ]
      + underlay = "enabled"
    }

  # netris_link.ew_switch_links["swp24@sw-hardwarefree-plane4-spine02--swp32@sw-hardwarefree-plane4-leaf06"] will be created
  + resource "netris_link" "ew_switch_links" {
      + id       = (known after apply)
      + ports    = [
          + "swp24@sw-hardwarefree-plane4-spine02",
          + "swp32@sw-hardwarefree-plane4-leaf06",
        ]
      + underlay = "enabled"
    }

  # netris_link.ew_switch_links["swp25@sw-hardwarefree-plane1-spine01--swp25@sw-hardwarefree-plane1-leaf07"] will be created
  + resource "netris_link" "ew_switch_links" {
      + id       = (known after apply)
      + ports    = [
          + "swp25@sw-hardwarefree-plane1-spine01",
          + "swp25@sw-hardwarefree-plane1-leaf07",
        ]
      + underlay = "enabled"
    }

  # netris_link.ew_switch_links["swp25@sw-hardwarefree-plane1-spine02--swp29@sw-hardwarefree-plane1-leaf07"] will be created
  + resource "netris_link" "ew_switch_links" {
      + id       = (known after apply)
      + ports    = [
          + "swp25@sw-hardwarefree-plane1-spine02",
          + "swp29@sw-hardwarefree-plane1-leaf07",
        ]
      + underlay = "enabled"
    }

  # netris_link.ew_switch_links["swp25@sw-hardwarefree-plane2-spine01--swp25@sw-hardwarefree-plane2-leaf07"] will be created
  + resource "netris_link" "ew_switch_links" {
      + id       = (known after apply)
      + ports    = [
          + "swp25@sw-hardwarefree-plane2-spine01",
          + "swp25@sw-hardwarefree-plane2-leaf07",
        ]
      + underlay = "enabled"
    }

  # netris_link.ew_switch_links["swp25@sw-hardwarefree-plane2-spine02--swp29@sw-hardwarefree-plane2-leaf07"] will be created
  + resource "netris_link" "ew_switch_links" {
      + id       = (known after apply)
      + ports    = [
          + "swp25@sw-hardwarefree-plane2-spine02",
          + "swp29@sw-hardwarefree-plane2-leaf07",
        ]
      + underlay = "enabled"
    }

  # netris_link.ew_switch_links["swp25@sw-hardwarefree-plane3-spine01--swp25@sw-hardwarefree-plane3-leaf07"] will be created
  + resource "netris_link" "ew_switch_links" {
      + id       = (known after apply)
      + ports    = [
          + "swp25@sw-hardwarefree-plane3-spine01",
          + "swp25@sw-hardwarefree-plane3-leaf07",
        ]
      + underlay = "enabled"
    }

  # netris_link.ew_switch_links["swp25@sw-hardwarefree-plane3-spine02--swp29@sw-hardwarefree-plane3-leaf07"] will be created
  + resource "netris_link" "ew_switch_links" {
      + id       = (known after apply)
      + ports    = [
          + "swp25@sw-hardwarefree-plane3-spine02",
          + "swp29@sw-hardwarefree-plane3-leaf07",
        ]
      + underlay = "enabled"
    }

  # netris_link.ew_switch_links["swp25@sw-hardwarefree-plane4-spine01--swp25@sw-hardwarefree-plane4-leaf07"] will be created
  + resource "netris_link" "ew_switch_links" {
      + id       = (known after apply)
      + ports    = [
          + "swp25@sw-hardwarefree-plane4-spine01",
          + "swp25@sw-hardwarefree-plane4-leaf07",
        ]
      + underlay = "enabled"
    }

  # netris_link.ew_switch_links["swp25@sw-hardwarefree-plane4-spine02--swp29@sw-hardwarefree-plane4-leaf07"] will be created
  + resource "netris_link" "ew_switch_links" {
      + id       = (known after apply)
      + ports    = [
          + "swp25@sw-hardwarefree-plane4-spine02",
          + "swp29@sw-hardwarefree-plane4-leaf07",
        ]
      + underlay = "enabled"
    }

  # netris_link.ew_switch_links["swp26@sw-hardwarefree-plane1-spine01--swp26@sw-hardwarefree-plane1-leaf07"] will be created
  + resource "netris_link" "ew_switch_links" {
      + id       = (known after apply)
      + ports    = [
          + "swp26@sw-hardwarefree-plane1-spine01",
          + "swp26@sw-hardwarefree-plane1-leaf07",
        ]
      + underlay = "enabled"
    }

  # netris_link.ew_switch_links["swp26@sw-hardwarefree-plane1-spine02--swp30@sw-hardwarefree-plane1-leaf07"] will be created
  + resource "netris_link" "ew_switch_links" {
      + id       = (known after apply)
      + ports    = [
          + "swp26@sw-hardwarefree-plane1-spine02",
          + "swp30@sw-hardwarefree-plane1-leaf07",
        ]
      + underlay = "enabled"
    }

  # netris_link.ew_switch_links["swp26@sw-hardwarefree-plane2-spine01--swp26@sw-hardwarefree-plane2-leaf07"] will be created
  + resource "netris_link" "ew_switch_links" {
      + id       = (known after apply)
      + ports    = [
          + "swp26@sw-hardwarefree-plane2-spine01",
          + "swp26@sw-hardwarefree-plane2-leaf07",
        ]
      + underlay = "enabled"
    }

  # netris_link.ew_switch_links["swp26@sw-hardwarefree-plane2-spine02--swp30@sw-hardwarefree-plane2-leaf07"] will be created
  + resource "netris_link" "ew_switch_links" {
      + id       = (known after apply)
      + ports    = [
          + "swp26@sw-hardwarefree-plane2-spine02",
          + "swp30@sw-hardwarefree-plane2-leaf07",
        ]
      + underlay = "enabled"
    }

  # netris_link.ew_switch_links["swp26@sw-hardwarefree-plane3-spine01--swp26@sw-hardwarefree-plane3-leaf07"] will be created
  + resource "netris_link" "ew_switch_links" {
      + id       = (known after apply)
      + ports    = [
          + "swp26@sw-hardwarefree-plane3-spine01",
          + "swp26@sw-hardwarefree-plane3-leaf07",
        ]
      + underlay = "enabled"
    }

  # netris_link.ew_switch_links["swp26@sw-hardwarefree-plane3-spine02--swp30@sw-hardwarefree-plane3-leaf07"] will be created
  + resource "netris_link" "ew_switch_links" {
      + id       = (known after apply)
      + ports    = [
          + "swp26@sw-hardwarefree-plane3-spine02",
          + "swp30@sw-hardwarefree-plane3-leaf07",
        ]
      + underlay = "enabled"
    }

  # netris_link.ew_switch_links["swp26@sw-hardwarefree-plane4-spine01--swp26@sw-hardwarefree-plane4-leaf07"] will be created
  + resource "netris_link" "ew_switch_links" {
      + id       = (known after apply)
      + ports    = [
          + "swp26@sw-hardwarefree-plane4-spine01",
          + "swp26@sw-hardwarefree-plane4-leaf07",
        ]
      + underlay = "enabled"
    }

  # netris_link.ew_switch_links["swp26@sw-hardwarefree-plane4-spine02--swp30@sw-hardwarefree-plane4-leaf07"] will be created
  + resource "netris_link" "ew_switch_links" {
      + id       = (known after apply)
      + ports    = [
          + "swp26@sw-hardwarefree-plane4-spine02",
          + "swp30@sw-hardwarefree-plane4-leaf07",
        ]
      + underlay = "enabled"
    }

  # netris_link.ew_switch_links["swp27@sw-hardwarefree-plane1-spine01--swp27@sw-hardwarefree-plane1-leaf07"] will be created
  + resource "netris_link" "ew_switch_links" {
      + id       = (known after apply)
      + ports    = [
          + "swp27@sw-hardwarefree-plane1-spine01",
          + "swp27@sw-hardwarefree-plane1-leaf07",
        ]
      + underlay = "enabled"
    }

  # netris_link.ew_switch_links["swp27@sw-hardwarefree-plane1-spine02--swp31@sw-hardwarefree-plane1-leaf07"] will be created
  + resource "netris_link" "ew_switch_links" {
      + id       = (known after apply)
      + ports    = [
          + "swp27@sw-hardwarefree-plane1-spine02",
          + "swp31@sw-hardwarefree-plane1-leaf07",
        ]
      + underlay = "enabled"
    }

  # netris_link.ew_switch_links["swp27@sw-hardwarefree-plane2-spine01--swp27@sw-hardwarefree-plane2-leaf07"] will be created
  + resource "netris_link" "ew_switch_links" {
      + id       = (known after apply)
      + ports    = [
          + "swp27@sw-hardwarefree-plane2-spine01",
          + "swp27@sw-hardwarefree-plane2-leaf07",
        ]
      + underlay = "enabled"
    }

  # netris_link.ew_switch_links["swp27@sw-hardwarefree-plane2-spine02--swp31@sw-hardwarefree-plane2-leaf07"] will be created
  + resource "netris_link" "ew_switch_links" {
      + id       = (known after apply)
      + ports    = [
          + "swp27@sw-hardwarefree-plane2-spine02",
          + "swp31@sw-hardwarefree-plane2-leaf07",
        ]
      + underlay = "enabled"
    }

  # netris_link.ew_switch_links["swp27@sw-hardwarefree-plane3-spine01--swp27@sw-hardwarefree-plane3-leaf07"] will be created
  + resource "netris_link" "ew_switch_links" {
      + id       = (known after apply)
      + ports    = [
          + "swp27@sw-hardwarefree-plane3-spine01",
          + "swp27@sw-hardwarefree-plane3-leaf07",
        ]
      + underlay = "enabled"
    }

  # netris_link.ew_switch_links["swp27@sw-hardwarefree-plane3-spine02--swp31@sw-hardwarefree-plane3-leaf07"] will be created
  + resource "netris_link" "ew_switch_links" {
      + id       = (known after apply)
      + ports    = [
          + "swp27@sw-hardwarefree-plane3-spine02",
          + "swp31@sw-hardwarefree-plane3-leaf07",
        ]
      + underlay = "enabled"
    }

  # netris_link.ew_switch_links["swp27@sw-hardwarefree-plane4-spine01--swp27@sw-hardwarefree-plane4-leaf07"] will be created
  + resource "netris_link" "ew_switch_links" {
      + id       = (known after apply)
      + ports    = [
          + "swp27@sw-hardwarefree-plane4-spine01",
          + "swp27@sw-hardwarefree-plane4-leaf07",
        ]
      + underlay = "enabled"
    }

  # netris_link.ew_switch_links["swp27@sw-hardwarefree-plane4-spine02--swp31@sw-hardwarefree-plane4-leaf07"] will be created
  + resource "netris_link" "ew_switch_links" {
      + id       = (known after apply)
      + ports    = [
          + "swp27@sw-hardwarefree-plane4-spine02",
          + "swp31@sw-hardwarefree-plane4-leaf07",
        ]
      + underlay = "enabled"
    }

  # netris_link.ew_switch_links["swp28@sw-hardwarefree-plane1-spine01--swp28@sw-hardwarefree-plane1-leaf07"] will be created
  + resource "netris_link" "ew_switch_links" {
      + id       = (known after apply)
      + ports    = [
          + "swp28@sw-hardwarefree-plane1-spine01",
          + "swp28@sw-hardwarefree-plane1-leaf07",
        ]
      + underlay = "enabled"
    }

  # netris_link.ew_switch_links["swp28@sw-hardwarefree-plane1-spine02--swp32@sw-hardwarefree-plane1-leaf07"] will be created
  + resource "netris_link" "ew_switch_links" {
      + id       = (known after apply)
      + ports    = [
          + "swp28@sw-hardwarefree-plane1-spine02",
          + "swp32@sw-hardwarefree-plane1-leaf07",
        ]
      + underlay = "enabled"
    }

  # netris_link.ew_switch_links["swp28@sw-hardwarefree-plane2-spine01--swp28@sw-hardwarefree-plane2-leaf07"] will be created
  + resource "netris_link" "ew_switch_links" {
      + id       = (known after apply)
      + ports    = [
          + "swp28@sw-hardwarefree-plane2-spine01",
          + "swp28@sw-hardwarefree-plane2-leaf07",
        ]
      + underlay = "enabled"
    }

  # netris_link.ew_switch_links["swp28@sw-hardwarefree-plane2-spine02--swp32@sw-hardwarefree-plane2-leaf07"] will be created
  + resource "netris_link" "ew_switch_links" {
      + id       = (known after apply)
      + ports    = [
          + "swp28@sw-hardwarefree-plane2-spine02",
          + "swp32@sw-hardwarefree-plane2-leaf07",
        ]
      + underlay = "enabled"
    }

  # netris_link.ew_switch_links["swp28@sw-hardwarefree-plane3-spine01--swp28@sw-hardwarefree-plane3-leaf07"] will be created
  + resource "netris_link" "ew_switch_links" {
      + id       = (known after apply)
      + ports    = [
          + "swp28@sw-hardwarefree-plane3-spine01",
          + "swp28@sw-hardwarefree-plane3-leaf07",
        ]
      + underlay = "enabled"
    }

  # netris_link.ew_switch_links["swp28@sw-hardwarefree-plane3-spine02--swp32@sw-hardwarefree-plane3-leaf07"] will be created
  + resource "netris_link" "ew_switch_links" {
      + id       = (known after apply)
      + ports    = [
          + "swp28@sw-hardwarefree-plane3-spine02",
          + "swp32@sw-hardwarefree-plane3-leaf07",
        ]
      + underlay = "enabled"
    }

  # netris_link.ew_switch_links["swp28@sw-hardwarefree-plane4-spine01--swp28@sw-hardwarefree-plane4-leaf07"] will be created
  + resource "netris_link" "ew_switch_links" {
      + id       = (known after apply)
      + ports    = [
          + "swp28@sw-hardwarefree-plane4-spine01",
          + "swp28@sw-hardwarefree-plane4-leaf07",
        ]
      + underlay = "enabled"
    }

  # netris_link.ew_switch_links["swp28@sw-hardwarefree-plane4-spine02--swp32@sw-hardwarefree-plane4-leaf07"] will be created
  + resource "netris_link" "ew_switch_links" {
      + id       = (known after apply)
      + ports    = [
          + "swp28@sw-hardwarefree-plane4-spine02",
          + "swp32@sw-hardwarefree-plane4-leaf07",
        ]
      + underlay = "enabled"
    }

  # netris_link.ew_switch_links["swp29@sw-hardwarefree-plane1-spine01--swp25@sw-hardwarefree-plane1-leaf08"] will be created
  + resource "netris_link" "ew_switch_links" {
      + id       = (known after apply)
      + ports    = [
          + "swp29@sw-hardwarefree-plane1-spine01",
          + "swp25@sw-hardwarefree-plane1-leaf08",
        ]
      + underlay = "enabled"
    }

  # netris_link.ew_switch_links["swp29@sw-hardwarefree-plane1-spine02--swp29@sw-hardwarefree-plane1-leaf08"] will be created
  + resource "netris_link" "ew_switch_links" {
      + id       = (known after apply)
      + ports    = [
          + "swp29@sw-hardwarefree-plane1-spine02",
          + "swp29@sw-hardwarefree-plane1-leaf08",
        ]
      + underlay = "enabled"
    }

  # netris_link.ew_switch_links["swp29@sw-hardwarefree-plane2-spine01--swp25@sw-hardwarefree-plane2-leaf08"] will be created
  + resource "netris_link" "ew_switch_links" {
      + id       = (known after apply)
      + ports    = [
          + "swp29@sw-hardwarefree-plane2-spine01",
          + "swp25@sw-hardwarefree-plane2-leaf08",
        ]
      + underlay = "enabled"
    }

  # netris_link.ew_switch_links["swp29@sw-hardwarefree-plane2-spine02--swp29@sw-hardwarefree-plane2-leaf08"] will be created
  + resource "netris_link" "ew_switch_links" {
      + id       = (known after apply)
      + ports    = [
          + "swp29@sw-hardwarefree-plane2-spine02",
          + "swp29@sw-hardwarefree-plane2-leaf08",
        ]
      + underlay = "enabled"
    }

  # netris_link.ew_switch_links["swp29@sw-hardwarefree-plane3-spine01--swp25@sw-hardwarefree-plane3-leaf08"] will be created
  + resource "netris_link" "ew_switch_links" {
      + id       = (known after apply)
      + ports    = [
          + "swp29@sw-hardwarefree-plane3-spine01",
          + "swp25@sw-hardwarefree-plane3-leaf08",
        ]
      + underlay = "enabled"
    }

  # netris_link.ew_switch_links["swp29@sw-hardwarefree-plane3-spine02--swp29@sw-hardwarefree-plane3-leaf08"] will be created
  + resource "netris_link" "ew_switch_links" {
      + id       = (known after apply)
      + ports    = [
          + "swp29@sw-hardwarefree-plane3-spine02",
          + "swp29@sw-hardwarefree-plane3-leaf08",
        ]
      + underlay = "enabled"
    }

  # netris_link.ew_switch_links["swp29@sw-hardwarefree-plane4-spine01--swp25@sw-hardwarefree-plane4-leaf08"] will be created
  + resource "netris_link" "ew_switch_links" {
      + id       = (known after apply)
      + ports    = [
          + "swp29@sw-hardwarefree-plane4-spine01",
          + "swp25@sw-hardwarefree-plane4-leaf08",
        ]
      + underlay = "enabled"
    }

  # netris_link.ew_switch_links["swp29@sw-hardwarefree-plane4-spine02--swp29@sw-hardwarefree-plane4-leaf08"] will be created
  + resource "netris_link" "ew_switch_links" {
      + id       = (known after apply)
      + ports    = [
          + "swp29@sw-hardwarefree-plane4-spine02",
          + "swp29@sw-hardwarefree-plane4-leaf08",
        ]
      + underlay = "enabled"
    }

  # netris_link.ew_switch_links["swp2@sw-hardwarefree-plane1-spine01--swp26@sw-hardwarefree-plane1-leaf01"] will be created
  + resource "netris_link" "ew_switch_links" {
      + id       = (known after apply)
      + ports    = [
          + "swp2@sw-hardwarefree-plane1-spine01",
          + "swp26@sw-hardwarefree-plane1-leaf01",
        ]
      + underlay = "enabled"
    }

  # netris_link.ew_switch_links["swp2@sw-hardwarefree-plane1-spine02--swp30@sw-hardwarefree-plane1-leaf01"] will be created
  + resource "netris_link" "ew_switch_links" {
      + id       = (known after apply)
      + ports    = [
          + "swp2@sw-hardwarefree-plane1-spine02",
          + "swp30@sw-hardwarefree-plane1-leaf01",
        ]
      + underlay = "enabled"
    }

  # netris_link.ew_switch_links["swp2@sw-hardwarefree-plane2-spine01--swp26@sw-hardwarefree-plane2-leaf01"] will be created
  + resource "netris_link" "ew_switch_links" {
      + id       = (known after apply)
      + ports    = [
          + "swp2@sw-hardwarefree-plane2-spine01",
          + "swp26@sw-hardwarefree-plane2-leaf01",
        ]
      + underlay = "enabled"
    }

  # netris_link.ew_switch_links["swp2@sw-hardwarefree-plane2-spine02--swp30@sw-hardwarefree-plane2-leaf01"] will be created
  + resource "netris_link" "ew_switch_links" {
      + id       = (known after apply)
      + ports    = [
          + "swp2@sw-hardwarefree-plane2-spine02",
          + "swp30@sw-hardwarefree-plane2-leaf01",
        ]
      + underlay = "enabled"
    }

  # netris_link.ew_switch_links["swp2@sw-hardwarefree-plane3-spine01--swp26@sw-hardwarefree-plane3-leaf01"] will be created
  + resource "netris_link" "ew_switch_links" {
      + id       = (known after apply)
      + ports    = [
          + "swp2@sw-hardwarefree-plane3-spine01",
          + "swp26@sw-hardwarefree-plane3-leaf01",
        ]
      + underlay = "enabled"
    }

  # netris_link.ew_switch_links["swp2@sw-hardwarefree-plane3-spine02--swp30@sw-hardwarefree-plane3-leaf01"] will be created
  + resource "netris_link" "ew_switch_links" {
      + id       = (known after apply)
      + ports    = [
          + "swp2@sw-hardwarefree-plane3-spine02",
          + "swp30@sw-hardwarefree-plane3-leaf01",
        ]
      + underlay = "enabled"
    }

  # netris_link.ew_switch_links["swp2@sw-hardwarefree-plane4-spine01--swp26@sw-hardwarefree-plane4-leaf01"] will be created
  + resource "netris_link" "ew_switch_links" {
      + id       = (known after apply)
      + ports    = [
          + "swp2@sw-hardwarefree-plane4-spine01",
          + "swp26@sw-hardwarefree-plane4-leaf01",
        ]
      + underlay = "enabled"
    }

  # netris_link.ew_switch_links["swp2@sw-hardwarefree-plane4-spine02--swp30@sw-hardwarefree-plane4-leaf01"] will be created
  + resource "netris_link" "ew_switch_links" {
      + id       = (known after apply)
      + ports    = [
          + "swp2@sw-hardwarefree-plane4-spine02",
          + "swp30@sw-hardwarefree-plane4-leaf01",
        ]
      + underlay = "enabled"
    }

  # netris_link.ew_switch_links["swp30@sw-hardwarefree-plane1-spine01--swp26@sw-hardwarefree-plane1-leaf08"] will be created
  + resource "netris_link" "ew_switch_links" {
      + id       = (known after apply)
      + ports    = [
          + "swp30@sw-hardwarefree-plane1-spine01",
          + "swp26@sw-hardwarefree-plane1-leaf08",
        ]
      + underlay = "enabled"
    }

  # netris_link.ew_switch_links["swp30@sw-hardwarefree-plane1-spine02--swp30@sw-hardwarefree-plane1-leaf08"] will be created
  + resource "netris_link" "ew_switch_links" {
      + id       = (known after apply)
      + ports    = [
          + "swp30@sw-hardwarefree-plane1-spine02",
          + "swp30@sw-hardwarefree-plane1-leaf08",
        ]
      + underlay = "enabled"
    }

  # netris_link.ew_switch_links["swp30@sw-hardwarefree-plane2-spine01--swp26@sw-hardwarefree-plane2-leaf08"] will be created
  + resource "netris_link" "ew_switch_links" {
      + id       = (known after apply)
      + ports    = [
          + "swp30@sw-hardwarefree-plane2-spine01",
          + "swp26@sw-hardwarefree-plane2-leaf08",
        ]
      + underlay = "enabled"
    }

  # netris_link.ew_switch_links["swp30@sw-hardwarefree-plane2-spine02--swp30@sw-hardwarefree-plane2-leaf08"] will be created
  + resource "netris_link" "ew_switch_links" {
      + id       = (known after apply)
      + ports    = [
          + "swp30@sw-hardwarefree-plane2-spine02",
          + "swp30@sw-hardwarefree-plane2-leaf08",
        ]
      + underlay = "enabled"
    }

  # netris_link.ew_switch_links["swp30@sw-hardwarefree-plane3-spine01--swp26@sw-hardwarefree-plane3-leaf08"] will be created
  + resource "netris_link" "ew_switch_links" {
      + id       = (known after apply)
      + ports    = [
          + "swp30@sw-hardwarefree-plane3-spine01",
          + "swp26@sw-hardwarefree-plane3-leaf08",
        ]
      + underlay = "enabled"
    }

  # netris_link.ew_switch_links["swp30@sw-hardwarefree-plane3-spine02--swp30@sw-hardwarefree-plane3-leaf08"] will be created
  + resource "netris_link" "ew_switch_links" {
      + id       = (known after apply)
      + ports    = [
          + "swp30@sw-hardwarefree-plane3-spine02",
          + "swp30@sw-hardwarefree-plane3-leaf08",
        ]
      + underlay = "enabled"
    }

  # netris_link.ew_switch_links["swp30@sw-hardwarefree-plane4-spine01--swp26@sw-hardwarefree-plane4-leaf08"] will be created
  + resource "netris_link" "ew_switch_links" {
      + id       = (known after apply)
      + ports    = [
          + "swp30@sw-hardwarefree-plane4-spine01",
          + "swp26@sw-hardwarefree-plane4-leaf08",
        ]
      + underlay = "enabled"
    }

  # netris_link.ew_switch_links["swp30@sw-hardwarefree-plane4-spine02--swp30@sw-hardwarefree-plane4-leaf08"] will be created
  + resource "netris_link" "ew_switch_links" {
      + id       = (known after apply)
      + ports    = [
          + "swp30@sw-hardwarefree-plane4-spine02",
          + "swp30@sw-hardwarefree-plane4-leaf08",
        ]
      + underlay = "enabled"
    }

  # netris_link.ew_switch_links["swp31@sw-hardwarefree-plane1-spine01--swp27@sw-hardwarefree-plane1-leaf08"] will be created
  + resource "netris_link" "ew_switch_links" {
      + id       = (known after apply)
      + ports    = [
          + "swp31@sw-hardwarefree-plane1-spine01",
          + "swp27@sw-hardwarefree-plane1-leaf08",
        ]
      + underlay = "enabled"
    }

  # netris_link.ew_switch_links["swp31@sw-hardwarefree-plane1-spine02--swp31@sw-hardwarefree-plane1-leaf08"] will be created
  + resource "netris_link" "ew_switch_links" {
      + id       = (known after apply)
      + ports    = [
          + "swp31@sw-hardwarefree-plane1-spine02",
          + "swp31@sw-hardwarefree-plane1-leaf08",
        ]
      + underlay = "enabled"
    }

  # netris_link.ew_switch_links["swp31@sw-hardwarefree-plane2-spine01--swp27@sw-hardwarefree-plane2-leaf08"] will be created
  + resource "netris_link" "ew_switch_links" {
      + id       = (known after apply)
      + ports    = [
          + "swp31@sw-hardwarefree-plane2-spine01",
          + "swp27@sw-hardwarefree-plane2-leaf08",
        ]
      + underlay = "enabled"
    }

  # netris_link.ew_switch_links["swp31@sw-hardwarefree-plane2-spine02--swp31@sw-hardwarefree-plane2-leaf08"] will be created
  + resource "netris_link" "ew_switch_links" {
      + id       = (known after apply)
      + ports    = [
          + "swp31@sw-hardwarefree-plane2-spine02",
          + "swp31@sw-hardwarefree-plane2-leaf08",
        ]
      + underlay = "enabled"
    }

  # netris_link.ew_switch_links["swp31@sw-hardwarefree-plane3-spine01--swp27@sw-hardwarefree-plane3-leaf08"] will be created
  + resource "netris_link" "ew_switch_links" {
      + id       = (known after apply)
      + ports    = [
          + "swp31@sw-hardwarefree-plane3-spine01",
          + "swp27@sw-hardwarefree-plane3-leaf08",
        ]
      + underlay = "enabled"
    }

  # netris_link.ew_switch_links["swp31@sw-hardwarefree-plane3-spine02--swp31@sw-hardwarefree-plane3-leaf08"] will be created
  + resource "netris_link" "ew_switch_links" {
      + id       = (known after apply)
      + ports    = [
          + "swp31@sw-hardwarefree-plane3-spine02",
          + "swp31@sw-hardwarefree-plane3-leaf08",
        ]
      + underlay = "enabled"
    }

  # netris_link.ew_switch_links["swp31@sw-hardwarefree-plane4-spine01--swp27@sw-hardwarefree-plane4-leaf08"] will be created
  + resource "netris_link" "ew_switch_links" {
      + id       = (known after apply)
      + ports    = [
          + "swp31@sw-hardwarefree-plane4-spine01",
          + "swp27@sw-hardwarefree-plane4-leaf08",
        ]
      + underlay = "enabled"
    }

  # netris_link.ew_switch_links["swp31@sw-hardwarefree-plane4-spine02--swp31@sw-hardwarefree-plane4-leaf08"] will be created
  + resource "netris_link" "ew_switch_links" {
      + id       = (known after apply)
      + ports    = [
          + "swp31@sw-hardwarefree-plane4-spine02",
          + "swp31@sw-hardwarefree-plane4-leaf08",
        ]
      + underlay = "enabled"
    }

  # netris_link.ew_switch_links["swp32@sw-hardwarefree-plane1-spine01--swp28@sw-hardwarefree-plane1-leaf08"] will be created
  + resource "netris_link" "ew_switch_links" {
      + id       = (known after apply)
      + ports    = [
          + "swp32@sw-hardwarefree-plane1-spine01",
          + "swp28@sw-hardwarefree-plane1-leaf08",
        ]
      + underlay = "enabled"
    }

  # netris_link.ew_switch_links["swp32@sw-hardwarefree-plane1-spine02--swp32@sw-hardwarefree-plane1-leaf08"] will be created
  + resource "netris_link" "ew_switch_links" {
      + id       = (known after apply)
      + ports    = [
          + "swp32@sw-hardwarefree-plane1-spine02",
          + "swp32@sw-hardwarefree-plane1-leaf08",
        ]
      + underlay = "enabled"
    }

  # netris_link.ew_switch_links["swp32@sw-hardwarefree-plane2-spine01--swp28@sw-hardwarefree-plane2-leaf08"] will be created
  + resource "netris_link" "ew_switch_links" {
      + id       = (known after apply)
      + ports    = [
          + "swp32@sw-hardwarefree-plane2-spine01",
          + "swp28@sw-hardwarefree-plane2-leaf08",
        ]
      + underlay = "enabled"
    }

  # netris_link.ew_switch_links["swp32@sw-hardwarefree-plane2-spine02--swp32@sw-hardwarefree-plane2-leaf08"] will be created
  + resource "netris_link" "ew_switch_links" {
      + id       = (known after apply)
      + ports    = [
          + "swp32@sw-hardwarefree-plane2-spine02",
          + "swp32@sw-hardwarefree-plane2-leaf08",
        ]
      + underlay = "enabled"
    }

  # netris_link.ew_switch_links["swp32@sw-hardwarefree-plane3-spine01--swp28@sw-hardwarefree-plane3-leaf08"] will be created
  + resource "netris_link" "ew_switch_links" {
      + id       = (known after apply)
      + ports    = [
          + "swp32@sw-hardwarefree-plane3-spine01",
          + "swp28@sw-hardwarefree-plane3-leaf08",
        ]
      + underlay = "enabled"
    }

  # netris_link.ew_switch_links["swp32@sw-hardwarefree-plane3-spine02--swp32@sw-hardwarefree-plane3-leaf08"] will be created
  + resource "netris_link" "ew_switch_links" {
      + id       = (known after apply)
      + ports    = [
          + "swp32@sw-hardwarefree-plane3-spine02",
          + "swp32@sw-hardwarefree-plane3-leaf08",
        ]
      + underlay = "enabled"
    }

  # netris_link.ew_switch_links["swp32@sw-hardwarefree-plane4-spine01--swp28@sw-hardwarefree-plane4-leaf08"] will be created
  + resource "netris_link" "ew_switch_links" {
      + id       = (known after apply)
      + ports    = [
          + "swp32@sw-hardwarefree-plane4-spine01",
          + "swp28@sw-hardwarefree-plane4-leaf08",
        ]
      + underlay = "enabled"
    }

  # netris_link.ew_switch_links["swp32@sw-hardwarefree-plane4-spine02--swp32@sw-hardwarefree-plane4-leaf08"] will be created
  + resource "netris_link" "ew_switch_links" {
      + id       = (known after apply)
      + ports    = [
          + "swp32@sw-hardwarefree-plane4-spine02",
          + "swp32@sw-hardwarefree-plane4-leaf08",
        ]
      + underlay = "enabled"
    }

  # netris_link.ew_switch_links["swp3@sw-hardwarefree-plane1-spine01--swp27@sw-hardwarefree-plane1-leaf01"] will be created
  + resource "netris_link" "ew_switch_links" {
      + id       = (known after apply)
      + ports    = [
          + "swp3@sw-hardwarefree-plane1-spine01",
          + "swp27@sw-hardwarefree-plane1-leaf01",
        ]
      + underlay = "enabled"
    }

  # netris_link.ew_switch_links["swp3@sw-hardwarefree-plane1-spine02--swp31@sw-hardwarefree-plane1-leaf01"] will be created
  + resource "netris_link" "ew_switch_links" {
      + id       = (known after apply)
      + ports    = [
          + "swp3@sw-hardwarefree-plane1-spine02",
          + "swp31@sw-hardwarefree-plane1-leaf01",
        ]
      + underlay = "enabled"
    }

  # netris_link.ew_switch_links["swp3@sw-hardwarefree-plane2-spine01--swp27@sw-hardwarefree-plane2-leaf01"] will be created
  + resource "netris_link" "ew_switch_links" {
      + id       = (known after apply)
      + ports    = [
          + "swp3@sw-hardwarefree-plane2-spine01",
          + "swp27@sw-hardwarefree-plane2-leaf01",
        ]
      + underlay = "enabled"
    }

  # netris_link.ew_switch_links["swp3@sw-hardwarefree-plane2-spine02--swp31@sw-hardwarefree-plane2-leaf01"] will be created
  + resource "netris_link" "ew_switch_links" {
      + id       = (known after apply)
      + ports    = [
          + "swp3@sw-hardwarefree-plane2-spine02",
          + "swp31@sw-hardwarefree-plane2-leaf01",
        ]
      + underlay = "enabled"
    }

  # netris_link.ew_switch_links["swp3@sw-hardwarefree-plane3-spine01--swp27@sw-hardwarefree-plane3-leaf01"] will be created
  + resource "netris_link" "ew_switch_links" {
      + id       = (known after apply)
      + ports    = [
          + "swp3@sw-hardwarefree-plane3-spine01",
          + "swp27@sw-hardwarefree-plane3-leaf01",
        ]
      + underlay = "enabled"
    }

  # netris_link.ew_switch_links["swp3@sw-hardwarefree-plane3-spine02--swp31@sw-hardwarefree-plane3-leaf01"] will be created
  + resource "netris_link" "ew_switch_links" {
      + id       = (known after apply)
      + ports    = [
          + "swp3@sw-hardwarefree-plane3-spine02",
          + "swp31@sw-hardwarefree-plane3-leaf01",
        ]
      + underlay = "enabled"
    }

  # netris_link.ew_switch_links["swp3@sw-hardwarefree-plane4-spine01--swp27@sw-hardwarefree-plane4-leaf01"] will be created
  + resource "netris_link" "ew_switch_links" {
      + id       = (known after apply)
      + ports    = [
          + "swp3@sw-hardwarefree-plane4-spine01",
          + "swp27@sw-hardwarefree-plane4-leaf01",
        ]
      + underlay = "enabled"
    }

  # netris_link.ew_switch_links["swp3@sw-hardwarefree-plane4-spine02--swp31@sw-hardwarefree-plane4-leaf01"] will be created
  + resource "netris_link" "ew_switch_links" {
      + id       = (known after apply)
      + ports    = [
          + "swp3@sw-hardwarefree-plane4-spine02",
          + "swp31@sw-hardwarefree-plane4-leaf01",
        ]
      + underlay = "enabled"
    }

  # netris_link.ew_switch_links["swp4@sw-hardwarefree-plane1-spine01--swp28@sw-hardwarefree-plane1-leaf01"] will be created
  + resource "netris_link" "ew_switch_links" {
      + id       = (known after apply)
      + ports    = [
          + "swp4@sw-hardwarefree-plane1-spine01",
          + "swp28@sw-hardwarefree-plane1-leaf01",
        ]
      + underlay = "enabled"
    }

  # netris_link.ew_switch_links["swp4@sw-hardwarefree-plane1-spine02--swp32@sw-hardwarefree-plane1-leaf01"] will be created
  + resource "netris_link" "ew_switch_links" {
      + id       = (known after apply)
      + ports    = [
          + "swp4@sw-hardwarefree-plane1-spine02",
          + "swp32@sw-hardwarefree-plane1-leaf01",
        ]
      + underlay = "enabled"
    }

  # netris_link.ew_switch_links["swp4@sw-hardwarefree-plane2-spine01--swp28@sw-hardwarefree-plane2-leaf01"] will be created
  + resource "netris_link" "ew_switch_links" {
      + id       = (known after apply)
      + ports    = [
          + "swp4@sw-hardwarefree-plane2-spine01",
          + "swp28@sw-hardwarefree-plane2-leaf01",
        ]
      + underlay = "enabled"
    }

  # netris_link.ew_switch_links["swp4@sw-hardwarefree-plane2-spine02--swp32@sw-hardwarefree-plane2-leaf01"] will be created
  + resource "netris_link" "ew_switch_links" {
      + id       = (known after apply)
      + ports    = [
          + "swp4@sw-hardwarefree-plane2-spine02",
          + "swp32@sw-hardwarefree-plane2-leaf01",
        ]
      + underlay = "enabled"
    }

  # netris_link.ew_switch_links["swp4@sw-hardwarefree-plane3-spine01--swp28@sw-hardwarefree-plane3-leaf01"] will be created
  + resource "netris_link" "ew_switch_links" {
      + id       = (known after apply)
      + ports    = [
          + "swp4@sw-hardwarefree-plane3-spine01",
          + "swp28@sw-hardwarefree-plane3-leaf01",
        ]
      + underlay = "enabled"
    }

  # netris_link.ew_switch_links["swp4@sw-hardwarefree-plane3-spine02--swp32@sw-hardwarefree-plane3-leaf01"] will be created
  + resource "netris_link" "ew_switch_links" {
      + id       = (known after apply)
      + ports    = [
          + "swp4@sw-hardwarefree-plane3-spine02",
          + "swp32@sw-hardwarefree-plane3-leaf01",
        ]
      + underlay = "enabled"
    }

  # netris_link.ew_switch_links["swp4@sw-hardwarefree-plane4-spine01--swp28@sw-hardwarefree-plane4-leaf01"] will be created
  + resource "netris_link" "ew_switch_links" {
      + id       = (known after apply)
      + ports    = [
          + "swp4@sw-hardwarefree-plane4-spine01",
          + "swp28@sw-hardwarefree-plane4-leaf01",
        ]
      + underlay = "enabled"
    }

  # netris_link.ew_switch_links["swp4@sw-hardwarefree-plane4-spine02--swp32@sw-hardwarefree-plane4-leaf01"] will be created
  + resource "netris_link" "ew_switch_links" {
      + id       = (known after apply)
      + ports    = [
          + "swp4@sw-hardwarefree-plane4-spine02",
          + "swp32@sw-hardwarefree-plane4-leaf01",
        ]
      + underlay = "enabled"
    }

  # netris_link.ew_switch_links["swp5@sw-hardwarefree-plane1-spine01--swp25@sw-hardwarefree-plane1-leaf02"] will be created
  + resource "netris_link" "ew_switch_links" {
      + id       = (known after apply)
      + ports    = [
          + "swp5@sw-hardwarefree-plane1-spine01",
          + "swp25@sw-hardwarefree-plane1-leaf02",
        ]
      + underlay = "enabled"
    }

  # netris_link.ew_switch_links["swp5@sw-hardwarefree-plane1-spine02--swp29@sw-hardwarefree-plane1-leaf02"] will be created
  + resource "netris_link" "ew_switch_links" {
      + id       = (known after apply)
      + ports    = [
          + "swp5@sw-hardwarefree-plane1-spine02",
          + "swp29@sw-hardwarefree-plane1-leaf02",
        ]
      + underlay = "enabled"
    }

  # netris_link.ew_switch_links["swp5@sw-hardwarefree-plane2-spine01--swp25@sw-hardwarefree-plane2-leaf02"] will be created
  + resource "netris_link" "ew_switch_links" {
      + id       = (known after apply)
      + ports    = [
          + "swp5@sw-hardwarefree-plane2-spine01",
          + "swp25@sw-hardwarefree-plane2-leaf02",
        ]
      + underlay = "enabled"
    }

  # netris_link.ew_switch_links["swp5@sw-hardwarefree-plane2-spine02--swp29@sw-hardwarefree-plane2-leaf02"] will be created
  + resource "netris_link" "ew_switch_links" {
      + id       = (known after apply)
      + ports    = [
          + "swp5@sw-hardwarefree-plane2-spine02",
          + "swp29@sw-hardwarefree-plane2-leaf02",
        ]
      + underlay = "enabled"
    }

  # netris_link.ew_switch_links["swp5@sw-hardwarefree-plane3-spine01--swp25@sw-hardwarefree-plane3-leaf02"] will be created
  + resource "netris_link" "ew_switch_links" {
      + id       = (known after apply)
      + ports    = [
          + "swp5@sw-hardwarefree-plane3-spine01",
          + "swp25@sw-hardwarefree-plane3-leaf02",
        ]
      + underlay = "enabled"
    }

  # netris_link.ew_switch_links["swp5@sw-hardwarefree-plane3-spine02--swp29@sw-hardwarefree-plane3-leaf02"] will be created
  + resource "netris_link" "ew_switch_links" {
      + id       = (known after apply)
      + ports    = [
          + "swp5@sw-hardwarefree-plane3-spine02",
          + "swp29@sw-hardwarefree-plane3-leaf02",
        ]
      + underlay = "enabled"
    }

  # netris_link.ew_switch_links["swp5@sw-hardwarefree-plane4-spine01--swp25@sw-hardwarefree-plane4-leaf02"] will be created
  + resource "netris_link" "ew_switch_links" {
      + id       = (known after apply)
      + ports    = [
          + "swp5@sw-hardwarefree-plane4-spine01",
          + "swp25@sw-hardwarefree-plane4-leaf02",
        ]
      + underlay = "enabled"
    }

  # netris_link.ew_switch_links["swp5@sw-hardwarefree-plane4-spine02--swp29@sw-hardwarefree-plane4-leaf02"] will be created
  + resource "netris_link" "ew_switch_links" {
      + id       = (known after apply)
      + ports    = [
          + "swp5@sw-hardwarefree-plane4-spine02",
          + "swp29@sw-hardwarefree-plane4-leaf02",
        ]
      + underlay = "enabled"
    }

  # netris_link.ew_switch_links["swp6@sw-hardwarefree-plane1-spine01--swp26@sw-hardwarefree-plane1-leaf02"] will be created
  + resource "netris_link" "ew_switch_links" {
      + id       = (known after apply)
      + ports    = [
          + "swp6@sw-hardwarefree-plane1-spine01",
          + "swp26@sw-hardwarefree-plane1-leaf02",
        ]
      + underlay = "enabled"
    }

  # netris_link.ew_switch_links["swp6@sw-hardwarefree-plane1-spine02--swp30@sw-hardwarefree-plane1-leaf02"] will be created
  + resource "netris_link" "ew_switch_links" {
      + id       = (known after apply)
      + ports    = [
          + "swp6@sw-hardwarefree-plane1-spine02",
          + "swp30@sw-hardwarefree-plane1-leaf02",
        ]
      + underlay = "enabled"
    }

  # netris_link.ew_switch_links["swp6@sw-hardwarefree-plane2-spine01--swp26@sw-hardwarefree-plane2-leaf02"] will be created
  + resource "netris_link" "ew_switch_links" {
      + id       = (known after apply)
      + ports    = [
          + "swp6@sw-hardwarefree-plane2-spine01",
          + "swp26@sw-hardwarefree-plane2-leaf02",
        ]
      + underlay = "enabled"
    }

  # netris_link.ew_switch_links["swp6@sw-hardwarefree-plane2-spine02--swp30@sw-hardwarefree-plane2-leaf02"] will be created
  + resource "netris_link" "ew_switch_links" {
      + id       = (known after apply)
      + ports    = [
          + "swp6@sw-hardwarefree-plane2-spine02",
          + "swp30@sw-hardwarefree-plane2-leaf02",
        ]
      + underlay = "enabled"
    }

  # netris_link.ew_switch_links["swp6@sw-hardwarefree-plane3-spine01--swp26@sw-hardwarefree-plane3-leaf02"] will be created
  + resource "netris_link" "ew_switch_links" {
      + id       = (known after apply)
      + ports    = [
          + "swp6@sw-hardwarefree-plane3-spine01",
          + "swp26@sw-hardwarefree-plane3-leaf02",
        ]
      + underlay = "enabled"
    }

  # netris_link.ew_switch_links["swp6@sw-hardwarefree-plane3-spine02--swp30@sw-hardwarefree-plane3-leaf02"] will be created
  + resource "netris_link" "ew_switch_links" {
      + id       = (known after apply)
      + ports    = [
          + "swp6@sw-hardwarefree-plane3-spine02",
          + "swp30@sw-hardwarefree-plane3-leaf02",
        ]
      + underlay = "enabled"
    }

  # netris_link.ew_switch_links["swp6@sw-hardwarefree-plane4-spine01--swp26@sw-hardwarefree-plane4-leaf02"] will be created
  + resource "netris_link" "ew_switch_links" {
      + id       = (known after apply)
      + ports    = [
          + "swp6@sw-hardwarefree-plane4-spine01",
          + "swp26@sw-hardwarefree-plane4-leaf02",
        ]
      + underlay = "enabled"
    }

  # netris_link.ew_switch_links["swp6@sw-hardwarefree-plane4-spine02--swp30@sw-hardwarefree-plane4-leaf02"] will be created
  + resource "netris_link" "ew_switch_links" {
      + id       = (known after apply)
      + ports    = [
          + "swp6@sw-hardwarefree-plane4-spine02",
          + "swp30@sw-hardwarefree-plane4-leaf02",
        ]
      + underlay = "enabled"
    }

  # netris_link.ew_switch_links["swp7@sw-hardwarefree-plane1-spine01--swp27@sw-hardwarefree-plane1-leaf02"] will be created
  + resource "netris_link" "ew_switch_links" {
      + id       = (known after apply)
      + ports    = [
          + "swp7@sw-hardwarefree-plane1-spine01",
          + "swp27@sw-hardwarefree-plane1-leaf02",
        ]
      + underlay = "enabled"
    }

  # netris_link.ew_switch_links["swp7@sw-hardwarefree-plane1-spine02--swp31@sw-hardwarefree-plane1-leaf02"] will be created
  + resource "netris_link" "ew_switch_links" {
      + id       = (known after apply)
      + ports    = [
          + "swp7@sw-hardwarefree-plane1-spine02",
          + "swp31@sw-hardwarefree-plane1-leaf02",
        ]
      + underlay = "enabled"
    }

  # netris_link.ew_switch_links["swp7@sw-hardwarefree-plane2-spine01--swp27@sw-hardwarefree-plane2-leaf02"] will be created
  + resource "netris_link" "ew_switch_links" {
      + id       = (known after apply)
      + ports    = [
          + "swp7@sw-hardwarefree-plane2-spine01",
          + "swp27@sw-hardwarefree-plane2-leaf02",
        ]
      + underlay = "enabled"
    }

  # netris_link.ew_switch_links["swp7@sw-hardwarefree-plane2-spine02--swp31@sw-hardwarefree-plane2-leaf02"] will be created
  + resource "netris_link" "ew_switch_links" {
      + id       = (known after apply)
      + ports    = [
          + "swp7@sw-hardwarefree-plane2-spine02",
          + "swp31@sw-hardwarefree-plane2-leaf02",
        ]
      + underlay = "enabled"
    }

  # netris_link.ew_switch_links["swp7@sw-hardwarefree-plane3-spine01--swp27@sw-hardwarefree-plane3-leaf02"] will be created
  + resource "netris_link" "ew_switch_links" {
      + id       = (known after apply)
      + ports    = [
          + "swp7@sw-hardwarefree-plane3-spine01",
          + "swp27@sw-hardwarefree-plane3-leaf02",
        ]
      + underlay = "enabled"
    }

  # netris_link.ew_switch_links["swp7@sw-hardwarefree-plane3-spine02--swp31@sw-hardwarefree-plane3-leaf02"] will be created
  + resource "netris_link" "ew_switch_links" {
      + id       = (known after apply)
      + ports    = [
          + "swp7@sw-hardwarefree-plane3-spine02",
          + "swp31@sw-hardwarefree-plane3-leaf02",
        ]
      + underlay = "enabled"
    }

  # netris_link.ew_switch_links["swp7@sw-hardwarefree-plane4-spine01--swp27@sw-hardwarefree-plane4-leaf02"] will be created
  + resource "netris_link" "ew_switch_links" {
      + id       = (known after apply)
      + ports    = [
          + "swp7@sw-hardwarefree-plane4-spine01",
          + "swp27@sw-hardwarefree-plane4-leaf02",
        ]
      + underlay = "enabled"
    }

  # netris_link.ew_switch_links["swp7@sw-hardwarefree-plane4-spine02--swp31@sw-hardwarefree-plane4-leaf02"] will be created
  + resource "netris_link" "ew_switch_links" {
      + id       = (known after apply)
      + ports    = [
          + "swp7@sw-hardwarefree-plane4-spine02",
          + "swp31@sw-hardwarefree-plane4-leaf02",
        ]
      + underlay = "enabled"
    }

  # netris_link.ew_switch_links["swp8@sw-hardwarefree-plane1-spine01--swp28@sw-hardwarefree-plane1-leaf02"] will be created
  + resource "netris_link" "ew_switch_links" {
      + id       = (known after apply)
      + ports    = [
          + "swp8@sw-hardwarefree-plane1-spine01",
          + "swp28@sw-hardwarefree-plane1-leaf02",
        ]
      + underlay = "enabled"
    }

  # netris_link.ew_switch_links["swp8@sw-hardwarefree-plane1-spine02--swp32@sw-hardwarefree-plane1-leaf02"] will be created
  + resource "netris_link" "ew_switch_links" {
      + id       = (known after apply)
      + ports    = [
          + "swp8@sw-hardwarefree-plane1-spine02",
          + "swp32@sw-hardwarefree-plane1-leaf02",
        ]
      + underlay = "enabled"
    }

  # netris_link.ew_switch_links["swp8@sw-hardwarefree-plane2-spine01--swp28@sw-hardwarefree-plane2-leaf02"] will be created
  + resource "netris_link" "ew_switch_links" {
      + id       = (known after apply)
      + ports    = [
          + "swp8@sw-hardwarefree-plane2-spine01",
          + "swp28@sw-hardwarefree-plane2-leaf02",
        ]
      + underlay = "enabled"
    }

  # netris_link.ew_switch_links["swp8@sw-hardwarefree-plane2-spine02--swp32@sw-hardwarefree-plane2-leaf02"] will be created
  + resource "netris_link" "ew_switch_links" {
      + id       = (known after apply)
      + ports    = [
          + "swp8@sw-hardwarefree-plane2-spine02",
          + "swp32@sw-hardwarefree-plane2-leaf02",
        ]
      + underlay = "enabled"
    }

  # netris_link.ew_switch_links["swp8@sw-hardwarefree-plane3-spine01--swp28@sw-hardwarefree-plane3-leaf02"] will be created
  + resource "netris_link" "ew_switch_links" {
      + id       = (known after apply)
      + ports    = [
          + "swp8@sw-hardwarefree-plane3-spine01",
          + "swp28@sw-hardwarefree-plane3-leaf02",
        ]
      + underlay = "enabled"
    }

  # netris_link.ew_switch_links["swp8@sw-hardwarefree-plane3-spine02--swp32@sw-hardwarefree-plane3-leaf02"] will be created
  + resource "netris_link" "ew_switch_links" {
      + id       = (known after apply)
      + ports    = [
          + "swp8@sw-hardwarefree-plane3-spine02",
          + "swp32@sw-hardwarefree-plane3-leaf02",
        ]
      + underlay = "enabled"
    }

  # netris_link.ew_switch_links["swp8@sw-hardwarefree-plane4-spine01--swp28@sw-hardwarefree-plane4-leaf02"] will be created
  + resource "netris_link" "ew_switch_links" {
      + id       = (known after apply)
      + ports    = [
          + "swp8@sw-hardwarefree-plane4-spine01",
          + "swp28@sw-hardwarefree-plane4-leaf02",
        ]
      + underlay = "enabled"
    }

  # netris_link.ew_switch_links["swp8@sw-hardwarefree-plane4-spine02--swp32@sw-hardwarefree-plane4-leaf02"] will be created
  + resource "netris_link" "ew_switch_links" {
      + id       = (known after apply)
      + ports    = [
          + "swp8@sw-hardwarefree-plane4-spine02",
          + "swp32@sw-hardwarefree-plane4-leaf02",
        ]
      + underlay = "enabled"
    }

  # netris_link.ew_switch_links["swp9@sw-hardwarefree-plane1-spine01--swp25@sw-hardwarefree-plane1-leaf03"] will be created
  + resource "netris_link" "ew_switch_links" {
      + id       = (known after apply)
      + ports    = [
          + "swp9@sw-hardwarefree-plane1-spine01",
          + "swp25@sw-hardwarefree-plane1-leaf03",
        ]
      + underlay = "enabled"
    }

  # netris_link.ew_switch_links["swp9@sw-hardwarefree-plane1-spine02--swp29@sw-hardwarefree-plane1-leaf03"] will be created
  + resource "netris_link" "ew_switch_links" {
      + id       = (known after apply)
      + ports    = [
          + "swp9@sw-hardwarefree-plane1-spine02",
          + "swp29@sw-hardwarefree-plane1-leaf03",
        ]
      + underlay = "enabled"
    }

  # netris_link.ew_switch_links["swp9@sw-hardwarefree-plane2-spine01--swp25@sw-hardwarefree-plane2-leaf03"] will be created
  + resource "netris_link" "ew_switch_links" {
      + id       = (known after apply)
      + ports    = [
          + "swp9@sw-hardwarefree-plane2-spine01",
          + "swp25@sw-hardwarefree-plane2-leaf03",
        ]
      + underlay = "enabled"
    }

  # netris_link.ew_switch_links["swp9@sw-hardwarefree-plane2-spine02--swp29@sw-hardwarefree-plane2-leaf03"] will be created
  + resource "netris_link" "ew_switch_links" {
      + id       = (known after apply)
      + ports    = [
          + "swp9@sw-hardwarefree-plane2-spine02",
          + "swp29@sw-hardwarefree-plane2-leaf03",
        ]
      + underlay = "enabled"
    }

  # netris_link.ew_switch_links["swp9@sw-hardwarefree-plane3-spine01--swp25@sw-hardwarefree-plane3-leaf03"] will be created
  + resource "netris_link" "ew_switch_links" {
      + id       = (known after apply)
      + ports    = [
          + "swp9@sw-hardwarefree-plane3-spine01",
          + "swp25@sw-hardwarefree-plane3-leaf03",
        ]
      + underlay = "enabled"
    }

  # netris_link.ew_switch_links["swp9@sw-hardwarefree-plane3-spine02--swp29@sw-hardwarefree-plane3-leaf03"] will be created
  + resource "netris_link" "ew_switch_links" {
      + id       = (known after apply)
      + ports    = [
          + "swp9@sw-hardwarefree-plane3-spine02",
          + "swp29@sw-hardwarefree-plane3-leaf03",
        ]
      + underlay = "enabled"
    }

  # netris_link.ew_switch_links["swp9@sw-hardwarefree-plane4-spine01--swp25@sw-hardwarefree-plane4-leaf03"] will be created
  + resource "netris_link" "ew_switch_links" {
      + id       = (known after apply)
      + ports    = [
          + "swp9@sw-hardwarefree-plane4-spine01",
          + "swp25@sw-hardwarefree-plane4-leaf03",
        ]
      + underlay = "enabled"
    }

  # netris_link.ew_switch_links["swp9@sw-hardwarefree-plane4-spine02--swp29@sw-hardwarefree-plane4-leaf03"] will be created
  + resource "netris_link" "ew_switch_links" {
      + id       = (known after apply)
      + ports    = [
          + "swp9@sw-hardwarefree-plane4-spine02",
          + "swp29@sw-hardwarefree-plane4-leaf03",
        ]
      + underlay = "enabled"
    }

  # netris_link.ns_gpu_links["swp10@sw-hardwarefree-frontend-leaf01--eth9@gpu-hardwarefree-028"] will be created
  + resource "netris_link" "ns_gpu_links" {
      + id       = (known after apply)
      + ports    = [
          + "swp10@sw-hardwarefree-frontend-leaf01",
          + "eth9@gpu-hardwarefree-028",
        ]
      + underlay = "enabled"
    }

  # netris_link.ns_gpu_links["swp10@sw-hardwarefree-frontend-leaf02--eth10@gpu-hardwarefree-028"] will be created
  + resource "netris_link" "ns_gpu_links" {
      + id       = (known after apply)
      + ports    = [
          + "swp10@sw-hardwarefree-frontend-leaf02",
          + "eth10@gpu-hardwarefree-028",
        ]
      + underlay = "enabled"
    }

  # netris_link.ns_gpu_links["swp10@sw-hardwarefree-frontend-leaf03--eth9@gpu-hardwarefree-029"] will be created
  + resource "netris_link" "ns_gpu_links" {
      + id       = (known after apply)
      + ports    = [
          + "swp10@sw-hardwarefree-frontend-leaf03",
          + "eth9@gpu-hardwarefree-029",
        ]
      + underlay = "enabled"
    }

  # netris_link.ns_gpu_links["swp10@sw-hardwarefree-frontend-leaf04--eth10@gpu-hardwarefree-029"] will be created
  + resource "netris_link" "ns_gpu_links" {
      + id       = (known after apply)
      + ports    = [
          + "swp10@sw-hardwarefree-frontend-leaf04",
          + "eth10@gpu-hardwarefree-029",
        ]
      + underlay = "enabled"
    }

  # netris_link.ns_gpu_links["swp10@sw-hardwarefree-frontend-leaf05--eth9@gpu-hardwarefree-030"] will be created
  + resource "netris_link" "ns_gpu_links" {
      + id       = (known after apply)
      + ports    = [
          + "swp10@sw-hardwarefree-frontend-leaf05",
          + "eth9@gpu-hardwarefree-030",
        ]
      + underlay = "enabled"
    }

  # netris_link.ns_gpu_links["swp10@sw-hardwarefree-frontend-leaf06--eth10@gpu-hardwarefree-030"] will be created
  + resource "netris_link" "ns_gpu_links" {
      + id       = (known after apply)
      + ports    = [
          + "swp10@sw-hardwarefree-frontend-leaf06",
          + "eth10@gpu-hardwarefree-030",
        ]
      + underlay = "enabled"
    }

  # netris_link.ns_gpu_links["swp11@sw-hardwarefree-frontend-leaf01--eth9@gpu-hardwarefree-031"] will be created
  + resource "netris_link" "ns_gpu_links" {
      + id       = (known after apply)
      + ports    = [
          + "swp11@sw-hardwarefree-frontend-leaf01",
          + "eth9@gpu-hardwarefree-031",
        ]
      + underlay = "enabled"
    }

  # netris_link.ns_gpu_links["swp11@sw-hardwarefree-frontend-leaf02--eth10@gpu-hardwarefree-031"] will be created
  + resource "netris_link" "ns_gpu_links" {
      + id       = (known after apply)
      + ports    = [
          + "swp11@sw-hardwarefree-frontend-leaf02",
          + "eth10@gpu-hardwarefree-031",
        ]
      + underlay = "enabled"
    }

  # netris_link.ns_gpu_links["swp11@sw-hardwarefree-frontend-leaf03--eth9@gpu-hardwarefree-032"] will be created
  + resource "netris_link" "ns_gpu_links" {
      + id       = (known after apply)
      + ports    = [
          + "swp11@sw-hardwarefree-frontend-leaf03",
          + "eth9@gpu-hardwarefree-032",
        ]
      + underlay = "enabled"
    }

  # netris_link.ns_gpu_links["swp11@sw-hardwarefree-frontend-leaf04--eth10@gpu-hardwarefree-032"] will be created
  + resource "netris_link" "ns_gpu_links" {
      + id       = (known after apply)
      + ports    = [
          + "swp11@sw-hardwarefree-frontend-leaf04",
          + "eth10@gpu-hardwarefree-032",
        ]
      + underlay = "enabled"
    }

  # netris_link.ns_gpu_links["swp11@sw-hardwarefree-frontend-leaf05--eth9@gpu-hardwarefree-033"] will be created
  + resource "netris_link" "ns_gpu_links" {
      + id       = (known after apply)
      + ports    = [
          + "swp11@sw-hardwarefree-frontend-leaf05",
          + "eth9@gpu-hardwarefree-033",
        ]
      + underlay = "enabled"
    }

  # netris_link.ns_gpu_links["swp11@sw-hardwarefree-frontend-leaf06--eth10@gpu-hardwarefree-033"] will be created
  + resource "netris_link" "ns_gpu_links" {
      + id       = (known after apply)
      + ports    = [
          + "swp11@sw-hardwarefree-frontend-leaf06",
          + "eth10@gpu-hardwarefree-033",
        ]
      + underlay = "enabled"
    }

  # netris_link.ns_gpu_links["swp12@sw-hardwarefree-frontend-leaf01--eth9@gpu-hardwarefree-034"] will be created
  + resource "netris_link" "ns_gpu_links" {
      + id       = (known after apply)
      + ports    = [
          + "swp12@sw-hardwarefree-frontend-leaf01",
          + "eth9@gpu-hardwarefree-034",
        ]
      + underlay = "enabled"
    }

  # netris_link.ns_gpu_links["swp12@sw-hardwarefree-frontend-leaf02--eth10@gpu-hardwarefree-034"] will be created
  + resource "netris_link" "ns_gpu_links" {
      + id       = (known after apply)
      + ports    = [
          + "swp12@sw-hardwarefree-frontend-leaf02",
          + "eth10@gpu-hardwarefree-034",
        ]
      + underlay = "enabled"
    }

  # netris_link.ns_gpu_links["swp12@sw-hardwarefree-frontend-leaf03--eth9@gpu-hardwarefree-035"] will be created
  + resource "netris_link" "ns_gpu_links" {
      + id       = (known after apply)
      + ports    = [
          + "swp12@sw-hardwarefree-frontend-leaf03",
          + "eth9@gpu-hardwarefree-035",
        ]
      + underlay = "enabled"
    }

  # netris_link.ns_gpu_links["swp12@sw-hardwarefree-frontend-leaf04--eth10@gpu-hardwarefree-035"] will be created
  + resource "netris_link" "ns_gpu_links" {
      + id       = (known after apply)
      + ports    = [
          + "swp12@sw-hardwarefree-frontend-leaf04",
          + "eth10@gpu-hardwarefree-035",
        ]
      + underlay = "enabled"
    }

  # netris_link.ns_gpu_links["swp12@sw-hardwarefree-frontend-leaf05--eth9@gpu-hardwarefree-036"] will be created
  + resource "netris_link" "ns_gpu_links" {
      + id       = (known after apply)
      + ports    = [
          + "swp12@sw-hardwarefree-frontend-leaf05",
          + "eth9@gpu-hardwarefree-036",
        ]
      + underlay = "enabled"
    }

  # netris_link.ns_gpu_links["swp12@sw-hardwarefree-frontend-leaf06--eth10@gpu-hardwarefree-036"] will be created
  + resource "netris_link" "ns_gpu_links" {
      + id       = (known after apply)
      + ports    = [
          + "swp12@sw-hardwarefree-frontend-leaf06",
          + "eth10@gpu-hardwarefree-036",
        ]
      + underlay = "enabled"
    }

  # netris_link.ns_gpu_links["swp13@sw-hardwarefree-frontend-leaf01--eth9@gpu-hardwarefree-037"] will be created
  + resource "netris_link" "ns_gpu_links" {
      + id       = (known after apply)
      + ports    = [
          + "swp13@sw-hardwarefree-frontend-leaf01",
          + "eth9@gpu-hardwarefree-037",
        ]
      + underlay = "enabled"
    }

  # netris_link.ns_gpu_links["swp13@sw-hardwarefree-frontend-leaf02--eth10@gpu-hardwarefree-037"] will be created
  + resource "netris_link" "ns_gpu_links" {
      + id       = (known after apply)
      + ports    = [
          + "swp13@sw-hardwarefree-frontend-leaf02",
          + "eth10@gpu-hardwarefree-037",
        ]
      + underlay = "enabled"
    }

  # netris_link.ns_gpu_links["swp13@sw-hardwarefree-frontend-leaf03--eth9@gpu-hardwarefree-038"] will be created
  + resource "netris_link" "ns_gpu_links" {
      + id       = (known after apply)
      + ports    = [
          + "swp13@sw-hardwarefree-frontend-leaf03",
          + "eth9@gpu-hardwarefree-038",
        ]
      + underlay = "enabled"
    }

  # netris_link.ns_gpu_links["swp13@sw-hardwarefree-frontend-leaf04--eth10@gpu-hardwarefree-038"] will be created
  + resource "netris_link" "ns_gpu_links" {
      + id       = (known after apply)
      + ports    = [
          + "swp13@sw-hardwarefree-frontend-leaf04",
          + "eth10@gpu-hardwarefree-038",
        ]
      + underlay = "enabled"
    }

  # netris_link.ns_gpu_links["swp13@sw-hardwarefree-frontend-leaf05--eth9@gpu-hardwarefree-039"] will be created
  + resource "netris_link" "ns_gpu_links" {
      + id       = (known after apply)
      + ports    = [
          + "swp13@sw-hardwarefree-frontend-leaf05",
          + "eth9@gpu-hardwarefree-039",
        ]
      + underlay = "enabled"
    }

  # netris_link.ns_gpu_links["swp13@sw-hardwarefree-frontend-leaf06--eth10@gpu-hardwarefree-039"] will be created
  + resource "netris_link" "ns_gpu_links" {
      + id       = (known after apply)
      + ports    = [
          + "swp13@sw-hardwarefree-frontend-leaf06",
          + "eth10@gpu-hardwarefree-039",
        ]
      + underlay = "enabled"
    }

  # netris_link.ns_gpu_links["swp14@sw-hardwarefree-frontend-leaf01--eth9@gpu-hardwarefree-040"] will be created
  + resource "netris_link" "ns_gpu_links" {
      + id       = (known after apply)
      + ports    = [
          + "swp14@sw-hardwarefree-frontend-leaf01",
          + "eth9@gpu-hardwarefree-040",
        ]
      + underlay = "enabled"
    }

  # netris_link.ns_gpu_links["swp14@sw-hardwarefree-frontend-leaf02--eth10@gpu-hardwarefree-040"] will be created
  + resource "netris_link" "ns_gpu_links" {
      + id       = (known after apply)
      + ports    = [
          + "swp14@sw-hardwarefree-frontend-leaf02",
          + "eth10@gpu-hardwarefree-040",
        ]
      + underlay = "enabled"
    }

  # netris_link.ns_gpu_links["swp14@sw-hardwarefree-frontend-leaf03--eth9@gpu-hardwarefree-041"] will be created
  + resource "netris_link" "ns_gpu_links" {
      + id       = (known after apply)
      + ports    = [
          + "swp14@sw-hardwarefree-frontend-leaf03",
          + "eth9@gpu-hardwarefree-041",
        ]
      + underlay = "enabled"
    }

  # netris_link.ns_gpu_links["swp14@sw-hardwarefree-frontend-leaf04--eth10@gpu-hardwarefree-041"] will be created
  + resource "netris_link" "ns_gpu_links" {
      + id       = (known after apply)
      + ports    = [
          + "swp14@sw-hardwarefree-frontend-leaf04",
          + "eth10@gpu-hardwarefree-041",
        ]
      + underlay = "enabled"
    }

  # netris_link.ns_gpu_links["swp14@sw-hardwarefree-frontend-leaf05--eth9@gpu-hardwarefree-042"] will be created
  + resource "netris_link" "ns_gpu_links" {
      + id       = (known after apply)
      + ports    = [
          + "swp14@sw-hardwarefree-frontend-leaf05",
          + "eth9@gpu-hardwarefree-042",
        ]
      + underlay = "enabled"
    }

  # netris_link.ns_gpu_links["swp14@sw-hardwarefree-frontend-leaf06--eth10@gpu-hardwarefree-042"] will be created
  + resource "netris_link" "ns_gpu_links" {
      + id       = (known after apply)
      + ports    = [
          + "swp14@sw-hardwarefree-frontend-leaf06",
          + "eth10@gpu-hardwarefree-042",
        ]
      + underlay = "enabled"
    }

  # netris_link.ns_gpu_links["swp15@sw-hardwarefree-frontend-leaf01--eth9@gpu-hardwarefree-043"] will be created
  + resource "netris_link" "ns_gpu_links" {
      + id       = (known after apply)
      + ports    = [
          + "swp15@sw-hardwarefree-frontend-leaf01",
          + "eth9@gpu-hardwarefree-043",
        ]
      + underlay = "enabled"
    }

  # netris_link.ns_gpu_links["swp15@sw-hardwarefree-frontend-leaf02--eth10@gpu-hardwarefree-043"] will be created
  + resource "netris_link" "ns_gpu_links" {
      + id       = (known after apply)
      + ports    = [
          + "swp15@sw-hardwarefree-frontend-leaf02",
          + "eth10@gpu-hardwarefree-043",
        ]
      + underlay = "enabled"
    }

  # netris_link.ns_gpu_links["swp15@sw-hardwarefree-frontend-leaf03--eth9@gpu-hardwarefree-044"] will be created
  + resource "netris_link" "ns_gpu_links" {
      + id       = (known after apply)
      + ports    = [
          + "swp15@sw-hardwarefree-frontend-leaf03",
          + "eth9@gpu-hardwarefree-044",
        ]
      + underlay = "enabled"
    }

  # netris_link.ns_gpu_links["swp15@sw-hardwarefree-frontend-leaf04--eth10@gpu-hardwarefree-044"] will be created
  + resource "netris_link" "ns_gpu_links" {
      + id       = (known after apply)
      + ports    = [
          + "swp15@sw-hardwarefree-frontend-leaf04",
          + "eth10@gpu-hardwarefree-044",
        ]
      + underlay = "enabled"
    }

  # netris_link.ns_gpu_links["swp15@sw-hardwarefree-frontend-leaf05--eth9@gpu-hardwarefree-045"] will be created
  + resource "netris_link" "ns_gpu_links" {
      + id       = (known after apply)
      + ports    = [
          + "swp15@sw-hardwarefree-frontend-leaf05",
          + "eth9@gpu-hardwarefree-045",
        ]
      + underlay = "enabled"
    }

  # netris_link.ns_gpu_links["swp15@sw-hardwarefree-frontend-leaf06--eth10@gpu-hardwarefree-045"] will be created
  + resource "netris_link" "ns_gpu_links" {
      + id       = (known after apply)
      + ports    = [
          + "swp15@sw-hardwarefree-frontend-leaf06",
          + "eth10@gpu-hardwarefree-045",
        ]
      + underlay = "enabled"
    }

  # netris_link.ns_gpu_links["swp16@sw-hardwarefree-frontend-leaf01--eth9@gpu-hardwarefree-046"] will be created
  + resource "netris_link" "ns_gpu_links" {
      + id       = (known after apply)
      + ports    = [
          + "swp16@sw-hardwarefree-frontend-leaf01",
          + "eth9@gpu-hardwarefree-046",
        ]
      + underlay = "enabled"
    }

  # netris_link.ns_gpu_links["swp16@sw-hardwarefree-frontend-leaf02--eth10@gpu-hardwarefree-046"] will be created
  + resource "netris_link" "ns_gpu_links" {
      + id       = (known after apply)
      + ports    = [
          + "swp16@sw-hardwarefree-frontend-leaf02",
          + "eth10@gpu-hardwarefree-046",
        ]
      + underlay = "enabled"
    }

  # netris_link.ns_gpu_links["swp16@sw-hardwarefree-frontend-leaf03--eth9@gpu-hardwarefree-047"] will be created
  + resource "netris_link" "ns_gpu_links" {
      + id       = (known after apply)
      + ports    = [
          + "swp16@sw-hardwarefree-frontend-leaf03",
          + "eth9@gpu-hardwarefree-047",
        ]
      + underlay = "enabled"
    }

  # netris_link.ns_gpu_links["swp16@sw-hardwarefree-frontend-leaf04--eth10@gpu-hardwarefree-047"] will be created
  + resource "netris_link" "ns_gpu_links" {
      + id       = (known after apply)
      + ports    = [
          + "swp16@sw-hardwarefree-frontend-leaf04",
          + "eth10@gpu-hardwarefree-047",
        ]
      + underlay = "enabled"
    }

  # netris_link.ns_gpu_links["swp16@sw-hardwarefree-frontend-leaf05--eth9@gpu-hardwarefree-048"] will be created
  + resource "netris_link" "ns_gpu_links" {
      + id       = (known after apply)
      + ports    = [
          + "swp16@sw-hardwarefree-frontend-leaf05",
          + "eth9@gpu-hardwarefree-048",
        ]
      + underlay = "enabled"
    }

  # netris_link.ns_gpu_links["swp16@sw-hardwarefree-frontend-leaf06--eth10@gpu-hardwarefree-048"] will be created
  + resource "netris_link" "ns_gpu_links" {
      + id       = (known after apply)
      + ports    = [
          + "swp16@sw-hardwarefree-frontend-leaf06",
          + "eth10@gpu-hardwarefree-048",
        ]
      + underlay = "enabled"
    }

  # netris_link.ns_gpu_links["swp17@sw-hardwarefree-frontend-leaf01--eth9@gpu-hardwarefree-049"] will be created
  + resource "netris_link" "ns_gpu_links" {
      + id       = (known after apply)
      + ports    = [
          + "swp17@sw-hardwarefree-frontend-leaf01",
          + "eth9@gpu-hardwarefree-049",
        ]
      + underlay = "enabled"
    }

  # netris_link.ns_gpu_links["swp17@sw-hardwarefree-frontend-leaf02--eth10@gpu-hardwarefree-049"] will be created
  + resource "netris_link" "ns_gpu_links" {
      + id       = (known after apply)
      + ports    = [
          + "swp17@sw-hardwarefree-frontend-leaf02",
          + "eth10@gpu-hardwarefree-049",
        ]
      + underlay = "enabled"
    }

  # netris_link.ns_gpu_links["swp17@sw-hardwarefree-frontend-leaf03--eth9@gpu-hardwarefree-050"] will be created
  + resource "netris_link" "ns_gpu_links" {
      + id       = (known after apply)
      + ports    = [
          + "swp17@sw-hardwarefree-frontend-leaf03",
          + "eth9@gpu-hardwarefree-050",
        ]
      + underlay = "enabled"
    }

  # netris_link.ns_gpu_links["swp17@sw-hardwarefree-frontend-leaf04--eth10@gpu-hardwarefree-050"] will be created
  + resource "netris_link" "ns_gpu_links" {
      + id       = (known after apply)
      + ports    = [
          + "swp17@sw-hardwarefree-frontend-leaf04",
          + "eth10@gpu-hardwarefree-050",
        ]
      + underlay = "enabled"
    }

  # netris_link.ns_gpu_links["swp17@sw-hardwarefree-frontend-leaf05--eth9@gpu-hardwarefree-051"] will be created
  + resource "netris_link" "ns_gpu_links" {
      + id       = (known after apply)
      + ports    = [
          + "swp17@sw-hardwarefree-frontend-leaf05",
          + "eth9@gpu-hardwarefree-051",
        ]
      + underlay = "enabled"
    }

  # netris_link.ns_gpu_links["swp17@sw-hardwarefree-frontend-leaf06--eth10@gpu-hardwarefree-051"] will be created
  + resource "netris_link" "ns_gpu_links" {
      + id       = (known after apply)
      + ports    = [
          + "swp17@sw-hardwarefree-frontend-leaf06",
          + "eth10@gpu-hardwarefree-051",
        ]
      + underlay = "enabled"
    }

  # netris_link.ns_gpu_links["swp18@sw-hardwarefree-frontend-leaf01--eth9@gpu-hardwarefree-052"] will be created
  + resource "netris_link" "ns_gpu_links" {
      + id       = (known after apply)
      + ports    = [
          + "swp18@sw-hardwarefree-frontend-leaf01",
          + "eth9@gpu-hardwarefree-052",
        ]
      + underlay = "enabled"
    }

  # netris_link.ns_gpu_links["swp18@sw-hardwarefree-frontend-leaf02--eth10@gpu-hardwarefree-052"] will be created
  + resource "netris_link" "ns_gpu_links" {
      + id       = (known after apply)
      + ports    = [
          + "swp18@sw-hardwarefree-frontend-leaf02",
          + "eth10@gpu-hardwarefree-052",
        ]
      + underlay = "enabled"
    }

  # netris_link.ns_gpu_links["swp18@sw-hardwarefree-frontend-leaf03--eth9@gpu-hardwarefree-053"] will be created
  + resource "netris_link" "ns_gpu_links" {
      + id       = (known after apply)
      + ports    = [
          + "swp18@sw-hardwarefree-frontend-leaf03",
          + "eth9@gpu-hardwarefree-053",
        ]
      + underlay = "enabled"
    }

  # netris_link.ns_gpu_links["swp18@sw-hardwarefree-frontend-leaf04--eth10@gpu-hardwarefree-053"] will be created
  + resource "netris_link" "ns_gpu_links" {
      + id       = (known after apply)
      + ports    = [
          + "swp18@sw-hardwarefree-frontend-leaf04",
          + "eth10@gpu-hardwarefree-053",
        ]
      + underlay = "enabled"
    }

  # netris_link.ns_gpu_links["swp18@sw-hardwarefree-frontend-leaf05--eth9@gpu-hardwarefree-054"] will be created
  + resource "netris_link" "ns_gpu_links" {
      + id       = (known after apply)
      + ports    = [
          + "swp18@sw-hardwarefree-frontend-leaf05",
          + "eth9@gpu-hardwarefree-054",
        ]
      + underlay = "enabled"
    }

  # netris_link.ns_gpu_links["swp18@sw-hardwarefree-frontend-leaf06--eth10@gpu-hardwarefree-054"] will be created
  + resource "netris_link" "ns_gpu_links" {
      + id       = (known after apply)
      + ports    = [
          + "swp18@sw-hardwarefree-frontend-leaf06",
          + "eth10@gpu-hardwarefree-054",
        ]
      + underlay = "enabled"
    }

  # netris_link.ns_gpu_links["swp19@sw-hardwarefree-frontend-leaf01--eth9@gpu-hardwarefree-055"] will be created
  + resource "netris_link" "ns_gpu_links" {
      + id       = (known after apply)
      + ports    = [
          + "swp19@sw-hardwarefree-frontend-leaf01",
          + "eth9@gpu-hardwarefree-055",
        ]
      + underlay = "enabled"
    }

  # netris_link.ns_gpu_links["swp19@sw-hardwarefree-frontend-leaf02--eth10@gpu-hardwarefree-055"] will be created
  + resource "netris_link" "ns_gpu_links" {
      + id       = (known after apply)
      + ports    = [
          + "swp19@sw-hardwarefree-frontend-leaf02",
          + "eth10@gpu-hardwarefree-055",
        ]
      + underlay = "enabled"
    }

  # netris_link.ns_gpu_links["swp19@sw-hardwarefree-frontend-leaf03--eth9@gpu-hardwarefree-056"] will be created
  + resource "netris_link" "ns_gpu_links" {
      + id       = (known after apply)
      + ports    = [
          + "swp19@sw-hardwarefree-frontend-leaf03",
          + "eth9@gpu-hardwarefree-056",
        ]
      + underlay = "enabled"
    }

  # netris_link.ns_gpu_links["swp19@sw-hardwarefree-frontend-leaf04--eth10@gpu-hardwarefree-056"] will be created
  + resource "netris_link" "ns_gpu_links" {
      + id       = (known after apply)
      + ports    = [
          + "swp19@sw-hardwarefree-frontend-leaf04",
          + "eth10@gpu-hardwarefree-056",
        ]
      + underlay = "enabled"
    }

  # netris_link.ns_gpu_links["swp19@sw-hardwarefree-frontend-leaf05--eth9@gpu-hardwarefree-057"] will be created
  + resource "netris_link" "ns_gpu_links" {
      + id       = (known after apply)
      + ports    = [
          + "swp19@sw-hardwarefree-frontend-leaf05",
          + "eth9@gpu-hardwarefree-057",
        ]
      + underlay = "enabled"
    }

  # netris_link.ns_gpu_links["swp19@sw-hardwarefree-frontend-leaf06--eth10@gpu-hardwarefree-057"] will be created
  + resource "netris_link" "ns_gpu_links" {
      + id       = (known after apply)
      + ports    = [
          + "swp19@sw-hardwarefree-frontend-leaf06",
          + "eth10@gpu-hardwarefree-057",
        ]
      + underlay = "enabled"
    }

  # netris_link.ns_gpu_links["swp1@sw-hardwarefree-frontend-leaf01--eth9@gpu-hardwarefree-001"] will be created
  + resource "netris_link" "ns_gpu_links" {
      + id       = (known after apply)
      + ports    = [
          + "swp1@sw-hardwarefree-frontend-leaf01",
          + "eth9@gpu-hardwarefree-001",
        ]
      + underlay = "enabled"
    }

  # netris_link.ns_gpu_links["swp1@sw-hardwarefree-frontend-leaf02--eth10@gpu-hardwarefree-001"] will be created
  + resource "netris_link" "ns_gpu_links" {
      + id       = (known after apply)
      + ports    = [
          + "swp1@sw-hardwarefree-frontend-leaf02",
          + "eth10@gpu-hardwarefree-001",
        ]
      + underlay = "enabled"
    }

  # netris_link.ns_gpu_links["swp1@sw-hardwarefree-frontend-leaf03--eth9@gpu-hardwarefree-002"] will be created
  + resource "netris_link" "ns_gpu_links" {
      + id       = (known after apply)
      + ports    = [
          + "swp1@sw-hardwarefree-frontend-leaf03",
          + "eth9@gpu-hardwarefree-002",
        ]
      + underlay = "enabled"
    }

  # netris_link.ns_gpu_links["swp1@sw-hardwarefree-frontend-leaf04--eth10@gpu-hardwarefree-002"] will be created
  + resource "netris_link" "ns_gpu_links" {
      + id       = (known after apply)
      + ports    = [
          + "swp1@sw-hardwarefree-frontend-leaf04",
          + "eth10@gpu-hardwarefree-002",
        ]
      + underlay = "enabled"
    }

  # netris_link.ns_gpu_links["swp1@sw-hardwarefree-frontend-leaf05--eth9@gpu-hardwarefree-003"] will be created
  + resource "netris_link" "ns_gpu_links" {
      + id       = (known after apply)
      + ports    = [
          + "swp1@sw-hardwarefree-frontend-leaf05",
          + "eth9@gpu-hardwarefree-003",
        ]
      + underlay = "enabled"
    }

  # netris_link.ns_gpu_links["swp1@sw-hardwarefree-frontend-leaf06--eth10@gpu-hardwarefree-003"] will be created
  + resource "netris_link" "ns_gpu_links" {
      + id       = (known after apply)
      + ports    = [
          + "swp1@sw-hardwarefree-frontend-leaf06",
          + "eth10@gpu-hardwarefree-003",
        ]
      + underlay = "enabled"
    }

  # netris_link.ns_gpu_links["swp20@sw-hardwarefree-frontend-leaf01--eth9@gpu-hardwarefree-058"] will be created
  + resource "netris_link" "ns_gpu_links" {
      + id       = (known after apply)
      + ports    = [
          + "swp20@sw-hardwarefree-frontend-leaf01",
          + "eth9@gpu-hardwarefree-058",
        ]
      + underlay = "enabled"
    }

  # netris_link.ns_gpu_links["swp20@sw-hardwarefree-frontend-leaf02--eth10@gpu-hardwarefree-058"] will be created
  + resource "netris_link" "ns_gpu_links" {
      + id       = (known after apply)
      + ports    = [
          + "swp20@sw-hardwarefree-frontend-leaf02",
          + "eth10@gpu-hardwarefree-058",
        ]
      + underlay = "enabled"
    }

  # netris_link.ns_gpu_links["swp20@sw-hardwarefree-frontend-leaf03--eth9@gpu-hardwarefree-059"] will be created
  + resource "netris_link" "ns_gpu_links" {
      + id       = (known after apply)
      + ports    = [
          + "swp20@sw-hardwarefree-frontend-leaf03",
          + "eth9@gpu-hardwarefree-059",
        ]
      + underlay = "enabled"
    }

  # netris_link.ns_gpu_links["swp20@sw-hardwarefree-frontend-leaf04--eth10@gpu-hardwarefree-059"] will be created
  + resource "netris_link" "ns_gpu_links" {
      + id       = (known after apply)
      + ports    = [
          + "swp20@sw-hardwarefree-frontend-leaf04",
          + "eth10@gpu-hardwarefree-059",
        ]
      + underlay = "enabled"
    }

  # netris_link.ns_gpu_links["swp20@sw-hardwarefree-frontend-leaf05--eth9@gpu-hardwarefree-060"] will be created
  + resource "netris_link" "ns_gpu_links" {
      + id       = (known after apply)
      + ports    = [
          + "swp20@sw-hardwarefree-frontend-leaf05",
          + "eth9@gpu-hardwarefree-060",
        ]
      + underlay = "enabled"
    }

  # netris_link.ns_gpu_links["swp20@sw-hardwarefree-frontend-leaf06--eth10@gpu-hardwarefree-060"] will be created
  + resource "netris_link" "ns_gpu_links" {
      + id       = (known after apply)
      + ports    = [
          + "swp20@sw-hardwarefree-frontend-leaf06",
          + "eth10@gpu-hardwarefree-060",
        ]
      + underlay = "enabled"
    }

  # netris_link.ns_gpu_links["swp21@sw-hardwarefree-frontend-leaf01--eth9@gpu-hardwarefree-061"] will be created
  + resource "netris_link" "ns_gpu_links" {
      + id       = (known after apply)
      + ports    = [
          + "swp21@sw-hardwarefree-frontend-leaf01",
          + "eth9@gpu-hardwarefree-061",
        ]
      + underlay = "enabled"
    }

  # netris_link.ns_gpu_links["swp21@sw-hardwarefree-frontend-leaf02--eth10@gpu-hardwarefree-061"] will be created
  + resource "netris_link" "ns_gpu_links" {
      + id       = (known after apply)
      + ports    = [
          + "swp21@sw-hardwarefree-frontend-leaf02",
          + "eth10@gpu-hardwarefree-061",
        ]
      + underlay = "enabled"
    }

  # netris_link.ns_gpu_links["swp21@sw-hardwarefree-frontend-leaf03--eth9@gpu-hardwarefree-062"] will be created
  + resource "netris_link" "ns_gpu_links" {
      + id       = (known after apply)
      + ports    = [
          + "swp21@sw-hardwarefree-frontend-leaf03",
          + "eth9@gpu-hardwarefree-062",
        ]
      + underlay = "enabled"
    }

  # netris_link.ns_gpu_links["swp21@sw-hardwarefree-frontend-leaf04--eth10@gpu-hardwarefree-062"] will be created
  + resource "netris_link" "ns_gpu_links" {
      + id       = (known after apply)
      + ports    = [
          + "swp21@sw-hardwarefree-frontend-leaf04",
          + "eth10@gpu-hardwarefree-062",
        ]
      + underlay = "enabled"
    }

  # netris_link.ns_gpu_links["swp21@sw-hardwarefree-frontend-leaf05--eth9@gpu-hardwarefree-063"] will be created
  + resource "netris_link" "ns_gpu_links" {
      + id       = (known after apply)
      + ports    = [
          + "swp21@sw-hardwarefree-frontend-leaf05",
          + "eth9@gpu-hardwarefree-063",
        ]
      + underlay = "enabled"
    }

  # netris_link.ns_gpu_links["swp21@sw-hardwarefree-frontend-leaf06--eth10@gpu-hardwarefree-063"] will be created
  + resource "netris_link" "ns_gpu_links" {
      + id       = (known after apply)
      + ports    = [
          + "swp21@sw-hardwarefree-frontend-leaf06",
          + "eth10@gpu-hardwarefree-063",
        ]
      + underlay = "enabled"
    }

  # netris_link.ns_gpu_links["swp22@sw-hardwarefree-frontend-leaf01--eth9@gpu-hardwarefree-064"] will be created
  + resource "netris_link" "ns_gpu_links" {
      + id       = (known after apply)
      + ports    = [
          + "swp22@sw-hardwarefree-frontend-leaf01",
          + "eth9@gpu-hardwarefree-064",
        ]
      + underlay = "enabled"
    }

  # netris_link.ns_gpu_links["swp22@sw-hardwarefree-frontend-leaf02--eth10@gpu-hardwarefree-064"] will be created
  + resource "netris_link" "ns_gpu_links" {
      + id       = (known after apply)
      + ports    = [
          + "swp22@sw-hardwarefree-frontend-leaf02",
          + "eth10@gpu-hardwarefree-064",
        ]
      + underlay = "enabled"
    }

  # netris_link.ns_gpu_links["swp2@sw-hardwarefree-frontend-leaf01--eth9@gpu-hardwarefree-004"] will be created
  + resource "netris_link" "ns_gpu_links" {
      + id       = (known after apply)
      + ports    = [
          + "swp2@sw-hardwarefree-frontend-leaf01",
          + "eth9@gpu-hardwarefree-004",
        ]
      + underlay = "enabled"
    }

  # netris_link.ns_gpu_links["swp2@sw-hardwarefree-frontend-leaf02--eth10@gpu-hardwarefree-004"] will be created
  + resource "netris_link" "ns_gpu_links" {
      + id       = (known after apply)
      + ports    = [
          + "swp2@sw-hardwarefree-frontend-leaf02",
          + "eth10@gpu-hardwarefree-004",
        ]
      + underlay = "enabled"
    }

  # netris_link.ns_gpu_links["swp2@sw-hardwarefree-frontend-leaf03--eth9@gpu-hardwarefree-005"] will be created
  + resource "netris_link" "ns_gpu_links" {
      + id       = (known after apply)
      + ports    = [
          + "swp2@sw-hardwarefree-frontend-leaf03",
          + "eth9@gpu-hardwarefree-005",
        ]
      + underlay = "enabled"
    }

  # netris_link.ns_gpu_links["swp2@sw-hardwarefree-frontend-leaf04--eth10@gpu-hardwarefree-005"] will be created
  + resource "netris_link" "ns_gpu_links" {
      + id       = (known after apply)
      + ports    = [
          + "swp2@sw-hardwarefree-frontend-leaf04",
          + "eth10@gpu-hardwarefree-005",
        ]
      + underlay = "enabled"
    }

  # netris_link.ns_gpu_links["swp2@sw-hardwarefree-frontend-leaf05--eth9@gpu-hardwarefree-006"] will be created
  + resource "netris_link" "ns_gpu_links" {
      + id       = (known after apply)
      + ports    = [
          + "swp2@sw-hardwarefree-frontend-leaf05",
          + "eth9@gpu-hardwarefree-006",
        ]
      + underlay = "enabled"
    }

  # netris_link.ns_gpu_links["swp2@sw-hardwarefree-frontend-leaf06--eth10@gpu-hardwarefree-006"] will be created
  + resource "netris_link" "ns_gpu_links" {
      + id       = (known after apply)
      + ports    = [
          + "swp2@sw-hardwarefree-frontend-leaf06",
          + "eth10@gpu-hardwarefree-006",
        ]
      + underlay = "enabled"
    }

  # netris_link.ns_gpu_links["swp3@sw-hardwarefree-frontend-leaf01--eth9@gpu-hardwarefree-007"] will be created
  + resource "netris_link" "ns_gpu_links" {
      + id       = (known after apply)
      + ports    = [
          + "swp3@sw-hardwarefree-frontend-leaf01",
          + "eth9@gpu-hardwarefree-007",
        ]
      + underlay = "enabled"
    }

  # netris_link.ns_gpu_links["swp3@sw-hardwarefree-frontend-leaf02--eth10@gpu-hardwarefree-007"] will be created
  + resource "netris_link" "ns_gpu_links" {
      + id       = (known after apply)
      + ports    = [
          + "swp3@sw-hardwarefree-frontend-leaf02",
          + "eth10@gpu-hardwarefree-007",
        ]
      + underlay = "enabled"
    }

  # netris_link.ns_gpu_links["swp3@sw-hardwarefree-frontend-leaf03--eth9@gpu-hardwarefree-008"] will be created
  + resource "netris_link" "ns_gpu_links" {
      + id       = (known after apply)
      + ports    = [
          + "swp3@sw-hardwarefree-frontend-leaf03",
          + "eth9@gpu-hardwarefree-008",
        ]
      + underlay = "enabled"
    }

  # netris_link.ns_gpu_links["swp3@sw-hardwarefree-frontend-leaf04--eth10@gpu-hardwarefree-008"] will be created
  + resource "netris_link" "ns_gpu_links" {
      + id       = (known after apply)
      + ports    = [
          + "swp3@sw-hardwarefree-frontend-leaf04",
          + "eth10@gpu-hardwarefree-008",
        ]
      + underlay = "enabled"
    }

  # netris_link.ns_gpu_links["swp3@sw-hardwarefree-frontend-leaf05--eth9@gpu-hardwarefree-009"] will be created
  + resource "netris_link" "ns_gpu_links" {
      + id       = (known after apply)
      + ports    = [
          + "swp3@sw-hardwarefree-frontend-leaf05",
          + "eth9@gpu-hardwarefree-009",
        ]
      + underlay = "enabled"
    }

  # netris_link.ns_gpu_links["swp3@sw-hardwarefree-frontend-leaf06--eth10@gpu-hardwarefree-009"] will be created
  + resource "netris_link" "ns_gpu_links" {
      + id       = (known after apply)
      + ports    = [
          + "swp3@sw-hardwarefree-frontend-leaf06",
          + "eth10@gpu-hardwarefree-009",
        ]
      + underlay = "enabled"
    }

  # netris_link.ns_gpu_links["swp4@sw-hardwarefree-frontend-leaf01--eth9@gpu-hardwarefree-010"] will be created
  + resource "netris_link" "ns_gpu_links" {
      + id       = (known after apply)
      + ports    = [
          + "swp4@sw-hardwarefree-frontend-leaf01",
          + "eth9@gpu-hardwarefree-010",
        ]
      + underlay = "enabled"
    }

  # netris_link.ns_gpu_links["swp4@sw-hardwarefree-frontend-leaf02--eth10@gpu-hardwarefree-010"] will be created
  + resource "netris_link" "ns_gpu_links" {
      + id       = (known after apply)
      + ports    = [
          + "swp4@sw-hardwarefree-frontend-leaf02",
          + "eth10@gpu-hardwarefree-010",
        ]
      + underlay = "enabled"
    }

  # netris_link.ns_gpu_links["swp4@sw-hardwarefree-frontend-leaf03--eth9@gpu-hardwarefree-011"] will be created
  + resource "netris_link" "ns_gpu_links" {
      + id       = (known after apply)
      + ports    = [
          + "swp4@sw-hardwarefree-frontend-leaf03",
          + "eth9@gpu-hardwarefree-011",
        ]
      + underlay = "enabled"
    }

  # netris_link.ns_gpu_links["swp4@sw-hardwarefree-frontend-leaf04--eth10@gpu-hardwarefree-011"] will be created
  + resource "netris_link" "ns_gpu_links" {
      + id       = (known after apply)
      + ports    = [
          + "swp4@sw-hardwarefree-frontend-leaf04",
          + "eth10@gpu-hardwarefree-011",
        ]
      + underlay = "enabled"
    }

  # netris_link.ns_gpu_links["swp4@sw-hardwarefree-frontend-leaf05--eth9@gpu-hardwarefree-012"] will be created
  + resource "netris_link" "ns_gpu_links" {
      + id       = (known after apply)
      + ports    = [
          + "swp4@sw-hardwarefree-frontend-leaf05",
          + "eth9@gpu-hardwarefree-012",
        ]
      + underlay = "enabled"
    }

  # netris_link.ns_gpu_links["swp4@sw-hardwarefree-frontend-leaf06--eth10@gpu-hardwarefree-012"] will be created
  + resource "netris_link" "ns_gpu_links" {
      + id       = (known after apply)
      + ports    = [
          + "swp4@sw-hardwarefree-frontend-leaf06",
          + "eth10@gpu-hardwarefree-012",
        ]
      + underlay = "enabled"
    }

  # netris_link.ns_gpu_links["swp5@sw-hardwarefree-frontend-leaf01--eth9@gpu-hardwarefree-013"] will be created
  + resource "netris_link" "ns_gpu_links" {
      + id       = (known after apply)
      + ports    = [
          + "swp5@sw-hardwarefree-frontend-leaf01",
          + "eth9@gpu-hardwarefree-013",
        ]
      + underlay = "enabled"
    }

  # netris_link.ns_gpu_links["swp5@sw-hardwarefree-frontend-leaf02--eth10@gpu-hardwarefree-013"] will be created
  + resource "netris_link" "ns_gpu_links" {
      + id       = (known after apply)
      + ports    = [
          + "swp5@sw-hardwarefree-frontend-leaf02",
          + "eth10@gpu-hardwarefree-013",
        ]
      + underlay = "enabled"
    }

  # netris_link.ns_gpu_links["swp5@sw-hardwarefree-frontend-leaf03--eth9@gpu-hardwarefree-014"] will be created
  + resource "netris_link" "ns_gpu_links" {
      + id       = (known after apply)
      + ports    = [
          + "swp5@sw-hardwarefree-frontend-leaf03",
          + "eth9@gpu-hardwarefree-014",
        ]
      + underlay = "enabled"
    }

  # netris_link.ns_gpu_links["swp5@sw-hardwarefree-frontend-leaf04--eth10@gpu-hardwarefree-014"] will be created
  + resource "netris_link" "ns_gpu_links" {
      + id       = (known after apply)
      + ports    = [
          + "swp5@sw-hardwarefree-frontend-leaf04",
          + "eth10@gpu-hardwarefree-014",
        ]
      + underlay = "enabled"
    }

  # netris_link.ns_gpu_links["swp5@sw-hardwarefree-frontend-leaf05--eth9@gpu-hardwarefree-015"] will be created
  + resource "netris_link" "ns_gpu_links" {
      + id       = (known after apply)
      + ports    = [
          + "swp5@sw-hardwarefree-frontend-leaf05",
          + "eth9@gpu-hardwarefree-015",
        ]
      + underlay = "enabled"
    }

  # netris_link.ns_gpu_links["swp5@sw-hardwarefree-frontend-leaf06--eth10@gpu-hardwarefree-015"] will be created
  + resource "netris_link" "ns_gpu_links" {
      + id       = (known after apply)
      + ports    = [
          + "swp5@sw-hardwarefree-frontend-leaf06",
          + "eth10@gpu-hardwarefree-015",
        ]
      + underlay = "enabled"
    }

  # netris_link.ns_gpu_links["swp6@sw-hardwarefree-frontend-leaf01--eth9@gpu-hardwarefree-016"] will be created
  + resource "netris_link" "ns_gpu_links" {
      + id       = (known after apply)
      + ports    = [
          + "swp6@sw-hardwarefree-frontend-leaf01",
          + "eth9@gpu-hardwarefree-016",
        ]
      + underlay = "enabled"
    }

  # netris_link.ns_gpu_links["swp6@sw-hardwarefree-frontend-leaf02--eth10@gpu-hardwarefree-016"] will be created
  + resource "netris_link" "ns_gpu_links" {
      + id       = (known after apply)
      + ports    = [
          + "swp6@sw-hardwarefree-frontend-leaf02",
          + "eth10@gpu-hardwarefree-016",
        ]
      + underlay = "enabled"
    }

  # netris_link.ns_gpu_links["swp6@sw-hardwarefree-frontend-leaf03--eth9@gpu-hardwarefree-017"] will be created
  + resource "netris_link" "ns_gpu_links" {
      + id       = (known after apply)
      + ports    = [
          + "swp6@sw-hardwarefree-frontend-leaf03",
          + "eth9@gpu-hardwarefree-017",
        ]
      + underlay = "enabled"
    }

  # netris_link.ns_gpu_links["swp6@sw-hardwarefree-frontend-leaf04--eth10@gpu-hardwarefree-017"] will be created
  + resource "netris_link" "ns_gpu_links" {
      + id       = (known after apply)
      + ports    = [
          + "swp6@sw-hardwarefree-frontend-leaf04",
          + "eth10@gpu-hardwarefree-017",
        ]
      + underlay = "enabled"
    }

  # netris_link.ns_gpu_links["swp6@sw-hardwarefree-frontend-leaf05--eth9@gpu-hardwarefree-018"] will be created
  + resource "netris_link" "ns_gpu_links" {
      + id       = (known after apply)
      + ports    = [
          + "swp6@sw-hardwarefree-frontend-leaf05",
          + "eth9@gpu-hardwarefree-018",
        ]
      + underlay = "enabled"
    }

  # netris_link.ns_gpu_links["swp6@sw-hardwarefree-frontend-leaf06--eth10@gpu-hardwarefree-018"] will be created
  + resource "netris_link" "ns_gpu_links" {
      + id       = (known after apply)
      + ports    = [
          + "swp6@sw-hardwarefree-frontend-leaf06",
          + "eth10@gpu-hardwarefree-018",
        ]
      + underlay = "enabled"
    }

  # netris_link.ns_gpu_links["swp7@sw-hardwarefree-frontend-leaf01--eth9@gpu-hardwarefree-019"] will be created
  + resource "netris_link" "ns_gpu_links" {
      + id       = (known after apply)
      + ports    = [
          + "swp7@sw-hardwarefree-frontend-leaf01",
          + "eth9@gpu-hardwarefree-019",
        ]
      + underlay = "enabled"
    }

  # netris_link.ns_gpu_links["swp7@sw-hardwarefree-frontend-leaf02--eth10@gpu-hardwarefree-019"] will be created
  + resource "netris_link" "ns_gpu_links" {
      + id       = (known after apply)
      + ports    = [
          + "swp7@sw-hardwarefree-frontend-leaf02",
          + "eth10@gpu-hardwarefree-019",
        ]
      + underlay = "enabled"
    }

  # netris_link.ns_gpu_links["swp7@sw-hardwarefree-frontend-leaf03--eth9@gpu-hardwarefree-020"] will be created
  + resource "netris_link" "ns_gpu_links" {
      + id       = (known after apply)
      + ports    = [
          + "swp7@sw-hardwarefree-frontend-leaf03",
          + "eth9@gpu-hardwarefree-020",
        ]
      + underlay = "enabled"
    }

  # netris_link.ns_gpu_links["swp7@sw-hardwarefree-frontend-leaf04--eth10@gpu-hardwarefree-020"] will be created
  + resource "netris_link" "ns_gpu_links" {
      + id       = (known after apply)
      + ports    = [
          + "swp7@sw-hardwarefree-frontend-leaf04",
          + "eth10@gpu-hardwarefree-020",
        ]
      + underlay = "enabled"
    }

  # netris_link.ns_gpu_links["swp7@sw-hardwarefree-frontend-leaf05--eth9@gpu-hardwarefree-021"] will be created
  + resource "netris_link" "ns_gpu_links" {
      + id       = (known after apply)
      + ports    = [
          + "swp7@sw-hardwarefree-frontend-leaf05",
          + "eth9@gpu-hardwarefree-021",
        ]
      + underlay = "enabled"
    }

  # netris_link.ns_gpu_links["swp7@sw-hardwarefree-frontend-leaf06--eth10@gpu-hardwarefree-021"] will be created
  + resource "netris_link" "ns_gpu_links" {
      + id       = (known after apply)
      + ports    = [
          + "swp7@sw-hardwarefree-frontend-leaf06",
          + "eth10@gpu-hardwarefree-021",
        ]
      + underlay = "enabled"
    }

  # netris_link.ns_gpu_links["swp8@sw-hardwarefree-frontend-leaf01--eth9@gpu-hardwarefree-022"] will be created
  + resource "netris_link" "ns_gpu_links" {
      + id       = (known after apply)
      + ports    = [
          + "swp8@sw-hardwarefree-frontend-leaf01",
          + "eth9@gpu-hardwarefree-022",
        ]
      + underlay = "enabled"
    }

  # netris_link.ns_gpu_links["swp8@sw-hardwarefree-frontend-leaf02--eth10@gpu-hardwarefree-022"] will be created
  + resource "netris_link" "ns_gpu_links" {
      + id       = (known after apply)
      + ports    = [
          + "swp8@sw-hardwarefree-frontend-leaf02",
          + "eth10@gpu-hardwarefree-022",
        ]
      + underlay = "enabled"
    }

  # netris_link.ns_gpu_links["swp8@sw-hardwarefree-frontend-leaf03--eth9@gpu-hardwarefree-023"] will be created
  + resource "netris_link" "ns_gpu_links" {
      + id       = (known after apply)
      + ports    = [
          + "swp8@sw-hardwarefree-frontend-leaf03",
          + "eth9@gpu-hardwarefree-023",
        ]
      + underlay = "enabled"
    }

  # netris_link.ns_gpu_links["swp8@sw-hardwarefree-frontend-leaf04--eth10@gpu-hardwarefree-023"] will be created
  + resource "netris_link" "ns_gpu_links" {
      + id       = (known after apply)
      + ports    = [
          + "swp8@sw-hardwarefree-frontend-leaf04",
          + "eth10@gpu-hardwarefree-023",
        ]
      + underlay = "enabled"
    }

  # netris_link.ns_gpu_links["swp8@sw-hardwarefree-frontend-leaf05--eth9@gpu-hardwarefree-024"] will be created
  + resource "netris_link" "ns_gpu_links" {
      + id       = (known after apply)
      + ports    = [
          + "swp8@sw-hardwarefree-frontend-leaf05",
          + "eth9@gpu-hardwarefree-024",
        ]
      + underlay = "enabled"
    }

  # netris_link.ns_gpu_links["swp8@sw-hardwarefree-frontend-leaf06--eth10@gpu-hardwarefree-024"] will be created
  + resource "netris_link" "ns_gpu_links" {
      + id       = (known after apply)
      + ports    = [
          + "swp8@sw-hardwarefree-frontend-leaf06",
          + "eth10@gpu-hardwarefree-024",
        ]
      + underlay = "enabled"
    }

  # netris_link.ns_gpu_links["swp9@sw-hardwarefree-frontend-leaf01--eth9@gpu-hardwarefree-025"] will be created
  + resource "netris_link" "ns_gpu_links" {
      + id       = (known after apply)
      + ports    = [
          + "swp9@sw-hardwarefree-frontend-leaf01",
          + "eth9@gpu-hardwarefree-025",
        ]
      + underlay = "enabled"
    }

  # netris_link.ns_gpu_links["swp9@sw-hardwarefree-frontend-leaf02--eth10@gpu-hardwarefree-025"] will be created
  + resource "netris_link" "ns_gpu_links" {
      + id       = (known after apply)
      + ports    = [
          + "swp9@sw-hardwarefree-frontend-leaf02",
          + "eth10@gpu-hardwarefree-025",
        ]
      + underlay = "enabled"
    }

  # netris_link.ns_gpu_links["swp9@sw-hardwarefree-frontend-leaf03--eth9@gpu-hardwarefree-026"] will be created
  + resource "netris_link" "ns_gpu_links" {
      + id       = (known after apply)
      + ports    = [
          + "swp9@sw-hardwarefree-frontend-leaf03",
          + "eth9@gpu-hardwarefree-026",
        ]
      + underlay = "enabled"
    }

  # netris_link.ns_gpu_links["swp9@sw-hardwarefree-frontend-leaf04--eth10@gpu-hardwarefree-026"] will be created
  + resource "netris_link" "ns_gpu_links" {
      + id       = (known after apply)
      + ports    = [
          + "swp9@sw-hardwarefree-frontend-leaf04",
          + "eth10@gpu-hardwarefree-026",
        ]
      + underlay = "enabled"
    }

  # netris_link.ns_gpu_links["swp9@sw-hardwarefree-frontend-leaf05--eth9@gpu-hardwarefree-027"] will be created
  + resource "netris_link" "ns_gpu_links" {
      + id       = (known after apply)
      + ports    = [
          + "swp9@sw-hardwarefree-frontend-leaf05",
          + "eth9@gpu-hardwarefree-027",
        ]
      + underlay = "enabled"
    }

  # netris_link.ns_gpu_links["swp9@sw-hardwarefree-frontend-leaf06--eth10@gpu-hardwarefree-027"] will be created
  + resource "netris_link" "ns_gpu_links" {
      + id       = (known after apply)
      + ports    = [
          + "swp9@sw-hardwarefree-frontend-leaf06",
          + "eth10@gpu-hardwarefree-027",
        ]
      + underlay = "enabled"
    }

  # netris_link.ns_switch_links["swp1@sw-hardwarefree-frontend-spine01--swp31@sw-hardwarefree-frontend-leaf01"] will be created
  + resource "netris_link" "ns_switch_links" {
      + id       = (known after apply)
      + ports    = [
          + "swp1@sw-hardwarefree-frontend-spine01",
          + "swp31@sw-hardwarefree-frontend-leaf01",
        ]
      + underlay = "enabled"
    }

  # netris_link.ns_switch_links["swp1@sw-hardwarefree-frontend-spine02--swp32@sw-hardwarefree-frontend-leaf01"] will be created
  + resource "netris_link" "ns_switch_links" {
      + id       = (known after apply)
      + ports    = [
          + "swp1@sw-hardwarefree-frontend-spine02",
          + "swp32@sw-hardwarefree-frontend-leaf01",
        ]
      + underlay = "enabled"
    }

  # netris_link.ns_switch_links["swp2@sw-hardwarefree-frontend-spine01--swp31@sw-hardwarefree-frontend-leaf02"] will be created
  + resource "netris_link" "ns_switch_links" {
      + id       = (known after apply)
      + ports    = [
          + "swp2@sw-hardwarefree-frontend-spine01",
          + "swp31@sw-hardwarefree-frontend-leaf02",
        ]
      + underlay = "enabled"
    }

  # netris_link.ns_switch_links["swp2@sw-hardwarefree-frontend-spine02--swp32@sw-hardwarefree-frontend-leaf02"] will be created
  + resource "netris_link" "ns_switch_links" {
      + id       = (known after apply)
      + ports    = [
          + "swp2@sw-hardwarefree-frontend-spine02",
          + "swp32@sw-hardwarefree-frontend-leaf02",
        ]
      + underlay = "enabled"
    }

  # netris_link.ns_switch_links["swp3@sw-hardwarefree-frontend-spine01--swp31@sw-hardwarefree-frontend-leaf03"] will be created
  + resource "netris_link" "ns_switch_links" {
      + id       = (known after apply)
      + ports    = [
          + "swp3@sw-hardwarefree-frontend-spine01",
          + "swp31@sw-hardwarefree-frontend-leaf03",
        ]
      + underlay = "enabled"
    }

  # netris_link.ns_switch_links["swp3@sw-hardwarefree-frontend-spine02--swp32@sw-hardwarefree-frontend-leaf03"] will be created
  + resource "netris_link" "ns_switch_links" {
      + id       = (known after apply)
      + ports    = [
          + "swp3@sw-hardwarefree-frontend-spine02",
          + "swp32@sw-hardwarefree-frontend-leaf03",
        ]
      + underlay = "enabled"
    }

  # netris_link.ns_switch_links["swp4@sw-hardwarefree-frontend-spine01--swp31@sw-hardwarefree-frontend-leaf04"] will be created
  + resource "netris_link" "ns_switch_links" {
      + id       = (known after apply)
      + ports    = [
          + "swp4@sw-hardwarefree-frontend-spine01",
          + "swp31@sw-hardwarefree-frontend-leaf04",
        ]
      + underlay = "enabled"
    }

  # netris_link.ns_switch_links["swp4@sw-hardwarefree-frontend-spine02--swp32@sw-hardwarefree-frontend-leaf04"] will be created
  + resource "netris_link" "ns_switch_links" {
      + id       = (known after apply)
      + ports    = [
          + "swp4@sw-hardwarefree-frontend-spine02",
          + "swp32@sw-hardwarefree-frontend-leaf04",
        ]
      + underlay = "enabled"
    }

  # netris_link.ns_switch_links["swp5@sw-hardwarefree-frontend-spine01--swp31@sw-hardwarefree-frontend-leaf05"] will be created
  + resource "netris_link" "ns_switch_links" {
      + id       = (known after apply)
      + ports    = [
          + "swp5@sw-hardwarefree-frontend-spine01",
          + "swp31@sw-hardwarefree-frontend-leaf05",
        ]
      + underlay = "enabled"
    }

  # netris_link.ns_switch_links["swp5@sw-hardwarefree-frontend-spine02--swp32@sw-hardwarefree-frontend-leaf05"] will be created
  + resource "netris_link" "ns_switch_links" {
      + id       = (known after apply)
      + ports    = [
          + "swp5@sw-hardwarefree-frontend-spine02",
          + "swp32@sw-hardwarefree-frontend-leaf05",
        ]
      + underlay = "enabled"
    }

  # netris_link.ns_switch_links["swp6@sw-hardwarefree-frontend-spine01--swp31@sw-hardwarefree-frontend-leaf06"] will be created
  + resource "netris_link" "ns_switch_links" {
      + id       = (known after apply)
      + ports    = [
          + "swp6@sw-hardwarefree-frontend-spine01",
          + "swp31@sw-hardwarefree-frontend-leaf06",
        ]
      + underlay = "enabled"
    }

  # netris_link.ns_switch_links["swp6@sw-hardwarefree-frontend-spine02--swp32@sw-hardwarefree-frontend-leaf06"] will be created
  + resource "netris_link" "ns_switch_links" {
      + id       = (known after apply)
      + ports    = [
          + "swp6@sw-hardwarefree-frontend-spine02",
          + "swp32@sw-hardwarefree-frontend-leaf06",
        ]
      + underlay = "enabled"
    }

  # netris_link.oob_switch_links["swp10@sw-hardwarefree-oob-mgmt01--eth11@gpu-hardwarefree-013"] will be created
  + resource "netris_link" "oob_switch_links" {
      + id       = (known after apply)
      + ports    = [
          + "swp10@sw-hardwarefree-oob-mgmt01",
          + "eth11@gpu-hardwarefree-013",
        ]
      + underlay = "enabled"
    }

  # netris_link.oob_switch_links["swp10@sw-hardwarefree-oob-mgmt02--eth11@gpu-hardwarefree-014"] will be created
  + resource "netris_link" "oob_switch_links" {
      + id       = (known after apply)
      + ports    = [
          + "swp10@sw-hardwarefree-oob-mgmt02",
          + "eth11@gpu-hardwarefree-014",
        ]
      + underlay = "enabled"
    }

  # netris_link.oob_switch_links["swp11@sw-hardwarefree-oob-mgmt01--eth11@gpu-hardwarefree-015"] will be created
  + resource "netris_link" "oob_switch_links" {
      + id       = (known after apply)
      + ports    = [
          + "swp11@sw-hardwarefree-oob-mgmt01",
          + "eth11@gpu-hardwarefree-015",
        ]
      + underlay = "enabled"
    }

  # netris_link.oob_switch_links["swp11@sw-hardwarefree-oob-mgmt02--eth11@gpu-hardwarefree-016"] will be created
  + resource "netris_link" "oob_switch_links" {
      + id       = (known after apply)
      + ports    = [
          + "swp11@sw-hardwarefree-oob-mgmt02",
          + "eth11@gpu-hardwarefree-016",
        ]
      + underlay = "enabled"
    }

  # netris_link.oob_switch_links["swp12@sw-hardwarefree-oob-mgmt01--eth11@gpu-hardwarefree-017"] will be created
  + resource "netris_link" "oob_switch_links" {
      + id       = (known after apply)
      + ports    = [
          + "swp12@sw-hardwarefree-oob-mgmt01",
          + "eth11@gpu-hardwarefree-017",
        ]
      + underlay = "enabled"
    }

  # netris_link.oob_switch_links["swp12@sw-hardwarefree-oob-mgmt02--eth11@gpu-hardwarefree-018"] will be created
  + resource "netris_link" "oob_switch_links" {
      + id       = (known after apply)
      + ports    = [
          + "swp12@sw-hardwarefree-oob-mgmt02",
          + "eth11@gpu-hardwarefree-018",
        ]
      + underlay = "enabled"
    }

  # netris_link.oob_switch_links["swp13@sw-hardwarefree-oob-mgmt01--eth11@gpu-hardwarefree-019"] will be created
  + resource "netris_link" "oob_switch_links" {
      + id       = (known after apply)
      + ports    = [
          + "swp13@sw-hardwarefree-oob-mgmt01",
          + "eth11@gpu-hardwarefree-019",
        ]
      + underlay = "enabled"
    }

  # netris_link.oob_switch_links["swp13@sw-hardwarefree-oob-mgmt02--eth11@gpu-hardwarefree-020"] will be created
  + resource "netris_link" "oob_switch_links" {
      + id       = (known after apply)
      + ports    = [
          + "swp13@sw-hardwarefree-oob-mgmt02",
          + "eth11@gpu-hardwarefree-020",
        ]
      + underlay = "enabled"
    }

  # netris_link.oob_switch_links["swp14@sw-hardwarefree-oob-mgmt01--eth11@gpu-hardwarefree-021"] will be created
  + resource "netris_link" "oob_switch_links" {
      + id       = (known after apply)
      + ports    = [
          + "swp14@sw-hardwarefree-oob-mgmt01",
          + "eth11@gpu-hardwarefree-021",
        ]
      + underlay = "enabled"
    }

  # netris_link.oob_switch_links["swp14@sw-hardwarefree-oob-mgmt02--eth11@gpu-hardwarefree-022"] will be created
  + resource "netris_link" "oob_switch_links" {
      + id       = (known after apply)
      + ports    = [
          + "swp14@sw-hardwarefree-oob-mgmt02",
          + "eth11@gpu-hardwarefree-022",
        ]
      + underlay = "enabled"
    }

  # netris_link.oob_switch_links["swp15@sw-hardwarefree-oob-mgmt01--eth11@gpu-hardwarefree-023"] will be created
  + resource "netris_link" "oob_switch_links" {
      + id       = (known after apply)
      + ports    = [
          + "swp15@sw-hardwarefree-oob-mgmt01",
          + "eth11@gpu-hardwarefree-023",
        ]
      + underlay = "enabled"
    }

  # netris_link.oob_switch_links["swp15@sw-hardwarefree-oob-mgmt02--eth11@gpu-hardwarefree-024"] will be created
  + resource "netris_link" "oob_switch_links" {
      + id       = (known after apply)
      + ports    = [
          + "swp15@sw-hardwarefree-oob-mgmt02",
          + "eth11@gpu-hardwarefree-024",
        ]
      + underlay = "enabled"
    }

  # netris_link.oob_switch_links["swp16@sw-hardwarefree-oob-mgmt01--eth11@gpu-hardwarefree-025"] will be created
  + resource "netris_link" "oob_switch_links" {
      + id       = (known after apply)
      + ports    = [
          + "swp16@sw-hardwarefree-oob-mgmt01",
          + "eth11@gpu-hardwarefree-025",
        ]
      + underlay = "enabled"
    }

  # netris_link.oob_switch_links["swp16@sw-hardwarefree-oob-mgmt02--eth11@gpu-hardwarefree-026"] will be created
  + resource "netris_link" "oob_switch_links" {
      + id       = (known after apply)
      + ports    = [
          + "swp16@sw-hardwarefree-oob-mgmt02",
          + "eth11@gpu-hardwarefree-026",
        ]
      + underlay = "enabled"
    }

  # netris_link.oob_switch_links["swp17@sw-hardwarefree-oob-mgmt01--eth11@gpu-hardwarefree-027"] will be created
  + resource "netris_link" "oob_switch_links" {
      + id       = (known after apply)
      + ports    = [
          + "swp17@sw-hardwarefree-oob-mgmt01",
          + "eth11@gpu-hardwarefree-027",
        ]
      + underlay = "enabled"
    }

  # netris_link.oob_switch_links["swp17@sw-hardwarefree-oob-mgmt02--eth11@gpu-hardwarefree-028"] will be created
  + resource "netris_link" "oob_switch_links" {
      + id       = (known after apply)
      + ports    = [
          + "swp17@sw-hardwarefree-oob-mgmt02",
          + "eth11@gpu-hardwarefree-028",
        ]
      + underlay = "enabled"
    }

  # netris_link.oob_switch_links["swp18@sw-hardwarefree-oob-mgmt01--eth11@gpu-hardwarefree-029"] will be created
  + resource "netris_link" "oob_switch_links" {
      + id       = (known after apply)
      + ports    = [
          + "swp18@sw-hardwarefree-oob-mgmt01",
          + "eth11@gpu-hardwarefree-029",
        ]
      + underlay = "enabled"
    }

  # netris_link.oob_switch_links["swp18@sw-hardwarefree-oob-mgmt02--eth11@gpu-hardwarefree-030"] will be created
  + resource "netris_link" "oob_switch_links" {
      + id       = (known after apply)
      + ports    = [
          + "swp18@sw-hardwarefree-oob-mgmt02",
          + "eth11@gpu-hardwarefree-030",
        ]
      + underlay = "enabled"
    }

  # netris_link.oob_switch_links["swp19@sw-hardwarefree-oob-mgmt01--eth11@gpu-hardwarefree-031"] will be created
  + resource "netris_link" "oob_switch_links" {
      + id       = (known after apply)
      + ports    = [
          + "swp19@sw-hardwarefree-oob-mgmt01",
          + "eth11@gpu-hardwarefree-031",
        ]
      + underlay = "enabled"
    }

  # netris_link.oob_switch_links["swp19@sw-hardwarefree-oob-mgmt02--eth11@gpu-hardwarefree-032"] will be created
  + resource "netris_link" "oob_switch_links" {
      + id       = (known after apply)
      + ports    = [
          + "swp19@sw-hardwarefree-oob-mgmt02",
          + "eth11@gpu-hardwarefree-032",
        ]
      + underlay = "enabled"
    }

  # netris_link.oob_switch_links["swp1@sw-hardwarefree-oob-mgmt01--eth1@srv-hardwarefree-cp01"] will be created
  + resource "netris_link" "oob_switch_links" {
      + id       = (known after apply)
      + ports    = [
          + "swp1@sw-hardwarefree-oob-mgmt01",
          + "eth1@srv-hardwarefree-cp01",
        ]
      + underlay = "enabled"
    }

  # netris_link.oob_switch_links["swp1@sw-hardwarefree-oob-mgmt02--eth2@srv-hardwarefree-cp01"] will be created
  + resource "netris_link" "oob_switch_links" {
      + id       = (known after apply)
      + ports    = [
          + "swp1@sw-hardwarefree-oob-mgmt02",
          + "eth2@srv-hardwarefree-cp01",
        ]
      + underlay = "enabled"
    }

  # netris_link.oob_switch_links["swp20@sw-hardwarefree-oob-mgmt01--eth11@gpu-hardwarefree-033"] will be created
  + resource "netris_link" "oob_switch_links" {
      + id       = (known after apply)
      + ports    = [
          + "swp20@sw-hardwarefree-oob-mgmt01",
          + "eth11@gpu-hardwarefree-033",
        ]
      + underlay = "enabled"
    }

  # netris_link.oob_switch_links["swp20@sw-hardwarefree-oob-mgmt02--eth11@gpu-hardwarefree-034"] will be created
  + resource "netris_link" "oob_switch_links" {
      + id       = (known after apply)
      + ports    = [
          + "swp20@sw-hardwarefree-oob-mgmt02",
          + "eth11@gpu-hardwarefree-034",
        ]
      + underlay = "enabled"
    }

  # netris_link.oob_switch_links["swp21@sw-hardwarefree-oob-mgmt01--eth11@gpu-hardwarefree-035"] will be created
  + resource "netris_link" "oob_switch_links" {
      + id       = (known after apply)
      + ports    = [
          + "swp21@sw-hardwarefree-oob-mgmt01",
          + "eth11@gpu-hardwarefree-035",
        ]
      + underlay = "enabled"
    }

  # netris_link.oob_switch_links["swp21@sw-hardwarefree-oob-mgmt02--eth11@gpu-hardwarefree-036"] will be created
  + resource "netris_link" "oob_switch_links" {
      + id       = (known after apply)
      + ports    = [
          + "swp21@sw-hardwarefree-oob-mgmt02",
          + "eth11@gpu-hardwarefree-036",
        ]
      + underlay = "enabled"
    }

  # netris_link.oob_switch_links["swp22@sw-hardwarefree-oob-mgmt01--eth11@gpu-hardwarefree-037"] will be created
  + resource "netris_link" "oob_switch_links" {
      + id       = (known after apply)
      + ports    = [
          + "swp22@sw-hardwarefree-oob-mgmt01",
          + "eth11@gpu-hardwarefree-037",
        ]
      + underlay = "enabled"
    }

  # netris_link.oob_switch_links["swp22@sw-hardwarefree-oob-mgmt02--eth11@gpu-hardwarefree-038"] will be created
  + resource "netris_link" "oob_switch_links" {
      + id       = (known after apply)
      + ports    = [
          + "swp22@sw-hardwarefree-oob-mgmt02",
          + "eth11@gpu-hardwarefree-038",
        ]
      + underlay = "enabled"
    }

  # netris_link.oob_switch_links["swp23@sw-hardwarefree-oob-mgmt01--eth11@gpu-hardwarefree-039"] will be created
  + resource "netris_link" "oob_switch_links" {
      + id       = (known after apply)
      + ports    = [
          + "swp23@sw-hardwarefree-oob-mgmt01",
          + "eth11@gpu-hardwarefree-039",
        ]
      + underlay = "enabled"
    }

  # netris_link.oob_switch_links["swp23@sw-hardwarefree-oob-mgmt02--eth11@gpu-hardwarefree-040"] will be created
  + resource "netris_link" "oob_switch_links" {
      + id       = (known after apply)
      + ports    = [
          + "swp23@sw-hardwarefree-oob-mgmt02",
          + "eth11@gpu-hardwarefree-040",
        ]
      + underlay = "enabled"
    }

  # netris_link.oob_switch_links["swp24@sw-hardwarefree-oob-mgmt01--eth11@gpu-hardwarefree-041"] will be created
  + resource "netris_link" "oob_switch_links" {
      + id       = (known after apply)
      + ports    = [
          + "swp24@sw-hardwarefree-oob-mgmt01",
          + "eth11@gpu-hardwarefree-041",
        ]
      + underlay = "enabled"
    }

  # netris_link.oob_switch_links["swp24@sw-hardwarefree-oob-mgmt02--eth11@gpu-hardwarefree-042"] will be created
  + resource "netris_link" "oob_switch_links" {
      + id       = (known after apply)
      + ports    = [
          + "swp24@sw-hardwarefree-oob-mgmt02",
          + "eth11@gpu-hardwarefree-042",
        ]
      + underlay = "enabled"
    }

  # netris_link.oob_switch_links["swp25@sw-hardwarefree-oob-mgmt01--eth11@gpu-hardwarefree-043"] will be created
  + resource "netris_link" "oob_switch_links" {
      + id       = (known after apply)
      + ports    = [
          + "swp25@sw-hardwarefree-oob-mgmt01",
          + "eth11@gpu-hardwarefree-043",
        ]
      + underlay = "enabled"
    }

  # netris_link.oob_switch_links["swp25@sw-hardwarefree-oob-mgmt02--eth11@gpu-hardwarefree-044"] will be created
  + resource "netris_link" "oob_switch_links" {
      + id       = (known after apply)
      + ports    = [
          + "swp25@sw-hardwarefree-oob-mgmt02",
          + "eth11@gpu-hardwarefree-044",
        ]
      + underlay = "enabled"
    }

  # netris_link.oob_switch_links["swp26@sw-hardwarefree-oob-mgmt01--eth11@gpu-hardwarefree-045"] will be created
  + resource "netris_link" "oob_switch_links" {
      + id       = (known after apply)
      + ports    = [
          + "swp26@sw-hardwarefree-oob-mgmt01",
          + "eth11@gpu-hardwarefree-045",
        ]
      + underlay = "enabled"
    }

  # netris_link.oob_switch_links["swp26@sw-hardwarefree-oob-mgmt02--eth11@gpu-hardwarefree-046"] will be created
  + resource "netris_link" "oob_switch_links" {
      + id       = (known after apply)
      + ports    = [
          + "swp26@sw-hardwarefree-oob-mgmt02",
          + "eth11@gpu-hardwarefree-046",
        ]
      + underlay = "enabled"
    }

  # netris_link.oob_switch_links["swp27@sw-hardwarefree-oob-mgmt01--eth11@gpu-hardwarefree-047"] will be created
  + resource "netris_link" "oob_switch_links" {
      + id       = (known after apply)
      + ports    = [
          + "swp27@sw-hardwarefree-oob-mgmt01",
          + "eth11@gpu-hardwarefree-047",
        ]
      + underlay = "enabled"
    }

  # netris_link.oob_switch_links["swp27@sw-hardwarefree-oob-mgmt02--eth11@gpu-hardwarefree-048"] will be created
  + resource "netris_link" "oob_switch_links" {
      + id       = (known after apply)
      + ports    = [
          + "swp27@sw-hardwarefree-oob-mgmt02",
          + "eth11@gpu-hardwarefree-048",
        ]
      + underlay = "enabled"
    }

  # netris_link.oob_switch_links["swp28@sw-hardwarefree-oob-mgmt01--eth11@gpu-hardwarefree-049"] will be created
  + resource "netris_link" "oob_switch_links" {
      + id       = (known after apply)
      + ports    = [
          + "swp28@sw-hardwarefree-oob-mgmt01",
          + "eth11@gpu-hardwarefree-049",
        ]
      + underlay = "enabled"
    }

  # netris_link.oob_switch_links["swp28@sw-hardwarefree-oob-mgmt02--eth11@gpu-hardwarefree-050"] will be created
  + resource "netris_link" "oob_switch_links" {
      + id       = (known after apply)
      + ports    = [
          + "swp28@sw-hardwarefree-oob-mgmt02",
          + "eth11@gpu-hardwarefree-050",
        ]
      + underlay = "enabled"
    }

  # netris_link.oob_switch_links["swp29@sw-hardwarefree-oob-mgmt01--eth11@gpu-hardwarefree-051"] will be created
  + resource "netris_link" "oob_switch_links" {
      + id       = (known after apply)
      + ports    = [
          + "swp29@sw-hardwarefree-oob-mgmt01",
          + "eth11@gpu-hardwarefree-051",
        ]
      + underlay = "enabled"
    }

  # netris_link.oob_switch_links["swp29@sw-hardwarefree-oob-mgmt02--eth11@gpu-hardwarefree-052"] will be created
  + resource "netris_link" "oob_switch_links" {
      + id       = (known after apply)
      + ports    = [
          + "swp29@sw-hardwarefree-oob-mgmt02",
          + "eth11@gpu-hardwarefree-052",
        ]
      + underlay = "enabled"
    }

  # netris_link.oob_switch_links["swp2@sw-hardwarefree-oob-mgmt01--eth1@srv-hardwarefree-cp02"] will be created
  + resource "netris_link" "oob_switch_links" {
      + id       = (known after apply)
      + ports    = [
          + "swp2@sw-hardwarefree-oob-mgmt01",
          + "eth1@srv-hardwarefree-cp02",
        ]
      + underlay = "enabled"
    }

  # netris_link.oob_switch_links["swp2@sw-hardwarefree-oob-mgmt02--eth2@srv-hardwarefree-cp02"] will be created
  + resource "netris_link" "oob_switch_links" {
      + id       = (known after apply)
      + ports    = [
          + "swp2@sw-hardwarefree-oob-mgmt02",
          + "eth2@srv-hardwarefree-cp02",
        ]
      + underlay = "enabled"
    }

  # netris_link.oob_switch_links["swp30@sw-hardwarefree-oob-mgmt01--eth11@gpu-hardwarefree-053"] will be created
  + resource "netris_link" "oob_switch_links" {
      + id       = (known after apply)
      + ports    = [
          + "swp30@sw-hardwarefree-oob-mgmt01",
          + "eth11@gpu-hardwarefree-053",
        ]
      + underlay = "enabled"
    }

  # netris_link.oob_switch_links["swp30@sw-hardwarefree-oob-mgmt02--eth11@gpu-hardwarefree-054"] will be created
  + resource "netris_link" "oob_switch_links" {
      + id       = (known after apply)
      + ports    = [
          + "swp30@sw-hardwarefree-oob-mgmt02",
          + "eth11@gpu-hardwarefree-054",
        ]
      + underlay = "enabled"
    }

  # netris_link.oob_switch_links["swp31@sw-hardwarefree-oob-mgmt01--eth11@gpu-hardwarefree-055"] will be created
  + resource "netris_link" "oob_switch_links" {
      + id       = (known after apply)
      + ports    = [
          + "swp31@sw-hardwarefree-oob-mgmt01",
          + "eth11@gpu-hardwarefree-055",
        ]
      + underlay = "enabled"
    }

  # netris_link.oob_switch_links["swp31@sw-hardwarefree-oob-mgmt02--eth11@gpu-hardwarefree-056"] will be created
  + resource "netris_link" "oob_switch_links" {
      + id       = (known after apply)
      + ports    = [
          + "swp31@sw-hardwarefree-oob-mgmt02",
          + "eth11@gpu-hardwarefree-056",
        ]
      + underlay = "enabled"
    }

  # netris_link.oob_switch_links["swp32@sw-hardwarefree-oob-mgmt01--eth11@gpu-hardwarefree-057"] will be created
  + resource "netris_link" "oob_switch_links" {
      + id       = (known after apply)
      + ports    = [
          + "swp32@sw-hardwarefree-oob-mgmt01",
          + "eth11@gpu-hardwarefree-057",
        ]
      + underlay = "enabled"
    }

  # netris_link.oob_switch_links["swp32@sw-hardwarefree-oob-mgmt02--eth11@gpu-hardwarefree-058"] will be created
  + resource "netris_link" "oob_switch_links" {
      + id       = (known after apply)
      + ports    = [
          + "swp32@sw-hardwarefree-oob-mgmt02",
          + "eth11@gpu-hardwarefree-058",
        ]
      + underlay = "enabled"
    }

  # netris_link.oob_switch_links["swp33@sw-hardwarefree-oob-mgmt01--eth11@gpu-hardwarefree-059"] will be created
  + resource "netris_link" "oob_switch_links" {
      + id       = (known after apply)
      + ports    = [
          + "swp33@sw-hardwarefree-oob-mgmt01",
          + "eth11@gpu-hardwarefree-059",
        ]
      + underlay = "enabled"
    }

  # netris_link.oob_switch_links["swp33@sw-hardwarefree-oob-mgmt02--eth11@gpu-hardwarefree-060"] will be created
  + resource "netris_link" "oob_switch_links" {
      + id       = (known after apply)
      + ports    = [
          + "swp33@sw-hardwarefree-oob-mgmt02",
          + "eth11@gpu-hardwarefree-060",
        ]
      + underlay = "enabled"
    }

  # netris_link.oob_switch_links["swp34@sw-hardwarefree-oob-mgmt01--eth11@gpu-hardwarefree-061"] will be created
  + resource "netris_link" "oob_switch_links" {
      + id       = (known after apply)
      + ports    = [
          + "swp34@sw-hardwarefree-oob-mgmt01",
          + "eth11@gpu-hardwarefree-061",
        ]
      + underlay = "enabled"
    }

  # netris_link.oob_switch_links["swp34@sw-hardwarefree-oob-mgmt02--eth11@gpu-hardwarefree-062"] will be created
  + resource "netris_link" "oob_switch_links" {
      + id       = (known after apply)
      + ports    = [
          + "swp34@sw-hardwarefree-oob-mgmt02",
          + "eth11@gpu-hardwarefree-062",
        ]
      + underlay = "enabled"
    }

  # netris_link.oob_switch_links["swp35@sw-hardwarefree-oob-mgmt01--eth11@gpu-hardwarefree-063"] will be created
  + resource "netris_link" "oob_switch_links" {
      + id       = (known after apply)
      + ports    = [
          + "swp35@sw-hardwarefree-oob-mgmt01",
          + "eth11@gpu-hardwarefree-063",
        ]
      + underlay = "enabled"
    }

  # netris_link.oob_switch_links["swp35@sw-hardwarefree-oob-mgmt02--eth11@gpu-hardwarefree-064"] will be created
  + resource "netris_link" "oob_switch_links" {
      + id       = (known after apply)
      + ports    = [
          + "swp35@sw-hardwarefree-oob-mgmt02",
          + "eth11@gpu-hardwarefree-064",
        ]
      + underlay = "enabled"
    }

  # netris_link.oob_switch_links["swp36@sw-hardwarefree-oob-mgmt01--eth5@srv-hardwarefree-storage01"] will be created
  + resource "netris_link" "oob_switch_links" {
      + id       = (known after apply)
      + ports    = [
          + "swp36@sw-hardwarefree-oob-mgmt01",
          + "eth5@srv-hardwarefree-storage01",
        ]
      + underlay = "enabled"
    }

  # netris_link.oob_switch_links["swp36@sw-hardwarefree-oob-mgmt02--eth5@srv-hardwarefree-storage02"] will be created
  + resource "netris_link" "oob_switch_links" {
      + id       = (known after apply)
      + ports    = [
          + "swp36@sw-hardwarefree-oob-mgmt02",
          + "eth5@srv-hardwarefree-storage02",
        ]
      + underlay = "enabled"
    }

  # netris_link.oob_switch_links["swp37@sw-hardwarefree-oob-mgmt01--eth5@srv-hardwarefree-storage03"] will be created
  + resource "netris_link" "oob_switch_links" {
      + id       = (known after apply)
      + ports    = [
          + "swp37@sw-hardwarefree-oob-mgmt01",
          + "eth5@srv-hardwarefree-storage03",
        ]
      + underlay = "enabled"
    }

  # netris_link.oob_switch_links["swp37@sw-hardwarefree-oob-mgmt02--eth5@srv-hardwarefree-storage04"] will be created
  + resource "netris_link" "oob_switch_links" {
      + id       = (known after apply)
      + ports    = [
          + "swp37@sw-hardwarefree-oob-mgmt02",
          + "eth5@srv-hardwarefree-storage04",
        ]
      + underlay = "enabled"
    }

  # netris_link.oob_switch_links["swp3@sw-hardwarefree-oob-mgmt01--eth1@srv-hardwarefree-cp03"] will be created
  + resource "netris_link" "oob_switch_links" {
      + id       = (known after apply)
      + ports    = [
          + "swp3@sw-hardwarefree-oob-mgmt01",
          + "eth1@srv-hardwarefree-cp03",
        ]
      + underlay = "enabled"
    }

  # netris_link.oob_switch_links["swp3@sw-hardwarefree-oob-mgmt02--eth2@srv-hardwarefree-cp03"] will be created
  + resource "netris_link" "oob_switch_links" {
      + id       = (known after apply)
      + ports    = [
          + "swp3@sw-hardwarefree-oob-mgmt02",
          + "eth2@srv-hardwarefree-cp03",
        ]
      + underlay = "enabled"
    }

  # netris_link.oob_switch_links["swp47@sw-hardwarefree-oob-mgmt01--swp47@sw-hardwarefree-oob-mgmt02"] will be created
  + resource "netris_link" "oob_switch_links" {
      + id       = (known after apply)
      + ports    = [
          + "swp47@sw-hardwarefree-oob-mgmt01",
          + "swp47@sw-hardwarefree-oob-mgmt02",
        ]
      + underlay = "enabled"
    }

  # netris_link.oob_switch_links["swp48@sw-hardwarefree-oob-mgmt01--swp48@sw-hardwarefree-oob-mgmt02"] will be created
  + resource "netris_link" "oob_switch_links" {
      + id       = (known after apply)
      + ports    = [
          + "swp48@sw-hardwarefree-oob-mgmt01",
          + "swp48@sw-hardwarefree-oob-mgmt02",
        ]
      + underlay = "enabled"
    }

  # netris_link.oob_switch_links["swp4@sw-hardwarefree-oob-mgmt01--eth11@gpu-hardwarefree-001"] will be created
  + resource "netris_link" "oob_switch_links" {
      + id       = (known after apply)
      + ports    = [
          + "swp4@sw-hardwarefree-oob-mgmt01",
          + "eth11@gpu-hardwarefree-001",
        ]
      + underlay = "enabled"
    }

  # netris_link.oob_switch_links["swp4@sw-hardwarefree-oob-mgmt02--eth11@gpu-hardwarefree-002"] will be created
  + resource "netris_link" "oob_switch_links" {
      + id       = (known after apply)
      + ports    = [
          + "swp4@sw-hardwarefree-oob-mgmt02",
          + "eth11@gpu-hardwarefree-002",
        ]
      + underlay = "enabled"
    }

  # netris_link.oob_switch_links["swp5@sw-hardwarefree-oob-mgmt01--eth11@gpu-hardwarefree-003"] will be created
  + resource "netris_link" "oob_switch_links" {
      + id       = (known after apply)
      + ports    = [
          + "swp5@sw-hardwarefree-oob-mgmt01",
          + "eth11@gpu-hardwarefree-003",
        ]
      + underlay = "enabled"
    }

  # netris_link.oob_switch_links["swp5@sw-hardwarefree-oob-mgmt02--eth11@gpu-hardwarefree-004"] will be created
  + resource "netris_link" "oob_switch_links" {
      + id       = (known after apply)
      + ports    = [
          + "swp5@sw-hardwarefree-oob-mgmt02",
          + "eth11@gpu-hardwarefree-004",
        ]
      + underlay = "enabled"
    }

  # netris_link.oob_switch_links["swp6@sw-hardwarefree-oob-mgmt01--eth11@gpu-hardwarefree-005"] will be created
  + resource "netris_link" "oob_switch_links" {
      + id       = (known after apply)
      + ports    = [
          + "swp6@sw-hardwarefree-oob-mgmt01",
          + "eth11@gpu-hardwarefree-005",
        ]
      + underlay = "enabled"
    }

  # netris_link.oob_switch_links["swp6@sw-hardwarefree-oob-mgmt02--eth11@gpu-hardwarefree-006"] will be created
  + resource "netris_link" "oob_switch_links" {
      + id       = (known after apply)
      + ports    = [
          + "swp6@sw-hardwarefree-oob-mgmt02",
          + "eth11@gpu-hardwarefree-006",
        ]
      + underlay = "enabled"
    }

  # netris_link.oob_switch_links["swp7@sw-hardwarefree-oob-mgmt01--eth11@gpu-hardwarefree-007"] will be created
  + resource "netris_link" "oob_switch_links" {
      + id       = (known after apply)
      + ports    = [
          + "swp7@sw-hardwarefree-oob-mgmt01",
          + "eth11@gpu-hardwarefree-007",
        ]
      + underlay = "enabled"
    }

  # netris_link.oob_switch_links["swp7@sw-hardwarefree-oob-mgmt02--eth11@gpu-hardwarefree-008"] will be created
  + resource "netris_link" "oob_switch_links" {
      + id       = (known after apply)
      + ports    = [
          + "swp7@sw-hardwarefree-oob-mgmt02",
          + "eth11@gpu-hardwarefree-008",
        ]
      + underlay = "enabled"
    }

  # netris_link.oob_switch_links["swp8@sw-hardwarefree-oob-mgmt01--eth11@gpu-hardwarefree-009"] will be created
  + resource "netris_link" "oob_switch_links" {
      + id       = (known after apply)
      + ports    = [
          + "swp8@sw-hardwarefree-oob-mgmt01",
          + "eth11@gpu-hardwarefree-009",
        ]
      + underlay = "enabled"
    }

  # netris_link.oob_switch_links["swp8@sw-hardwarefree-oob-mgmt02--eth11@gpu-hardwarefree-010"] will be created
  + resource "netris_link" "oob_switch_links" {
      + id       = (known after apply)
      + ports    = [
          + "swp8@sw-hardwarefree-oob-mgmt02",
          + "eth11@gpu-hardwarefree-010",
        ]
      + underlay = "enabled"
    }

  # netris_link.oob_switch_links["swp9@sw-hardwarefree-oob-mgmt01--eth11@gpu-hardwarefree-011"] will be created
  + resource "netris_link" "oob_switch_links" {
      + id       = (known after apply)
      + ports    = [
          + "swp9@sw-hardwarefree-oob-mgmt01",
          + "eth11@gpu-hardwarefree-011",
        ]
      + underlay = "enabled"
    }

  # netris_link.oob_switch_links["swp9@sw-hardwarefree-oob-mgmt02--eth11@gpu-hardwarefree-012"] will be created
  + resource "netris_link" "oob_switch_links" {
      + id       = (known after apply)
      + ports    = [
          + "swp9@sw-hardwarefree-oob-mgmt02",
          + "eth11@gpu-hardwarefree-012",
        ]
      + underlay = "enabled"
    }

  # netris_link.softgate_links["eth1@sg-hardwarefree-border-gw01--swp30@sw-hardwarefree-frontend-leaf01"] will be created
  + resource "netris_link" "softgate_links" {
      + id       = (known after apply)
      + ports    = [
          + "eth1@sg-hardwarefree-border-gw01",
          + "swp30@sw-hardwarefree-frontend-leaf01",
        ]
      + underlay = "enabled"
    }

  # netris_link.softgate_links["eth1@sg-hardwarefree-border-gw02--swp30@sw-hardwarefree-frontend-leaf03"] will be created
  + resource "netris_link" "softgate_links" {
      + id       = (known after apply)
      + ports    = [
          + "eth1@sg-hardwarefree-border-gw02",
          + "swp30@sw-hardwarefree-frontend-leaf03",
        ]
      + underlay = "enabled"
    }

  # netris_link.softgate_links["eth1@sg-hardwarefree-border-gw03--swp30@sw-hardwarefree-frontend-leaf05"] will be created
  + resource "netris_link" "softgate_links" {
      + id       = (known after apply)
      + ports    = [
          + "eth1@sg-hardwarefree-border-gw03",
          + "swp30@sw-hardwarefree-frontend-leaf05",
        ]
      + underlay = "enabled"
    }

  # netris_link.softgate_links["eth1@sg-hardwarefree-border-gw04--swp29@sw-hardwarefree-frontend-leaf01"] will be created
  + resource "netris_link" "softgate_links" {
      + id       = (known after apply)
      + ports    = [
          + "eth1@sg-hardwarefree-border-gw04",
          + "swp29@sw-hardwarefree-frontend-leaf01",
        ]
      + underlay = "enabled"
    }

  # netris_link.softgate_links["eth2@sg-hardwarefree-border-gw01--swp30@sw-hardwarefree-frontend-leaf02"] will be created
  + resource "netris_link" "softgate_links" {
      + id       = (known after apply)
      + ports    = [
          + "eth2@sg-hardwarefree-border-gw01",
          + "swp30@sw-hardwarefree-frontend-leaf02",
        ]
      + underlay = "enabled"
    }

  # netris_link.softgate_links["eth2@sg-hardwarefree-border-gw02--swp30@sw-hardwarefree-frontend-leaf04"] will be created
  + resource "netris_link" "softgate_links" {
      + id       = (known after apply)
      + ports    = [
          + "eth2@sg-hardwarefree-border-gw02",
          + "swp30@sw-hardwarefree-frontend-leaf04",
        ]
      + underlay = "enabled"
    }

  # netris_link.softgate_links["eth2@sg-hardwarefree-border-gw03--swp30@sw-hardwarefree-frontend-leaf06"] will be created
  + resource "netris_link" "softgate_links" {
      + id       = (known after apply)
      + ports    = [
          + "eth2@sg-hardwarefree-border-gw03",
          + "swp30@sw-hardwarefree-frontend-leaf06",
        ]
      + underlay = "enabled"
    }

  # netris_link.softgate_links["eth2@sg-hardwarefree-border-gw04--swp29@sw-hardwarefree-frontend-leaf02"] will be created
  + resource "netris_link" "softgate_links" {
      + id       = (known after apply)
      + ports    = [
          + "eth2@sg-hardwarefree-border-gw04",
          + "swp29@sw-hardwarefree-frontend-leaf02",
        ]
      + underlay = "enabled"
    }

  # netris_link.storage_links["swp22@sw-hardwarefree-frontend-leaf03--eth2@srv-hardwarefree-storage01"] will be created
  + resource "netris_link" "storage_links" {
      + id       = (known after apply)
      + ports    = [
          + "swp22@sw-hardwarefree-frontend-leaf03",
          + "eth2@srv-hardwarefree-storage01",
        ]
      + underlay = "enabled"
    }

  # netris_link.storage_links["swp22@sw-hardwarefree-frontend-leaf04--eth2@srv-hardwarefree-storage02"] will be created
  + resource "netris_link" "storage_links" {
      + id       = (known after apply)
      + ports    = [
          + "swp22@sw-hardwarefree-frontend-leaf04",
          + "eth2@srv-hardwarefree-storage02",
        ]
      + underlay = "enabled"
    }

  # netris_link.storage_links["swp22@sw-hardwarefree-frontend-leaf05--eth2@srv-hardwarefree-storage03"] will be created
  + resource "netris_link" "storage_links" {
      + id       = (known after apply)
      + ports    = [
          + "swp22@sw-hardwarefree-frontend-leaf05",
          + "eth2@srv-hardwarefree-storage03",
        ]
      + underlay = "enabled"
    }

  # netris_link.storage_links["swp22@sw-hardwarefree-frontend-leaf06--eth2@srv-hardwarefree-storage04"] will be created
  + resource "netris_link" "storage_links" {
      + id       = (known after apply)
      + ports    = [
          + "swp22@sw-hardwarefree-frontend-leaf06",
          + "eth2@srv-hardwarefree-storage04",
        ]
      + underlay = "enabled"
    }

  # netris_link.storage_links["swp23@sw-hardwarefree-frontend-leaf02--eth1@srv-hardwarefree-storage01"] will be created
  + resource "netris_link" "storage_links" {
      + id       = (known after apply)
      + ports    = [
          + "swp23@sw-hardwarefree-frontend-leaf02",
          + "eth1@srv-hardwarefree-storage01",
        ]
      + underlay = "enabled"
    }

  # netris_link.storage_links["swp23@sw-hardwarefree-frontend-leaf03--eth1@srv-hardwarefree-storage02"] will be created
  + resource "netris_link" "storage_links" {
      + id       = (known after apply)
      + ports    = [
          + "swp23@sw-hardwarefree-frontend-leaf03",
          + "eth1@srv-hardwarefree-storage02",
        ]
      + underlay = "enabled"
    }

  # netris_link.storage_links["swp23@sw-hardwarefree-frontend-leaf04--eth1@srv-hardwarefree-storage03"] will be created
  + resource "netris_link" "storage_links" {
      + id       = (known after apply)
      + ports    = [
          + "swp23@sw-hardwarefree-frontend-leaf04",
          + "eth1@srv-hardwarefree-storage03",
        ]
      + underlay = "enabled"
    }

  # netris_link.storage_links["swp23@sw-hardwarefree-frontend-leaf05--eth1@srv-hardwarefree-storage04"] will be created
  + resource "netris_link" "storage_links" {
      + id       = (known after apply)
      + ports    = [
          + "swp23@sw-hardwarefree-frontend-leaf05",
          + "eth1@srv-hardwarefree-storage04",
        ]
      + underlay = "enabled"
    }

  # netris_server.gpu_servers["gpu-hardwarefree-001"] will be created
  + resource "netris_server" "gpu_servers" {
      + asnumber    = "0"
      + description = "NVIDIA HGX H100/H200/B200 (Spectrum-X) Node 001 (8 RoCE + 2 NS + 1 OOB)"
      + id          = (known after apply)
      + name        = "gpu-hardwarefree-001"
      + portcount   = 11
      + role        = (known after apply)
      + siteid      = (known after apply)
      + tenantid    = 1
    }

  # netris_server.gpu_servers["gpu-hardwarefree-002"] will be created
  + resource "netris_server" "gpu_servers" {
      + asnumber    = "0"
      + description = "NVIDIA HGX H100/H200/B200 (Spectrum-X) Node 002 (8 RoCE + 2 NS + 1 OOB)"
      + id          = (known after apply)
      + name        = "gpu-hardwarefree-002"
      + portcount   = 11
      + role        = (known after apply)
      + siteid      = (known after apply)
      + tenantid    = 1
    }

  # netris_server.gpu_servers["gpu-hardwarefree-003"] will be created
  + resource "netris_server" "gpu_servers" {
      + asnumber    = "0"
      + description = "NVIDIA HGX H100/H200/B200 (Spectrum-X) Node 003 (8 RoCE + 2 NS + 1 OOB)"
      + id          = (known after apply)
      + name        = "gpu-hardwarefree-003"
      + portcount   = 11
      + role        = (known after apply)
      + siteid      = (known after apply)
      + tenantid    = 1
    }

  # netris_server.gpu_servers["gpu-hardwarefree-004"] will be created
  + resource "netris_server" "gpu_servers" {
      + asnumber    = "0"
      + description = "NVIDIA HGX H100/H200/B200 (Spectrum-X) Node 004 (8 RoCE + 2 NS + 1 OOB)"
      + id          = (known after apply)
      + name        = "gpu-hardwarefree-004"
      + portcount   = 11
      + role        = (known after apply)
      + siteid      = (known after apply)
      + tenantid    = 1
    }

  # netris_server.gpu_servers["gpu-hardwarefree-005"] will be created
  + resource "netris_server" "gpu_servers" {
      + asnumber    = "0"
      + description = "NVIDIA HGX H100/H200/B200 (Spectrum-X) Node 005 (8 RoCE + 2 NS + 1 OOB)"
      + id          = (known after apply)
      + name        = "gpu-hardwarefree-005"
      + portcount   = 11
      + role        = (known after apply)
      + siteid      = (known after apply)
      + tenantid    = 1
    }

  # netris_server.gpu_servers["gpu-hardwarefree-006"] will be created
  + resource "netris_server" "gpu_servers" {
      + asnumber    = "0"
      + description = "NVIDIA HGX H100/H200/B200 (Spectrum-X) Node 006 (8 RoCE + 2 NS + 1 OOB)"
      + id          = (known after apply)
      + name        = "gpu-hardwarefree-006"
      + portcount   = 11
      + role        = (known after apply)
      + siteid      = (known after apply)
      + tenantid    = 1
    }

  # netris_server.gpu_servers["gpu-hardwarefree-007"] will be created
  + resource "netris_server" "gpu_servers" {
      + asnumber    = "0"
      + description = "NVIDIA HGX H100/H200/B200 (Spectrum-X) Node 007 (8 RoCE + 2 NS + 1 OOB)"
      + id          = (known after apply)
      + name        = "gpu-hardwarefree-007"
      + portcount   = 11
      + role        = (known after apply)
      + siteid      = (known after apply)
      + tenantid    = 1
    }

  # netris_server.gpu_servers["gpu-hardwarefree-008"] will be created
  + resource "netris_server" "gpu_servers" {
      + asnumber    = "0"
      + description = "NVIDIA HGX H100/H200/B200 (Spectrum-X) Node 008 (8 RoCE + 2 NS + 1 OOB)"
      + id          = (known after apply)
      + name        = "gpu-hardwarefree-008"
      + portcount   = 11
      + role        = (known after apply)
      + siteid      = (known after apply)
      + tenantid    = 1
    }

  # netris_server.gpu_servers["gpu-hardwarefree-009"] will be created
  + resource "netris_server" "gpu_servers" {
      + asnumber    = "0"
      + description = "NVIDIA HGX H100/H200/B200 (Spectrum-X) Node 009 (8 RoCE + 2 NS + 1 OOB)"
      + id          = (known after apply)
      + name        = "gpu-hardwarefree-009"
      + portcount   = 11
      + role        = (known after apply)
      + siteid      = (known after apply)
      + tenantid    = 1
    }

  # netris_server.gpu_servers["gpu-hardwarefree-010"] will be created
  + resource "netris_server" "gpu_servers" {
      + asnumber    = "0"
      + description = "NVIDIA HGX H100/H200/B200 (Spectrum-X) Node 010 (8 RoCE + 2 NS + 1 OOB)"
      + id          = (known after apply)
      + name        = "gpu-hardwarefree-010"
      + portcount   = 11
      + role        = (known after apply)
      + siteid      = (known after apply)
      + tenantid    = 1
    }

  # netris_server.gpu_servers["gpu-hardwarefree-011"] will be created
  + resource "netris_server" "gpu_servers" {
      + asnumber    = "0"
      + description = "NVIDIA HGX H100/H200/B200 (Spectrum-X) Node 011 (8 RoCE + 2 NS + 1 OOB)"
      + id          = (known after apply)
      + name        = "gpu-hardwarefree-011"
      + portcount   = 11
      + role        = (known after apply)
      + siteid      = (known after apply)
      + tenantid    = 1
    }

  # netris_server.gpu_servers["gpu-hardwarefree-012"] will be created
  + resource "netris_server" "gpu_servers" {
      + asnumber    = "0"
      + description = "NVIDIA HGX H100/H200/B200 (Spectrum-X) Node 012 (8 RoCE + 2 NS + 1 OOB)"
      + id          = (known after apply)
      + name        = "gpu-hardwarefree-012"
      + portcount   = 11
      + role        = (known after apply)
      + siteid      = (known after apply)
      + tenantid    = 1
    }

  # netris_server.gpu_servers["gpu-hardwarefree-013"] will be created
  + resource "netris_server" "gpu_servers" {
      + asnumber    = "0"
      + description = "NVIDIA HGX H100/H200/B200 (Spectrum-X) Node 013 (8 RoCE + 2 NS + 1 OOB)"
      + id          = (known after apply)
      + name        = "gpu-hardwarefree-013"
      + portcount   = 11
      + role        = (known after apply)
      + siteid      = (known after apply)
      + tenantid    = 1
    }

  # netris_server.gpu_servers["gpu-hardwarefree-014"] will be created
  + resource "netris_server" "gpu_servers" {
      + asnumber    = "0"
      + description = "NVIDIA HGX H100/H200/B200 (Spectrum-X) Node 014 (8 RoCE + 2 NS + 1 OOB)"
      + id          = (known after apply)
      + name        = "gpu-hardwarefree-014"
      + portcount   = 11
      + role        = (known after apply)
      + siteid      = (known after apply)
      + tenantid    = 1
    }

  # netris_server.gpu_servers["gpu-hardwarefree-015"] will be created
  + resource "netris_server" "gpu_servers" {
      + asnumber    = "0"
      + description = "NVIDIA HGX H100/H200/B200 (Spectrum-X) Node 015 (8 RoCE + 2 NS + 1 OOB)"
      + id          = (known after apply)
      + name        = "gpu-hardwarefree-015"
      + portcount   = 11
      + role        = (known after apply)
      + siteid      = (known after apply)
      + tenantid    = 1
    }

  # netris_server.gpu_servers["gpu-hardwarefree-016"] will be created
  + resource "netris_server" "gpu_servers" {
      + asnumber    = "0"
      + description = "NVIDIA HGX H100/H200/B200 (Spectrum-X) Node 016 (8 RoCE + 2 NS + 1 OOB)"
      + id          = (known after apply)
      + name        = "gpu-hardwarefree-016"
      + portcount   = 11
      + role        = (known after apply)
      + siteid      = (known after apply)
      + tenantid    = 1
    }

  # netris_server.gpu_servers["gpu-hardwarefree-017"] will be created
  + resource "netris_server" "gpu_servers" {
      + asnumber    = "0"
      + description = "NVIDIA HGX H100/H200/B200 (Spectrum-X) Node 017 (8 RoCE + 2 NS + 1 OOB)"
      + id          = (known after apply)
      + name        = "gpu-hardwarefree-017"
      + portcount   = 11
      + role        = (known after apply)
      + siteid      = (known after apply)
      + tenantid    = 1
    }

  # netris_server.gpu_servers["gpu-hardwarefree-018"] will be created
  + resource "netris_server" "gpu_servers" {
      + asnumber    = "0"
      + description = "NVIDIA HGX H100/H200/B200 (Spectrum-X) Node 018 (8 RoCE + 2 NS + 1 OOB)"
      + id          = (known after apply)
      + name        = "gpu-hardwarefree-018"
      + portcount   = 11
      + role        = (known after apply)
      + siteid      = (known after apply)
      + tenantid    = 1
    }

  # netris_server.gpu_servers["gpu-hardwarefree-019"] will be created
  + resource "netris_server" "gpu_servers" {
      + asnumber    = "0"
      + description = "NVIDIA HGX H100/H200/B200 (Spectrum-X) Node 019 (8 RoCE + 2 NS + 1 OOB)"
      + id          = (known after apply)
      + name        = "gpu-hardwarefree-019"
      + portcount   = 11
      + role        = (known after apply)
      + siteid      = (known after apply)
      + tenantid    = 1
    }

  # netris_server.gpu_servers["gpu-hardwarefree-020"] will be created
  + resource "netris_server" "gpu_servers" {
      + asnumber    = "0"
      + description = "NVIDIA HGX H100/H200/B200 (Spectrum-X) Node 020 (8 RoCE + 2 NS + 1 OOB)"
      + id          = (known after apply)
      + name        = "gpu-hardwarefree-020"
      + portcount   = 11
      + role        = (known after apply)
      + siteid      = (known after apply)
      + tenantid    = 1
    }

  # netris_server.gpu_servers["gpu-hardwarefree-021"] will be created
  + resource "netris_server" "gpu_servers" {
      + asnumber    = "0"
      + description = "NVIDIA HGX H100/H200/B200 (Spectrum-X) Node 021 (8 RoCE + 2 NS + 1 OOB)"
      + id          = (known after apply)
      + name        = "gpu-hardwarefree-021"
      + portcount   = 11
      + role        = (known after apply)
      + siteid      = (known after apply)
      + tenantid    = 1
    }

  # netris_server.gpu_servers["gpu-hardwarefree-022"] will be created
  + resource "netris_server" "gpu_servers" {
      + asnumber    = "0"
      + description = "NVIDIA HGX H100/H200/B200 (Spectrum-X) Node 022 (8 RoCE + 2 NS + 1 OOB)"
      + id          = (known after apply)
      + name        = "gpu-hardwarefree-022"
      + portcount   = 11
      + role        = (known after apply)
      + siteid      = (known after apply)
      + tenantid    = 1
    }

  # netris_server.gpu_servers["gpu-hardwarefree-023"] will be created
  + resource "netris_server" "gpu_servers" {
      + asnumber    = "0"
      + description = "NVIDIA HGX H100/H200/B200 (Spectrum-X) Node 023 (8 RoCE + 2 NS + 1 OOB)"
      + id          = (known after apply)
      + name        = "gpu-hardwarefree-023"
      + portcount   = 11
      + role        = (known after apply)
      + siteid      = (known after apply)
      + tenantid    = 1
    }

  # netris_server.gpu_servers["gpu-hardwarefree-024"] will be created
  + resource "netris_server" "gpu_servers" {
      + asnumber    = "0"
      + description = "NVIDIA HGX H100/H200/B200 (Spectrum-X) Node 024 (8 RoCE + 2 NS + 1 OOB)"
      + id          = (known after apply)
      + name        = "gpu-hardwarefree-024"
      + portcount   = 11
      + role        = (known after apply)
      + siteid      = (known after apply)
      + tenantid    = 1
    }

  # netris_server.gpu_servers["gpu-hardwarefree-025"] will be created
  + resource "netris_server" "gpu_servers" {
      + asnumber    = "0"
      + description = "NVIDIA HGX H100/H200/B200 (Spectrum-X) Node 025 (8 RoCE + 2 NS + 1 OOB)"
      + id          = (known after apply)
      + name        = "gpu-hardwarefree-025"
      + portcount   = 11
      + role        = (known after apply)
      + siteid      = (known after apply)
      + tenantid    = 1
    }

  # netris_server.gpu_servers["gpu-hardwarefree-026"] will be created
  + resource "netris_server" "gpu_servers" {
      + asnumber    = "0"
      + description = "NVIDIA HGX H100/H200/B200 (Spectrum-X) Node 026 (8 RoCE + 2 NS + 1 OOB)"
      + id          = (known after apply)
      + name        = "gpu-hardwarefree-026"
      + portcount   = 11
      + role        = (known after apply)
      + siteid      = (known after apply)
      + tenantid    = 1
    }

  # netris_server.gpu_servers["gpu-hardwarefree-027"] will be created
  + resource "netris_server" "gpu_servers" {
      + asnumber    = "0"
      + description = "NVIDIA HGX H100/H200/B200 (Spectrum-X) Node 027 (8 RoCE + 2 NS + 1 OOB)"
      + id          = (known after apply)
      + name        = "gpu-hardwarefree-027"
      + portcount   = 11
      + role        = (known after apply)
      + siteid      = (known after apply)
      + tenantid    = 1
    }

  # netris_server.gpu_servers["gpu-hardwarefree-028"] will be created
  + resource "netris_server" "gpu_servers" {
      + asnumber    = "0"
      + description = "NVIDIA HGX H100/H200/B200 (Spectrum-X) Node 028 (8 RoCE + 2 NS + 1 OOB)"
      + id          = (known after apply)
      + name        = "gpu-hardwarefree-028"
      + portcount   = 11
      + role        = (known after apply)
      + siteid      = (known after apply)
      + tenantid    = 1
    }

  # netris_server.gpu_servers["gpu-hardwarefree-029"] will be created
  + resource "netris_server" "gpu_servers" {
      + asnumber    = "0"
      + description = "NVIDIA HGX H100/H200/B200 (Spectrum-X) Node 029 (8 RoCE + 2 NS + 1 OOB)"
      + id          = (known after apply)
      + name        = "gpu-hardwarefree-029"
      + portcount   = 11
      + role        = (known after apply)
      + siteid      = (known after apply)
      + tenantid    = 1
    }

  # netris_server.gpu_servers["gpu-hardwarefree-030"] will be created
  + resource "netris_server" "gpu_servers" {
      + asnumber    = "0"
      + description = "NVIDIA HGX H100/H200/B200 (Spectrum-X) Node 030 (8 RoCE + 2 NS + 1 OOB)"
      + id          = (known after apply)
      + name        = "gpu-hardwarefree-030"
      + portcount   = 11
      + role        = (known after apply)
      + siteid      = (known after apply)
      + tenantid    = 1
    }

  # netris_server.gpu_servers["gpu-hardwarefree-031"] will be created
  + resource "netris_server" "gpu_servers" {
      + asnumber    = "0"
      + description = "NVIDIA HGX H100/H200/B200 (Spectrum-X) Node 031 (8 RoCE + 2 NS + 1 OOB)"
      + id          = (known after apply)
      + name        = "gpu-hardwarefree-031"
      + portcount   = 11
      + role        = (known after apply)
      + siteid      = (known after apply)
      + tenantid    = 1
    }

  # netris_server.gpu_servers["gpu-hardwarefree-032"] will be created
  + resource "netris_server" "gpu_servers" {
      + asnumber    = "0"
      + description = "NVIDIA HGX H100/H200/B200 (Spectrum-X) Node 032 (8 RoCE + 2 NS + 1 OOB)"
      + id          = (known after apply)
      + name        = "gpu-hardwarefree-032"
      + portcount   = 11
      + role        = (known after apply)
      + siteid      = (known after apply)
      + tenantid    = 1
    }

  # netris_server.gpu_servers["gpu-hardwarefree-033"] will be created
  + resource "netris_server" "gpu_servers" {
      + asnumber    = "0"
      + description = "NVIDIA HGX H100/H200/B200 (Spectrum-X) Node 033 (8 RoCE + 2 NS + 1 OOB)"
      + id          = (known after apply)
      + name        = "gpu-hardwarefree-033"
      + portcount   = 11
      + role        = (known after apply)
      + siteid      = (known after apply)
      + tenantid    = 1
    }

  # netris_server.gpu_servers["gpu-hardwarefree-034"] will be created
  + resource "netris_server" "gpu_servers" {
      + asnumber    = "0"
      + description = "NVIDIA HGX H100/H200/B200 (Spectrum-X) Node 034 (8 RoCE + 2 NS + 1 OOB)"
      + id          = (known after apply)
      + name        = "gpu-hardwarefree-034"
      + portcount   = 11
      + role        = (known after apply)
      + siteid      = (known after apply)
      + tenantid    = 1
    }

  # netris_server.gpu_servers["gpu-hardwarefree-035"] will be created
  + resource "netris_server" "gpu_servers" {
      + asnumber    = "0"
      + description = "NVIDIA HGX H100/H200/B200 (Spectrum-X) Node 035 (8 RoCE + 2 NS + 1 OOB)"
      + id          = (known after apply)
      + name        = "gpu-hardwarefree-035"
      + portcount   = 11
      + role        = (known after apply)
      + siteid      = (known after apply)
      + tenantid    = 1
    }

  # netris_server.gpu_servers["gpu-hardwarefree-036"] will be created
  + resource "netris_server" "gpu_servers" {
      + asnumber    = "0"
      + description = "NVIDIA HGX H100/H200/B200 (Spectrum-X) Node 036 (8 RoCE + 2 NS + 1 OOB)"
      + id          = (known after apply)
      + name        = "gpu-hardwarefree-036"
      + portcount   = 11
      + role        = (known after apply)
      + siteid      = (known after apply)
      + tenantid    = 1
    }

  # netris_server.gpu_servers["gpu-hardwarefree-037"] will be created
  + resource "netris_server" "gpu_servers" {
      + asnumber    = "0"
      + description = "NVIDIA HGX H100/H200/B200 (Spectrum-X) Node 037 (8 RoCE + 2 NS + 1 OOB)"
      + id          = (known after apply)
      + name        = "gpu-hardwarefree-037"
      + portcount   = 11
      + role        = (known after apply)
      + siteid      = (known after apply)
      + tenantid    = 1
    }

  # netris_server.gpu_servers["gpu-hardwarefree-038"] will be created
  + resource "netris_server" "gpu_servers" {
      + asnumber    = "0"
      + description = "NVIDIA HGX H100/H200/B200 (Spectrum-X) Node 038 (8 RoCE + 2 NS + 1 OOB)"
      + id          = (known after apply)
      + name        = "gpu-hardwarefree-038"
      + portcount   = 11
      + role        = (known after apply)
      + siteid      = (known after apply)
      + tenantid    = 1
    }

  # netris_server.gpu_servers["gpu-hardwarefree-039"] will be created
  + resource "netris_server" "gpu_servers" {
      + asnumber    = "0"
      + description = "NVIDIA HGX H100/H200/B200 (Spectrum-X) Node 039 (8 RoCE + 2 NS + 1 OOB)"
      + id          = (known after apply)
      + name        = "gpu-hardwarefree-039"
      + portcount   = 11
      + role        = (known after apply)
      + siteid      = (known after apply)
      + tenantid    = 1
    }

  # netris_server.gpu_servers["gpu-hardwarefree-040"] will be created
  + resource "netris_server" "gpu_servers" {
      + asnumber    = "0"
      + description = "NVIDIA HGX H100/H200/B200 (Spectrum-X) Node 040 (8 RoCE + 2 NS + 1 OOB)"
      + id          = (known after apply)
      + name        = "gpu-hardwarefree-040"
      + portcount   = 11
      + role        = (known after apply)
      + siteid      = (known after apply)
      + tenantid    = 1
    }

  # netris_server.gpu_servers["gpu-hardwarefree-041"] will be created
  + resource "netris_server" "gpu_servers" {
      + asnumber    = "0"
      + description = "NVIDIA HGX H100/H200/B200 (Spectrum-X) Node 041 (8 RoCE + 2 NS + 1 OOB)"
      + id          = (known after apply)
      + name        = "gpu-hardwarefree-041"
      + portcount   = 11
      + role        = (known after apply)
      + siteid      = (known after apply)
      + tenantid    = 1
    }

  # netris_server.gpu_servers["gpu-hardwarefree-042"] will be created
  + resource "netris_server" "gpu_servers" {
      + asnumber    = "0"
      + description = "NVIDIA HGX H100/H200/B200 (Spectrum-X) Node 042 (8 RoCE + 2 NS + 1 OOB)"
      + id          = (known after apply)
      + name        = "gpu-hardwarefree-042"
      + portcount   = 11
      + role        = (known after apply)
      + siteid      = (known after apply)
      + tenantid    = 1
    }

  # netris_server.gpu_servers["gpu-hardwarefree-043"] will be created
  + resource "netris_server" "gpu_servers" {
      + asnumber    = "0"
      + description = "NVIDIA HGX H100/H200/B200 (Spectrum-X) Node 043 (8 RoCE + 2 NS + 1 OOB)"
      + id          = (known after apply)
      + name        = "gpu-hardwarefree-043"
      + portcount   = 11
      + role        = (known after apply)
      + siteid      = (known after apply)
      + tenantid    = 1
    }

  # netris_server.gpu_servers["gpu-hardwarefree-044"] will be created
  + resource "netris_server" "gpu_servers" {
      + asnumber    = "0"
      + description = "NVIDIA HGX H100/H200/B200 (Spectrum-X) Node 044 (8 RoCE + 2 NS + 1 OOB)"
      + id          = (known after apply)
      + name        = "gpu-hardwarefree-044"
      + portcount   = 11
      + role        = (known after apply)
      + siteid      = (known after apply)
      + tenantid    = 1
    }

  # netris_server.gpu_servers["gpu-hardwarefree-045"] will be created
  + resource "netris_server" "gpu_servers" {
      + asnumber    = "0"
      + description = "NVIDIA HGX H100/H200/B200 (Spectrum-X) Node 045 (8 RoCE + 2 NS + 1 OOB)"
      + id          = (known after apply)
      + name        = "gpu-hardwarefree-045"
      + portcount   = 11
      + role        = (known after apply)
      + siteid      = (known after apply)
      + tenantid    = 1
    }

  # netris_server.gpu_servers["gpu-hardwarefree-046"] will be created
  + resource "netris_server" "gpu_servers" {
      + asnumber    = "0"
      + description = "NVIDIA HGX H100/H200/B200 (Spectrum-X) Node 046 (8 RoCE + 2 NS + 1 OOB)"
      + id          = (known after apply)
      + name        = "gpu-hardwarefree-046"
      + portcount   = 11
      + role        = (known after apply)
      + siteid      = (known after apply)
      + tenantid    = 1
    }

  # netris_server.gpu_servers["gpu-hardwarefree-047"] will be created
  + resource "netris_server" "gpu_servers" {
      + asnumber    = "0"
      + description = "NVIDIA HGX H100/H200/B200 (Spectrum-X) Node 047 (8 RoCE + 2 NS + 1 OOB)"
      + id          = (known after apply)
      + name        = "gpu-hardwarefree-047"
      + portcount   = 11
      + role        = (known after apply)
      + siteid      = (known after apply)
      + tenantid    = 1
    }

  # netris_server.gpu_servers["gpu-hardwarefree-048"] will be created
  + resource "netris_server" "gpu_servers" {
      + asnumber    = "0"
      + description = "NVIDIA HGX H100/H200/B200 (Spectrum-X) Node 048 (8 RoCE + 2 NS + 1 OOB)"
      + id          = (known after apply)
      + name        = "gpu-hardwarefree-048"
      + portcount   = 11
      + role        = (known after apply)
      + siteid      = (known after apply)
      + tenantid    = 1
    }

  # netris_server.gpu_servers["gpu-hardwarefree-049"] will be created
  + resource "netris_server" "gpu_servers" {
      + asnumber    = "0"
      + description = "NVIDIA HGX H100/H200/B200 (Spectrum-X) Node 049 (8 RoCE + 2 NS + 1 OOB)"
      + id          = (known after apply)
      + name        = "gpu-hardwarefree-049"
      + portcount   = 11
      + role        = (known after apply)
      + siteid      = (known after apply)
      + tenantid    = 1
    }

  # netris_server.gpu_servers["gpu-hardwarefree-050"] will be created
  + resource "netris_server" "gpu_servers" {
      + asnumber    = "0"
      + description = "NVIDIA HGX H100/H200/B200 (Spectrum-X) Node 050 (8 RoCE + 2 NS + 1 OOB)"
      + id          = (known after apply)
      + name        = "gpu-hardwarefree-050"
      + portcount   = 11
      + role        = (known after apply)
      + siteid      = (known after apply)
      + tenantid    = 1
    }

  # netris_server.gpu_servers["gpu-hardwarefree-051"] will be created
  + resource "netris_server" "gpu_servers" {
      + asnumber    = "0"
      + description = "NVIDIA HGX H100/H200/B200 (Spectrum-X) Node 051 (8 RoCE + 2 NS + 1 OOB)"
      + id          = (known after apply)
      + name        = "gpu-hardwarefree-051"
      + portcount   = 11
      + role        = (known after apply)
      + siteid      = (known after apply)
      + tenantid    = 1
    }

  # netris_server.gpu_servers["gpu-hardwarefree-052"] will be created
  + resource "netris_server" "gpu_servers" {
      + asnumber    = "0"
      + description = "NVIDIA HGX H100/H200/B200 (Spectrum-X) Node 052 (8 RoCE + 2 NS + 1 OOB)"
      + id          = (known after apply)
      + name        = "gpu-hardwarefree-052"
      + portcount   = 11
      + role        = (known after apply)
      + siteid      = (known after apply)
      + tenantid    = 1
    }

  # netris_server.gpu_servers["gpu-hardwarefree-053"] will be created
  + resource "netris_server" "gpu_servers" {
      + asnumber    = "0"
      + description = "NVIDIA HGX H100/H200/B200 (Spectrum-X) Node 053 (8 RoCE + 2 NS + 1 OOB)"
      + id          = (known after apply)
      + name        = "gpu-hardwarefree-053"
      + portcount   = 11
      + role        = (known after apply)
      + siteid      = (known after apply)
      + tenantid    = 1
    }

  # netris_server.gpu_servers["gpu-hardwarefree-054"] will be created
  + resource "netris_server" "gpu_servers" {
      + asnumber    = "0"
      + description = "NVIDIA HGX H100/H200/B200 (Spectrum-X) Node 054 (8 RoCE + 2 NS + 1 OOB)"
      + id          = (known after apply)
      + name        = "gpu-hardwarefree-054"
      + portcount   = 11
      + role        = (known after apply)
      + siteid      = (known after apply)
      + tenantid    = 1
    }

  # netris_server.gpu_servers["gpu-hardwarefree-055"] will be created
  + resource "netris_server" "gpu_servers" {
      + asnumber    = "0"
      + description = "NVIDIA HGX H100/H200/B200 (Spectrum-X) Node 055 (8 RoCE + 2 NS + 1 OOB)"
      + id          = (known after apply)
      + name        = "gpu-hardwarefree-055"
      + portcount   = 11
      + role        = (known after apply)
      + siteid      = (known after apply)
      + tenantid    = 1
    }

  # netris_server.gpu_servers["gpu-hardwarefree-056"] will be created
  + resource "netris_server" "gpu_servers" {
      + asnumber    = "0"
      + description = "NVIDIA HGX H100/H200/B200 (Spectrum-X) Node 056 (8 RoCE + 2 NS + 1 OOB)"
      + id          = (known after apply)
      + name        = "gpu-hardwarefree-056"
      + portcount   = 11
      + role        = (known after apply)
      + siteid      = (known after apply)
      + tenantid    = 1
    }

  # netris_server.gpu_servers["gpu-hardwarefree-057"] will be created
  + resource "netris_server" "gpu_servers" {
      + asnumber    = "0"
      + description = "NVIDIA HGX H100/H200/B200 (Spectrum-X) Node 057 (8 RoCE + 2 NS + 1 OOB)"
      + id          = (known after apply)
      + name        = "gpu-hardwarefree-057"
      + portcount   = 11
      + role        = (known after apply)
      + siteid      = (known after apply)
      + tenantid    = 1
    }

  # netris_server.gpu_servers["gpu-hardwarefree-058"] will be created
  + resource "netris_server" "gpu_servers" {
      + asnumber    = "0"
      + description = "NVIDIA HGX H100/H200/B200 (Spectrum-X) Node 058 (8 RoCE + 2 NS + 1 OOB)"
      + id          = (known after apply)
      + name        = "gpu-hardwarefree-058"
      + portcount   = 11
      + role        = (known after apply)
      + siteid      = (known after apply)
      + tenantid    = 1
    }

  # netris_server.gpu_servers["gpu-hardwarefree-059"] will be created
  + resource "netris_server" "gpu_servers" {
      + asnumber    = "0"
      + description = "NVIDIA HGX H100/H200/B200 (Spectrum-X) Node 059 (8 RoCE + 2 NS + 1 OOB)"
      + id          = (known after apply)
      + name        = "gpu-hardwarefree-059"
      + portcount   = 11
      + role        = (known after apply)
      + siteid      = (known after apply)
      + tenantid    = 1
    }

  # netris_server.gpu_servers["gpu-hardwarefree-060"] will be created
  + resource "netris_server" "gpu_servers" {
      + asnumber    = "0"
      + description = "NVIDIA HGX H100/H200/B200 (Spectrum-X) Node 060 (8 RoCE + 2 NS + 1 OOB)"
      + id          = (known after apply)
      + name        = "gpu-hardwarefree-060"
      + portcount   = 11
      + role        = (known after apply)
      + siteid      = (known after apply)
      + tenantid    = 1
    }

  # netris_server.gpu_servers["gpu-hardwarefree-061"] will be created
  + resource "netris_server" "gpu_servers" {
      + asnumber    = "0"
      + description = "NVIDIA HGX H100/H200/B200 (Spectrum-X) Node 061 (8 RoCE + 2 NS + 1 OOB)"
      + id          = (known after apply)
      + name        = "gpu-hardwarefree-061"
      + portcount   = 11
      + role        = (known after apply)
      + siteid      = (known after apply)
      + tenantid    = 1
    }

  # netris_server.gpu_servers["gpu-hardwarefree-062"] will be created
  + resource "netris_server" "gpu_servers" {
      + asnumber    = "0"
      + description = "NVIDIA HGX H100/H200/B200 (Spectrum-X) Node 062 (8 RoCE + 2 NS + 1 OOB)"
      + id          = (known after apply)
      + name        = "gpu-hardwarefree-062"
      + portcount   = 11
      + role        = (known after apply)
      + siteid      = (known after apply)
      + tenantid    = 1
    }

  # netris_server.gpu_servers["gpu-hardwarefree-063"] will be created
  + resource "netris_server" "gpu_servers" {
      + asnumber    = "0"
      + description = "NVIDIA HGX H100/H200/B200 (Spectrum-X) Node 063 (8 RoCE + 2 NS + 1 OOB)"
      + id          = (known after apply)
      + name        = "gpu-hardwarefree-063"
      + portcount   = 11
      + role        = (known after apply)
      + siteid      = (known after apply)
      + tenantid    = 1
    }

  # netris_server.gpu_servers["gpu-hardwarefree-064"] will be created
  + resource "netris_server" "gpu_servers" {
      + asnumber    = "0"
      + description = "NVIDIA HGX H100/H200/B200 (Spectrum-X) Node 064 (8 RoCE + 2 NS + 1 OOB)"
      + id          = (known after apply)
      + name        = "gpu-hardwarefree-064"
      + portcount   = 11
      + role        = (known after apply)
      + siteid      = (known after apply)
      + tenantid    = 1
    }

  # netris_server.mgmt_servers["srv-hardwarefree-cp01"] will be created
  + resource "netris_server" "mgmt_servers" {
      + asnumber    = "0"
      + description = "Control Plane / K8s Node 01"
      + id          = (known after apply)
      + name        = "srv-hardwarefree-cp01"
      + portcount   = 2
      + role        = (known after apply)
      + siteid      = (known after apply)
      + tenantid    = 1
    }

  # netris_server.mgmt_servers["srv-hardwarefree-cp02"] will be created
  + resource "netris_server" "mgmt_servers" {
      + asnumber    = "0"
      + description = "Control Plane / K8s Node 02"
      + id          = (known after apply)
      + name        = "srv-hardwarefree-cp02"
      + portcount   = 2
      + role        = (known after apply)
      + siteid      = (known after apply)
      + tenantid    = 1
    }

  # netris_server.mgmt_servers["srv-hardwarefree-cp03"] will be created
  + resource "netris_server" "mgmt_servers" {
      + asnumber    = "0"
      + description = "Control Plane / K8s Node 03"
      + id          = (known after apply)
      + name        = "srv-hardwarefree-cp03"
      + portcount   = 2
      + role        = (known after apply)
      + siteid      = (known after apply)
      + tenantid    = 1
    }

  # netris_server.storage_servers["srv-hardwarefree-storage01"] will be created
  + resource "netris_server" "storage_servers" {
      + asnumber    = "0"
      + description = "Storage Node 01 (2 Storage + 2 NS + 1 OOB)"
      + id          = (known after apply)
      + name        = "srv-hardwarefree-storage01"
      + portcount   = 5
      + role        = (known after apply)
      + siteid      = (known after apply)
      + tenantid    = 1
    }

  # netris_server.storage_servers["srv-hardwarefree-storage02"] will be created
  + resource "netris_server" "storage_servers" {
      + asnumber    = "0"
      + description = "Storage Node 02 (2 Storage + 2 NS + 1 OOB)"
      + id          = (known after apply)
      + name        = "srv-hardwarefree-storage02"
      + portcount   = 5
      + role        = (known after apply)
      + siteid      = (known after apply)
      + tenantid    = 1
    }

  # netris_server.storage_servers["srv-hardwarefree-storage03"] will be created
  + resource "netris_server" "storage_servers" {
      + asnumber    = "0"
      + description = "Storage Node 03 (2 Storage + 2 NS + 1 OOB)"
      + id          = (known after apply)
      + name        = "srv-hardwarefree-storage03"
      + portcount   = 5
      + role        = (known after apply)
      + siteid      = (known after apply)
      + tenantid    = 1
    }

  # netris_server.storage_servers["srv-hardwarefree-storage04"] will be created
  + resource "netris_server" "storage_servers" {
      + asnumber    = "0"
      + description = "Storage Node 04 (2 Storage + 2 NS + 1 OOB)"
      + id          = (known after apply)
      + name        = "srv-hardwarefree-storage04"
      + portcount   = 5
      + role        = (known after apply)
      + siteid      = (known after apply)
      + tenantid    = 1
    }

  # netris_site.site will be created
  + resource "netris_site" "site" {
      + acldefaultpolicy    = "deny"
      + id                  = (known after apply)
      + name                = "HardwareFree"
      + publicasn           = 65501
      + sitemesh            = (known after apply)
      + switchfabric        = "netris"
      + vlanrange           = "2-4094"
      + vlanrangeautoassign = "2-3999"
    }

  # netris_softgate.softgates["1"] will be created
  + resource "netris_softgate" "softgates" {
      + description = "Border Gateway — SoftGate 01 (Stateful NAT, Border BGP Routing, L4 Load Balancing & External Ingress/Egress Gateway)"
      + flavor      = "sg-hs"
      + id          = (known after apply)
      + mainip      = "172.16.1.11"
      + mgmtip      = "172.16.2.51"
      + name        = "sg-hardwarefree-border-gw01"
      + profileid   = (known after apply)
      + role        = "general"
      + siteid      = (known after apply)
      + tenantid    = 1
    }

  # netris_softgate.softgates["2"] will be created
  + resource "netris_softgate" "softgates" {
      + description = "Border Gateway — SoftGate 02 (Stateful NAT, Border BGP Routing, L4 Load Balancing & External Ingress/Egress Gateway)"
      + flavor      = "sg-hs"
      + id          = (known after apply)
      + mainip      = "172.16.1.12"
      + mgmtip      = "172.16.2.52"
      + name        = "sg-hardwarefree-border-gw02"
      + profileid   = (known after apply)
      + role        = "general"
      + siteid      = (known after apply)
      + tenantid    = 1
    }

  # netris_softgate.softgates["3"] will be created
  + resource "netris_softgate" "softgates" {
      + description = "Border Gateway — SoftGate 03 (Stateful NAT, Border BGP Routing, L4 Load Balancing & External Ingress/Egress Gateway)"
      + flavor      = "sg-hs"
      + id          = (known after apply)
      + mainip      = "172.16.1.13"
      + mgmtip      = "172.16.2.53"
      + name        = "sg-hardwarefree-border-gw03"
      + profileid   = (known after apply)
      + role        = "general"
      + siteid      = (known after apply)
      + tenantid    = 1
    }

  # netris_softgate.softgates["4"] will be created
  + resource "netris_softgate" "softgates" {
      + description = "Border Gateway — SoftGate 04 (Stateful NAT, Border BGP Routing, L4 Load Balancing & External Ingress/Egress Gateway)"
      + flavor      = "sg-hs"
      + id          = (known after apply)
      + mainip      = "172.16.1.14"
      + mgmtip      = "172.16.2.54"
      + name        = "sg-hardwarefree-border-gw04"
      + profileid   = (known after apply)
      + role        = "general"
      + siteid      = (known after apply)
      + tenantid    = 1
    }

  # netris_subnet.subnets["sub-ew-loopbacks"] will be created
  + resource "netris_subnet" "subnets" {
      + id       = (known after apply)
      + name     = "sub-ew-loopbacks"
      + prefix   = "172.16.0.0/24"
      + purpose  = "loopback"
      + siteids  = (known after apply)
      + tenantid = 1
    }

  # netris_subnet.subnets["sub-ew-p2p"] will be created
  + resource "netris_subnet" "subnets" {
      + id       = (known after apply)
      + name     = "sub-ew-p2p"
      + prefix   = "172.17.0.0/16"
      + purpose  = "common"
      + siteids  = (known after apply)
      + tenantid = 1
    }

  # netris_subnet.subnets["sub-ns-loopbacks"] will be created
  + resource "netris_subnet" "subnets" {
      + id       = (known after apply)
      + name     = "sub-ns-loopbacks"
      + prefix   = "172.16.1.0/24"
      + purpose  = "loopback"
      + siteids  = (known after apply)
      + tenantid = 1
    }

  # netris_subnet.subnets["sub-ns-mgmt"] will be created
  + resource "netris_subnet" "subnets" {
      + id       = (known after apply)
      + name     = "sub-ns-mgmt"
      + prefix   = "172.16.2.0/24"
      + purpose  = "management"
      + siteids  = (known after apply)
      + tenantid = 1
    }

  # netris_subnet.subnets["sub-oob"] will be created
  + resource "netris_subnet" "subnets" {
      + id       = (known after apply)
      + name     = "sub-oob"
      + prefix   = "172.16.4.0/24"
      + purpose  = "management"
      + siteids  = (known after apply)
      + tenantid = 1
    }

  # netris_subnet.subnets["sub-storage"] will be created
  + resource "netris_subnet" "subnets" {
      + id       = (known after apply)
      + name     = "sub-storage"
      + prefix   = "172.16.3.0/24"
      + purpose  = "common"
      + siteids  = (known after apply)
      + tenantid = 1
    }

  # netris_switch.switches["1"] will be created
  + resource "netris_switch" "switches" {
      + asnumber                 = "4200000000"
      + description              = "Backend Spectrum-X AI Fabric — Plane 1 Spine 01 (Aggregates Plane 1 Leaves for East-West RoCE GPU Interconnect)"
      + enable_evpn_route_server = false
      + id                       = (known after apply)
      + macaddress               = (known after apply)
      + mainip                   = "172.16.0.1"
      + mgmtip                   = "172.16.2.1"
      + name                     = "sw-hardwarefree-plane1-spine01"
      + nos                      = "cumulus_nvue"
      + portcount                = 32
      + profileid                = (known after apply)
      + role                     = "spine"
      + siteid                   = (known after apply)
      + tenantid                 = 1
    }

  # netris_switch.switches["10"] will be created
  + resource "netris_switch" "switches" {
      + asnumber                 = "4200000010"
      + description              = "Backend Spectrum-X AI Fabric — Plane 1 Leaf 08 (Dedicated RoCE Compute Access Leaf for GPU Fleet)"
      + enable_evpn_route_server = false
      + id                       = (known after apply)
      + macaddress               = (known after apply)
      + mainip                   = "172.16.0.10"
      + mgmtip                   = "172.16.2.10"
      + name                     = "sw-hardwarefree-plane1-leaf08"
      + nos                      = "cumulus_nvue"
      + portcount                = 32
      + profileid                = (known after apply)
      + role                     = "leaf"
      + siteid                   = (known after apply)
      + tenantid                 = 1
    }

  # netris_switch.switches["11"] will be created
  + resource "netris_switch" "switches" {
      + asnumber                 = "4200000000"
      + description              = "Backend Spectrum-X AI Fabric — Plane 2 Spine 01 (Aggregates Plane 2 Leaves for East-West RoCE GPU Interconnect)"
      + enable_evpn_route_server = false
      + id                       = (known after apply)
      + macaddress               = (known after apply)
      + mainip                   = "172.16.0.11"
      + mgmtip                   = "172.16.2.11"
      + name                     = "sw-hardwarefree-plane2-spine01"
      + nos                      = "cumulus_nvue"
      + portcount                = 32
      + profileid                = (known after apply)
      + role                     = "spine"
      + siteid                   = (known after apply)
      + tenantid                 = 1
    }

  # netris_switch.switches["12"] will be created
  + resource "netris_switch" "switches" {
      + asnumber                 = "4200000000"
      + description              = "Backend Spectrum-X AI Fabric — Plane 2 Spine 02 (Aggregates Plane 2 Leaves for East-West RoCE GPU Interconnect)"
      + enable_evpn_route_server = false
      + id                       = (known after apply)
      + macaddress               = (known after apply)
      + mainip                   = "172.16.0.12"
      + mgmtip                   = "172.16.2.12"
      + name                     = "sw-hardwarefree-plane2-spine02"
      + nos                      = "cumulus_nvue"
      + portcount                = 32
      + profileid                = (known after apply)
      + role                     = "spine"
      + siteid                   = (known after apply)
      + tenantid                 = 1
    }

  # netris_switch.switches["13"] will be created
  + resource "netris_switch" "switches" {
      + asnumber                 = "4200000013"
      + description              = "Backend Spectrum-X AI Fabric — Plane 2 Leaf 01 (Dedicated RoCE Compute Access Leaf for GPU Fleet)"
      + enable_evpn_route_server = false
      + id                       = (known after apply)
      + macaddress               = (known after apply)
      + mainip                   = "172.16.0.13"
      + mgmtip                   = "172.16.2.13"
      + name                     = "sw-hardwarefree-plane2-leaf01"
      + nos                      = "cumulus_nvue"
      + portcount                = 32
      + profileid                = (known after apply)
      + role                     = "leaf"
      + siteid                   = (known after apply)
      + tenantid                 = 1
    }

  # netris_switch.switches["14"] will be created
  + resource "netris_switch" "switches" {
      + asnumber                 = "4200000014"
      + description              = "Backend Spectrum-X AI Fabric — Plane 2 Leaf 02 (Dedicated RoCE Compute Access Leaf for GPU Fleet)"
      + enable_evpn_route_server = false
      + id                       = (known after apply)
      + macaddress               = (known after apply)
      + mainip                   = "172.16.0.14"
      + mgmtip                   = "172.16.2.14"
      + name                     = "sw-hardwarefree-plane2-leaf02"
      + nos                      = "cumulus_nvue"
      + portcount                = 32
      + profileid                = (known after apply)
      + role                     = "leaf"
      + siteid                   = (known after apply)
      + tenantid                 = 1
    }

  # netris_switch.switches["15"] will be created
  + resource "netris_switch" "switches" {
      + asnumber                 = "4200000015"
      + description              = "Backend Spectrum-X AI Fabric — Plane 2 Leaf 03 (Dedicated RoCE Compute Access Leaf for GPU Fleet)"
      + enable_evpn_route_server = false
      + id                       = (known after apply)
      + macaddress               = (known after apply)
      + mainip                   = "172.16.0.15"
      + mgmtip                   = "172.16.2.15"
      + name                     = "sw-hardwarefree-plane2-leaf03"
      + nos                      = "cumulus_nvue"
      + portcount                = 32
      + profileid                = (known after apply)
      + role                     = "leaf"
      + siteid                   = (known after apply)
      + tenantid                 = 1
    }

  # netris_switch.switches["16"] will be created
  + resource "netris_switch" "switches" {
      + asnumber                 = "4200000016"
      + description              = "Backend Spectrum-X AI Fabric — Plane 2 Leaf 04 (Dedicated RoCE Compute Access Leaf for GPU Fleet)"
      + enable_evpn_route_server = false
      + id                       = (known after apply)
      + macaddress               = (known after apply)
      + mainip                   = "172.16.0.16"
      + mgmtip                   = "172.16.2.16"
      + name                     = "sw-hardwarefree-plane2-leaf04"
      + nos                      = "cumulus_nvue"
      + portcount                = 32
      + profileid                = (known after apply)
      + role                     = "leaf"
      + siteid                   = (known after apply)
      + tenantid                 = 1
    }

  # netris_switch.switches["17"] will be created
  + resource "netris_switch" "switches" {
      + asnumber                 = "4200000017"
      + description              = "Backend Spectrum-X AI Fabric — Plane 2 Leaf 05 (Dedicated RoCE Compute Access Leaf for GPU Fleet)"
      + enable_evpn_route_server = false
      + id                       = (known after apply)
      + macaddress               = (known after apply)
      + mainip                   = "172.16.0.17"
      + mgmtip                   = "172.16.2.17"
      + name                     = "sw-hardwarefree-plane2-leaf05"
      + nos                      = "cumulus_nvue"
      + portcount                = 32
      + profileid                = (known after apply)
      + role                     = "leaf"
      + siteid                   = (known after apply)
      + tenantid                 = 1
    }

  # netris_switch.switches["18"] will be created
  + resource "netris_switch" "switches" {
      + asnumber                 = "4200000018"
      + description              = "Backend Spectrum-X AI Fabric — Plane 2 Leaf 06 (Dedicated RoCE Compute Access Leaf for GPU Fleet)"
      + enable_evpn_route_server = false
      + id                       = (known after apply)
      + macaddress               = (known after apply)
      + mainip                   = "172.16.0.18"
      + mgmtip                   = "172.16.2.18"
      + name                     = "sw-hardwarefree-plane2-leaf06"
      + nos                      = "cumulus_nvue"
      + portcount                = 32
      + profileid                = (known after apply)
      + role                     = "leaf"
      + siteid                   = (known after apply)
      + tenantid                 = 1
    }

  # netris_switch.switches["19"] will be created
  + resource "netris_switch" "switches" {
      + asnumber                 = "4200000019"
      + description              = "Backend Spectrum-X AI Fabric — Plane 2 Leaf 07 (Dedicated RoCE Compute Access Leaf for GPU Fleet)"
      + enable_evpn_route_server = false
      + id                       = (known after apply)
      + macaddress               = (known after apply)
      + mainip                   = "172.16.0.19"
      + mgmtip                   = "172.16.2.19"
      + name                     = "sw-hardwarefree-plane2-leaf07"
      + nos                      = "cumulus_nvue"
      + portcount                = 32
      + profileid                = (known after apply)
      + role                     = "leaf"
      + siteid                   = (known after apply)
      + tenantid                 = 1
    }

  # netris_switch.switches["2"] will be created
  + resource "netris_switch" "switches" {
      + asnumber                 = "4200000000"
      + description              = "Backend Spectrum-X AI Fabric — Plane 1 Spine 02 (Aggregates Plane 1 Leaves for East-West RoCE GPU Interconnect)"
      + enable_evpn_route_server = false
      + id                       = (known after apply)
      + macaddress               = (known after apply)
      + mainip                   = "172.16.0.2"
      + mgmtip                   = "172.16.2.2"
      + name                     = "sw-hardwarefree-plane1-spine02"
      + nos                      = "cumulus_nvue"
      + portcount                = 32
      + profileid                = (known after apply)
      + role                     = "spine"
      + siteid                   = (known after apply)
      + tenantid                 = 1
    }

  # netris_switch.switches["20"] will be created
  + resource "netris_switch" "switches" {
      + asnumber                 = "4200000020"
      + description              = "Backend Spectrum-X AI Fabric — Plane 2 Leaf 08 (Dedicated RoCE Compute Access Leaf for GPU Fleet)"
      + enable_evpn_route_server = false
      + id                       = (known after apply)
      + macaddress               = (known after apply)
      + mainip                   = "172.16.0.20"
      + mgmtip                   = "172.16.2.20"
      + name                     = "sw-hardwarefree-plane2-leaf08"
      + nos                      = "cumulus_nvue"
      + portcount                = 32
      + profileid                = (known after apply)
      + role                     = "leaf"
      + siteid                   = (known after apply)
      + tenantid                 = 1
    }

  # netris_switch.switches["21"] will be created
  + resource "netris_switch" "switches" {
      + asnumber                 = "4200000000"
      + description              = "Backend Spectrum-X AI Fabric — Plane 3 Spine 01 (Aggregates Plane 3 Leaves for East-West RoCE GPU Interconnect)"
      + enable_evpn_route_server = false
      + id                       = (known after apply)
      + macaddress               = (known after apply)
      + mainip                   = "172.16.0.21"
      + mgmtip                   = "172.16.2.21"
      + name                     = "sw-hardwarefree-plane3-spine01"
      + nos                      = "cumulus_nvue"
      + portcount                = 32
      + profileid                = (known after apply)
      + role                     = "spine"
      + siteid                   = (known after apply)
      + tenantid                 = 1
    }

  # netris_switch.switches["22"] will be created
  + resource "netris_switch" "switches" {
      + asnumber                 = "4200000000"
      + description              = "Backend Spectrum-X AI Fabric — Plane 3 Spine 02 (Aggregates Plane 3 Leaves for East-West RoCE GPU Interconnect)"
      + enable_evpn_route_server = false
      + id                       = (known after apply)
      + macaddress               = (known after apply)
      + mainip                   = "172.16.0.22"
      + mgmtip                   = "172.16.2.22"
      + name                     = "sw-hardwarefree-plane3-spine02"
      + nos                      = "cumulus_nvue"
      + portcount                = 32
      + profileid                = (known after apply)
      + role                     = "spine"
      + siteid                   = (known after apply)
      + tenantid                 = 1
    }

  # netris_switch.switches["23"] will be created
  + resource "netris_switch" "switches" {
      + asnumber                 = "4200000023"
      + description              = "Backend Spectrum-X AI Fabric — Plane 3 Leaf 01 (Dedicated RoCE Compute Access Leaf for GPU Fleet)"
      + enable_evpn_route_server = false
      + id                       = (known after apply)
      + macaddress               = (known after apply)
      + mainip                   = "172.16.0.23"
      + mgmtip                   = "172.16.2.23"
      + name                     = "sw-hardwarefree-plane3-leaf01"
      + nos                      = "cumulus_nvue"
      + portcount                = 32
      + profileid                = (known after apply)
      + role                     = "leaf"
      + siteid                   = (known after apply)
      + tenantid                 = 1
    }

  # netris_switch.switches["24"] will be created
  + resource "netris_switch" "switches" {
      + asnumber                 = "4200000024"
      + description              = "Backend Spectrum-X AI Fabric — Plane 3 Leaf 02 (Dedicated RoCE Compute Access Leaf for GPU Fleet)"
      + enable_evpn_route_server = false
      + id                       = (known after apply)
      + macaddress               = (known after apply)
      + mainip                   = "172.16.0.24"
      + mgmtip                   = "172.16.2.24"
      + name                     = "sw-hardwarefree-plane3-leaf02"
      + nos                      = "cumulus_nvue"
      + portcount                = 32
      + profileid                = (known after apply)
      + role                     = "leaf"
      + siteid                   = (known after apply)
      + tenantid                 = 1
    }

  # netris_switch.switches["25"] will be created
  + resource "netris_switch" "switches" {
      + asnumber                 = "4200000025"
      + description              = "Backend Spectrum-X AI Fabric — Plane 3 Leaf 03 (Dedicated RoCE Compute Access Leaf for GPU Fleet)"
      + enable_evpn_route_server = false
      + id                       = (known after apply)
      + macaddress               = (known after apply)
      + mainip                   = "172.16.0.25"
      + mgmtip                   = "172.16.2.25"
      + name                     = "sw-hardwarefree-plane3-leaf03"
      + nos                      = "cumulus_nvue"
      + portcount                = 32
      + profileid                = (known after apply)
      + role                     = "leaf"
      + siteid                   = (known after apply)
      + tenantid                 = 1
    }

  # netris_switch.switches["26"] will be created
  + resource "netris_switch" "switches" {
      + asnumber                 = "4200000026"
      + description              = "Backend Spectrum-X AI Fabric — Plane 3 Leaf 04 (Dedicated RoCE Compute Access Leaf for GPU Fleet)"
      + enable_evpn_route_server = false
      + id                       = (known after apply)
      + macaddress               = (known after apply)
      + mainip                   = "172.16.0.26"
      + mgmtip                   = "172.16.2.26"
      + name                     = "sw-hardwarefree-plane3-leaf04"
      + nos                      = "cumulus_nvue"
      + portcount                = 32
      + profileid                = (known after apply)
      + role                     = "leaf"
      + siteid                   = (known after apply)
      + tenantid                 = 1
    }

  # netris_switch.switches["27"] will be created
  + resource "netris_switch" "switches" {
      + asnumber                 = "4200000027"
      + description              = "Backend Spectrum-X AI Fabric — Plane 3 Leaf 05 (Dedicated RoCE Compute Access Leaf for GPU Fleet)"
      + enable_evpn_route_server = false
      + id                       = (known after apply)
      + macaddress               = (known after apply)
      + mainip                   = "172.16.0.27"
      + mgmtip                   = "172.16.2.27"
      + name                     = "sw-hardwarefree-plane3-leaf05"
      + nos                      = "cumulus_nvue"
      + portcount                = 32
      + profileid                = (known after apply)
      + role                     = "leaf"
      + siteid                   = (known after apply)
      + tenantid                 = 1
    }

  # netris_switch.switches["28"] will be created
  + resource "netris_switch" "switches" {
      + asnumber                 = "4200000028"
      + description              = "Backend Spectrum-X AI Fabric — Plane 3 Leaf 06 (Dedicated RoCE Compute Access Leaf for GPU Fleet)"
      + enable_evpn_route_server = false
      + id                       = (known after apply)
      + macaddress               = (known after apply)
      + mainip                   = "172.16.0.28"
      + mgmtip                   = "172.16.2.28"
      + name                     = "sw-hardwarefree-plane3-leaf06"
      + nos                      = "cumulus_nvue"
      + portcount                = 32
      + profileid                = (known after apply)
      + role                     = "leaf"
      + siteid                   = (known after apply)
      + tenantid                 = 1
    }

  # netris_switch.switches["29"] will be created
  + resource "netris_switch" "switches" {
      + asnumber                 = "4200000029"
      + description              = "Backend Spectrum-X AI Fabric — Plane 3 Leaf 07 (Dedicated RoCE Compute Access Leaf for GPU Fleet)"
      + enable_evpn_route_server = false
      + id                       = (known after apply)
      + macaddress               = (known after apply)
      + mainip                   = "172.16.0.29"
      + mgmtip                   = "172.16.2.29"
      + name                     = "sw-hardwarefree-plane3-leaf07"
      + nos                      = "cumulus_nvue"
      + portcount                = 32
      + profileid                = (known after apply)
      + role                     = "leaf"
      + siteid                   = (known after apply)
      + tenantid                 = 1
    }

  # netris_switch.switches["3"] will be created
  + resource "netris_switch" "switches" {
      + asnumber                 = "4200000003"
      + description              = "Backend Spectrum-X AI Fabric — Plane 1 Leaf 01 (Dedicated RoCE Compute Access Leaf for GPU Fleet)"
      + enable_evpn_route_server = false
      + id                       = (known after apply)
      + macaddress               = (known after apply)
      + mainip                   = "172.16.0.3"
      + mgmtip                   = "172.16.2.3"
      + name                     = "sw-hardwarefree-plane1-leaf01"
      + nos                      = "cumulus_nvue"
      + portcount                = 32
      + profileid                = (known after apply)
      + role                     = "leaf"
      + siteid                   = (known after apply)
      + tenantid                 = 1
    }

  # netris_switch.switches["30"] will be created
  + resource "netris_switch" "switches" {
      + asnumber                 = "4200000030"
      + description              = "Backend Spectrum-X AI Fabric — Plane 3 Leaf 08 (Dedicated RoCE Compute Access Leaf for GPU Fleet)"
      + enable_evpn_route_server = false
      + id                       = (known after apply)
      + macaddress               = (known after apply)
      + mainip                   = "172.16.0.30"
      + mgmtip                   = "172.16.2.30"
      + name                     = "sw-hardwarefree-plane3-leaf08"
      + nos                      = "cumulus_nvue"
      + portcount                = 32
      + profileid                = (known after apply)
      + role                     = "leaf"
      + siteid                   = (known after apply)
      + tenantid                 = 1
    }

  # netris_switch.switches["31"] will be created
  + resource "netris_switch" "switches" {
      + asnumber                 = "4200000000"
      + description              = "Backend Spectrum-X AI Fabric — Plane 4 Spine 01 (Aggregates Plane 4 Leaves for East-West RoCE GPU Interconnect)"
      + enable_evpn_route_server = false
      + id                       = (known after apply)
      + macaddress               = (known after apply)
      + mainip                   = "172.16.0.31"
      + mgmtip                   = "172.16.2.31"
      + name                     = "sw-hardwarefree-plane4-spine01"
      + nos                      = "cumulus_nvue"
      + portcount                = 32
      + profileid                = (known after apply)
      + role                     = "spine"
      + siteid                   = (known after apply)
      + tenantid                 = 1
    }

  # netris_switch.switches["32"] will be created
  + resource "netris_switch" "switches" {
      + asnumber                 = "4200000000"
      + description              = "Backend Spectrum-X AI Fabric — Plane 4 Spine 02 (Aggregates Plane 4 Leaves for East-West RoCE GPU Interconnect)"
      + enable_evpn_route_server = false
      + id                       = (known after apply)
      + macaddress               = (known after apply)
      + mainip                   = "172.16.0.32"
      + mgmtip                   = "172.16.2.32"
      + name                     = "sw-hardwarefree-plane4-spine02"
      + nos                      = "cumulus_nvue"
      + portcount                = 32
      + profileid                = (known after apply)
      + role                     = "spine"
      + siteid                   = (known after apply)
      + tenantid                 = 1
    }

  # netris_switch.switches["33"] will be created
  + resource "netris_switch" "switches" {
      + asnumber                 = "4200000033"
      + description              = "Backend Spectrum-X AI Fabric — Plane 4 Leaf 01 (Dedicated RoCE Compute Access Leaf for GPU Fleet)"
      + enable_evpn_route_server = false
      + id                       = (known after apply)
      + macaddress               = (known after apply)
      + mainip                   = "172.16.0.33"
      + mgmtip                   = "172.16.2.33"
      + name                     = "sw-hardwarefree-plane4-leaf01"
      + nos                      = "cumulus_nvue"
      + portcount                = 32
      + profileid                = (known after apply)
      + role                     = "leaf"
      + siteid                   = (known after apply)
      + tenantid                 = 1
    }

  # netris_switch.switches["34"] will be created
  + resource "netris_switch" "switches" {
      + asnumber                 = "4200000034"
      + description              = "Backend Spectrum-X AI Fabric — Plane 4 Leaf 02 (Dedicated RoCE Compute Access Leaf for GPU Fleet)"
      + enable_evpn_route_server = false
      + id                       = (known after apply)
      + macaddress               = (known after apply)
      + mainip                   = "172.16.0.34"
      + mgmtip                   = "172.16.2.34"
      + name                     = "sw-hardwarefree-plane4-leaf02"
      + nos                      = "cumulus_nvue"
      + portcount                = 32
      + profileid                = (known after apply)
      + role                     = "leaf"
      + siteid                   = (known after apply)
      + tenantid                 = 1
    }

  # netris_switch.switches["35"] will be created
  + resource "netris_switch" "switches" {
      + asnumber                 = "4200000035"
      + description              = "Backend Spectrum-X AI Fabric — Plane 4 Leaf 03 (Dedicated RoCE Compute Access Leaf for GPU Fleet)"
      + enable_evpn_route_server = false
      + id                       = (known after apply)
      + macaddress               = (known after apply)
      + mainip                   = "172.16.0.35"
      + mgmtip                   = "172.16.2.35"
      + name                     = "sw-hardwarefree-plane4-leaf03"
      + nos                      = "cumulus_nvue"
      + portcount                = 32
      + profileid                = (known after apply)
      + role                     = "leaf"
      + siteid                   = (known after apply)
      + tenantid                 = 1
    }

  # netris_switch.switches["36"] will be created
  + resource "netris_switch" "switches" {
      + asnumber                 = "4200000036"
      + description              = "Backend Spectrum-X AI Fabric — Plane 4 Leaf 04 (Dedicated RoCE Compute Access Leaf for GPU Fleet)"
      + enable_evpn_route_server = false
      + id                       = (known after apply)
      + macaddress               = (known after apply)
      + mainip                   = "172.16.0.36"
      + mgmtip                   = "172.16.2.36"
      + name                     = "sw-hardwarefree-plane4-leaf04"
      + nos                      = "cumulus_nvue"
      + portcount                = 32
      + profileid                = (known after apply)
      + role                     = "leaf"
      + siteid                   = (known after apply)
      + tenantid                 = 1
    }

  # netris_switch.switches["37"] will be created
  + resource "netris_switch" "switches" {
      + asnumber                 = "4200000037"
      + description              = "Backend Spectrum-X AI Fabric — Plane 4 Leaf 05 (Dedicated RoCE Compute Access Leaf for GPU Fleet)"
      + enable_evpn_route_server = false
      + id                       = (known after apply)
      + macaddress               = (known after apply)
      + mainip                   = "172.16.0.37"
      + mgmtip                   = "172.16.2.37"
      + name                     = "sw-hardwarefree-plane4-leaf05"
      + nos                      = "cumulus_nvue"
      + portcount                = 32
      + profileid                = (known after apply)
      + role                     = "leaf"
      + siteid                   = (known after apply)
      + tenantid                 = 1
    }

  # netris_switch.switches["38"] will be created
  + resource "netris_switch" "switches" {
      + asnumber                 = "4200000038"
      + description              = "Backend Spectrum-X AI Fabric — Plane 4 Leaf 06 (Dedicated RoCE Compute Access Leaf for GPU Fleet)"
      + enable_evpn_route_server = false
      + id                       = (known after apply)
      + macaddress               = (known after apply)
      + mainip                   = "172.16.0.38"
      + mgmtip                   = "172.16.2.38"
      + name                     = "sw-hardwarefree-plane4-leaf06"
      + nos                      = "cumulus_nvue"
      + portcount                = 32
      + profileid                = (known after apply)
      + role                     = "leaf"
      + siteid                   = (known after apply)
      + tenantid                 = 1
    }

  # netris_switch.switches["39"] will be created
  + resource "netris_switch" "switches" {
      + asnumber                 = "4200000039"
      + description              = "Backend Spectrum-X AI Fabric — Plane 4 Leaf 07 (Dedicated RoCE Compute Access Leaf for GPU Fleet)"
      + enable_evpn_route_server = false
      + id                       = (known after apply)
      + macaddress               = (known after apply)
      + mainip                   = "172.16.0.39"
      + mgmtip                   = "172.16.2.39"
      + name                     = "sw-hardwarefree-plane4-leaf07"
      + nos                      = "cumulus_nvue"
      + portcount                = 32
      + profileid                = (known after apply)
      + role                     = "leaf"
      + siteid                   = (known after apply)
      + tenantid                 = 1
    }

  # netris_switch.switches["4"] will be created
  + resource "netris_switch" "switches" {
      + asnumber                 = "4200000004"
      + description              = "Backend Spectrum-X AI Fabric — Plane 1 Leaf 02 (Dedicated RoCE Compute Access Leaf for GPU Fleet)"
      + enable_evpn_route_server = false
      + id                       = (known after apply)
      + macaddress               = (known after apply)
      + mainip                   = "172.16.0.4"
      + mgmtip                   = "172.16.2.4"
      + name                     = "sw-hardwarefree-plane1-leaf02"
      + nos                      = "cumulus_nvue"
      + portcount                = 32
      + profileid                = (known after apply)
      + role                     = "leaf"
      + siteid                   = (known after apply)
      + tenantid                 = 1
    }

  # netris_switch.switches["40"] will be created
  + resource "netris_switch" "switches" {
      + asnumber                 = "4200000040"
      + description              = "Backend Spectrum-X AI Fabric — Plane 4 Leaf 08 (Dedicated RoCE Compute Access Leaf for GPU Fleet)"
      + enable_evpn_route_server = false
      + id                       = (known after apply)
      + macaddress               = (known after apply)
      + mainip                   = "172.16.0.40"
      + mgmtip                   = "172.16.2.40"
      + name                     = "sw-hardwarefree-plane4-leaf08"
      + nos                      = "cumulus_nvue"
      + portcount                = 32
      + profileid                = (known after apply)
      + role                     = "leaf"
      + siteid                   = (known after apply)
      + tenantid                 = 1
    }

  # netris_switch.switches["41"] will be created
  + resource "netris_switch" "switches" {
      + asnumber                 = "4200000041"
      + description              = "Frontend North-South Fabric — Spine 01 (Aggregates Frontend & In-Band Management Leaves and Core Routing)"
      + enable_evpn_route_server = false
      + id                       = (known after apply)
      + macaddress               = (known after apply)
      + mainip                   = "172.16.1.1"
      + mgmtip                   = "172.16.2.41"
      + name                     = "sw-hardwarefree-frontend-spine01"
      + nos                      = "cumulus_nvue"
      + portcount                = 32
      + profileid                = (known after apply)
      + role                     = "spine"
      + siteid                   = (known after apply)
      + tenantid                 = 1
    }

  # netris_switch.switches["42"] will be created
  + resource "netris_switch" "switches" {
      + asnumber                 = "4200000042"
      + description              = "Frontend North-South Fabric — Spine 02 (Aggregates Frontend & In-Band Management Leaves and Core Routing)"
      + enable_evpn_route_server = false
      + id                       = (known after apply)
      + macaddress               = (known after apply)
      + mainip                   = "172.16.1.2"
      + mgmtip                   = "172.16.2.42"
      + name                     = "sw-hardwarefree-frontend-spine02"
      + nos                      = "cumulus_nvue"
      + portcount                = 32
      + profileid                = (known after apply)
      + role                     = "spine"
      + siteid                   = (known after apply)
      + tenantid                 = 1
    }

  # netris_switch.switches["43"] will be created
  + resource "netris_switch" "switches" {
      + asnumber                 = "4200000043"
      + description              = "Frontend North-South Fabric — Leaf 01 (GPU In-Band Mgmt, Cluster Services & SoftGate Border Uplinks)"
      + enable_evpn_route_server = false
      + id                       = (known after apply)
      + macaddress               = (known after apply)
      + mainip                   = "172.16.1.3"
      + mgmtip                   = "172.16.2.43"
      + name                     = "sw-hardwarefree-frontend-leaf01"
      + nos                      = "cumulus_nvue"
      + portcount                = 32
      + profileid                = (known after apply)
      + role                     = "leaf"
      + siteid                   = (known after apply)
      + tenantid                 = 1
    }

  # netris_switch.switches["44"] will be created
  + resource "netris_switch" "switches" {
      + asnumber                 = "4200000044"
      + description              = "Frontend North-South Fabric — Leaf 02 (GPU In-Band Mgmt, Cluster Services & SoftGate Border Uplinks)"
      + enable_evpn_route_server = false
      + id                       = (known after apply)
      + macaddress               = (known after apply)
      + mainip                   = "172.16.1.4"
      + mgmtip                   = "172.16.2.44"
      + name                     = "sw-hardwarefree-frontend-leaf02"
      + nos                      = "cumulus_nvue"
      + portcount                = 32
      + profileid                = (known after apply)
      + role                     = "leaf"
      + siteid                   = (known after apply)
      + tenantid                 = 1
    }

  # netris_switch.switches["45"] will be created
  + resource "netris_switch" "switches" {
      + asnumber                 = "4200000045"
      + description              = "Frontend North-South Fabric — Leaf 03 (GPU In-Band Mgmt, Cluster Services & SoftGate Border Uplinks)"
      + enable_evpn_route_server = false
      + id                       = (known after apply)
      + macaddress               = (known after apply)
      + mainip                   = "172.16.1.5"
      + mgmtip                   = "172.16.2.45"
      + name                     = "sw-hardwarefree-frontend-leaf03"
      + nos                      = "cumulus_nvue"
      + portcount                = 32
      + profileid                = (known after apply)
      + role                     = "leaf"
      + siteid                   = (known after apply)
      + tenantid                 = 1
    }

  # netris_switch.switches["46"] will be created
  + resource "netris_switch" "switches" {
      + asnumber                 = "4200000046"
      + description              = "Frontend North-South Fabric — Leaf 04 (GPU In-Band Mgmt, Cluster Services & SoftGate Border Uplinks)"
      + enable_evpn_route_server = false
      + id                       = (known after apply)
      + macaddress               = (known after apply)
      + mainip                   = "172.16.1.6"
      + mgmtip                   = "172.16.2.46"
      + name                     = "sw-hardwarefree-frontend-leaf04"
      + nos                      = "cumulus_nvue"
      + portcount                = 32
      + profileid                = (known after apply)
      + role                     = "leaf"
      + siteid                   = (known after apply)
      + tenantid                 = 1
    }

  # netris_switch.switches["47"] will be created
  + resource "netris_switch" "switches" {
      + asnumber                 = "4200000047"
      + description              = "Frontend North-South Fabric — Leaf 05 (GPU In-Band Mgmt, Cluster Services & SoftGate Border Uplinks)"
      + enable_evpn_route_server = false
      + id                       = (known after apply)
      + macaddress               = (known after apply)
      + mainip                   = "172.16.1.7"
      + mgmtip                   = "172.16.2.47"
      + name                     = "sw-hardwarefree-frontend-leaf05"
      + nos                      = "cumulus_nvue"
      + portcount                = 32
      + profileid                = (known after apply)
      + role                     = "leaf"
      + siteid                   = (known after apply)
      + tenantid                 = 1
    }

  # netris_switch.switches["48"] will be created
  + resource "netris_switch" "switches" {
      + asnumber                 = "4200000048"
      + description              = "Frontend North-South Fabric — Leaf 06 (GPU In-Band Mgmt, Cluster Services & SoftGate Border Uplinks)"
      + enable_evpn_route_server = false
      + id                       = (known after apply)
      + macaddress               = (known after apply)
      + mainip                   = "172.16.1.8"
      + mgmtip                   = "172.16.2.48"
      + name                     = "sw-hardwarefree-frontend-leaf06"
      + nos                      = "cumulus_nvue"
      + portcount                = 32
      + profileid                = (known after apply)
      + role                     = "leaf"
      + siteid                   = (known after apply)
      + tenantid                 = 1
    }

  # netris_switch.switches["49"] will be created
  + resource "netris_switch" "switches" {
      + asnumber                 = "4200000049"
      + description              = "Out-of-Band (OOB) Management — Switch 01 (Dedicated 1G/10G Network for IPMI, BMC, Switch Consoles & Telemetry)"
      + enable_evpn_route_server = false
      + id                       = (known after apply)
      + macaddress               = (known after apply)
      + mainip                   = "172.16.1.9"
      + mgmtip                   = "172.16.2.49"
      + name                     = "sw-hardwarefree-oob-mgmt01"
      + nos                      = "cumulus_nvue"
      + portcount                = 48
      + profileid                = (known after apply)
      + role                     = "leaf"
      + siteid                   = (known after apply)
      + tenantid                 = 1
    }

  # netris_switch.switches["5"] will be created
  + resource "netris_switch" "switches" {
      + asnumber                 = "4200000005"
      + description              = "Backend Spectrum-X AI Fabric — Plane 1 Leaf 03 (Dedicated RoCE Compute Access Leaf for GPU Fleet)"
      + enable_evpn_route_server = false
      + id                       = (known after apply)
      + macaddress               = (known after apply)
      + mainip                   = "172.16.0.5"
      + mgmtip                   = "172.16.2.5"
      + name                     = "sw-hardwarefree-plane1-leaf03"
      + nos                      = "cumulus_nvue"
      + portcount                = 32
      + profileid                = (known after apply)
      + role                     = "leaf"
      + siteid                   = (known after apply)
      + tenantid                 = 1
    }

  # netris_switch.switches["50"] will be created
  + resource "netris_switch" "switches" {
      + asnumber                 = "4200000050"
      + description              = "Out-of-Band (OOB) Management — Switch 02 (Dedicated 1G/10G Network for IPMI, BMC, Switch Consoles & Telemetry)"
      + enable_evpn_route_server = false
      + id                       = (known after apply)
      + macaddress               = (known after apply)
      + mainip                   = "172.16.1.10"
      + mgmtip                   = "172.16.2.50"
      + name                     = "sw-hardwarefree-oob-mgmt02"
      + nos                      = "cumulus_nvue"
      + portcount                = 48
      + profileid                = (known after apply)
      + role                     = "leaf"
      + siteid                   = (known after apply)
      + tenantid                 = 1
    }

  # netris_switch.switches["6"] will be created
  + resource "netris_switch" "switches" {
      + asnumber                 = "4200000006"
      + description              = "Backend Spectrum-X AI Fabric — Plane 1 Leaf 04 (Dedicated RoCE Compute Access Leaf for GPU Fleet)"
      + enable_evpn_route_server = false
      + id                       = (known after apply)
      + macaddress               = (known after apply)
      + mainip                   = "172.16.0.6"
      + mgmtip                   = "172.16.2.6"
      + name                     = "sw-hardwarefree-plane1-leaf04"
      + nos                      = "cumulus_nvue"
      + portcount                = 32
      + profileid                = (known after apply)
      + role                     = "leaf"
      + siteid                   = (known after apply)
      + tenantid                 = 1
    }

  # netris_switch.switches["7"] will be created
  + resource "netris_switch" "switches" {
      + asnumber                 = "4200000007"
      + description              = "Backend Spectrum-X AI Fabric — Plane 1 Leaf 05 (Dedicated RoCE Compute Access Leaf for GPU Fleet)"
      + enable_evpn_route_server = false
      + id                       = (known after apply)
      + macaddress               = (known after apply)
      + mainip                   = "172.16.0.7"
      + mgmtip                   = "172.16.2.7"
      + name                     = "sw-hardwarefree-plane1-leaf05"
      + nos                      = "cumulus_nvue"
      + portcount                = 32
      + profileid                = (known after apply)
      + role                     = "leaf"
      + siteid                   = (known after apply)
      + tenantid                 = 1
    }

  # netris_switch.switches["8"] will be created
  + resource "netris_switch" "switches" {
      + asnumber                 = "4200000008"
      + description              = "Backend Spectrum-X AI Fabric — Plane 1 Leaf 06 (Dedicated RoCE Compute Access Leaf for GPU Fleet)"
      + enable_evpn_route_server = false
      + id                       = (known after apply)
      + macaddress               = (known after apply)
      + mainip                   = "172.16.0.8"
      + mgmtip                   = "172.16.2.8"
      + name                     = "sw-hardwarefree-plane1-leaf06"
      + nos                      = "cumulus_nvue"
      + portcount                = 32
      + profileid                = (known after apply)
      + role                     = "leaf"
      + siteid                   = (known after apply)
      + tenantid                 = 1
    }

  # netris_switch.switches["9"] will be created
  + resource "netris_switch" "switches" {
      + asnumber                 = "4200000009"
      + description              = "Backend Spectrum-X AI Fabric — Plane 1 Leaf 07 (Dedicated RoCE Compute Access Leaf for GPU Fleet)"
      + enable_evpn_route_server = false
      + id                       = (known after apply)
      + macaddress               = (known after apply)
      + mainip                   = "172.16.0.9"
      + mgmtip                   = "172.16.2.9"
      + name                     = "sw-hardwarefree-plane1-leaf07"
      + nos                      = "cumulus_nvue"
      + portcount                = 32
      + profileid                = (known after apply)
      + role                     = "leaf"
      + siteid                   = (known after apply)
      + tenantid                 = 1
    }

  # netris_vnet.vnets["vnet-hardwarefree-inband-mgmt"] will be created
  + resource "netris_vnet" "vnets" {
      + id       = (known after apply)
      + ipfamily = "dual"
      + name     = "vnet-hardwarefree-inband-mgmt"
      + state    = "active"
      + tags     = (known after apply)
      + tenantid = 1
      + vlanid   = "100"
      + vxlanid  = (known after apply)

      + dhcprelay (known after apply)

      + dhcpv6relay (known after apply)

      + ipv6nd (known after apply)

      + sites {
          + id = (known after apply)
        }
    }

  # netris_vnet.vnets["vnet-hardwarefree-oob"] will be created
  + resource "netris_vnet" "vnets" {
      + id       = (known after apply)
      + ipfamily = "dual"
      + name     = "vnet-hardwarefree-oob"
      + state    = "active"
      + tags     = (known after apply)
      + tenantid = 1
      + vlanid   = "10"
      + vxlanid  = (known after apply)

      + dhcprelay (known after apply)

      + dhcpv6relay (known after apply)

      + ipv6nd (known after apply)

      + sites {
          + id = (known after apply)
        }
    }

  # netris_vnet.vnets["vnet-hardwarefree-storage"] will be created
  + resource "netris_vnet" "vnets" {
      + id       = (known after apply)
      + ipfamily = "dual"
      + name     = "vnet-hardwarefree-storage"
      + state    = "active"
      + tags     = (known after apply)
      + tenantid = 1
      + vlanid   = "200"
      + vxlanid  = (known after apply)

      + dhcprelay (known after apply)

      + dhcpv6relay (known after apply)

      + ipv6nd (known after apply)

      + sites {
          + id = (known after apply)
        }
    }

  # netris_vpc.inband_mgmt will be created
  + resource "netris_vpc" "inband_mgmt" {
      + id       = (known after apply)
      + name     = "hardwarefree-inband-mgmt"
      + tenantid = 1
    }

  # netris_vpc.oob_mgmt will be created
  + resource "netris_vpc" "oob_mgmt" {
      + id       = (known after apply)
      + name     = "hardwarefree-oob-mgmt"
      + tenantid = 1
    }

  # netris_vpc.storage will be created
  + resource "netris_vpc" "storage" {
      + id       = (known after apply)
      + name     = "hardwarefree-storage-vpc"
      + tenantid = 1
    }

Plan: 1150 to add, 0 to change, 0 to destroy.

✓ 'tofu plan' completed successfully.