=== Starting 'tofu apply' in /Users/adam/Documents/Antigravity/Netris Terraform/fabric-builder-ui/backend/deployments/hardwarefree ===
$ /opt/homebrew/bin/tofu apply -auto-approve -no-color tofu.tfplan

netris_vpc.oob_mgmt: Creating...
netris_site.site: Creating...
netris_vpc.inband_mgmt: Creating...
netris_vpc.storage: Creating...
netris_inventory_profile.ns_profile: Creating...
netris_inventory_profile.ew_profile_pl2: Creating...
netris_inventory_profile.ew_profile_pl4: Creating...
netris_inventory_profile.oob_profile: Creating...
netris_inventory_profile.ew_profile_pl1: Creating...
netris_inventory_profile.ew_profile_pl3: Creating...
netris_vpc.storage: Creation complete after 0s [id=78]
netris_inventory_profile.oob_profile: Creation complete after 0s [id=61]
netris_vpc.inband_mgmt: Creation complete after 0s [id=79]
netris_inventory_profile.ew_profile_pl1: Creation complete after 0s [id=62]
netris_inventory_profile.ew_profile_pl3: Creation complete after 0s [id=63]
netris_inventory_profile.ns_profile: Creation complete after 0s [id=64]
netris_inventory_profile.ew_profile_pl2: Creation complete after 0s [id=65]
netris_site.site: Creation complete after 1s [id=19]
netris_server.gpu_servers["gpu-hardwarefree-005"]: Creating...
netris_server.storage_servers["srv-hardwarefree-storage03"]: Creating...
netris_server.mgmt_servers["srv-hardwarefree-cp01"]: Creating...
netris_allocation.allocations["alloc-ew-loopbacks"]: Creating...
netris_server.gpu_servers["gpu-hardwarefree-060"]: Creating...
netris_allocation.allocations["alloc-ns-loopbacks"]: Creating...
netris_vpc.oob_mgmt: Creation complete after 1s [id=80]
netris_server.mgmt_servers["srv-hardwarefree-cp03"]: Creating...
netris_server.mgmt_servers["srv-hardwarefree-cp02"]: Creating...
netris_inventory_profile.ew_profile_pl4: Creation complete after 1s [id=66]
netris_server.storage_servers["srv-hardwarefree-storage01"]: Creating...
netris_server.storage_servers["srv-hardwarefree-storage04"]: Creating...
netris_allocation.allocations["alloc-ew-loopbacks"]: Creation complete after 0s [id=168]
netris_server.storage_servers["srv-hardwarefree-storage02"]: Creating...
netris_server.mgmt_servers["srv-hardwarefree-cp03"]: Creation complete after 0s [id=1372]
netris_allocation.allocations["alloc-storage"]: Creating...
netris_server.storage_servers["srv-hardwarefree-storage01"]: Creation complete after 0s [id=1373]
netris_server.gpu_servers["gpu-hardwarefree-028"]: Creating...
netris_server.gpu_servers["gpu-hardwarefree-060"]: Creation complete after 0s [id=1374]
netris_allocation.allocations["alloc-ew-p2p"]: Creating...
netris_server.mgmt_servers["srv-hardwarefree-cp01"]: Creation complete after 0s [id=1375]
netris_allocation.allocations["alloc-ns-mgmt"]: Creating...
netris_allocation.allocations["alloc-ns-loopbacks"]: Creation complete after 0s [id=169]
netris_allocation.allocations["alloc-oob"]: Creating...
netris_server.storage_servers["srv-hardwarefree-storage03"]: Creation complete after 0s [id=1376]
netris_server.gpu_servers["gpu-hardwarefree-027"]: Creating...
netris_server.gpu_servers["gpu-hardwarefree-005"]: Creation complete after 0s [id=1377]
netris_server.gpu_servers["gpu-hardwarefree-031"]: Creating...
netris_server.storage_servers["srv-hardwarefree-storage04"]: Creation complete after 0s [id=1378]
netris_server.gpu_servers["gpu-hardwarefree-045"]: Creating...
netris_server.mgmt_servers["srv-hardwarefree-cp02"]: Creation complete after 0s [id=1379]
netris_server.gpu_servers["gpu-hardwarefree-012"]: Creating...
netris_server.storage_servers["srv-hardwarefree-storage02"]: Creation complete after 0s [id=1380]
netris_server.gpu_servers["gpu-hardwarefree-010"]: Creating...
netris_server.gpu_servers["gpu-hardwarefree-028"]: Creation complete after 0s [id=1381]
netris_server.gpu_servers["gpu-hardwarefree-002"]: Creating...
netris_allocation.allocations["alloc-storage"]: Creation complete after 0s [id=170]
netris_server.gpu_servers["gpu-hardwarefree-015"]: Creating...
netris_allocation.allocations["alloc-ew-p2p"]: Creation complete after 0s [id=171]
netris_server.gpu_servers["gpu-hardwarefree-057"]: Creating...
netris_allocation.allocations["alloc-ns-mgmt"]: Creation complete after 0s [id=172]
netris_server.gpu_servers["gpu-hardwarefree-019"]: Creating...
netris_server.gpu_servers["gpu-hardwarefree-031"]: Creation complete after 0s [id=1382]
netris_server.gpu_servers["gpu-hardwarefree-048"]: Creating...
netris_server.gpu_servers["gpu-hardwarefree-027"]: Creation complete after 0s [id=1383]
netris_server.gpu_servers["gpu-hardwarefree-024"]: Creating...
netris_allocation.allocations["alloc-oob"]: Creation complete after 0s [id=173]
netris_server.gpu_servers["gpu-hardwarefree-014"]: Creating...
netris_server.gpu_servers["gpu-hardwarefree-045"]: Creation complete after 0s [id=1384]
netris_server.gpu_servers["gpu-hardwarefree-050"]: Creating...
netris_server.gpu_servers["gpu-hardwarefree-012"]: Creation complete after 0s [id=1385]
netris_server.gpu_servers["gpu-hardwarefree-035"]: Creating...
netris_server.gpu_servers["gpu-hardwarefree-010"]: Creation complete after 0s [id=1386]
netris_server.gpu_servers["gpu-hardwarefree-057"]: Creation complete after 0s [id=1389]
netris_server.gpu_servers["gpu-hardwarefree-015"]: Creation complete after 0s [id=1387]
netris_server.gpu_servers["gpu-hardwarefree-002"]: Creation complete after 0s [id=1388]
netris_server.gpu_servers["gpu-hardwarefree-062"]: Creating...
netris_server.gpu_servers["gpu-hardwarefree-047"]: Creating...
netris_server.gpu_servers["gpu-hardwarefree-013"]: Creating...
netris_server.gpu_servers["gpu-hardwarefree-044"]: Creating...
netris_server.gpu_servers["gpu-hardwarefree-024"]: Creation complete after 0s [id=1390]
netris_server.gpu_servers["gpu-hardwarefree-007"]: Creating...
netris_server.gpu_servers["gpu-hardwarefree-019"]: Creation complete after 0s [id=1391]
netris_server.gpu_servers["gpu-hardwarefree-053"]: Creating...
netris_server.gpu_servers["gpu-hardwarefree-035"]: Creation complete after 0s [id=1392]
netris_server.gpu_servers["gpu-hardwarefree-064"]: Creating...
netris_server.gpu_servers["gpu-hardwarefree-050"]: Creation complete after 0s [id=1393]
netris_server.gpu_servers["gpu-hardwarefree-017"]: Creating...
netris_server.gpu_servers["gpu-hardwarefree-014"]: Creation complete after 0s [id=1394]
netris_server.gpu_servers["gpu-hardwarefree-046"]: Creating...
netris_server.gpu_servers["gpu-hardwarefree-048"]: Creation complete after 0s [id=1395]
netris_server.gpu_servers["gpu-hardwarefree-008"]: Creating...
netris_server.gpu_servers["gpu-hardwarefree-062"]: Creation complete after 0s [id=1396]
netris_server.gpu_servers["gpu-hardwarefree-025"]: Creating...
netris_server.gpu_servers["gpu-hardwarefree-013"]: Creation complete after 0s [id=1397]
netris_server.gpu_servers["gpu-hardwarefree-032"]: Creating...
netris_server.gpu_servers["gpu-hardwarefree-044"]: Creation complete after 0s [id=1398]
netris_server.gpu_servers["gpu-hardwarefree-009"]: Creating...
netris_server.gpu_servers["gpu-hardwarefree-047"]: Creation complete after 0s [id=1399]
netris_server.gpu_servers["gpu-hardwarefree-049"]: Creating...
netris_server.gpu_servers["gpu-hardwarefree-007"]: Creation complete after 0s [id=1400]
netris_server.gpu_servers["gpu-hardwarefree-052"]: Creating...
netris_server.gpu_servers["gpu-hardwarefree-053"]: Creation complete after 0s [id=1401]
netris_server.gpu_servers["gpu-hardwarefree-040"]: Creating...
netris_server.gpu_servers["gpu-hardwarefree-008"]: Creation complete after 0s [id=1402]
netris_server.gpu_servers["gpu-hardwarefree-011"]: Creating...
netris_server.gpu_servers["gpu-hardwarefree-064"]: Creation complete after 0s [id=1403]
netris_server.gpu_servers["gpu-hardwarefree-004"]: Creating...
netris_server.gpu_servers["gpu-hardwarefree-046"]: Creation complete after 0s [id=1404]
netris_server.gpu_servers["gpu-hardwarefree-029"]: Creating...
netris_server.gpu_servers["gpu-hardwarefree-017"]: Creation complete after 0s [id=1405]
netris_server.gpu_servers["gpu-hardwarefree-036"]: Creating...
netris_server.gpu_servers["gpu-hardwarefree-009"]: Creation complete after 0s [id=1406]
netris_server.gpu_servers["gpu-hardwarefree-003"]: Creating...
netris_server.gpu_servers["gpu-hardwarefree-032"]: Creation complete after 0s [id=1407]
netris_server.gpu_servers["gpu-hardwarefree-023"]: Creating...
netris_server.gpu_servers["gpu-hardwarefree-025"]: Creation complete after 0s [id=1408]
netris_server.gpu_servers["gpu-hardwarefree-055"]: Creating...
netris_server.gpu_servers["gpu-hardwarefree-049"]: Creation complete after 0s [id=1409]
netris_server.gpu_servers["gpu-hardwarefree-037"]: Creating...
netris_server.gpu_servers["gpu-hardwarefree-052"]: Creation complete after 0s [id=1410]
netris_server.gpu_servers["gpu-hardwarefree-006"]: Creating...
netris_server.gpu_servers["gpu-hardwarefree-040"]: Creation complete after 0s [id=1411]
netris_server.gpu_servers["gpu-hardwarefree-034"]: Creating...
netris_server.gpu_servers["gpu-hardwarefree-011"]: Creation complete after 0s [id=1412]
netris_server.gpu_servers["gpu-hardwarefree-041"]: Creating...
netris_server.gpu_servers["gpu-hardwarefree-004"]: Creation complete after 0s [id=1413]
netris_server.gpu_servers["gpu-hardwarefree-016"]: Creating...
netris_server.gpu_servers["gpu-hardwarefree-029"]: Creation complete after 0s [id=1414]
netris_server.gpu_servers["gpu-hardwarefree-054"]: Creating...
netris_server.gpu_servers["gpu-hardwarefree-036"]: Creation complete after 0s [id=1415]
netris_server.gpu_servers["gpu-hardwarefree-051"]: Creating...
netris_server.gpu_servers["gpu-hardwarefree-003"]: Creation complete after 0s [id=1416]
netris_server.gpu_servers["gpu-hardwarefree-026"]: Creating...
netris_server.gpu_servers["gpu-hardwarefree-006"]: Creation complete after 1s [id=1419]
netris_server.gpu_servers["gpu-hardwarefree-037"]: Creation complete after 1s [id=1420]
netris_server.gpu_servers["gpu-hardwarefree-023"]: Creation complete after 1s [id=1417]
netris_server.gpu_servers["gpu-hardwarefree-055"]: Creation complete after 1s [id=1418]
netris_server.gpu_servers["gpu-hardwarefree-030"]: Creating...
netris_server.gpu_servers["gpu-hardwarefree-020"]: Creating...
netris_server.gpu_servers["gpu-hardwarefree-033"]: Creating...
netris_server.gpu_servers["gpu-hardwarefree-043"]: Creating...
netris_server.gpu_servers["gpu-hardwarefree-034"]: Creation complete after 1s [id=1421]
netris_server.gpu_servers["gpu-hardwarefree-059"]: Creating...
netris_server.gpu_servers["gpu-hardwarefree-041"]: Creation complete after 1s [id=1422]
netris_server.gpu_servers["gpu-hardwarefree-001"]: Creating...
netris_server.gpu_servers["gpu-hardwarefree-016"]: Creation complete after 1s [id=1423]
netris_server.gpu_servers["gpu-hardwarefree-042"]: Creating...
netris_server.gpu_servers["gpu-hardwarefree-054"]: Creation complete after 1s [id=1424]
netris_server.gpu_servers["gpu-hardwarefree-021"]: Creating...
netris_server.gpu_servers["gpu-hardwarefree-051"]: Creation complete after 1s [id=1425]
netris_server.gpu_servers["gpu-hardwarefree-061"]: Creating...
netris_server.gpu_servers["gpu-hardwarefree-043"]: Creation complete after 0s [id=1426]
netris_server.gpu_servers["gpu-hardwarefree-038"]: Creating...
netris_server.gpu_servers["gpu-hardwarefree-030"]: Creation complete after 0s [id=1427]
netris_server.gpu_servers["gpu-hardwarefree-063"]: Creating...
netris_server.gpu_servers["gpu-hardwarefree-033"]: Creation complete after 0s [id=1428]
netris_server.gpu_servers["gpu-hardwarefree-022"]: Creating...
netris_server.gpu_servers["gpu-hardwarefree-026"]: Creation complete after 1s [id=1429]
netris_server.gpu_servers["gpu-hardwarefree-056"]: Creating...
netris_server.gpu_servers["gpu-hardwarefree-020"]: Creation complete after 0s [id=1430]
netris_server.gpu_servers["gpu-hardwarefree-018"]: Creating...
netris_server.gpu_servers["gpu-hardwarefree-001"]: Creation complete after 0s [id=1431]
netris_server.gpu_servers["gpu-hardwarefree-039"]: Creating...
netris_server.gpu_servers["gpu-hardwarefree-059"]: Creation complete after 0s [id=1432]
netris_server.gpu_servers["gpu-hardwarefree-058"]: Creating...
netris_server.gpu_servers["gpu-hardwarefree-042"]: Creation complete after 0s [id=1433]
netris_subnet.subnets["sub-ns-loopbacks"]: Creating...
netris_server.gpu_servers["gpu-hardwarefree-038"]: Creation complete after 0s [id=1434]
netris_subnet.subnets["sub-ew-loopbacks"]: Creating...
netris_server.gpu_servers["gpu-hardwarefree-021"]: Creation complete after 0s [id=1435]
netris_subnet.subnets["sub-ns-mgmt"]: Creating...
netris_server.gpu_servers["gpu-hardwarefree-061"]: Creation complete after 0s [id=1436]
netris_subnet.subnets["sub-storage"]: Creating...
netris_server.gpu_servers["gpu-hardwarefree-063"]: Creation complete after 0s [id=1437]
netris_subnet.subnets["sub-oob"]: Creating...
netris_server.gpu_servers["gpu-hardwarefree-022"]: Creation complete after 0s [id=1438]
netris_subnet.subnets["sub-ew-p2p"]: Creating...
netris_server.gpu_servers["gpu-hardwarefree-018"]: Creation complete after 0s [id=1439]
netris_server.gpu_servers["gpu-hardwarefree-056"]: Creation complete after 0s [id=1440]
netris_server.gpu_servers["gpu-hardwarefree-039"]: Creation complete after 0s [id=1441]
netris_server.gpu_servers["gpu-hardwarefree-058"]: Creation complete after 0s [id=1442]
netris_subnet.subnets["sub-ns-loopbacks"]: Creation complete after 0s [id=184]
netris_subnet.subnets["sub-ns-mgmt"]: Creation complete after 0s [id=185]
netris_subnet.subnets["sub-ew-p2p"]: Creation complete after 0s [id=189]
netris_subnet.subnets["sub-oob"]: Creation complete after 0s [id=188]
netris_subnet.subnets["sub-ew-loopbacks"]: Creation complete after 0s [id=186]
netris_subnet.subnets["sub-storage"]: Creation complete after 0s [id=187]
netris_softgate.softgates["4"]: Creating...
netris_switch.switches["15"]: Creating...
netris_vnet.vnets["vnet-hardwarefree-oob"]: Creating...
netris_softgate.softgates["2"]: Creating...
netris_softgate.softgates["1"]: Creating...
netris_switch.switches["47"]: Creating...
netris_softgate.softgates["3"]: Creating...
netris_vnet.vnets["vnet-hardwarefree-storage"]: Creating...
netris_vnet.vnets["vnet-hardwarefree-inband-mgmt"]: Creating...
netris_switch.switches["39"]: Creating...
netris_softgate.softgates["4"]: Creation complete after 0s [id=1443]
netris_switch.switches["10"]: Creating...
netris_softgate.softgates["3"]: Creation complete after 0s [id=1444]
netris_switch.switches["22"]: Creating...
netris_softgate.softgates["1"]: Creation complete after 0s [id=1445]
netris_switch.switches["34"]: Creating...
netris_softgate.softgates["2"]: Creation complete after 0s [id=1446]
netris_switch.switches["17"]: Creating...
netris_vnet.vnets["vnet-hardwarefree-oob"]: Creation complete after 0s [id=1112]
netris_switch.switches["45"]: Creating...
netris_vnet.vnets["vnet-hardwarefree-inband-mgmt"]: Creation complete after 0s [id=1113]
netris_switch.switches["48"]: Creating...
netris_vnet.vnets["vnet-hardwarefree-storage"]: Creation complete after 0s [id=1114]
netris_switch.switches["43"]: Creating...
netris_switch.switches["39"]: Creation complete after 0s [id=1447]
netris_switch.switches["30"]: Creating...
netris_switch.switches["47"]: Creation complete after 0s [id=1448]
netris_switch.switches["28"]: Creating...
netris_switch.switches["15"]: Creation complete after 0s [id=1449]
netris_switch.switches["14"]: Creating...
netris_switch.switches["45"]: Creation complete after 1s [id=1452]
netris_switch.switches["17"]: Creation complete after 1s [id=1453]
netris_switch.switches["10"]: Creation complete after 1s [id=1450]
netris_switch.switches["22"]: Creation complete after 1s [id=1451]
netris_switch.switches["48"]: Creation complete after 1s [id=1454]
netris_switch.switches["11"]: Creating...
netris_switch.switches["24"]: Creating...
netris_switch.switches["49"]: Creating...
netris_switch.switches["19"]: Creating...
netris_switch.switches["44"]: Creating...
netris_switch.switches["34"]: Creation complete after 1s [id=1455]
netris_switch.switches["38"]: Creating...
netris_switch.switches["43"]: Creation complete after 1s [id=1456]
netris_switch.switches["13"]: Creating...
netris_switch.switches["30"]: Creation complete after 1s [id=1457]
netris_switch.switches["42"]: Creating...
netris_switch.switches["28"]: Creation complete after 1s [id=1458]
netris_switch.switches["20"]: Creating...
netris_switch.switches["14"]: Creation complete after 1s [id=1459]
netris_switch.switches["29"]: Creating...
netris_switch.switches["44"]: Creation complete after 0s [id=1460]
netris_switch.switches["7"]: Creating...
netris_switch.switches["11"]: Creation complete after 0s [id=1461]
netris_switch.switches["9"]: Creating...
netris_switch.switches["19"]: Creation complete after 0s [id=1462]
netris_switch.switches["27"]: Creating...
netris_switch.switches["24"]: Creation complete after 0s [id=1463]
netris_switch.switches["16"]: Creating...
netris_switch.switches["49"]: Creation complete after 0s [id=1464]
netris_switch.switches["1"]: Creating...
netris_switch.switches["13"]: Creation complete after 0s [id=1465]
netris_switch.switches["31"]: Creating...
netris_switch.switches["38"]: Creation complete after 0s [id=1466]
netris_switch.switches["40"]: Creating...
netris_switch.switches["42"]: Creation complete after 0s [id=1467]
netris_switch.switches["6"]: Creating...
netris_switch.switches["20"]: Creation complete after 0s [id=1468]
netris_switch.switches["2"]: Creating...
netris_switch.switches["29"]: Creation complete after 0s [id=1469]
netris_switch.switches["4"]: Creating...
netris_switch.switches["7"]: Creation complete after 0s [id=1470]
netris_switch.switches["26"]: Creating...
netris_switch.switches["27"]: Creation complete after 0s [id=1471]
netris_switch.switches["18"]: Creating...
netris_switch.switches["9"]: Creation complete after 0s [id=1472]
netris_switch.switches["33"]: Creating...
netris_switch.switches["16"]: Creation complete after 0s [id=1473]
netris_switch.switches["23"]: Creating...
netris_switch.switches["31"]: Creation complete after 0s [id=1474]
netris_switch.switches["35"]: Creating...
netris_switch.switches["1"]: Creation complete after 0s [id=1475]
netris_switch.switches["50"]: Creating...
netris_switch.switches["6"]: Creation complete after 0s [id=1476]
netris_switch.switches["41"]: Creating...
netris_switch.switches["40"]: Creation complete after 0s [id=1477]
netris_switch.switches["25"]: Creating...
netris_switch.switches["2"]: Creation complete after 0s [id=1478]
netris_switch.switches["32"]: Creating...
netris_switch.switches["4"]: Creation complete after 0s [id=1479]
netris_switch.switches["5"]: Creating...
netris_switch.switches["26"]: Creation complete after 0s [id=1480]
netris_switch.switches["46"]: Creating...
netris_switch.switches["18"]: Creation complete after 1s [id=1481]
netris_switch.switches["12"]: Creating...
netris_switch.switches["50"]: Creation complete after 1s [id=1482]
netris_switch.switches["37"]: Creating...
netris_switch.switches["23"]: Creation complete after 1s [id=1484]
netris_switch.switches["35"]: Creation complete after 1s [id=1483]
netris_switch.switches["41"]: Creation complete after 1s [id=1487]
netris_switch.switches["33"]: Creation complete after 1s [id=1485]
netris_switch.switches["25"]: Creation complete after 1s [id=1486]
netris_switch.switches["21"]: Creating...
netris_switch.switches["36"]: Creating...
netris_switch.switches["3"]: Creating...
netris_switch.switches["8"]: Creating...
netris_switch.switches["5"]: Creation complete after 1s [id=1488]
netris_switch.switches["32"]: Creation complete after 1s [id=1489]
netris_switch.switches["46"]: Creation complete after 1s [id=1490]
netris_switch.switches["37"]: Creation complete after 0s [id=1491]
netris_switch.switches["12"]: Creation complete after 0s [id=1492]
netris_switch.switches["8"]: Creation complete after 0s [id=1493]
netris_switch.switches["21"]: Creation complete after 0s [id=1494]
netris_switch.switches["3"]: Creation complete after 0s [id=1495]
netris_switch.switches["36"]: Creation complete after 0s [id=1496]
netris_link.oob_switch_links["swp5@sw-hardwarefree-oob-mgmt01--eth11@gpu-hardwarefree-003"]: Creating...
netris_link.ns_switch_links["swp3@sw-hardwarefree-frontend-spine02--swp32@sw-hardwarefree-frontend-leaf03"]: Creating...
netris_link.ns_gpu_links["swp2@sw-hardwarefree-frontend-leaf05--eth9@gpu-hardwarefree-006"]: Creating...
netris_link.ns_switch_links["swp4@sw-hardwarefree-frontend-spine02--swp32@sw-hardwarefree-frontend-leaf04"]: Creating...
netris_link.softgate_links["eth2@sg-hardwarefree-border-gw01--swp30@sw-hardwarefree-frontend-leaf02"]: Creating...
netris_link.ns_switch_links["swp6@sw-hardwarefree-frontend-spine01--swp31@sw-hardwarefree-frontend-leaf06"]: Creating...
netris_link.ew_switch_links["swp27@sw-hardwarefree-plane1-spine01--swp27@sw-hardwarefree-plane1-leaf07"]: Creating...
netris_link.oob_switch_links["swp3@sw-hardwarefree-oob-mgmt02--eth2@srv-hardwarefree-cp03"]: Creating...
netris_link.oob_switch_links["swp35@sw-hardwarefree-oob-mgmt01--eth11@gpu-hardwarefree-063"]: Creating...
netris_link.storage_links["swp23@sw-hardwarefree-frontend-leaf03--eth1@srv-hardwarefree-storage02"]: Creating...
netris_link.softgate_links["eth2@sg-hardwarefree-border-gw01--swp30@sw-hardwarefree-frontend-leaf02"]: Creation complete after 0s [id=4702851370]
netris_link.ew_switch_links["swp27@sw-hardwarefree-plane1-spine01--swp27@sw-hardwarefree-plane1-leaf07"]: Creation complete after 0s [id=4833902764]
netris_link.oob_switch_links["swp35@sw-hardwarefree-oob-mgmt01--eth11@gpu-hardwarefree-063"]: Creation complete after 0s [id=4709447975]
netris_link.oob_switch_links["swp35@sw-hardwarefree-oob-mgmt02--eth11@gpu-hardwarefree-064"]: Creating...
netris_link.oob_switch_links["swp15@sw-hardwarefree-oob-mgmt02--eth11@gpu-hardwarefree-024"]: Creating...
netris_link.oob_switch_links["swp14@sw-hardwarefree-oob-mgmt02--eth11@gpu-hardwarefree-022"]: Creating...
netris_link.oob_switch_links["swp5@sw-hardwarefree-oob-mgmt01--eth11@gpu-hardwarefree-003"]: Creation complete after 0s [id=4684151624]
netris_link.oob_switch_links["swp29@sw-hardwarefree-oob-mgmt01--eth11@gpu-hardwarefree-051"]: Creating...
netris_link.ns_gpu_links["swp2@sw-hardwarefree-frontend-leaf05--eth9@gpu-hardwarefree-006"]: Creation complete after 0s [id=4637422665]
netris_link.ew_switch_links["swp15@sw-hardwarefree-plane1-spine01--swp27@sw-hardwarefree-plane1-leaf04"]: Creating...
netris_link.ns_switch_links["swp4@sw-hardwarefree-frontend-spine02--swp32@sw-hardwarefree-frontend-leaf04"]: Creation complete after 0s [id=4865221114]
netris_link.ew_switch_links["swp32@sw-hardwarefree-plane1-spine01--swp28@sw-hardwarefree-plane1-leaf08"]: Creating...
netris_link.ns_switch_links["swp3@sw-hardwarefree-frontend-spine02--swp32@sw-hardwarefree-frontend-leaf03"]: Creation complete after 0s [id=4742795384]
netris_link.ew_switch_links["swp19@sw-hardwarefree-plane1-spine02--swp31@sw-hardwarefree-plane1-leaf05"]: Creating...
netris_link.oob_switch_links["swp3@sw-hardwarefree-oob-mgmt02--eth2@srv-hardwarefree-cp03"]: Creation complete after 0s [id=4698486980]
netris_link.oob_switch_links["swp18@sw-hardwarefree-oob-mgmt01--eth11@gpu-hardwarefree-029"]: Creating...
netris_link.storage_links["swp23@sw-hardwarefree-frontend-leaf03--eth1@srv-hardwarefree-storage02"]: Creation complete after 0s [id=4610303845]
netris_link.ew_switch_links["swp12@sw-hardwarefree-plane2-spine01--swp28@sw-hardwarefree-plane2-leaf03"]: Creating...
netris_link.ns_switch_links["swp6@sw-hardwarefree-frontend-spine01--swp31@sw-hardwarefree-frontend-leaf06"]: Creation complete after 0s [id=4813374196]
netris_link.ew_switch_links["swp24@sw-hardwarefree-plane4-spine02--swp32@sw-hardwarefree-plane4-leaf06"]: Creating...
netris_link.oob_switch_links["swp14@sw-hardwarefree-oob-mgmt02--eth11@gpu-hardwarefree-022"]: Creation complete after 0s [id=4766100739]
netris_link.oob_switch_links["swp28@sw-hardwarefree-oob-mgmt02--eth11@gpu-hardwarefree-050"]: Creating...
netris_link.oob_switch_links["swp15@sw-hardwarefree-oob-mgmt02--eth11@gpu-hardwarefree-024"]: Creation complete after 0s [id=4714786748]
netris_link.ew_switch_links["swp22@sw-hardwarefree-plane4-spine02--swp30@sw-hardwarefree-plane4-leaf06"]: Creating...
netris_link.oob_switch_links["swp35@sw-hardwarefree-oob-mgmt02--eth11@gpu-hardwarefree-064"]: Creation complete after 0s [id=4730628372]
netris_link.oob_switch_links["swp23@sw-hardwarefree-oob-mgmt01--eth11@gpu-hardwarefree-039"]: Creating...
netris_link.ew_switch_links["swp15@sw-hardwarefree-plane1-spine01--swp27@sw-hardwarefree-plane1-leaf04"]: Creation complete after 0s [id=4845315262]
netris_link.ew_switch_links["swp17@sw-hardwarefree-plane3-spine02--swp29@sw-hardwarefree-plane3-leaf05"]: Creating...
netris_link.oob_switch_links["swp29@sw-hardwarefree-oob-mgmt01--eth11@gpu-hardwarefree-051"]: Creation complete after 0s [id=4696064396]
netris_link.ew_switch_links["swp32@sw-hardwarefree-plane1-spine01--swp28@sw-hardwarefree-plane1-leaf08"]: Creation complete after 0s [id=4763953250]
netris_link.ns_switch_links["swp2@sw-hardwarefree-frontend-spine01--swp31@sw-hardwarefree-frontend-leaf02"]: Creating...
netris_link.ew_switch_links["swp2@sw-hardwarefree-plane1-spine01--swp26@sw-hardwarefree-plane1-leaf01"]: Creating...
netris_link.ew_switch_links["swp19@sw-hardwarefree-plane1-spine02--swp31@sw-hardwarefree-plane1-leaf05"]: Creation complete after 0s [id=4836656182]
netris_link.oob_switch_links["swp6@sw-hardwarefree-oob-mgmt01--eth11@gpu-hardwarefree-005"]: Creating...
netris_link.oob_switch_links["swp18@sw-hardwarefree-oob-mgmt01--eth11@gpu-hardwarefree-029"]: Creation complete after 0s [id=4683280537]
netris_link.oob_switch_links["swp5@sw-hardwarefree-oob-mgmt02--eth11@gpu-hardwarefree-004"]: Creating...
netris_link.ew_switch_links["swp12@sw-hardwarefree-plane2-spine01--swp28@sw-hardwarefree-plane2-leaf03"]: Creation complete after 0s [id=4713719328]
netris_link.oob_switch_links["swp11@sw-hardwarefree-oob-mgmt02--eth11@gpu-hardwarefree-016"]: Creating...
netris_link.ew_switch_links["swp24@sw-hardwarefree-plane4-spine02--swp32@sw-hardwarefree-plane4-leaf06"]: Creation complete after 0s [id=4860881028]
netris_link.ew_switch_links["swp31@sw-hardwarefree-plane4-spine02--swp31@sw-hardwarefree-plane4-leaf08"]: Creating...
netris_link.oob_switch_links["swp28@sw-hardwarefree-oob-mgmt02--eth11@gpu-hardwarefree-050"]: Creation complete after 0s [id=4719254692]
netris_link.oob_switch_links["swp19@sw-hardwarefree-oob-mgmt01--eth11@gpu-hardwarefree-031"]: Creating...
netris_link.oob_switch_links["swp23@sw-hardwarefree-oob-mgmt01--eth11@gpu-hardwarefree-039"]: Creation complete after 1s [id=4712554147]
netris_link.oob_switch_links["swp2@sw-hardwarefree-oob-mgmt02--eth2@srv-hardwarefree-cp02"]: Creating...
netris_link.ew_switch_links["swp22@sw-hardwarefree-plane4-spine02--swp30@sw-hardwarefree-plane4-leaf06"]: Creation complete after 1s [id=4860486640]
netris_link.ew_switch_links["swp3@sw-hardwarefree-plane4-spine01--swp27@sw-hardwarefree-plane4-leaf01"]: Creating...
netris_link.ew_switch_links["swp17@sw-hardwarefree-plane3-spine02--swp29@sw-hardwarefree-plane3-leaf05"]: Creation complete after 1s [id=4753222834]
netris_link.oob_switch_links["swp6@sw-hardwarefree-oob-mgmt02--eth11@gpu-hardwarefree-006"]: Creating...
netris_link.ns_switch_links["swp2@sw-hardwarefree-frontend-spine01--swp31@sw-hardwarefree-frontend-leaf02"]: Creation complete after 1s [id=4831837774]
netris_link.ns_switch_links["swp4@sw-hardwarefree-frontend-spine01--swp31@sw-hardwarefree-frontend-leaf04"]: Creating...
netris_link.ew_switch_links["swp2@sw-hardwarefree-plane1-spine01--swp26@sw-hardwarefree-plane1-leaf01"]: Creation complete after 1s [id=4905550640]
netris_link.ew_switch_links["swp24@sw-hardwarefree-plane2-spine02--swp32@sw-hardwarefree-plane2-leaf06"]: Creating...
netris_link.oob_switch_links["swp6@sw-hardwarefree-oob-mgmt01--eth11@gpu-hardwarefree-005"]: Creation complete after 1s [id=4644840714]
netris_link.oob_switch_links["swp9@sw-hardwarefree-oob-mgmt01--eth11@gpu-hardwarefree-011"]: Creating...
netris_link.oob_switch_links["swp5@sw-hardwarefree-oob-mgmt02--eth11@gpu-hardwarefree-004"]: Creation complete after 1s [id=4738413162]
netris_link.oob_switch_links["swp19@sw-hardwarefree-oob-mgmt01--eth11@gpu-hardwarefree-031"]: Creation complete after 1s [id=4649371830]
netris_link.ew_switch_links["swp31@sw-hardwarefree-plane4-spine02--swp31@sw-hardwarefree-plane4-leaf08"]: Creation complete after 1s [id=4896243724]
netris_link.oob_switch_links["swp11@sw-hardwarefree-oob-mgmt02--eth11@gpu-hardwarefree-016"]: Creation complete after 1s [id=4749712426]
netris_link.oob_switch_links["swp18@sw-hardwarefree-oob-mgmt02--eth11@gpu-hardwarefree-030"]: Creating...
netris_link.oob_switch_links["swp4@sw-hardwarefree-oob-mgmt02--eth11@gpu-hardwarefree-002"]: Creating...
netris_link.oob_switch_links["swp25@sw-hardwarefree-oob-mgmt01--eth11@gpu-hardwarefree-043"]: Creating...
netris_link.ew_switch_links["swp7@sw-hardwarefree-plane1-spine02--swp31@sw-hardwarefree-plane1-leaf02"]: Creating...
netris_link.ew_switch_links["swp3@sw-hardwarefree-plane4-spine01--swp27@sw-hardwarefree-plane4-leaf01"]: Creation complete after 0s [id=4870943896]
netris_link.ew_switch_links["swp13@sw-hardwarefree-plane4-spine01--swp25@sw-hardwarefree-plane4-leaf04"]: Creating...
netris_link.oob_switch_links["swp2@sw-hardwarefree-oob-mgmt02--eth2@srv-hardwarefree-cp02"]: Creation complete after 0s [id=4702365321]
netris_link.ew_switch_links["swp28@sw-hardwarefree-plane1-spine02--swp32@sw-hardwarefree-plane1-leaf07"]: Creating...
netris_link.oob_switch_links["swp6@sw-hardwarefree-oob-mgmt02--eth11@gpu-hardwarefree-006"]: Creation complete after 0s [id=4744937822]
netris_link.oob_switch_links["swp32@sw-hardwarefree-oob-mgmt01--eth11@gpu-hardwarefree-057"]: Creating...
netris_link.ns_switch_links["swp4@sw-hardwarefree-frontend-spine01--swp31@sw-hardwarefree-frontend-leaf04"]: Creation complete after 0s [id=4930046463]
netris_link.oob_switch_links["swp36@sw-hardwarefree-oob-mgmt02--eth5@srv-hardwarefree-storage02"]: Creating...
netris_link.ew_switch_links["swp24@sw-hardwarefree-plane2-spine02--swp32@sw-hardwarefree-plane2-leaf06"]: Creation complete after 0s [id=4917840132]
netris_link.ew_switch_links["swp11@sw-hardwarefree-plane3-spine02--swp31@sw-hardwarefree-plane3-leaf03"]: Creating...
netris_link.oob_switch_links["swp9@sw-hardwarefree-oob-mgmt01--eth11@gpu-hardwarefree-011"]: Creation complete after 0s [id=4680280800]
netris_link.oob_switch_links["swp20@sw-hardwarefree-oob-mgmt02--eth11@gpu-hardwarefree-034"]: Creating...
netris_link.oob_switch_links["swp18@sw-hardwarefree-oob-mgmt02--eth11@gpu-hardwarefree-030"]: Creation complete after 0s [id=4754684460]
netris_link.ew_switch_links["swp13@sw-hardwarefree-plane3-spine02--swp29@sw-hardwarefree-plane3-leaf04"]: Creating...
netris_link.ew_switch_links["swp7@sw-hardwarefree-plane1-spine02--swp31@sw-hardwarefree-plane1-leaf02"]: Creation complete after 0s [id=4863839848]
netris_link.softgate_links["eth2@sg-hardwarefree-border-gw02--swp30@sw-hardwarefree-frontend-leaf04"]: Creating...
netris_link.oob_switch_links["swp4@sw-hardwarefree-oob-mgmt02--eth11@gpu-hardwarefree-002"]: Creation complete after 0s [id=4711582789]
netris_link.ew_switch_links["swp22@sw-hardwarefree-plane1-spine02--swp30@sw-hardwarefree-plane1-leaf06"]: Creating...
netris_link.oob_switch_links["swp25@sw-hardwarefree-oob-mgmt01--eth11@gpu-hardwarefree-043"]: Creation complete after 0s [id=4696742819]
netris_link.oob_switch_links["swp34@sw-hardwarefree-oob-mgmt01--eth11@gpu-hardwarefree-061"]: Creating...
netris_link.ew_switch_links["swp13@sw-hardwarefree-plane4-spine01--swp25@sw-hardwarefree-plane4-leaf04"]: Creation complete after 0s [id=4906541226]
netris_link.ew_switch_links["swp25@sw-hardwarefree-plane4-spine02--swp29@sw-hardwarefree-plane4-leaf07"]: Creating...
netris_link.ew_switch_links["swp28@sw-hardwarefree-plane1-spine02--swp32@sw-hardwarefree-plane1-leaf07"]: Creation complete after 0s [id=4843937070]
netris_link.oob_switch_links["swp26@sw-hardwarefree-oob-mgmt01--eth11@gpu-hardwarefree-045"]: Creating...
netris_link.oob_switch_links["swp32@sw-hardwarefree-oob-mgmt01--eth11@gpu-hardwarefree-057"]: Creation complete after 0s [id=4658054612]
netris_link.ew_switch_links["swp10@sw-hardwarefree-plane1-spine02--swp30@sw-hardwarefree-plane1-leaf03"]: Creating...
netris_link.oob_switch_links["swp36@sw-hardwarefree-oob-mgmt02--eth5@srv-hardwarefree-storage02"]: Creation complete after 0s [id=4706148209]
netris_link.ew_switch_links["swp22@sw-hardwarefree-plane3-spine01--swp26@sw-hardwarefree-plane3-leaf06"]: Creating...
netris_link.ew_switch_links["swp11@sw-hardwarefree-plane3-spine02--swp31@sw-hardwarefree-plane3-leaf03"]: Creation complete after 0s [id=4801314610]
netris_link.ew_switch_links["swp9@sw-hardwarefree-plane2-spine02--swp29@sw-hardwarefree-plane2-leaf03"]: Creating...
netris_link.oob_switch_links["swp20@sw-hardwarefree-oob-mgmt02--eth11@gpu-hardwarefree-034"]: Creation complete after 0s [id=4748445450]
netris_link.ew_switch_links["swp17@sw-hardwarefree-plane3-spine01--swp25@sw-hardwarefree-plane3-leaf05"]: Creating...
netris_link.ew_switch_links["swp13@sw-hardwarefree-plane3-spine02--swp29@sw-hardwarefree-plane3-leaf04"]: Creation complete after 0s [id=4780953592]
netris_link.ew_switch_links["swp16@sw-hardwarefree-plane2-spine02--swp32@sw-hardwarefree-plane2-leaf04"]: Creating...
netris_link.ew_switch_links["swp22@sw-hardwarefree-plane1-spine02--swp30@sw-hardwarefree-plane1-leaf06"]: Creation complete after 0s [id=4911098976]
netris_link.ew_switch_links["swp11@sw-hardwarefree-plane4-spine02--swp31@sw-hardwarefree-plane4-leaf03"]: Creating...
netris_link.softgate_links["eth2@sg-hardwarefree-border-gw02--swp30@sw-hardwarefree-frontend-leaf04"]: Creation complete after 0s [id=4799942940]
netris_link.ew_switch_links["swp10@sw-hardwarefree-plane2-spine01--swp26@sw-hardwarefree-plane2-leaf03"]: Creating...
netris_link.oob_switch_links["swp34@sw-hardwarefree-oob-mgmt01--eth11@gpu-hardwarefree-061"]: Creation complete after 0s [id=4708283430]
netris_link.ew_switch_links["swp6@sw-hardwarefree-plane1-spine02--swp30@sw-hardwarefree-plane1-leaf02"]: Creating...
netris_link.ew_switch_links["swp25@sw-hardwarefree-plane4-spine02--swp29@sw-hardwarefree-plane4-leaf07"]: Creation complete after 0s [id=4799353678]
netris_link.ew_switch_links["swp6@sw-hardwarefree-plane3-spine02--swp30@sw-hardwarefree-plane3-leaf02"]: Creating...
netris_link.oob_switch_links["swp26@sw-hardwarefree-oob-mgmt01--eth11@gpu-hardwarefree-045"]: Creation complete after 0s [id=4652168728]
netris_link.oob_switch_links["swp11@sw-hardwarefree-oob-mgmt01--eth11@gpu-hardwarefree-015"]: Creating...
netris_link.ew_switch_links["swp22@sw-hardwarefree-plane3-spine01--swp26@sw-hardwarefree-plane3-leaf06"]: Creation complete after 0s [id=4849056130]
netris_link.oob_switch_links["swp9@sw-hardwarefree-oob-mgmt02--eth11@gpu-hardwarefree-012"]: Creating...
netris_link.ew_switch_links["swp10@sw-hardwarefree-plane1-spine02--swp30@sw-hardwarefree-plane1-leaf03"]: Creation complete after 0s [id=4894067290]
netris_link.ew_switch_links["swp9@sw-hardwarefree-plane2-spine02--swp29@sw-hardwarefree-plane2-leaf03"]: Creation complete after 0s [id=4813472150]
netris_link.ew_switch_links["swp17@sw-hardwarefree-plane3-spine01--swp25@sw-hardwarefree-plane3-leaf05"]: Creation complete after 0s [id=4891099140]
netris_link.ew_switch_links["swp11@sw-hardwarefree-plane4-spine02--swp31@sw-hardwarefree-plane4-leaf03"]: Creation complete after 0s [id=4914865426]
netris_link.ew_switch_links["swp16@sw-hardwarefree-plane2-spine02--swp32@sw-hardwarefree-plane2-leaf04"]: Creation complete after 0s [id=4891692656]
netris_link.ew_switch_links["swp26@sw-hardwarefree-plane2-spine01--swp26@sw-hardwarefree-plane2-leaf07"]: Creating...
netris_link.ew_switch_links["swp12@sw-hardwarefree-plane4-spine02--swp32@sw-hardwarefree-plane4-leaf03"]: Creating...
netris_link.ew_switch_links["swp21@sw-hardwarefree-plane2-spine01--swp25@sw-hardwarefree-plane2-leaf06"]: Creating...
netris_link.ew_switch_links["swp25@sw-hardwarefree-plane3-spine01--swp25@sw-hardwarefree-plane3-leaf07"]: Creating...
netris_link.ew_switch_links["swp29@sw-hardwarefree-plane4-spine01--swp25@sw-hardwarefree-plane4-leaf08"]: Creating...
netris_link.ew_switch_links["swp10@sw-hardwarefree-plane2-spine01--swp26@sw-hardwarefree-plane2-leaf03"]: Creation complete after 0s [id=4713330956]
netris_link.ew_switch_links["swp19@sw-hardwarefree-plane1-spine01--swp27@sw-hardwarefree-plane1-leaf05"]: Creating...
netris_link.ew_switch_links["swp6@sw-hardwarefree-plane1-spine02--swp30@sw-hardwarefree-plane1-leaf02"]: Creation complete after 0s [id=4863642592]
netris_link.oob_switch_links["swp7@sw-hardwarefree-oob-mgmt01--eth11@gpu-hardwarefree-007"]: Creating...
netris_link.ew_switch_links["swp6@sw-hardwarefree-plane3-spine02--swp30@sw-hardwarefree-plane3-leaf02"]: Creation complete after 0s [id=4725767184]
netris_link.ew_switch_links["swp23@sw-hardwarefree-plane1-spine01--swp27@sw-hardwarefree-plane1-leaf06"]: Creating...
netris_link.oob_switch_links["swp9@sw-hardwarefree-oob-mgmt02--eth11@gpu-hardwarefree-012"]: Creation complete after 0s [id=4708865118]
netris_link.oob_switch_links["swp4@sw-hardwarefree-oob-mgmt01--eth11@gpu-hardwarefree-001"]: Creating...
netris_link.oob_switch_links["swp11@sw-hardwarefree-oob-mgmt01--eth11@gpu-hardwarefree-015"]: Creation complete after 0s [id=4653905176]
netris_link.ew_switch_links["swp6@sw-hardwarefree-plane1-spine01--swp26@sw-hardwarefree-plane1-leaf02"]: Creating...
netris_link.ew_switch_links["swp29@sw-hardwarefree-plane4-spine01--swp25@sw-hardwarefree-plane4-leaf08"]: Creation complete after 0s [id=4846496650]
netris_link.ew_switch_links["swp16@sw-hardwarefree-plane3-spine01--swp28@sw-hardwarefree-plane3-leaf04"]: Creating...
netris_link.ew_switch_links["swp26@sw-hardwarefree-plane2-spine01--swp26@sw-hardwarefree-plane2-leaf07"]: Creation complete after 0s [id=4755367780]
netris_link.ew_switch_links["swp23@sw-hardwarefree-plane4-spine02--swp31@sw-hardwarefree-plane4-leaf06"]: Creating...
netris_link.ew_switch_links["swp25@sw-hardwarefree-plane3-spine01--swp25@sw-hardwarefree-plane3-leaf07"]: Creation complete after 0s [id=4885561992]
netris_link.ew_switch_links["swp12@sw-hardwarefree-plane1-spine02--swp32@sw-hardwarefree-plane1-leaf03"]: Creating...
netris_link.ew_switch_links["swp12@sw-hardwarefree-plane4-spine02--swp32@sw-hardwarefree-plane4-leaf03"]: Creation complete after 0s [id=4915063718]
netris_link.ew_switch_links["swp8@sw-hardwarefree-plane3-spine02--swp32@sw-hardwarefree-plane3-leaf02"]: Creating...
netris_link.ew_switch_links["swp21@sw-hardwarefree-plane2-spine01--swp25@sw-hardwarefree-plane2-leaf06"]: Creation complete after 0s [id=4815828270]
netris_link.ns_switch_links["swp3@sw-hardwarefree-frontend-spine01--swp31@sw-hardwarefree-frontend-leaf03"]: Creating...
netris_link.ew_switch_links["swp19@sw-hardwarefree-plane1-spine01--swp27@sw-hardwarefree-plane1-leaf05"]: Creation complete after 0s [id=4826825928]
netris_link.oob_switch_links["swp33@sw-hardwarefree-oob-mgmt02--eth11@gpu-hardwarefree-060"]: Creating...
netris_link.oob_switch_links["swp7@sw-hardwarefree-oob-mgmt01--eth11@gpu-hardwarefree-007"]: Creation complete after 0s [id=4667325213]
netris_link.ew_switch_links["swp8@sw-hardwarefree-plane1-spine02--swp32@sw-hardwarefree-plane1-leaf02"]: Creating...
netris_link.ew_switch_links["swp23@sw-hardwarefree-plane1-spine01--swp27@sw-hardwarefree-plane1-leaf06"]: Creation complete after 0s [id=4901391338]
netris_link.ew_switch_links["swp1@sw-hardwarefree-plane1-spine01--swp25@sw-hardwarefree-plane1-leaf01"]: Creating...
netris_link.oob_switch_links["swp4@sw-hardwarefree-oob-mgmt01--eth11@gpu-hardwarefree-001"]: Creation complete after 0s [id=4700038715]
netris_link.oob_switch_links["swp28@sw-hardwarefree-oob-mgmt01--eth11@gpu-hardwarefree-049"]: Creating...
netris_link.ew_switch_links["swp6@sw-hardwarefree-plane1-spine01--swp26@sw-hardwarefree-plane1-leaf02"]: Creation complete after 0s [id=4853784938]
netris_link.ew_switch_links["swp18@sw-hardwarefree-plane4-spine02--swp30@sw-hardwarefree-plane4-leaf05"]: Creating...
netris_link.ew_switch_links["swp16@sw-hardwarefree-plane3-spine01--swp28@sw-hardwarefree-plane3-leaf04"]: Creation complete after 1s [id=4919823786]
netris_link.ew_switch_links["swp4@sw-hardwarefree-plane1-spine02--swp32@sw-hardwarefree-plane1-leaf01"]: Creating...
netris_link.ew_switch_links["swp23@sw-hardwarefree-plane4-spine02--swp31@sw-hardwarefree-plane4-leaf06"]: Creation complete after 1s [id=4860683832]
netris_link.oob_switch_links["swp31@sw-hardwarefree-oob-mgmt01--eth11@gpu-hardwarefree-055"]: Creating...
netris_link.ew_switch_links["swp12@sw-hardwarefree-plane1-spine02--swp32@sw-hardwarefree-plane1-leaf03"]: Creation complete after 1s [id=4894463038]
netris_link.ew_switch_links["swp31@sw-hardwarefree-plane2-spine02--swp31@sw-hardwarefree-plane2-leaf08"]: Creating...
netris_link.ew_switch_links["swp8@sw-hardwarefree-plane3-spine02--swp32@sw-hardwarefree-plane3-leaf02"]: Creation complete after 1s [id=4726156068]
netris_link.ew_switch_links["swp28@sw-hardwarefree-plane4-spine01--swp28@sw-hardwarefree-plane4-leaf07"]: Creating...
netris_link.ns_switch_links["swp3@sw-hardwarefree-frontend-spine01--swp31@sw-hardwarefree-frontend-leaf03"]: Creation complete after 1s [id=4806802638]
netris_link.oob_switch_links["swp22@sw-hardwarefree-oob-mgmt01--eth11@gpu-hardwarefree-037"]: Creating...
netris_link.oob_switch_links["swp33@sw-hardwarefree-oob-mgmt02--eth11@gpu-hardwarefree-060"]: Creation complete after 1s [id=4702947179]
netris_link.ew_switch_links["swp16@sw-hardwarefree-plane2-spine01--swp28@sw-hardwarefree-plane2-leaf04"]: Creating...
netris_link.ew_switch_links["swp8@sw-hardwarefree-plane1-spine02--swp32@sw-hardwarefree-plane1-leaf02"]: Creation complete after 1s [id=4864037108]
netris_link.ew_switch_links["swp6@sw-hardwarefree-plane4-spine01--swp26@sw-hardwarefree-plane4-leaf02"]: Creating...
netris_link.ew_switch_links["swp1@sw-hardwarefree-plane1-spine01--swp25@sw-hardwarefree-plane1-leaf01"]: Creation complete after 1s [id=4905352540]
netris_link.oob_switch_links["swp30@sw-hardwarefree-oob-mgmt02--eth11@gpu-hardwarefree-054"]: Creating...
netris_link.oob_switch_links["swp28@sw-hardwarefree-oob-mgmt01--eth11@gpu-hardwarefree-049"]: Creation complete after 1s [id=4678926372]
netris_link.ew_switch_links["swp32@sw-hardwarefree-plane2-spine01--swp28@sw-hardwarefree-plane2-leaf08"]: Creating...
netris_link.ew_switch_links["swp18@sw-hardwarefree-plane4-spine02--swp30@sw-hardwarefree-plane4-leaf05"]: Creation complete after 1s [id=4940875862]
netris_link.ew_switch_links["swp8@sw-hardwarefree-plane1-spine01--swp28@sw-hardwarefree-plane1-leaf02"]: Creating...
netris_link.ew_switch_links["swp4@sw-hardwarefree-plane1-spine02--swp32@sw-hardwarefree-plane1-leaf01"]: Creation complete after 0s [id=4915857306]
netris_link.ew_switch_links["swp32@sw-hardwarefree-plane2-spine02--swp32@sw-hardwarefree-plane2-leaf08"]: Creating...
netris_link.oob_switch_links["swp31@sw-hardwarefree-oob-mgmt01--eth11@gpu-hardwarefree-055"]: Creation complete after 0s [id=4688798694]
netris_link.oob_switch_links["swp17@sw-hardwarefree-oob-mgmt02--eth11@gpu-hardwarefree-028"]: Creating...
netris_link.oob_switch_links["swp22@sw-hardwarefree-oob-mgmt01--eth11@gpu-hardwarefree-037"]: Creation complete after 0s [id=4690057688]
netris_link.ew_switch_links["swp31@sw-hardwarefree-plane2-spine02--swp31@sw-hardwarefree-plane2-leaf08"]: Creation complete after 0s [id=4877262220]
netris_link.ew_switch_links["swp16@sw-hardwarefree-plane2-spine01--swp28@sw-hardwarefree-plane2-leaf04"]: Creation complete after 0s [id=4790541050]
netris_link.ew_switch_links["swp28@sw-hardwarefree-plane4-spine01--swp28@sw-hardwarefree-plane4-leaf07"]: Creation complete after 0s [id=4751077280]
netris_link.oob_switch_links["swp32@sw-hardwarefree-oob-mgmt02--eth11@gpu-hardwarefree-058"]: Creating...
netris_link.oob_switch_links["swp22@sw-hardwarefree-oob-mgmt02--eth11@gpu-hardwarefree-038"]: Creating...
netris_link.oob_switch_links["swp14@sw-hardwarefree-oob-mgmt01--eth11@gpu-hardwarefree-021"]: Creating...
netris_link.oob_switch_links["swp16@sw-hardwarefree-oob-mgmt02--eth11@gpu-hardwarefree-026"]: Creating...
netris_link.ew_switch_links["swp6@sw-hardwarefree-plane4-spine01--swp26@sw-hardwarefree-plane4-leaf02"]: Creation complete after 0s [id=4773719458]
netris_link.oob_switch_links["swp36@sw-hardwarefree-oob-mgmt01--eth5@srv-hardwarefree-storage01"]: Creating...
netris_link.oob_switch_links["swp30@sw-hardwarefree-oob-mgmt02--eth11@gpu-hardwarefree-054"]: Creation complete after 0s [id=4752636822]
netris_link.oob_switch_links["swp21@sw-hardwarefree-oob-mgmt02--eth11@gpu-hardwarefree-036"]: Creating...
netris_link.ew_switch_links["swp32@sw-hardwarefree-plane2-spine01--swp28@sw-hardwarefree-plane2-leaf08"]: Creation complete after 0s [id=4776456178]
netris_link.oob_switch_links["swp13@sw-hardwarefree-oob-mgmt01--eth11@gpu-hardwarefree-019"]: Creating...
netris_link.ew_switch_links["swp32@sw-hardwarefree-plane2-spine02--swp32@sw-hardwarefree-plane2-leaf08"]: Creation complete after 0s [id=4877459752]
netris_link.ew_switch_links["swp20@sw-hardwarefree-plane3-spine01--swp28@sw-hardwarefree-plane3-leaf05"]: Creating...
netris_link.ew_switch_links["swp8@sw-hardwarefree-plane1-spine01--swp28@sw-hardwarefree-plane1-leaf02"]: Creation complete after 0s [id=4854179054]
netris_link.ew_switch_links["swp14@sw-hardwarefree-plane1-spine01--swp26@sw-hardwarefree-plane1-leaf04"]: Creating...
netris_link.oob_switch_links["swp17@sw-hardwarefree-oob-mgmt02--eth11@gpu-hardwarefree-028"]: Creation complete after 0s [id=4705372120]
netris_link.ew_switch_links["swp30@sw-hardwarefree-plane2-spine02--swp30@sw-hardwarefree-plane2-leaf08"]: Creating...
netris_link.oob_switch_links["swp22@sw-hardwarefree-oob-mgmt02--eth11@gpu-hardwarefree-038"]: Creation complete after 0s [id=4762586573]
netris_link.ew_switch_links["swp26@sw-hardwarefree-plane3-spine02--swp30@sw-hardwarefree-plane3-leaf07"]: Creating...
netris_link.oob_switch_links["swp32@sw-hardwarefree-oob-mgmt02--eth11@gpu-hardwarefree-058"]: Creation complete after 0s [id=4772155920]
netris_link.oob_switch_links["swp15@sw-hardwarefree-oob-mgmt01--eth11@gpu-hardwarefree-023"]: Creating...
netris_link.oob_switch_links["swp14@sw-hardwarefree-oob-mgmt01--eth11@gpu-hardwarefree-021"]: Creation complete after 0s [id=4705275706]
netris_link.ew_switch_links["swp17@sw-hardwarefree-plane1-spine01--swp25@sw-hardwarefree-plane1-leaf05"]: Creating...
netris_link.oob_switch_links["swp16@sw-hardwarefree-oob-mgmt02--eth11@gpu-hardwarefree-026"]: Creation complete after 0s [id=4756634992]
netris_link.ew_switch_links["swp12@sw-hardwarefree-plane2-spine02--swp32@sw-hardwarefree-plane2-leaf03"]: Creating...
netris_link.oob_switch_links["swp36@sw-hardwarefree-oob-mgmt01--eth5@srv-hardwarefree-storage01"]: Creation complete after 0s [id=4644937068]
netris_link.ew_switch_links["swp3@sw-hardwarefree-plane1-spine01--swp27@sw-hardwarefree-plane1-leaf01"]: Creating...
netris_link.oob_switch_links["swp13@sw-hardwarefree-oob-mgmt01--eth11@gpu-hardwarefree-019"]: Creation complete after 0s [id=4658344197]
netris_link.oob_switch_links["swp1@sw-hardwarefree-oob-mgmt01--eth1@srv-hardwarefree-cp01"]: Creating...
netris_link.oob_switch_links["swp21@sw-hardwarefree-oob-mgmt02--eth11@gpu-hardwarefree-036"]: Creation complete after 0s [id=4742113149]
netris_link.ew_switch_links["swp24@sw-hardwarefree-plane4-spine01--swp28@sw-hardwarefree-plane4-leaf06"]: Creating...
netris_link.ew_switch_links["swp20@sw-hardwarefree-plane3-spine01--swp28@sw-hardwarefree-plane3-leaf05"]: Creation complete after 0s [id=4891692588]
netris_link.oob_switch_links["swp3@sw-hardwarefree-oob-mgmt01--eth1@srv-hardwarefree-cp03"]: Creating...
netris_link.ew_switch_links["swp30@sw-hardwarefree-plane2-spine02--swp30@sw-hardwarefree-plane2-leaf08"]: Creation complete after 0s [id=4877064692]
netris_link.ew_switch_links["swp15@sw-hardwarefree-plane3-spine02--swp31@sw-hardwarefree-plane3-leaf04"]: Creating...
netris_link.ew_switch_links["swp26@sw-hardwarefree-plane3-spine02--swp30@sw-hardwarefree-plane3-leaf07"]: Creation complete after 0s [id=4747959202]
netris_link.oob_switch_links["swp7@sw-hardwarefree-oob-mgmt02--eth11@gpu-hardwarefree-008"]: Creating...
netris_link.ew_switch_links["swp14@sw-hardwarefree-plane1-spine01--swp26@sw-hardwarefree-plane1-leaf04"]: Creation complete after 0s [id=4845118382]
netris_link.ew_switch_links["swp20@sw-hardwarefree-plane4-spine01--swp28@sw-hardwarefree-plane4-leaf05"]: Creating...
netris_link.oob_switch_links["swp15@sw-hardwarefree-oob-mgmt01--eth11@gpu-hardwarefree-023"]: Creation complete after 0s [id=4686184435]
netris_link.ew_switch_links["swp19@sw-hardwarefree-plane3-spine01--swp27@sw-hardwarefree-plane3-leaf05"]: Creating...
netris_link.ew_switch_links["swp17@sw-hardwarefree-plane1-spine01--swp25@sw-hardwarefree-plane1-leaf05"]: Creation complete after 0s [id=4826432924]
netris_link.ew_switch_links["swp29@sw-hardwarefree-plane4-spine02--swp29@sw-hardwarefree-plane4-leaf08"]: Creating...
netris_link.ew_switch_links["swp3@sw-hardwarefree-plane1-spine01--swp27@sw-hardwarefree-plane1-leaf01"]: Creation complete after 0s [id=4905748744]
netris_link.oob_switch_links["swp19@sw-hardwarefree-oob-mgmt02--eth11@gpu-hardwarefree-032"]: Creating...
netris_link.ew_switch_links["swp12@sw-hardwarefree-plane2-spine02--swp32@sw-hardwarefree-plane2-leaf03"]: Creation complete after 0s [id=4814060870]
netris_link.ew_switch_links["swp20@sw-hardwarefree-plane4-spine02--swp32@sw-hardwarefree-plane4-leaf05"]: Creating...
netris_link.ew_switch_links["swp24@sw-hardwarefree-plane4-spine01--swp28@sw-hardwarefree-plane4-leaf06"]: Creation complete after 0s [id=4811706774]
netris_link.oob_switch_links["swp3@sw-hardwarefree-oob-mgmt01--eth1@srv-hardwarefree-cp03"]: Creation complete after 0s [id=4641178866]
netris_link.oob_switch_links["swp1@sw-hardwarefree-oob-mgmt01--eth1@srv-hardwarefree-cp01"]: Creation complete after 0s [id=4642720524]
netris_link.oob_switch_links["swp27@sw-hardwarefree-oob-mgmt02--eth11@gpu-hardwarefree-048"]: Creating...
netris_link.ew_switch_links["swp22@sw-hardwarefree-plane4-spine01--swp26@sw-hardwarefree-plane4-leaf06"]: Creating...
netris_link.ew_switch_links["swp21@sw-hardwarefree-plane4-spine02--swp29@sw-hardwarefree-plane4-leaf06"]: Creating...
netris_link.ew_switch_links["swp15@sw-hardwarefree-plane3-spine02--swp31@sw-hardwarefree-plane3-leaf04"]: Creation complete after 0s [id=4781344740]
netris_link.ew_switch_links["swp3@sw-hardwarefree-plane3-spine01--swp27@sw-hardwarefree-plane3-leaf01"]: Creating...
netris_link.ew_switch_links["swp29@sw-hardwarefree-plane4-spine02--swp29@sw-hardwarefree-plane4-leaf08"]: Creation complete after 0s [id=4895847904]
netris_link.ew_switch_links["swp23@sw-hardwarefree-plane2-spine02--swp31@sw-hardwarefree-plane2-leaf06"]: Creating...
netris_link.oob_switch_links["swp7@sw-hardwarefree-oob-mgmt02--eth11@gpu-hardwarefree-008"]: Creation complete after 0s [id=4726835650]
netris_link.ew_switch_links["swp21@sw-hardwarefree-plane4-spine01--swp25@sw-hardwarefree-plane4-leaf06"]: Creating...
netris_link.ew_switch_links["swp19@sw-hardwarefree-plane3-spine01--swp27@sw-hardwarefree-plane3-leaf05"]: Creation complete after 0s [id=4891494768]
netris_link.ew_switch_links["swp18@sw-hardwarefree-plane3-spine02--swp30@sw-hardwarefree-plane3-leaf05"]: Creating...
netris_link.ew_switch_links["swp20@sw-hardwarefree-plane4-spine01--swp28@sw-hardwarefree-plane4-leaf05"]: Creation complete after 0s [id=4891693244]
netris_link.ew_switch_links["swp27@sw-hardwarefree-plane4-spine01--swp27@sw-hardwarefree-plane4-leaf07"]: Creating...
netris_link.ew_switch_links["swp20@sw-hardwarefree-plane4-spine02--swp32@sw-hardwarefree-plane4-leaf05"]: Creation complete after 0s [id=4941273498]
netris_link.ew_switch_links["swp10@sw-hardwarefree-plane3-spine02--swp30@sw-hardwarefree-plane3-leaf03"]: Creating...
netris_link.oob_switch_links["swp19@sw-hardwarefree-oob-mgmt02--eth11@gpu-hardwarefree-032"]: Creation complete after 0s [id=4733352326]
netris_link.ew_switch_links["swp22@sw-hardwarefree-plane1-spine01--swp26@sw-hardwarefree-plane1-leaf06"]: Creating...
netris_link.ew_switch_links["swp22@sw-hardwarefree-plane4-spine01--swp26@sw-hardwarefree-plane4-leaf06"]: Creation complete after 0s [id=4811314386]
netris_link.ew_switch_links["swp13@sw-hardwarefree-plane3-spine01--swp25@sw-hardwarefree-plane3-leaf04"]: Creating...
netris_link.ew_switch_links["swp21@sw-hardwarefree-plane4-spine02--swp29@sw-hardwarefree-plane4-leaf06"]: Creation complete after 0s [id=4860289452]
netris_link.ew_switch_links["swp17@sw-hardwarefree-plane2-spine02--swp29@sw-hardwarefree-plane2-leaf05"]: Creating...
netris_link.oob_switch_links["swp27@sw-hardwarefree-oob-mgmt02--eth11@gpu-hardwarefree-048"]: Creation complete after 0s [id=4721295116]
netris_link.ew_switch_links["swp15@sw-hardwarefree-plane1-spine02--swp31@sw-hardwarefree-plane1-leaf04"]: Creating...
netris_link.ew_switch_links["swp3@sw-hardwarefree-plane3-spine01--swp27@sw-hardwarefree-plane3-leaf01"]: Creation complete after 0s [id=4932727664]
netris_link.oob_switch_links["swp31@sw-hardwarefree-oob-mgmt02--eth11@gpu-hardwarefree-056"]: Creating...
netris_link.ew_switch_links["swp23@sw-hardwarefree-plane2-spine02--swp31@sw-hardwarefree-plane2-leaf06"]: Creation complete after 0s [id=4917641784]
netris_link.ew_switch_links["swp1@sw-hardwarefree-plane4-spine02--swp29@sw-hardwarefree-plane4-leaf01"]: Creating...
netris_link.ew_switch_links["swp21@sw-hardwarefree-plane4-spine01--swp25@sw-hardwarefree-plane4-leaf06"]: Creation complete after 0s [id=4811118198]
netris_link.oob_switch_links["swp24@sw-hardwarefree-oob-mgmt01--eth11@gpu-hardwarefree-041"]: Creating...
netris_link.ew_switch_links["swp18@sw-hardwarefree-plane3-spine02--swp30@sw-hardwarefree-plane3-leaf05"]: Creation complete after 1s [id=4753417838]
netris_link.ew_switch_links["swp29@sw-hardwarefree-plane1-spine02--swp29@sw-hardwarefree-plane1-leaf08"]: Creating...
netris_link.ew_switch_links["swp27@sw-hardwarefree-plane4-spine01--swp27@sw-hardwarefree-plane4-leaf07"]: Creation complete after 1s [id=4750882324]
netris_link.oob_switch_links["swp2@sw-hardwarefree-oob-mgmt01--eth1@srv-hardwarefree-cp02"]: Creating...
netris_link.ew_switch_links["swp22@sw-hardwarefree-plane1-spine01--swp26@sw-hardwarefree-plane1-leaf06"]: Creation complete after 1s [id=4901193322]
netris_link.ew_switch_links["swp29@sw-hardwarefree-plane3-spine01--swp25@sw-hardwarefree-plane3-leaf08"]: Creating...
netris_link.ew_switch_links["swp10@sw-hardwarefree-plane3-spine02--swp30@sw-hardwarefree-plane3-leaf03"]: Creation complete after 1s [id=4801118626]
netris_link.ew_switch_links["swp26@sw-hardwarefree-plane1-spine02--swp30@sw-hardwarefree-plane1-leaf07"]: Creating...
netris_link.ew_switch_links["swp13@sw-hardwarefree-plane3-spine01--swp25@sw-hardwarefree-plane3-leaf04"]: Creation complete after 1s [id=4919228634]
netris_link.ew_switch_links["swp26@sw-hardwarefree-plane3-spine01--swp26@sw-hardwarefree-plane3-leaf07"]: Creating...
netris_link.ew_switch_links["swp17@sw-hardwarefree-plane2-spine02--swp29@sw-hardwarefree-plane2-leaf05"]: Creation complete after 1s [id=4826825370]
netris_link.ew_switch_links["swp17@sw-hardwarefree-plane4-spine01--swp25@sw-hardwarefree-plane4-leaf05"]: Creating...
netris_link.ew_switch_links["swp15@sw-hardwarefree-plane1-spine02--swp31@sw-hardwarefree-plane1-leaf04"]: Creation complete after 1s [id=4855164316]
netris_link.ew_switch_links["swp7@sw-hardwarefree-plane4-spine02--swp31@sw-hardwarefree-plane4-leaf02"]: Creating...
netris_link.oob_switch_links["swp31@sw-hardwarefree-oob-mgmt02--eth11@gpu-hardwarefree-056"]: Creation complete after 1s [id=4769909189]
netris_link.ew_switch_links["swp31@sw-hardwarefree-plane3-spine02--swp31@sw-hardwarefree-plane3-leaf08"]: Creating...
netris_link.ew_switch_links["swp1@sw-hardwarefree-plane4-spine02--swp29@sw-hardwarefree-plane4-leaf01"]: Creation complete after 1s [id=4920022354]
netris_link.ew_switch_links["swp3@sw-hardwarefree-plane3-spine02--swp31@sw-hardwarefree-plane3-leaf01"]: Creating...
netris_link.oob_switch_links["swp24@sw-hardwarefree-oob-mgmt01--eth11@gpu-hardwarefree-041"]: Creation complete after 0s [id=4692382410]
netris_link.ew_switch_links["swp1@sw-hardwarefree-plane4-spine01--swp25@sw-hardwarefree-plane4-leaf01"]: Creating...
netris_link.oob_switch_links["swp2@sw-hardwarefree-oob-mgmt01--eth1@srv-hardwarefree-cp02"]: Creation complete after 0s [id=4645033487]
netris_link.ew_switch_links["swp18@sw-hardwarefree-plane3-spine01--swp26@sw-hardwarefree-plane3-leaf05"]: Creating...
netris_link.ew_switch_links["swp29@sw-hardwarefree-plane1-spine02--swp29@sw-hardwarefree-plane1-leaf08"]: Creation complete after 0s [id=4773133056]
netris_link.ew_switch_links["swp8@sw-hardwarefree-plane2-spine02--swp32@sw-hardwarefree-plane2-leaf02"]: Creating...
netris_link.ew_switch_links["swp26@sw-hardwarefree-plane1-spine02--swp30@sw-hardwarefree-plane1-leaf07"]: Creation complete after 0s [id=4843543370]
netris_link.ew_switch_links["swp11@sw-hardwarefree-plane2-spine02--swp31@sw-hardwarefree-plane2-leaf03"]: Creating...
netris_link.ew_switch_links["swp26@sw-hardwarefree-plane3-spine01--swp26@sw-hardwarefree-plane3-leaf07"]: Creation complete after 0s [id=4885759692]
netris_link.ew_switch_links["swp7@sw-hardwarefree-plane4-spine02--swp31@sw-hardwarefree-plane4-leaf02"]: Creation complete after 0s [id=4822896136]
netris_link.ew_switch_links["swp17@sw-hardwarefree-plane4-spine01--swp25@sw-hardwarefree-plane4-leaf05"]: Creation complete after 0s [id=4891099796]
netris_link.ew_switch_links["swp29@sw-hardwarefree-plane3-spine01--swp25@sw-hardwarefree-plane3-leaf08"]: Creation complete after 0s [id=4846495994]
netris_link.ew_switch_links["swp10@sw-hardwarefree-plane2-spine02--swp30@sw-hardwarefree-plane2-leaf03"]: Creating...
netris_link.ew_switch_links["swp26@sw-hardwarefree-plane4-spine01--swp26@sw-hardwarefree-plane4-leaf07"]: Creating...
netris_link.ew_switch_links["swp10@sw-hardwarefree-plane1-spine01--swp26@sw-hardwarefree-plane1-leaf03"]: Creating...
netris_link.ew_switch_links["swp21@sw-hardwarefree-plane1-spine01--swp25@sw-hardwarefree-plane1-leaf06"]: Creating...
netris_link.ew_switch_links["swp3@sw-hardwarefree-plane3-spine02--swp31@sw-hardwarefree-plane3-leaf01"]: Creation complete after 0s [id=4794261678]
netris_link.ew_switch_links["swp2@sw-hardwarefree-plane3-spine02--swp30@sw-hardwarefree-plane3-leaf01"]: Creating...
netris_link.ew_switch_links["swp1@sw-hardwarefree-plane4-spine01--swp25@sw-hardwarefree-plane4-leaf01"]: Creation complete after 0s [id=4870549100]
netris_link.oob_switch_links["swp17@sw-hardwarefree-oob-mgmt01--eth11@gpu-hardwarefree-027"]: Creating...
netris_link.ew_switch_links["swp31@sw-hardwarefree-plane3-spine02--swp31@sw-hardwarefree-plane3-leaf08"]: Creation complete after 0s [id=4709642500]
netris_link.ew_switch_links["swp20@sw-hardwarefree-plane2-spine02--swp32@sw-hardwarefree-plane2-leaf05"]: Creating...
netris_link.ew_switch_links["swp8@sw-hardwarefree-plane2-spine02--swp32@sw-hardwarefree-plane2-leaf02"]: Creation complete after 0s [id=4845117828]
netris_link.oob_switch_links["swp8@sw-hardwarefree-oob-mgmt01--eth11@gpu-hardwarefree-009"]: Creating...
netris_link.ew_switch_links["swp11@sw-hardwarefree-plane2-spine02--swp31@sw-hardwarefree-plane2-leaf03"]: Creation complete after 0s [id=4813864626]
netris_link.ew_switch_links["swp2@sw-hardwarefree-plane3-spine01--swp26@sw-hardwarefree-plane3-leaf01"]: Creating...
netris_link.ew_switch_links["swp18@sw-hardwarefree-plane3-spine01--swp26@sw-hardwarefree-plane3-leaf05"]: Creation complete after 0s [id=4891296952]
netris_link.ew_switch_links["swp15@sw-hardwarefree-plane4-spine02--swp31@sw-hardwarefree-plane4-leaf04"]: Creating...
netris_link.ew_switch_links["swp10@sw-hardwarefree-plane2-spine02--swp30@sw-hardwarefree-plane2-leaf03"]: Creation complete after 0s [id=4813668386]
netris_link.ew_switch_links["swp25@sw-hardwarefree-plane4-spine01--swp25@sw-hardwarefree-plane4-leaf07"]: Creating...
netris_link.ew_switch_links["swp10@sw-hardwarefree-plane1-spine01--swp26@sw-hardwarefree-plane1-leaf03"]: Creation complete after 0s [id=4884178836]
netris_link.ew_switch_links["swp1@sw-hardwarefree-plane1-spine02--swp29@sw-hardwarefree-plane1-leaf01"]: Creating...
netris_link.ew_switch_links["swp21@sw-hardwarefree-plane1-spine01--swp25@sw-hardwarefree-plane1-leaf06"]: Creation complete after 0s [id=4900995310]
netris_link.ew_switch_links["swp7@sw-hardwarefree-plane1-spine01--swp27@sw-hardwarefree-plane1-leaf02"]: Creating...
netris_link.ew_switch_links["swp26@sw-hardwarefree-plane4-spine01--swp26@sw-hardwarefree-plane4-leaf07"]: Creation complete after 0s [id=4750687372]
netris_link.ew_switch_links["swp27@sw-hardwarefree-plane3-spine02--swp31@sw-hardwarefree-plane3-leaf07"]: Creating...
netris_link.ew_switch_links["swp2@sw-hardwarefree-plane3-spine02--swp30@sw-hardwarefree-plane3-leaf01"]: Creation complete after 0s [id=4794065838]
netris_link.ew_switch_links["swp2@sw-hardwarefree-plane1-spine02--swp30@sw-hardwarefree-plane1-leaf01"]: Creating...
netris_link.ew_switch_links["swp20@sw-hardwarefree-plane2-spine02--swp32@sw-hardwarefree-plane2-leaf05"]: Creation complete after 0s [id=4827414906]
netris_link.ew_switch_links["swp9@sw-hardwarefree-plane2-spine01--swp25@sw-hardwarefree-plane2-leaf03"]: Creating...
netris_link.oob_switch_links["swp17@sw-hardwarefree-oob-mgmt01--eth11@gpu-hardwarefree-027"]: Creation complete after 0s [id=4650239747]
netris_link.ew_switch_links["swp6@sw-hardwarefree-plane2-spine02--swp30@sw-hardwarefree-plane2-leaf02"]: Creating...
netris_link.oob_switch_links["swp8@sw-hardwarefree-oob-mgmt01--eth11@gpu-hardwarefree-009"]: Creation complete after 0s [id=4673800762]
netris_link.ew_switch_links["swp27@sw-hardwarefree-plane2-spine01--swp27@sw-hardwarefree-plane2-leaf07"]: Creating...
netris_link.ew_switch_links["swp2@sw-hardwarefree-plane3-spine01--swp26@sw-hardwarefree-plane3-leaf01"]: Creation complete after 0s [id=4932529016]
netris_link.ew_switch_links["swp16@sw-hardwarefree-plane4-spine02--swp32@sw-hardwarefree-plane4-leaf04"]: Creating...
netris_link.ew_switch_links["swp15@sw-hardwarefree-plane4-spine02--swp31@sw-hardwarefree-plane4-leaf04"]: Creation complete after 0s [id=4956594732]
netris_link.ew_switch_links["swp14@sw-hardwarefree-plane2-spine02--swp30@sw-hardwarefree-plane2-leaf04"]: Creating...
netris_link.ew_switch_links["swp25@sw-hardwarefree-plane4-spine01--swp25@sw-hardwarefree-plane4-leaf07"]: Creation complete after 0s [id=4750492424]
netris_link.ew_switch_links["swp23@sw-hardwarefree-plane4-spine01--swp27@sw-hardwarefree-plane4-leaf06"]: Creating...
netris_link.ew_switch_links["swp7@sw-hardwarefree-plane1-spine01--swp27@sw-hardwarefree-plane1-leaf02"]: Creation complete after 0s [id=4853981994]
netris_link.ew_switch_links["swp2@sw-hardwarefree-plane4-spine01--swp26@sw-hardwarefree-plane4-leaf01"]: Creating...
netris_link.ew_switch_links["swp1@sw-hardwarefree-plane1-spine02--swp29@sw-hardwarefree-plane1-leaf01"]: Creation complete after 0s [id=4915262394]
netris_link.ew_switch_links["swp9@sw-hardwarefree-plane1-spine02--swp29@sw-hardwarefree-plane1-leaf03"]: Creating...
netris_link.ew_switch_links["swp27@sw-hardwarefree-plane3-spine02--swp31@sw-hardwarefree-plane3-leaf07"]: Creation complete after 0s [id=4748154098]
netris_link.ew_switch_links["swp17@sw-hardwarefree-plane4-spine02--swp29@sw-hardwarefree-plane4-leaf05"]: Creating...
netris_link.ew_switch_links["swp2@sw-hardwarefree-plane1-spine02--swp30@sw-hardwarefree-plane1-leaf01"]: Creation complete after 0s [id=4915460694]
netris_link.ew_switch_links["swp13@sw-hardwarefree-plane1-spine01--swp25@sw-hardwarefree-plane1-leaf04"]: Creating...
netris_link.ew_switch_links["swp6@sw-hardwarefree-plane2-spine02--swp30@sw-hardwarefree-plane2-leaf02"]: Creation complete after 0s [id=4844724080]
netris_link.ew_switch_links["swp18@sw-hardwarefree-plane1-spine01--swp26@sw-hardwarefree-plane1-leaf05"]: Creating...
netris_link.ew_switch_links["swp9@sw-hardwarefree-plane2-spine01--swp25@sw-hardwarefree-plane2-leaf03"]: Creation complete after 0s [id=4713136776]
netris_link.ew_switch_links["swp26@sw-hardwarefree-plane2-spine02--swp30@sw-hardwarefree-plane2-leaf07"]: Creating...
netris_link.ew_switch_links["swp27@sw-hardwarefree-plane2-spine01--swp27@sw-hardwarefree-plane2-leaf07"]: Creation complete after 0s [id=4755562828]
netris_link.ew_switch_links["swp29@sw-hardwarefree-plane1-spine01--swp25@sw-hardwarefree-plane1-leaf08"]: Creating...
netris_link.ew_switch_links["swp16@sw-hardwarefree-plane4-spine02--swp32@sw-hardwarefree-plane4-leaf04"]: Creation complete after 0s [id=4956793864]
netris_link.ew_switch_links["swp16@sw-hardwarefree-plane4-spine01--swp28@sw-hardwarefree-plane4-leaf04"]: Creating...
netris_link.ew_switch_links["swp23@sw-hardwarefree-plane4-spine01--swp27@sw-hardwarefree-plane4-leaf06"]: Creation complete after 0s [id=4811510578]
netris_link.ew_switch_links["swp22@sw-hardwarefree-plane2-spine02--swp30@sw-hardwarefree-plane2-leaf06"]: Creating...
netris_link.ew_switch_links["swp14@sw-hardwarefree-plane2-spine02--swp30@sw-hardwarefree-plane2-leaf04"]: Creation complete after 0s [id=4891297020]
netris_link.ew_switch_links["swp2@sw-hardwarefree-plane4-spine01--swp26@sw-hardwarefree-plane4-leaf01"]: Creation complete after 0s [id=4870746496]
netris_link.ew_switch_links["swp17@sw-hardwarefree-plane4-spine02--swp29@sw-hardwarefree-plane4-leaf05"]: Creation complete after 0s [id=4940677050]
netris_link.ew_switch_links["swp13@sw-hardwarefree-plane1-spine01--swp25@sw-hardwarefree-plane1-leaf04"]: Creation complete after 0s [id=4844921506]
netris_link.ew_switch_links["swp9@sw-hardwarefree-plane1-spine02--swp29@sw-hardwarefree-plane1-leaf03"]: Creation complete after 0s [id=4893869422]
netris_link.ew_switch_links["swp27@sw-hardwarefree-plane1-spine02--swp31@sw-hardwarefree-plane1-leaf07"]: Creating...
netris_link.ew_switch_links["swp27@sw-hardwarefree-plane3-spine01--swp27@sw-hardwarefree-plane3-leaf07"]: Creating...
netris_link.ew_switch_links["swp11@sw-hardwarefree-plane2-spine01--swp27@sw-hardwarefree-plane2-leaf03"]: Creating...
netris_link.ew_switch_links["swp30@sw-hardwarefree-plane2-spine01--swp26@sw-hardwarefree-plane2-leaf08"]: Creating...
netris_link.ew_gpu_links["swp3@sw-hardwarefree-plane2-leaf06--eth3@gpu-hardwarefree-014"]: Creating...
netris_link.ew_switch_links["swp18@sw-hardwarefree-plane1-spine01--swp26@sw-hardwarefree-plane1-leaf05"]: Creation complete after 0s [id=4826629424]
netris_link.ew_gpu_links["swp2@sw-hardwarefree-plane4-leaf03--eth8@gpu-hardwarefree-003"]: Creating...
netris_link.ew_switch_links["swp26@sw-hardwarefree-plane2-spine02--swp30@sw-hardwarefree-plane2-leaf07"]: Creation complete after 0s [id=4856149306]
netris_link.ew_gpu_links["swp9@sw-hardwarefree-plane2-leaf06--eth3@gpu-hardwarefree-038"]: Creating...
netris_link.ew_switch_links["swp16@sw-hardwarefree-plane4-spine01--swp28@sw-hardwarefree-plane4-leaf04"]: Creation complete after 0s [id=4907135610]
netris_link.ew_gpu_links["swp8@sw-hardwarefree-plane3-leaf06--eth6@gpu-hardwarefree-030"]: Creating...
netris_link.ew_switch_links["swp29@sw-hardwarefree-plane1-spine01--swp25@sw-hardwarefree-plane1-leaf08"]: Creation complete after 0s [id=4763367602]
netris_link.ew_gpu_links["swp9@sw-hardwarefree-plane4-leaf03--eth7@gpu-hardwarefree-035"]: Creating...
netris_link.ew_switch_links["swp22@sw-hardwarefree-plane2-spine02--swp30@sw-hardwarefree-plane2-leaf06"]: Creation complete after 0s [id=4917443440]
netris_link.oob_switch_links["swp37@sw-hardwarefree-oob-mgmt02--eth5@srv-hardwarefree-storage04"]: Creating...
netris_link.ew_switch_links["swp27@sw-hardwarefree-plane3-spine01--swp27@sw-hardwarefree-plane3-leaf07"]: Creation complete after 0s [id=4885957396]
netris_link.ew_switch_links["swp7@sw-hardwarefree-plane4-spine01--swp27@sw-hardwarefree-plane4-leaf02"]: Creating...
netris_link.ew_switch_links["swp30@sw-hardwarefree-plane2-spine01--swp26@sw-hardwarefree-plane2-leaf08"]: Creation complete after 0s [id=4776065230]
netris_link.ew_switch_links["swp13@sw-hardwarefree-plane1-spine02--swp29@sw-hardwarefree-plane1-leaf04"]: Creating...
netris_link.ew_switch_links["swp11@sw-hardwarefree-plane2-spine01--swp27@sw-hardwarefree-plane2-leaf03"]: Creation complete after 0s [id=4713525140]
netris_link.ew_gpu_links["swp10@sw-hardwarefree-plane2-leaf01--eth4@gpu-hardwarefree-033"]: Creating...
netris_link.ew_switch_links["swp27@sw-hardwarefree-plane1-spine02--swp31@sw-hardwarefree-plane1-leaf07"]: Creation complete after 0s [id=4843740218]
netris_link.ew_switch_links["swp18@sw-hardwarefree-plane4-spine01--swp26@sw-hardwarefree-plane4-leaf05"]: Creating...
netris_link.ew_gpu_links["swp3@sw-hardwarefree-plane2-leaf06--eth3@gpu-hardwarefree-014"]: Creation complete after 0s [id=4714009972]
netris_link.ew_gpu_links["swp3@sw-hardwarefree-plane1-leaf04--eth1@gpu-hardwarefree-012"]: Creating...
netris_link.ew_gpu_links["swp2@sw-hardwarefree-plane4-leaf03--eth8@gpu-hardwarefree-003"]: Creation complete after 1s [id=4745717142]
netris_link.ew_gpu_links["swp10@sw-hardwarefree-plane3-leaf01--eth6@gpu-hardwarefree-033"]: Creating...
netris_link.ew_gpu_links["swp9@sw-hardwarefree-plane2-leaf06--eth3@gpu-hardwarefree-038"]: Creation complete after 1s [id=4757415355]
netris_link.ew_gpu_links["swp3@sw-hardwarefree-plane1-leaf05--eth1@gpu-hardwarefree-013"]: Creating...
netris_link.ew_gpu_links["swp8@sw-hardwarefree-plane3-leaf06--eth6@gpu-hardwarefree-030"]: Creation complete after 1s [id=4677088771]
netris_link.ew_gpu_links["swp4@sw-hardwarefree-plane3-leaf02--eth6@gpu-hardwarefree-010"]: Creating...
netris_link.ew_gpu_links["swp9@sw-hardwarefree-plane4-leaf03--eth7@gpu-hardwarefree-035"]: Creation complete after 1s [id=4720614896]
netris_link.ew_gpu_links["swp10@sw-hardwarefree-plane3-leaf08--eth6@gpu-hardwarefree-040"]: Creating...
netris_link.oob_switch_links["swp37@sw-hardwarefree-oob-mgmt02--eth5@srv-hardwarefree-storage04"]: Creation complete after 1s [id=4705566121]
netris_link.ew_gpu_links["swp9@sw-hardwarefree-plane3-leaf06--eth5@gpu-hardwarefree-038"]: Creating...
netris_link.ew_switch_links["swp7@sw-hardwarefree-plane4-spine01--swp27@sw-hardwarefree-plane4-leaf02"]: Creation complete after 1s [id=4773914882]
netris_link.ew_gpu_links["swp14@sw-hardwarefree-plane2-leaf08--eth4@gpu-hardwarefree-056"]: Creating...
netris_link.ew_switch_links["swp13@sw-hardwarefree-plane1-spine02--swp29@sw-hardwarefree-plane1-leaf04"]: Creation complete after 1s [id=4854770160]
netris_link.ew_gpu_links["swp14@sw-hardwarefree-plane4-leaf04--eth8@gpu-hardwarefree-052"]: Creating...
netris_link.ew_gpu_links["swp3@sw-hardwarefree-plane1-leaf04--eth1@gpu-hardwarefree-012"]: Creation complete after 1s [id=4688701484]
netris_link.ew_gpu_links["swp1@sw-hardwarefree-plane3-leaf02--eth5@gpu-hardwarefree-002"]: Creating...
netris_link.ew_gpu_links["swp10@sw-hardwarefree-plane2-leaf01--eth4@gpu-hardwarefree-033"]: Creation complete after 1s [id=4701396122]
netris_link.ew_gpu_links["swp6@sw-hardwarefree-plane4-leaf03--eth8@gpu-hardwarefree-019"]: Creating...
netris_link.ew_switch_links["swp18@sw-hardwarefree-plane4-spine01--swp26@sw-hardwarefree-plane4-leaf05"]: Creation complete after 1s [id=4891297608]
netris_link.ew_gpu_links["swp2@sw-hardwarefree-plane2-leaf05--eth4@gpu-hardwarefree-005"]: Creating...
netris_link.ew_gpu_links["swp10@sw-hardwarefree-plane3-leaf01--eth6@gpu-hardwarefree-033"]: Creation complete after 0s [id=4762293717]
netris_link.ew_gpu_links["swp15@sw-hardwarefree-plane3-leaf05--eth5@gpu-hardwarefree-061"]: Creating...
netris_link.ew_gpu_links["swp3@sw-hardwarefree-plane1-leaf05--eth1@gpu-hardwarefree-013"]: Creation complete after 0s [id=4682893226]
netris_link.ew_gpu_links["swp16@sw-hardwarefree-plane4-leaf07--eth8@gpu-hardwarefree-063"]: Creating...
netris_link.ew_gpu_links["swp4@sw-hardwarefree-plane3-leaf02--eth6@gpu-hardwarefree-010"]: Creation complete after 0s [id=4648600465]
netris_link.ew_gpu_links["swp13@sw-hardwarefree-plane2-leaf03--eth3@gpu-hardwarefree-051"]: Creating...
netris_link.ew_gpu_links["swp10@sw-hardwarefree-plane3-leaf08--eth6@gpu-hardwarefree-040"]: Creation complete after 0s [id=4657186214]
netris_link.ew_gpu_links["swp10@sw-hardwarefree-plane4-leaf01--eth8@gpu-hardwarefree-033"]: Creating...
netris_link.ew_gpu_links["swp9@sw-hardwarefree-plane3-leaf06--eth5@gpu-hardwarefree-038"]: Creation complete after 0s [id=4684538982]
netris_link.ew_gpu_links["swp7@sw-hardwarefree-plane4-leaf01--eth7@gpu-hardwarefree-025"]: Creating...
netris_link.ew_gpu_links["swp2@sw-hardwarefree-plane2-leaf05--eth4@gpu-hardwarefree-005"]: Creation complete after 0s [id=4609919744]
netris_link.ew_gpu_links["swp1@sw-hardwarefree-plane3-leaf02--eth5@gpu-hardwarefree-002"]: Creation complete after 0s [id=4650336235]
netris_link.ew_gpu_links["swp14@sw-hardwarefree-plane4-leaf04--eth8@gpu-hardwarefree-052"]: Creation complete after 0s [id=4781049905]
netris_link.ew_gpu_links["swp6@sw-hardwarefree-plane4-leaf03--eth8@gpu-hardwarefree-019"]: Creation complete after 0s [id=4719351819]
netris_link.ew_gpu_links["swp14@sw-hardwarefree-plane2-leaf08--eth4@gpu-hardwarefree-056"]: Creation complete after 0s [id=4723919626]
netris_link.ew_gpu_links["swp6@sw-hardwarefree-plane1-leaf06--eth2@gpu-hardwarefree-022"]: Creating...
netris_link.ew_gpu_links["swp13@sw-hardwarefree-plane1-leaf06--eth1@gpu-hardwarefree-054"]: Creating...
netris_link.ew_gpu_links["swp13@sw-hardwarefree-plane2-leaf05--eth3@gpu-hardwarefree-053"]: Creating...
netris_link.ew_gpu_links["swp9@sw-hardwarefree-plane3-leaf07--eth5@gpu-hardwarefree-039"]: Creating...
netris_link.ew_gpu_links["swp1@sw-hardwarefree-plane1-leaf04--eth1@gpu-hardwarefree-004"]: Creating...
netris_link.ew_gpu_links["swp16@sw-hardwarefree-plane4-leaf07--eth8@gpu-hardwarefree-063"]: Creation complete after 0s [id=4654677567]
netris_link.ew_gpu_links["swp13@sw-hardwarefree-plane1-leaf01--eth1@gpu-hardwarefree-049"]: Creating...
netris_link.ew_gpu_links["swp15@sw-hardwarefree-plane3-leaf05--eth5@gpu-hardwarefree-061"]: Creation complete after 0s [id=4729169814]
netris_link.ew_gpu_links["swp5@sw-hardwarefree-plane4-leaf08--eth7@gpu-hardwarefree-024"]: Creating...
netris_link.ew_gpu_links["swp13@sw-hardwarefree-plane2-leaf03--eth3@gpu-hardwarefree-051"]: Creation complete after 0s [id=4647347496]
netris_link.ew_gpu_links["swp16@sw-hardwarefree-plane2-leaf07--eth4@gpu-hardwarefree-063"]: Creating...
netris_link.ew_gpu_links["swp10@sw-hardwarefree-plane4-leaf01--eth8@gpu-hardwarefree-033"]: Creation complete after 0s [id=4765612476]
netris_link.ew_gpu_links["swp14@sw-hardwarefree-plane1-leaf07--eth2@gpu-hardwarefree-055"]: Creating...
netris_link.ew_gpu_links["swp7@sw-hardwarefree-plane4-leaf01--eth7@gpu-hardwarefree-025"]: Creation complete after 0s [id=4743768783]
netris_link.ew_gpu_links["swp3@sw-hardwarefree-plane1-leaf01--eth1@gpu-hardwarefree-009"]: Creating...
netris_link.ew_gpu_links["swp6@sw-hardwarefree-plane1-leaf06--eth2@gpu-hardwarefree-022"]: Creation complete after 0s [id=4800431338]
netris_link.ew_gpu_links["swp1@sw-hardwarefree-plane2-leaf05--eth3@gpu-hardwarefree-005"]: Creating...
netris_link.ew_gpu_links["swp13@sw-hardwarefree-plane2-leaf05--eth3@gpu-hardwarefree-053"]: Creation complete after 0s [id=4634244924]
netris_link.ew_gpu_links["swp3@sw-hardwarefree-plane4-leaf07--eth7@gpu-hardwarefree-015"]: Creating...
netris_link.ew_gpu_links["swp1@sw-hardwarefree-plane1-leaf04--eth1@gpu-hardwarefree-004"]: Creation complete after 0s [id=4718380579]
netris_link.ew_gpu_links["swp6@sw-hardwarefree-plane3-leaf02--eth6@gpu-hardwarefree-018"]: Creating...
netris_link.ew_gpu_links["swp9@sw-hardwarefree-plane3-leaf07--eth5@gpu-hardwarefree-039"]: Creation complete after 0s [id=4727711179]
netris_link.ew_gpu_links["swp7@sw-hardwarefree-plane3-leaf04--eth5@gpu-hardwarefree-028"]: Creating...
netris_link.ew_gpu_links["swp13@sw-hardwarefree-plane1-leaf06--eth1@gpu-hardwarefree-054"]: Creation complete after 0s [id=4785940577]
netris_link.ew_gpu_links["swp7@sw-hardwarefree-plane1-leaf07--eth1@gpu-hardwarefree-031"]: Creating...
netris_link.ew_gpu_links["swp13@sw-hardwarefree-plane1-leaf01--eth1@gpu-hardwarefree-049"]: Creation complete after 0s [id=4776064127]
netris_link.ew_gpu_links["swp16@sw-hardwarefree-plane2-leaf04--eth4@gpu-hardwarefree-060"]: Creating...
netris_link.ew_gpu_links["swp5@sw-hardwarefree-plane4-leaf08--eth7@gpu-hardwarefree-024"]: Creation complete after 0s [id=4697905525]
netris_link.ew_gpu_links["swp16@sw-hardwarefree-plane2-leaf03--eth4@gpu-hardwarefree-059"]: Creating...
netris_link.ew_gpu_links["swp16@sw-hardwarefree-plane2-leaf07--eth4@gpu-hardwarefree-063"]: Creation complete after 0s [id=4700717473]
netris_link.ew_gpu_links["swp12@sw-hardwarefree-plane1-leaf01--eth2@gpu-hardwarefree-041"]: Creating...
netris_link.ew_gpu_links["swp14@sw-hardwarefree-plane1-leaf07--eth2@gpu-hardwarefree-055"]: Creation complete after 0s [id=4712650968]
netris_link.ew_gpu_links["swp4@sw-hardwarefree-plane2-leaf08--eth4@gpu-hardwarefree-016"]: Creating...
netris_link.ew_gpu_links["swp3@sw-hardwarefree-plane1-leaf01--eth1@gpu-hardwarefree-009"]: Creation complete after 0s [id=4771862435]
netris_link.ew_gpu_links["swp7@sw-hardwarefree-plane3-leaf08--eth5@gpu-hardwarefree-032"]: Creating...
netris_link.ew_gpu_links["swp3@sw-hardwarefree-plane4-leaf07--eth7@gpu-hardwarefree-015"]: Creation complete after 0s [id=4600418806]
netris_link.ew_gpu_links["swp8@sw-hardwarefree-plane4-leaf01--eth8@gpu-hardwarefree-025"]: Creating...
netris_link.ew_gpu_links["swp6@sw-hardwarefree-plane3-leaf02--eth6@gpu-hardwarefree-018"]: Creation complete after 0s [id=4705178738]
netris_link.ew_gpu_links["swp2@sw-hardwarefree-plane4-leaf01--eth8@gpu-hardwarefree-001"]: Creating...
netris_link.ew_gpu_links["swp1@sw-hardwarefree-plane2-leaf05--eth3@gpu-hardwarefree-005"]: Creation complete after 0s [id=4609727706]
netris_link.ew_gpu_links["swp7@sw-hardwarefree-plane3-leaf07--eth5@gpu-hardwarefree-031"]: Creating...
netris_link.ew_gpu_links["swp7@sw-hardwarefree-plane3-leaf04--eth5@gpu-hardwarefree-028"]: Creation complete after 0s [id=4697614634]
netris_link.ew_gpu_links["swp11@sw-hardwarefree-plane4-leaf05--eth7@gpu-hardwarefree-045"]: Creating...
netris_link.ew_gpu_links["swp7@sw-hardwarefree-plane1-leaf07--eth1@gpu-hardwarefree-031"]: Creation complete after 0s [id=4673510445]
netris_link.ew_gpu_links["swp12@sw-hardwarefree-plane2-leaf07--eth4@gpu-hardwarefree-047"]: Creating...
netris_link.ew_gpu_links["swp16@sw-hardwarefree-plane2-leaf04--eth4@gpu-hardwarefree-060"]: Creation complete after 0s [id=4672736992]
netris_link.ew_gpu_links["swp5@sw-hardwarefree-plane4-leaf03--eth7@gpu-hardwarefree-019"]: Creating...
netris_link.ew_gpu_links["swp16@sw-hardwarefree-plane2-leaf03--eth4@gpu-hardwarefree-059"]: Creation complete after 0s [id=4655159943]
netris_link.ew_gpu_links["swp15@sw-hardwarefree-plane3-leaf01--eth5@gpu-hardwarefree-057"]: Creating...
netris_link.ew_gpu_links["swp4@sw-hardwarefree-plane2-leaf08--eth4@gpu-hardwarefree-016"]: Creation complete after 0s [id=4704790542]
netris_link.ew_gpu_links["swp6@sw-hardwarefree-plane2-leaf02--eth4@gpu-hardwarefree-018"]: Creating...
netris_link.ew_gpu_links["swp12@sw-hardwarefree-plane1-leaf01--eth2@gpu-hardwarefree-041"]: Creation complete after 0s [id=4790050529]
netris_link.ew_gpu_links["swp9@sw-hardwarefree-plane4-leaf04--eth7@gpu-hardwarefree-036"]: Creating...
netris_link.ew_gpu_links["swp2@sw-hardwarefree-plane4-leaf01--eth8@gpu-hardwarefree-001"]: Creation complete after 0s [id=4768053509]
netris_link.ew_gpu_links["swp7@sw-hardwarefree-plane3-leaf08--eth5@gpu-hardwarefree-032"]: Creation complete after 0s [id=4652554817]
netris_link.ew_gpu_links["swp7@sw-hardwarefree-plane3-leaf07--eth5@gpu-hardwarefree-031"]: Creation complete after 0s [id=4664620167]
netris_link.ew_gpu_links["swp8@sw-hardwarefree-plane4-leaf01--eth8@gpu-hardwarefree-025"]: Creation complete after 0s [id=4743963593]
netris_link.ew_gpu_links["swp9@sw-hardwarefree-plane2-leaf05--eth3@gpu-hardwarefree-037"]: Creating...
netris_link.ew_gpu_links["swp11@sw-hardwarefree-plane3-leaf07--eth5@gpu-hardwarefree-047"]: Creating...
netris_link.ew_gpu_links["swp10@sw-hardwarefree-plane1-leaf04--eth2@gpu-hardwarefree-036"]: Creating...
netris_link.ew_gpu_links["swp8@sw-hardwarefree-plane3-leaf08--eth6@gpu-hardwarefree-032"]: Creating...
netris_link.ew_gpu_links["swp11@sw-hardwarefree-plane4-leaf05--eth7@gpu-hardwarefree-045"]: Creation complete after 0s [id=4737147393]
netris_link.ew_gpu_links["swp4@sw-hardwarefree-plane4-leaf02--eth8@gpu-hardwarefree-010"]: Creating...
netris_link.ew_gpu_links["swp5@sw-hardwarefree-plane4-leaf03--eth7@gpu-hardwarefree-019"]: Creation complete after 0s [id=4719157515]
netris_link.ew_gpu_links["swp11@sw-hardwarefree-plane3-leaf04--eth5@gpu-hardwarefree-044"]: Creating...
netris_link.ew_gpu_links["swp12@sw-hardwarefree-plane2-leaf07--eth4@gpu-hardwarefree-047"]: Creation complete after 0s [id=4659888766]
netris_link.ew_gpu_links["swp3@sw-hardwarefree-plane2-leaf07--eth3@gpu-hardwarefree-015"]: Creating...
netris_link.ew_gpu_links["swp15@sw-hardwarefree-plane3-leaf01--eth5@gpu-hardwarefree-057"]: Creation complete after 1s [id=4720906362]
netris_link.ew_gpu_links["swp9@sw-hardwarefree-plane1-leaf07--eth1@gpu-hardwarefree-039"]: Creating...
netris_link.ew_gpu_links["swp6@sw-hardwarefree-plane2-leaf02--eth4@gpu-hardwarefree-018"]: Creation complete after 1s [id=4692576341]
netris_link.ew_gpu_links["swp2@sw-hardwarefree-plane4-leaf07--eth8@gpu-hardwarefree-007"]: Creating...
netris_link.ew_gpu_links["swp9@sw-hardwarefree-plane4-leaf04--eth7@gpu-hardwarefree-036"]: Creation complete after 1s [id=4785842649]
netris_link.ew_gpu_links["swp16@sw-hardwarefree-plane2-leaf01--eth4@gpu-hardwarefree-057"]: Creating...
netris_link.ew_gpu_links["swp11@sw-hardwarefree-plane3-leaf07--eth5@gpu-hardwarefree-047"]: Creation complete after 1s [id=4683086807]
netris_link.ew_gpu_links["swp4@sw-hardwarefree-plane1-leaf07--eth2@gpu-hardwarefree-015"]: Creating...
netris_link.ew_gpu_links["swp9@sw-hardwarefree-plane2-leaf05--eth3@gpu-hardwarefree-037"]: Creation complete after 1s [id=4654002008]
netris_link.ew_gpu_links["swp4@sw-hardwarefree-plane1-leaf06--eth2@gpu-hardwarefree-014"]: Creating...
netris_link.ew_gpu_links["swp8@sw-hardwarefree-plane3-leaf08--eth6@gpu-hardwarefree-032"]: Creation complete after 1s [id=4652747745]
netris_link.ew_gpu_links["swp2@sw-hardwarefree-plane2-leaf06--eth4@gpu-hardwarefree-006"]: Creating...
netris_link.ew_gpu_links["swp10@sw-hardwarefree-plane1-leaf04--eth2@gpu-hardwarefree-036"]: Creation complete after 1s [id=4721489674]
netris_link.ew_gpu_links["swp10@sw-hardwarefree-plane2-leaf02--eth4@gpu-hardwarefree-034"]: Creating...
netris_link.ew_gpu_links["swp4@sw-hardwarefree-plane4-leaf02--eth8@gpu-hardwarefree-010"]: Creation complete after 1s [id=4624141664]
netris_link.ew_gpu_links["swp5@sw-hardwarefree-plane2-leaf08--eth3@gpu-hardwarefree-024"]: Creating...
netris_link.ew_gpu_links["swp11@sw-hardwarefree-plane3-leaf04--eth5@gpu-hardwarefree-044"]: Creation complete after 1s [id=4716146405]
netris_link.ew_gpu_links["swp13@sw-hardwarefree-plane3-leaf04--eth5@gpu-hardwarefree-052"]: Creating...
netris_link.ew_gpu_links["swp3@sw-hardwarefree-plane2-leaf07--eth3@gpu-hardwarefree-015"]: Creation complete after 1s [id=4646190248]
netris_link.ew_gpu_links["swp8@sw-hardwarefree-plane1-leaf01--eth2@gpu-hardwarefree-025"]: Creating...
netris_link.ew_gpu_links["swp9@sw-hardwarefree-plane1-leaf07--eth1@gpu-hardwarefree-039"]: Creation complete after 0s [id=4736661349]
netris_link.ew_gpu_links["swp5@sw-hardwarefree-plane3-leaf04--eth5@gpu-hardwarefree-020"]: Creating...
netris_link.ew_gpu_links["swp16@sw-hardwarefree-plane2-leaf01--eth4@gpu-hardwarefree-057"]: Creation complete after 0s [id=4660467905]
netris_link.ew_gpu_links["swp13@sw-hardwarefree-plane3-leaf05--eth5@gpu-hardwarefree-053"]: Creating...
netris_link.ew_gpu_links["swp2@sw-hardwarefree-plane4-leaf07--eth8@gpu-hardwarefree-007"]: Creation complete after 0s [id=4614145806]
netris_link.ew_gpu_links["swp16@sw-hardwarefree-plane1-leaf03--eth2@gpu-hardwarefree-059"]: Creating...
netris_link.ew_gpu_links["swp4@sw-hardwarefree-plane1-leaf07--eth2@gpu-hardwarefree-015"]: Creation complete after 0s [id=4678635919]
netris_link.ew_gpu_links["swp1@sw-hardwarefree-plane2-leaf08--eth3@gpu-hardwarefree-008"]: Creating...
netris_link.ew_gpu_links["swp4@sw-hardwarefree-plane1-leaf06--eth2@gpu-hardwarefree-014"]: Creation complete after 0s [id=4752928971]
netris_link.ew_gpu_links["swp5@sw-hardwarefree-plane2-leaf07--eth3@gpu-hardwarefree-023"]: Creating...
netris_link.ew_gpu_links["swp2@sw-hardwarefree-plane2-leaf06--eth4@gpu-hardwarefree-006"]: Creation complete after 0s [id=4740749873]
netris_link.ew_gpu_links["swp9@sw-hardwarefree-plane4-leaf05--eth7@gpu-hardwarefree-037"]: Creating...
netris_link.ew_gpu_links["swp10@sw-hardwarefree-plane2-leaf02--eth4@gpu-hardwarefree-034"]: Creation complete after 0s [id=4673800920]
netris_link.ew_gpu_links["swp5@sw-hardwarefree-plane2-leaf08--eth3@gpu-hardwarefree-024"]: Creation complete after 0s [id=4669644155]
netris_link.ew_gpu_links["swp6@sw-hardwarefree-plane4-leaf01--eth8@gpu-hardwarefree-017"]: Creating...
netris_link.ew_gpu_links["swp14@sw-hardwarefree-plane2-leaf07--eth4@gpu-hardwarefree-055"]: Creating...
netris_link.ew_gpu_links["swp13@sw-hardwarefree-plane3-leaf04--eth5@gpu-hardwarefree-052"]: Creation complete after 0s [id=4729169528]
netris_link.ew_gpu_links["swp2@sw-hardwarefree-plane4-leaf02--eth8@gpu-hardwarefree-002"]: Creating...
netris_link.ew_gpu_links["swp8@sw-hardwarefree-plane1-leaf01--eth2@gpu-hardwarefree-025"]: Creation complete after 0s [id=4774598212]
netris_link.ew_gpu_links["swp12@sw-hardwarefree-plane1-leaf05--eth2@gpu-hardwarefree-045"]: Creating...
netris_link.ew_gpu_links["swp5@sw-hardwarefree-plane3-leaf04--eth5@gpu-hardwarefree-020"]: Creation complete after 0s [id=4749809962]
netris_link.ew_gpu_links["swp10@sw-hardwarefree-plane4-leaf08--eth8@gpu-hardwarefree-040"]: Creating...
netris_link.ew_gpu_links["swp13@sw-hardwarefree-plane3-leaf05--eth5@gpu-hardwarefree-053"]: Creation complete after 0s [id=4691607209]
netris_link.ew_gpu_links["swp10@sw-hardwarefree-plane2-leaf08--eth4@gpu-hardwarefree-040"]: Creating...
netris_link.ew_gpu_links["swp1@sw-hardwarefree-plane2-leaf08--eth3@gpu-hardwarefree-008"]: Creation complete after 0s [id=4682022335]
netris_link.ew_gpu_links["swp5@sw-hardwarefree-plane2-leaf07--eth3@gpu-hardwarefree-023"]: Creation complete after 0s [id=4678249328]
netris_link.ew_gpu_links["swp16@sw-hardwarefree-plane1-leaf03--eth2@gpu-hardwarefree-059"]: Creation complete after 0s [id=4779290164]
netris_link.ew_gpu_links["swp1@sw-hardwarefree-plane1-leaf03--eth1@gpu-hardwarefree-003"]: Creating...
netris_link.ew_gpu_links["swp8@sw-hardwarefree-plane1-leaf05--eth2@gpu-hardwarefree-029"]: Creating...
netris_link.ew_gpu_links["swp7@sw-hardwarefree-plane2-leaf08--eth3@gpu-hardwarefree-032"]: Creating...
netris_link.ew_gpu_links["swp9@sw-hardwarefree-plane4-leaf05--eth7@gpu-hardwarefree-037"]: Creation complete after 0s [id=4775575594]
netris_link.ew_gpu_links["swp14@sw-hardwarefree-plane2-leaf02--eth4@gpu-hardwarefree-050"]: Creating...
netris_link.ew_gpu_links["swp2@sw-hardwarefree-plane4-leaf02--eth8@gpu-hardwarefree-002"]: Creation complete after 0s [id=4626065236]
netris_link.ew_gpu_links["swp2@sw-hardwarefree-plane1-leaf02--eth2@gpu-hardwarefree-002"]: Creating...
netris_link.ew_gpu_links["swp14@sw-hardwarefree-plane2-leaf07--eth4@gpu-hardwarefree-055"]: Creation complete after 0s [id=4680280859]
netris_link.ew_gpu_links["swp15@sw-hardwarefree-plane2-leaf04--eth3@gpu-hardwarefree-060"]: Creating...
netris_link.ew_gpu_links["swp6@sw-hardwarefree-plane4-leaf01--eth8@gpu-hardwarefree-017"]: Creation complete after 0s [id=4740554980]
netris_link.ew_gpu_links["swp8@sw-hardwarefree-plane2-leaf02--eth4@gpu-hardwarefree-026"]: Creating...
netris_link.ew_gpu_links["swp12@sw-hardwarefree-plane1-leaf05--eth2@gpu-hardwarefree-045"]: Creation complete after 0s [id=4670030654]
netris_link.ew_gpu_links["swp14@sw-hardwarefree-plane1-leaf02--eth2@gpu-hardwarefree-050"]: Creating...
netris_link.ew_gpu_links["swp10@sw-hardwarefree-plane2-leaf08--eth4@gpu-hardwarefree-040"]: Creation complete after 0s [id=4692576033]
netris_link.ew_gpu_links["swp6@sw-hardwarefree-plane3-leaf07--eth6@gpu-hardwarefree-023"]: Creating...
netris_link.ew_gpu_links["swp10@sw-hardwarefree-plane4-leaf08--eth8@gpu-hardwarefree-040"]: Creation complete after 0s [id=4720906607]
netris_link.ew_gpu_links["swp15@sw-hardwarefree-plane1-leaf06--eth1@gpu-hardwarefree-062"]: Creating...
netris_link.ew_gpu_links["swp7@sw-hardwarefree-plane2-leaf08--eth3@gpu-hardwarefree-032"]: Creation complete after 0s [id=4687927068]
netris_link.ew_gpu_links["swp12@sw-hardwarefree-plane3-leaf05--eth6@gpu-hardwarefree-045"]: Creating...
netris_link.ew_gpu_links["swp8@sw-hardwarefree-plane1-leaf05--eth2@gpu-hardwarefree-029"]: Creation complete after 0s [id=4701589903]
netris_link.ew_gpu_links["swp16@sw-hardwarefree-plane3-leaf06--eth6@gpu-hardwarefree-062"]: Creating...
netris_link.ew_gpu_links["swp1@sw-hardwarefree-plane1-leaf03--eth1@gpu-hardwarefree-003"]: Creation complete after 0s [id=4760537059]
netris_link.ew_gpu_links["swp11@sw-hardwarefree-plane2-leaf08--eth3@gpu-hardwarefree-048"]: Creating...
netris_link.ew_gpu_links["swp14@sw-hardwarefree-plane2-leaf02--eth4@gpu-hardwarefree-050"]: Creation complete after 0s [id=4644455340]
netris_link.ew_gpu_links["swp5@sw-hardwarefree-plane3-leaf06--eth5@gpu-hardwarefree-022"]: Creating...
netris_link.ew_gpu_links["swp2@sw-hardwarefree-plane1-leaf02--eth2@gpu-hardwarefree-002"]: Creation complete after 0s [id=4701201747]
netris_link.ew_gpu_links["swp11@sw-hardwarefree-plane1-leaf05--eth1@gpu-hardwarefree-045"]: Creating...
netris_link.ew_gpu_links["swp15@sw-hardwarefree-plane2-leaf04--eth3@gpu-hardwarefree-060"]: Creation complete after 0s [id=4672543650]
netris_link.ew_gpu_links["swp8@sw-hardwarefree-plane1-leaf02--eth2@gpu-hardwarefree-026"]: Creating...
netris_link.ew_gpu_links["swp8@sw-hardwarefree-plane2-leaf02--eth4@gpu-hardwarefree-026"]: Creation complete after 0s [id=4682119401]
netris_link.ew_gpu_links["swp1@sw-hardwarefree-plane1-leaf06--eth1@gpu-hardwarefree-006"]: Creating...
netris_link.ew_gpu_links["swp14@sw-hardwarefree-plane1-leaf02--eth2@gpu-hardwarefree-050"]: Creation complete after 0s [id=4707700735]
netris_link.storage_links["swp22@sw-hardwarefree-frontend-leaf06--eth2@srv-hardwarefree-storage04"]: Creating...
netris_link.ew_gpu_links["swp6@sw-hardwarefree-plane3-leaf07--eth6@gpu-hardwarefree-023"]: Creation complete after 0s [id=4701880853]
netris_link.ew_switch_links["swp25@sw-hardwarefree-plane2-spine02--swp29@sw-hardwarefree-plane2-leaf07"]: Creating...
netris_link.ew_gpu_links["swp15@sw-hardwarefree-plane1-leaf06--eth1@gpu-hardwarefree-062"]: Creation complete after 0s [id=4756049424]
netris_link.ns_gpu_links["swp7@sw-hardwarefree-frontend-leaf01--eth9@gpu-hardwarefree-019"]: Creating...
netris_link.ew_gpu_links["swp12@sw-hardwarefree-plane3-leaf05--eth6@gpu-hardwarefree-045"]: Creation complete after 0s [id=4673510472]
netris_link.storage_links["swp22@sw-hardwarefree-frontend-leaf04--eth2@srv-hardwarefree-storage02"]: Creating...
netris_link.ew_gpu_links["swp16@sw-hardwarefree-plane3-leaf06--eth6@gpu-hardwarefree-062"]: Creation complete after 0s [id=4644937280]
netris_link.ew_gpu_links["swp11@sw-hardwarefree-plane2-leaf08--eth3@gpu-hardwarefree-048"]: Creation complete after 0s [id=4675541080]
netris_link.ew_gpu_links["swp5@sw-hardwarefree-plane3-leaf06--eth5@gpu-hardwarefree-022"]: Creation complete after 0s [id=4688411566]
netris_link.ew_switch_links["swp32@sw-hardwarefree-plane3-spine02--swp32@sw-hardwarefree-plane3-leaf08"]: Creating...
netris_link.ew_switch_links["swp20@sw-hardwarefree-plane2-spine01--swp28@sw-hardwarefree-plane2-leaf05"]: Creating...
netris_link.storage_links["swp23@sw-hardwarefree-frontend-leaf04--eth1@srv-hardwarefree-storage03"]: Creating...
netris_link.ew_gpu_links["swp11@sw-hardwarefree-plane1-leaf05--eth1@gpu-hardwarefree-045"]: Creation complete after 0s [id=4669837368]
netris_link.ns_gpu_links["swp3@sw-hardwarefree-frontend-leaf05--eth9@gpu-hardwarefree-009"]: Creating...
netris_link.ew_gpu_links["swp1@sw-hardwarefree-plane1-leaf06--eth1@gpu-hardwarefree-006"]: Creation complete after 0s [id=4779387788]
netris_link.ew_gpu_links["swp15@sw-hardwarefree-plane1-leaf07--eth1@gpu-hardwarefree-063"]: Creating...
netris_link.ew_gpu_links["swp8@sw-hardwarefree-plane1-leaf02--eth2@gpu-hardwarefree-026"]: Creation complete after 0s [id=4745619856]
netris_link.ns_gpu_links["swp17@sw-hardwarefree-frontend-leaf05--eth9@gpu-hardwarefree-051"]: Creating...
netris_link.ew_switch_links["swp25@sw-hardwarefree-plane2-spine02--swp29@sw-hardwarefree-plane2-leaf07"]: Creation complete after 0s [id=4855952206]
netris_link.ns_gpu_links["swp7@sw-hardwarefree-frontend-leaf01--eth9@gpu-hardwarefree-019"]: Creation complete after 0s [id=4632897103]
netris_link.storage_links["swp22@sw-hardwarefree-frontend-leaf06--eth2@srv-hardwarefree-storage04"]: Creation complete after 0s [id=4615778803]
netris_link.storage_links["swp22@sw-hardwarefree-frontend-leaf05--eth2@srv-hardwarefree-storage03"]: Creating...
netris_link.ew_gpu_links["swp16@sw-hardwarefree-plane2-leaf06--eth4@gpu-hardwarefree-062"]: Creating...
netris_link.ns_gpu_links["swp18@sw-hardwarefree-frontend-leaf01--eth9@gpu-hardwarefree-052"]: Creating...
netris_link.storage_links["swp22@sw-hardwarefree-frontend-leaf04--eth2@srv-hardwarefree-storage02"]: Creation complete after 1s [id=4730919926]
netris_link.storage_links["swp23@sw-hardwarefree-frontend-leaf02--eth1@srv-hardwarefree-storage01"]: Creating...
netris_link.ew_switch_links["swp20@sw-hardwarefree-plane2-spine01--swp28@sw-hardwarefree-plane2-leaf05"]: Creation complete after 1s [id=4726933556]
netris_link.ew_switch_links["swp11@sw-hardwarefree-plane3-spine01--swp27@sw-hardwarefree-plane3-leaf03"]: Creating...
netris_link.ew_switch_links["swp32@sw-hardwarefree-plane3-spine02--swp32@sw-hardwarefree-plane3-leaf08"]: Creation complete after 1s [id=4709836608]
netris_link.ew_gpu_links["swp16@sw-hardwarefree-plane4-leaf08--eth8@gpu-hardwarefree-064"]: Creating...
netris_link.storage_links["swp23@sw-hardwarefree-frontend-leaf04--eth1@srv-hardwarefree-storage03"]: Creation complete after 1s [id=4728682922]
netris_link.ns_gpu_links["swp19@sw-hardwarefree-frontend-leaf01--eth9@gpu-hardwarefree-055"]: Creating...
netris_link.ns_gpu_links["swp17@sw-hardwarefree-frontend-leaf05--eth9@gpu-hardwarefree-051"]: Creation complete after 1s [id=4645226757]
netris_link.ew_switch_links["swp31@sw-hardwarefree-plane4-spine01--swp27@sw-hardwarefree-plane4-leaf08"]: Creating...
netris_link.ew_gpu_links["swp15@sw-hardwarefree-plane1-leaf07--eth1@gpu-hardwarefree-063"]: Creation complete after 1s [id=4732963468]
netris_link.ew_switch_links["swp12@sw-hardwarefree-plane4-spine01--swp28@sw-hardwarefree-plane4-leaf03"]: Creating...
netris_link.ns_gpu_links["swp3@sw-hardwarefree-frontend-leaf05--eth9@gpu-hardwarefree-009"]: Creation complete after 1s [id=4623757223]
netris_link.ns_gpu_links["swp14@sw-hardwarefree-frontend-leaf02--eth10@gpu-hardwarefree-040"]: Creating...
netris_link.storage_links["swp22@sw-hardwarefree-frontend-leaf05--eth2@srv-hardwarefree-storage03"]: Creation complete after 1s [id=4595815675]
netris_link.ew_switch_links["swp3@sw-hardwarefree-plane2-spine01--swp27@sw-hardwarefree-plane2-leaf01"]: Creating...
netris_link.ew_gpu_links["swp16@sw-hardwarefree-plane2-leaf06--eth4@gpu-hardwarefree-062"]: Creation complete after 1s [id=4717506153]
netris_link.ew_switch_links["swp31@sw-hardwarefree-plane1-spine02--swp31@sw-hardwarefree-plane1-leaf08"]: Creating...
netris_link.ns_gpu_links["swp18@sw-hardwarefree-frontend-leaf01--eth9@gpu-hardwarefree-052"]: Creation complete after 1s [id=4654098382]
netris_link.storage_links["swp23@sw-hardwarefree-frontend-leaf05--eth1@srv-hardwarefree-storage04"]: Creating...
netris_link.storage_links["swp23@sw-hardwarefree-frontend-leaf02--eth1@srv-hardwarefree-storage01"]: Creation complete after 0s [id=4630971969]
netris_link.ew_switch_links["swp32@sw-hardwarefree-plane1-spine02--swp32@sw-hardwarefree-plane1-leaf08"]: Creating...
netris_link.ew_switch_links["swp11@sw-hardwarefree-plane3-spine01--swp27@sw-hardwarefree-plane3-leaf03"]: Creation complete after 0s [id=4939881684]
netris_link.ew_switch_links["swp28@sw-hardwarefree-plane1-spine01--swp28@sw-hardwarefree-plane1-leaf07"]: Creating...
netris_link.ns_gpu_links["swp19@sw-hardwarefree-frontend-leaf01--eth9@gpu-hardwarefree-055"]: Creation complete after 0s [id=4662689017]
netris_link.ns_gpu_links["swp6@sw-hardwarefree-frontend-leaf04--eth10@gpu-hardwarefree-017"]: Creating...
netris_link.ew_gpu_links["swp16@sw-hardwarefree-plane4-leaf08--eth8@gpu-hardwarefree-064"]: Creation complete after 0s [id=4712942064]
netris_link.ew_switch_links["swp18@sw-hardwarefree-plane1-spine02--swp30@sw-hardwarefree-plane1-leaf05"]: Creating...
netris_link.ew_switch_links["swp31@sw-hardwarefree-plane4-spine01--swp27@sw-hardwarefree-plane4-leaf08"]: Creation complete after 0s [id=4846890470]
netris_link.storage_links["swp22@sw-hardwarefree-frontend-leaf03--eth2@srv-hardwarefree-storage01"]: Creating...
netris_link.ew_switch_links["swp12@sw-hardwarefree-plane4-spine01--swp28@sw-hardwarefree-plane4-leaf03"]: Creation complete after 0s [id=4865615464]
netris_link.ns_gpu_links["swp15@sw-hardwarefree-frontend-leaf06--eth10@gpu-hardwarefree-045"]: Creating...
netris_link.ns_gpu_links["swp14@sw-hardwarefree-frontend-leaf02--eth10@gpu-hardwarefree-040"]: Creation complete after 0s [id=4667228718]
netris_link.ew_gpu_links["swp12@sw-hardwarefree-plane2-leaf04--eth4@gpu-hardwarefree-044"]: Creating...
netris_link.ew_switch_links["swp3@sw-hardwarefree-plane2-spine01--swp27@sw-hardwarefree-plane2-leaf01"]: Creation complete after 0s [id=4764148968]
netris_link.ew_switch_links["swp14@sw-hardwarefree-plane3-spine01--swp26@sw-hardwarefree-plane3-leaf04"]: Creating...
netris_link.ew_switch_links["swp31@sw-hardwarefree-plane1-spine02--swp31@sw-hardwarefree-plane1-leaf08"]: Creation complete after 0s [id=4773523884]
netris_link.ew_switch_links["swp14@sw-hardwarefree-plane1-spine02--swp30@sw-hardwarefree-plane1-leaf04"]: Creating...
netris_link.ew_switch_links["swp32@sw-hardwarefree-plane1-spine02--swp32@sw-hardwarefree-plane1-leaf08"]: Creation complete after 0s [id=4773719304]
netris_link.ew_switch_links["swp4@sw-hardwarefree-plane3-spine02--swp32@sw-hardwarefree-plane3-leaf01"]: Creating...
netris_link.storage_links["swp23@sw-hardwarefree-frontend-leaf05--eth1@srv-hardwarefree-storage04"]: Creation complete after 0s [id=4597349778]
netris_link.ew_gpu_links["swp4@sw-hardwarefree-plane2-leaf03--eth4@gpu-hardwarefree-011"]: Creating...
netris_link.ns_gpu_links["swp6@sw-hardwarefree-frontend-leaf04--eth10@gpu-hardwarefree-017"]: Creation complete after 0s [id=4756342125]
netris_link.ew_switch_links["swp19@sw-hardwarefree-plane4-spine01--swp27@sw-hardwarefree-plane4-leaf05"]: Creating...
netris_link.ew_switch_links["swp28@sw-hardwarefree-plane1-spine01--swp28@sw-hardwarefree-plane1-leaf07"]: Creation complete after 0s [id=4834099416]
netris_link.ns_gpu_links["swp19@sw-hardwarefree-frontend-leaf05--eth9@gpu-hardwarefree-057"]: Creating...
netris_link.ew_switch_links["swp18@sw-hardwarefree-plane1-spine02--swp30@sw-hardwarefree-plane1-leaf05"]: Creation complete after 0s [id=4836459478]
netris_link.ew_switch_links["swp16@sw-hardwarefree-plane3-spine02--swp32@sw-hardwarefree-plane3-leaf04"]: Creating...
netris_link.ns_gpu_links["swp15@sw-hardwarefree-frontend-leaf06--eth10@gpu-hardwarefree-045"]: Creation complete after 0s [id=4620199617]
netris_link.storage_links["swp22@sw-hardwarefree-frontend-leaf03--eth2@srv-hardwarefree-storage01"]: Creation complete after 0s [id=4606367682]
netris_link.ns_gpu_links["swp1@sw-hardwarefree-frontend-leaf03--eth9@gpu-hardwarefree-002"]: Creating...
netris_link.ew_switch_links["swp32@sw-hardwarefree-plane4-spine01--swp28@sw-hardwarefree-plane4-leaf08"]: Creating...
netris_link.ew_gpu_links["swp12@sw-hardwarefree-plane2-leaf04--eth4@gpu-hardwarefree-044"]: Creation complete after 0s [id=4694416724]
netris_link.ew_switch_links["swp14@sw-hardwarefree-plane1-spine02--swp30@sw-hardwarefree-plane1-leaf04"]: Creation complete after 0s [id=4854967236]
netris_link.ew_gpu_links["swp16@sw-hardwarefree-plane3-leaf01--eth6@gpu-hardwarefree-057"]: Creating...
netris_link.ew_gpu_links["swp14@sw-hardwarefree-plane2-leaf06--eth4@gpu-hardwarefree-054"]: Creating...
netris_link.ew_switch_links["swp4@sw-hardwarefree-plane3-spine02--swp32@sw-hardwarefree-plane3-leaf01"]: Creation complete after 0s [id=4794457522]
netris_link.ew_switch_links["swp26@sw-hardwarefree-plane1-spine01--swp26@sw-hardwarefree-plane1-leaf07"]: Creating...
netris_link.ew_switch_links["swp14@sw-hardwarefree-plane3-spine01--swp26@sw-hardwarefree-plane3-leaf04"]: Creation complete after 0s [id=4919427014]
netris_link.ew_gpu_links["swp8@sw-hardwarefree-plane2-leaf04--eth4@gpu-hardwarefree-028"]: Creating...
netris_link.ew_gpu_links["swp4@sw-hardwarefree-plane2-leaf03--eth4@gpu-hardwarefree-011"]: Creation complete after 0s [id=4632801071]
netris_link.ew_switch_links["swp5@sw-hardwarefree-plane4-spine01--swp25@sw-hardwarefree-plane4-leaf02"]: Creating...
netris_link.ns_gpu_links["swp19@sw-hardwarefree-frontend-leaf05--eth9@gpu-hardwarefree-057"]: Creation complete after 0s [id=4607327698]
netris_link.ns_gpu_links["swp20@sw-hardwarefree-frontend-leaf04--eth10@gpu-hardwarefree-059"]: Creating...
netris_link.ew_switch_links["swp19@sw-hardwarefree-plane4-spine01--swp27@sw-hardwarefree-plane4-leaf05"]: Creation complete after 0s [id=4891495424]
netris_link.ew_switch_links["swp23@sw-hardwarefree-plane1-spine02--swp31@sw-hardwarefree-plane1-leaf06"]: Creating...
netris_link.ns_gpu_links["swp1@sw-hardwarefree-frontend-leaf03--eth9@gpu-hardwarefree-002"]: Creation complete after 0s [id=4616835845]
netris_link.ew_gpu_links["swp12@sw-hardwarefree-plane2-leaf08--eth4@gpu-hardwarefree-048"]: Creating...
netris_link.ew_switch_links["swp16@sw-hardwarefree-plane3-spine02--swp32@sw-hardwarefree-plane3-leaf04"]: Creation complete after 0s [id=4781540320]
netris_link.ew_gpu_links["swp15@sw-hardwarefree-plane1-leaf04--eth1@gpu-hardwarefree-060"]: Creating...
netris_link.ew_switch_links["swp32@sw-hardwarefree-plane4-spine01--swp28@sw-hardwarefree-plane4-leaf08"]: Creation complete after 0s [id=4847087386]
netris_link.ew_gpu_links["swp13@sw-hardwarefree-plane4-leaf02--eth7@gpu-hardwarefree-050"]: Creating...
netris_link.ew_gpu_links["swp16@sw-hardwarefree-plane3-leaf01--eth6@gpu-hardwarefree-057"]: Creation complete after 0s [id=4721100702]
netris_link.ew_gpu_links["swp3@sw-hardwarefree-plane3-leaf04--eth5@gpu-hardwarefree-012"]: Creating...
netris_link.ew_gpu_links["swp14@sw-hardwarefree-plane2-leaf06--eth4@gpu-hardwarefree-054"]: Creation complete after 0s [id=4747276130]
netris_link.ns_gpu_links["swp16@sw-hardwarefree-frontend-leaf05--eth9@gpu-hardwarefree-048"]: Creating...
netris_link.ew_switch_links["swp26@sw-hardwarefree-plane1-spine01--swp26@sw-hardwarefree-plane1-leaf07"]: Creation complete after 0s [id=4833706116]
netris_link.ew_gpu_links["swp4@sw-hardwarefree-plane2-leaf02--eth4@gpu-hardwarefree-010"]: Creating...
netris_link.ew_gpu_links["swp8@sw-hardwarefree-plane2-leaf04--eth4@gpu-hardwarefree-028"]: Creation complete after 0s [id=4675927737]
netris_link.ew_gpu_links["swp15@sw-hardwarefree-plane2-leaf03--eth3@gpu-hardwarefree-059"]: Creating...
netris_link.ns_gpu_links["swp20@sw-hardwarefree-frontend-leaf04--eth10@gpu-hardwarefree-059"]: Creation complete after 0s [id=4786723390]
netris_link.ns_gpu_links["swp9@sw-hardwarefree-frontend-leaf02--eth10@gpu-hardwarefree-025"]: Creating...
netris_link.ew_switch_links["swp5@sw-hardwarefree-plane4-spine01--swp25@sw-hardwarefree-plane4-leaf02"]: Creation complete after 0s [id=4773524038]
netris_link.ew_gpu_links["swp14@sw-hardwarefree-plane4-leaf05--eth8@gpu-hardwarefree-053"]: Creating...
netris_link.ew_switch_links["swp23@sw-hardwarefree-plane1-spine02--swp31@sw-hardwarefree-plane1-leaf06"]: Creation complete after 0s [id=4911297192]
netris_link.ew_gpu_links["swp14@sw-hardwarefree-plane2-leaf05--eth4@gpu-hardwarefree-053"]: Creating...
netris_link.ew_gpu_links["swp12@sw-hardwarefree-plane2-leaf08--eth4@gpu-hardwarefree-048"]: Creation complete after 0s [id=4675734484]
netris_link.ew_gpu_links["swp15@sw-hardwarefree-plane2-leaf08--eth3@gpu-hardwarefree-064"]: Creating...
netris_link.ew_gpu_links["swp15@sw-hardwarefree-plane1-leaf04--eth1@gpu-hardwarefree-060"]: Creation complete after 0s [id=4681634999]
netris_link.ew_gpu_links["swp8@sw-hardwarefree-plane1-leaf07--eth2@gpu-hardwarefree-031"]: Creating...
netris_link.ew_gpu_links["swp13@sw-hardwarefree-plane4-leaf02--eth7@gpu-hardwarefree-050"]: Creation complete after 0s [id=4632319590]
netris_link.ew_gpu_links["swp5@sw-hardwarefree-plane2-leaf03--eth3@gpu-hardwarefree-019"]: Creating...
netris_link.ew_gpu_links["swp3@sw-hardwarefree-plane3-leaf04--eth5@gpu-hardwarefree-012"]: Creation complete after 0s [id=4701492618]
netris_link.ew_gpu_links["swp11@sw-hardwarefree-plane1-leaf07--eth1@gpu-hardwarefree-047"]: Creating...
netris_link.ns_gpu_links["swp16@sw-hardwarefree-frontend-leaf05--eth9@gpu-hardwarefree-048"]: Creation complete after 0s [id=4613377276]
netris_link.ew_gpu_links["swp15@sw-hardwarefree-plane1-leaf08--eth1@gpu-hardwarefree-064"]: Creating...
netris_link.ew_gpu_links["swp4@sw-hardwarefree-plane2-leaf02--eth4@gpu-hardwarefree-010"]: Creation complete after 0s [id=4636074118]
netris_link.ew_switch_links["swp14@sw-hardwarefree-plane2-spine01--swp26@sw-hardwarefree-plane2-leaf04"]: Creating...
netris_link.ew_gpu_links["swp15@sw-hardwarefree-plane2-leaf03--eth3@gpu-hardwarefree-059"]: Creation complete after 0s [id=4654966965]
netris_link.ew_switch_links["swp5@sw-hardwarefree-plane2-spine01--swp25@sw-hardwarefree-plane2-leaf02"]: Creating...
netris_link.ns_gpu_links["swp9@sw-hardwarefree-frontend-leaf02--eth10@gpu-hardwarefree-025"]: Creation complete after 0s [id=4663558056]
netris_link.ew_gpu_links["swp13@sw-hardwarefree-plane2-leaf06--eth3@gpu-hardwarefree-054"]: Creating...
netris_link.ew_gpu_links["swp14@sw-hardwarefree-plane4-leaf05--eth8@gpu-hardwarefree-053"]: Creation complete after 0s [id=4755756902]
netris_link.ew_gpu_links["swp2@sw-hardwarefree-plane1-leaf05--eth2@gpu-hardwarefree-005"]: Creating...
netris_link.ew_gpu_links["swp15@sw-hardwarefree-plane2-leaf08--eth3@gpu-hardwarefree-064"]: Creation complete after 0s [id=4684441846]
netris_link.ew_gpu_links["swp14@sw-hardwarefree-plane2-leaf05--eth4@gpu-hardwarefree-053"]: Creation complete after 0s [id=4634437472]
netris_link.ns_gpu_links["swp19@sw-hardwarefree-frontend-leaf06--eth10@gpu-hardwarefree-057"]: Creating...
netris_link.ew_gpu_links["swp11@sw-hardwarefree-plane3-leaf08--eth5@gpu-hardwarefree-048"]: Creating...
netris_link.ew_gpu_links["swp5@sw-hardwarefree-plane2-leaf03--eth3@gpu-hardwarefree-019"]: Creation complete after 0s [id=4610592037]
netris_link.ew_gpu_links["swp7@sw-hardwarefree-plane4-leaf04--eth7@gpu-hardwarefree-028"]: Creating...
netris_link.ew_gpu_links["swp8@sw-hardwarefree-plane1-leaf07--eth2@gpu-hardwarefree-031"]: Creation complete after 0s [id=4673703807]
netris_link.ew_gpu_links["swp7@sw-hardwarefree-plane3-leaf03--eth5@gpu-hardwarefree-027"]: Creating...
netris_link.ew_gpu_links["swp11@sw-hardwarefree-plane1-leaf07--eth1@gpu-hardwarefree-047"]: Creation complete after 1s [id=4691994657]
netris_link.ew_gpu_links["swp3@sw-hardwarefree-plane3-leaf01--eth5@gpu-hardwarefree-009"]: Creating...
netris_link.ew_switch_links["swp14@sw-hardwarefree-plane2-spine01--swp26@sw-hardwarefree-plane2-leaf04"]: Creation complete after 1s [id=4790149526]
netris_link.ew_gpu_links["swp2@sw-hardwarefree-plane1-leaf01--eth2@gpu-hardwarefree-001"]: Creating...
netris_link.ew_gpu_links["swp15@sw-hardwarefree-plane1-leaf08--eth1@gpu-hardwarefree-064"]: Creation complete after 1s [id=4627123517]
netris_link.ew_gpu_links["swp6@sw-hardwarefree-plane1-leaf07--eth2@gpu-hardwarefree-023"]: Creating...
netris_link.ew_gpu_links["swp13@sw-hardwarefree-plane2-leaf06--eth3@gpu-hardwarefree-054"]: Creation complete after 1s [id=4747081252]
netris_link.ew_gpu_links["swp4@sw-hardwarefree-plane4-leaf04--eth8@gpu-hardwarefree-012"]: Creating...
netris_link.ew_gpu_links["swp2@sw-hardwarefree-plane1-leaf05--eth2@gpu-hardwarefree-005"]: Creation complete after 1s [id=4663654305]
netris_link.ew_gpu_links["swp9@sw-hardwarefree-plane1-leaf04--eth1@gpu-hardwarefree-036"]: Creating...
netris_link.ew_switch_links["swp5@sw-hardwarefree-plane2-spine01--swp25@sw-hardwarefree-plane2-leaf02"]: Creation complete after 1s [id=4743866990]
netris_link.ew_gpu_links["swp12@sw-hardwarefree-plane4-leaf07--eth8@gpu-hardwarefree-047"]: Creating...
netris_link.ns_gpu_links["swp19@sw-hardwarefree-frontend-leaf06--eth10@gpu-hardwarefree-057"]: Creation complete after 1s [id=4625872876]
netris_link.ew_gpu_links["swp11@sw-hardwarefree-plane1-leaf08--eth1@gpu-hardwarefree-048"]: Creating...
netris_link.ew_gpu_links["swp11@sw-hardwarefree-plane3-leaf08--eth5@gpu-hardwarefree-048"]: Creation complete after 1s [id=4640215677]
netris_link.ew_gpu_links["swp4@sw-hardwarefree-plane4-leaf08--eth8@gpu-hardwarefree-016"]: Creating...
netris_link.ew_gpu_links["swp7@sw-hardwarefree-plane4-leaf04--eth7@gpu-hardwarefree-028"]: Creation complete after 1s [id=4749127191]
netris_link.ew_gpu_links["swp6@sw-hardwarefree-plane2-leaf03--eth4@gpu-hardwarefree-019"]: Creating...
netris_link.ew_gpu_links["swp7@sw-hardwarefree-plane3-leaf03--eth5@gpu-hardwarefree-027"]: Creation complete after 1s [id=4719934661]
netris_link.ew_gpu_links["swp15@sw-hardwarefree-plane3-leaf06--eth5@gpu-hardwarefree-062"]: Creating...
netris_link.ew_gpu_links["swp3@sw-hardwarefree-plane3-leaf01--eth5@gpu-hardwarefree-009"]: Creation complete after 0s [id=4737926349]
netris_link.ew_gpu_links["swp1@sw-hardwarefree-plane1-leaf08--eth1@gpu-hardwarefree-008"]: Creating...
netris_link.ew_gpu_links["swp6@sw-hardwarefree-plane1-leaf07--eth2@gpu-hardwarefree-023"]: Creation complete after 0s [id=4710806551]
netris_link.ew_gpu_links["swp16@sw-hardwarefree-plane4-leaf06--eth8@gpu-hardwarefree-062"]: Creating...
netris_link.ew_gpu_links["swp2@sw-hardwarefree-plane1-leaf01--eth2@gpu-hardwarefree-001"]: Creation complete after 0s [id=4798765686]
netris_link.ew_gpu_links["swp11@sw-hardwarefree-plane4-leaf06--eth7@gpu-hardwarefree-046"]: Creating...
netris_link.ew_gpu_links["swp4@sw-hardwarefree-plane4-leaf04--eth8@gpu-hardwarefree-012"]: Creation complete after 0s [id=4753221375]
netris_link.ew_gpu_links["swp9@sw-hardwarefree-plane3-leaf04--eth5@gpu-hardwarefree-036"]: Creating...
netris_link.ew_gpu_links["swp9@sw-hardwarefree-plane1-leaf04--eth1@gpu-hardwarefree-036"]: Creation complete after 0s [id=4721295326]
netris_link.ew_gpu_links["swp16@sw-hardwarefree-plane1-leaf08--eth2@gpu-hardwarefree-064"]: Creating...
netris_link.ew_gpu_links["swp11@sw-hardwarefree-plane1-leaf08--eth1@gpu-hardwarefree-048"]: Creation complete after 0s [id=4618277399]
netris_link.ew_gpu_links["swp11@sw-hardwarefree-plane2-leaf04--eth3@gpu-hardwarefree-044"]: Creating...
netris_link.ew_gpu_links["swp12@sw-hardwarefree-plane4-leaf07--eth8@gpu-hardwarefree-047"]: Creation complete after 0s [id=4614049732]
netris_link.ew_gpu_links["swp16@sw-hardwarefree-plane4-leaf01--eth8@gpu-hardwarefree-057"]: Creating...
netris_link.ew_gpu_links["swp6@sw-hardwarefree-plane2-leaf03--eth4@gpu-hardwarefree-019"]: Creation complete after 0s [id=4610784093]
netris_link.ew_gpu_links["swp10@sw-hardwarefree-plane2-leaf06--eth4@gpu-hardwarefree-038"]: Creating...
netris_link.ew_gpu_links["swp4@sw-hardwarefree-plane4-leaf08--eth8@gpu-hardwarefree-016"]: Creation complete after 0s [id=4733157908]
netris_link.ns_gpu_links["swp2@sw-hardwarefree-frontend-leaf01--eth9@gpu-hardwarefree-004"]: Creating...
netris_link.ew_gpu_links["swp15@sw-hardwarefree-plane3-leaf06--eth5@gpu-hardwarefree-062"]: Creation complete after 0s [id=4644744514]
netris_link.ew_gpu_links["swp5@sw-hardwarefree-plane1-leaf08--eth1@gpu-hardwarefree-024"]: Creating...
netris_link.ew_gpu_links["swp1@sw-hardwarefree-plane1-leaf08--eth1@gpu-hardwarefree-008"]: Creation complete after 0s [id=4624718856]
netris_link.ew_gpu_links["swp11@sw-hardwarefree-plane4-leaf03--eth7@gpu-hardwarefree-043"]: Creating...
netris_link.ew_gpu_links["swp16@sw-hardwarefree-plane4-leaf06--eth8@gpu-hardwarefree-062"]: Creation complete after 0s [id=4671383899]
netris_link.ew_gpu_links["swp2@sw-hardwarefree-plane3-leaf07--eth6@gpu-hardwarefree-007"]: Creating...
netris_link.ew_gpu_links["swp9@sw-hardwarefree-plane3-leaf04--eth5@gpu-hardwarefree-036"]: Creation complete after 0s [id=4734130812]
netris_link.ns_gpu_links["swp13@sw-hardwarefree-frontend-leaf04--eth10@gpu-hardwarefree-038"]: Creating...
netris_link.ew_gpu_links["swp11@sw-hardwarefree-plane4-leaf06--eth7@gpu-hardwarefree-046"]: Creation complete after 0s [id=4679313263]
netris_link.ew_gpu_links["swp8@sw-hardwarefree-plane1-leaf06--eth2@gpu-hardwarefree-030"]: Creating...
netris_link.ew_gpu_links["swp16@sw-hardwarefree-plane1-leaf08--eth2@gpu-hardwarefree-064"]: Creation complete after 0s [id=4627315917]
netris_link.ew_gpu_links["swp13@sw-hardwarefree-plane3-leaf07--eth5@gpu-hardwarefree-055"]: Creating...
netris_link.ew_gpu_links["swp16@sw-hardwarefree-plane4-leaf01--eth8@gpu-hardwarefree-057"]: Creation complete after 0s [id=4724405079]
netris_link.ew_gpu_links["swp15@sw-hardwarefree-plane4-leaf02--eth7@gpu-hardwarefree-058"]: Creating...
netris_link.ew_gpu_links["swp11@sw-hardwarefree-plane2-leaf04--eth3@gpu-hardwarefree-044"]: Creation complete after 0s [id=4694222934]
netris_link.ew_gpu_links["swp9@sw-hardwarefree-plane4-leaf02--eth7@gpu-hardwarefree-034"]: Creating...
netris_link.ew_gpu_links["swp11@sw-hardwarefree-plane4-leaf03--eth7@gpu-hardwarefree-043"]: Creation complete after 0s [id=4757220186]
netris_link.ns_gpu_links["swp2@sw-hardwarefree-frontend-leaf01--eth9@gpu-hardwarefree-004"]: Creation complete after 0s [id=4655738694]
netris_link.ew_gpu_links["swp10@sw-hardwarefree-plane2-leaf06--eth4@gpu-hardwarefree-038"]: Creation complete after 0s [id=4757610445]
netris_link.ew_gpu_links["swp5@sw-hardwarefree-plane1-leaf08--eth1@gpu-hardwarefree-024"]: Creation complete after 0s [id=4612416708]
netris_link.ew_gpu_links["swp7@sw-hardwarefree-plane4-leaf07--eth7@gpu-hardwarefree-031"]: Creating...
netris_link.ew_gpu_links["swp3@sw-hardwarefree-plane1-leaf07--eth1@gpu-hardwarefree-015"]: Creating...
netris_link.ew_gpu_links["swp2@sw-hardwarefree-plane3-leaf03--eth6@gpu-hardwarefree-003"]: Creating...
netris_link.ew_gpu_links["swp8@sw-hardwarefree-plane3-leaf01--eth6@gpu-hardwarefree-025"]: Creating...
netris_link.ew_gpu_links["swp2@sw-hardwarefree-plane3-leaf07--eth6@gpu-hardwarefree-007"]: Creation complete after 0s [id=4683377159]
netris_link.ew_gpu_links["swp2@sw-hardwarefree-plane3-leaf02--eth6@gpu-hardwarefree-002"]: Creating...
netris_link.ns_gpu_links["swp13@sw-hardwarefree-frontend-leaf04--eth10@gpu-hardwarefree-038"]: Creation complete after 0s [id=4788191177]
netris_link.ew_gpu_links["swp3@sw-hardwarefree-plane1-leaf02--eth1@gpu-hardwarefree-010"]: Creating...
netris_link.ew_gpu_links["swp13@sw-hardwarefree-plane3-leaf07--eth5@gpu-hardwarefree-055"]: Creation complete after 0s [id=4703529540]
netris_link.ns_gpu_links["swp1@sw-hardwarefree-frontend-leaf01--eth9@gpu-hardwarefree-001"]: Creating...
netris_link.ew_gpu_links["swp15@sw-hardwarefree-plane4-leaf02--eth7@gpu-hardwarefree-058"]: Creation complete after 0s [id=4684539072]
netris_link.ew_gpu_links["swp10@sw-hardwarefree-plane3-leaf03--eth6@gpu-hardwarefree-035"]: Creating...
netris_link.ew_gpu_links["swp8@sw-hardwarefree-plane1-leaf06--eth2@gpu-hardwarefree-030"]: Creation complete after 0s [id=4788778261]
netris_link.ew_gpu_links["swp13@sw-hardwarefree-plane4-leaf08--eth7@gpu-hardwarefree-056"]: Creating...
netris_link.ew_gpu_links["swp3@sw-hardwarefree-plane1-leaf07--eth1@gpu-hardwarefree-015"]: Creation complete after 0s [id=4678442455]
netris_link.ew_gpu_links["swp6@sw-hardwarefree-plane3-leaf05--eth6@gpu-hardwarefree-021"]: Creating...
netris_link.ew_gpu_links["swp9@sw-hardwarefree-plane4-leaf02--eth7@gpu-hardwarefree-034"]: Creation complete after 0s [id=4661626866]
netris_link.ew_gpu_links["swp8@sw-hardwarefree-plane2-leaf05--eth4@gpu-hardwarefree-029"]: Creating...
netris_link.ew_gpu_links["swp2@sw-hardwarefree-plane3-leaf03--eth6@gpu-hardwarefree-003"]: Creation complete after 0s [id=4754879367]
netris_link.ew_gpu_links["swp6@sw-hardwarefree-plane4-leaf02--eth8@gpu-hardwarefree-018"]: Creating...
netris_link.ew_gpu_links["swp7@sw-hardwarefree-plane4-leaf07--eth7@gpu-hardwarefree-031"]: Creation complete after 0s [id=4595528106]
netris_link.ew_gpu_links["swp12@sw-hardwarefree-plane1-leaf07--eth2@gpu-hardwarefree-047"]: Creating...
netris_link.ew_gpu_links["swp8@sw-hardwarefree-plane3-leaf01--eth6@gpu-hardwarefree-025"]: Creation complete after 0s [id=4740652382]
netris_link.ew_gpu_links["swp10@sw-hardwarefree-plane4-leaf04--eth8@gpu-hardwarefree-036"]: Creating...
netris_link.ew_gpu_links["swp2@sw-hardwarefree-plane3-leaf02--eth6@gpu-hardwarefree-002"]: Creation complete after 0s [id=4650529117]
netris_link.ew_gpu_links["swp15@sw-hardwarefree-plane3-leaf07--eth5@gpu-hardwarefree-063"]: Creating...
netris_link.ew_gpu_links["swp3@sw-hardwarefree-plane1-leaf02--eth1@gpu-hardwarefree-010"]: Creation complete after 0s [id=4699068725]
netris_link.ew_gpu_links["swp6@sw-hardwarefree-plane2-leaf07--eth4@gpu-hardwarefree-023"]: Creating...
netris_link.ns_gpu_links["swp1@sw-hardwarefree-frontend-leaf01--eth9@gpu-hardwarefree-001"]: Creation complete after 0s [id=4674767910]
netris_link.ew_gpu_links["swp5@sw-hardwarefree-plane1-leaf02--eth1@gpu-hardwarefree-018"]: Creating...
netris_link.ew_gpu_links["swp10@sw-hardwarefree-plane3-leaf03--eth6@gpu-hardwarefree-035"]: Creation complete after 0s [id=4729947391]
netris_link.ew_gpu_links["swp12@sw-hardwarefree-plane4-leaf04--eth8@gpu-hardwarefree-044"]: Creating...
netris_link.ew_gpu_links["swp13@sw-hardwarefree-plane4-leaf08--eth7@gpu-hardwarefree-056"]: Creation complete after 0s [id=4752149534]
netris_link.ew_gpu_links["swp5@sw-hardwarefree-plane3-leaf02--eth5@gpu-hardwarefree-018"]: Creating...
netris_link.ew_gpu_links["swp6@sw-hardwarefree-plane3-leaf05--eth6@gpu-hardwarefree-021"]: Creation complete after 0s [id=4727322168]
netris_link.ew_gpu_links["swp2@sw-hardwarefree-plane3-leaf08--eth6@gpu-hardwarefree-008"]: Creating...
netris_link.ew_gpu_links["swp8@sw-hardwarefree-plane2-leaf05--eth4@gpu-hardwarefree-029"]: Creation complete after 0s [id=4647636606]
netris_link.ew_gpu_links["swp12@sw-hardwarefree-plane3-leaf02--eth6@gpu-hardwarefree-042"]: Creating...
netris_link.ew_gpu_links["swp6@sw-hardwarefree-plane4-leaf02--eth8@gpu-hardwarefree-018"]: Creation complete after 0s [id=4680571347]
netris_link.ew_gpu_links["swp14@sw-hardwarefree-plane1-leaf03--eth2@gpu-hardwarefree-051"]: Creating...
netris_link.ew_gpu_links["swp12@sw-hardwarefree-plane1-leaf07--eth2@gpu-hardwarefree-047"]: Creation complete after 0s [id=4692188401]
netris_link.ew_gpu_links["swp8@sw-hardwarefree-plane3-leaf04--eth6@gpu-hardwarefree-028"]: Creating...
netris_link.ew_gpu_links["swp6@sw-hardwarefree-plane2-leaf07--eth4@gpu-hardwarefree-023"]: Creation complete after 0s [id=4678442788]
netris_link.ew_gpu_links["swp1@sw-hardwarefree-plane4-leaf07--eth7@gpu-hardwarefree-007"]: Creating...
netris_link.ew_gpu_links["swp15@sw-hardwarefree-plane3-leaf07--eth5@gpu-hardwarefree-063"]: Creation complete after 0s [id=4724016794]
netris_link.ew_gpu_links["swp16@sw-hardwarefree-plane4-leaf05--eth8@gpu-hardwarefree-061"]: Creating...
netris_link.ew_gpu_links["swp10@sw-hardwarefree-plane4-leaf04--eth8@gpu-hardwarefree-036"]: Creation complete after 0s [id=4786038321]
netris_link.ew_gpu_links["swp10@sw-hardwarefree-plane3-leaf04--eth6@gpu-hardwarefree-036"]: Creating...
netris_link.ew_gpu_links["swp12@sw-hardwarefree-plane4-leaf04--eth8@gpu-hardwarefree-044"]: Creation complete after 1s [id=4767955494]
netris_link.ew_gpu_links["swp2@sw-hardwarefree-plane3-leaf08--eth6@gpu-hardwarefree-008"]: Creation complete after 1s [id=4646865216]
netris_link.ew_gpu_links["swp12@sw-hardwarefree-plane3-leaf02--eth6@gpu-hardwarefree-042"]: Creation complete after 1s [id=4699360082]
netris_link.ew_gpu_links["swp5@sw-hardwarefree-plane1-leaf02--eth1@gpu-hardwarefree-018"]: Creation complete after 1s [id=4755952368]
netris_link.ew_gpu_links["swp5@sw-hardwarefree-plane3-leaf02--eth5@gpu-hardwarefree-018"]: Creation complete after 1s [id=4704984726]
netris_link.ew_gpu_links["swp5@sw-hardwarefree-plane3-leaf03--eth5@gpu-hardwarefree-019"]: Creating...
netris_link.ew_gpu_links["swp9@sw-hardwarefree-plane2-leaf07--eth3@gpu-hardwarefree-039"]: Creating...
netris_link.ew_gpu_links["swp5@sw-hardwarefree-plane3-leaf01--eth5@gpu-hardwarefree-017"]: Creating...
netris_link.ew_gpu_links["swp7@sw-hardwarefree-plane3-leaf05--eth5@gpu-hardwarefree-029"]: Creating...
netris_link.ew_gpu_links["swp1@sw-hardwarefree-plane4-leaf04--eth7@gpu-hardwarefree-004"]: Creating...
netris_link.ew_gpu_links["swp14@sw-hardwarefree-plane1-leaf03--eth2@gpu-hardwarefree-051"]: Creation complete after 1s [id=4771569575]
netris_link.ew_gpu_links["swp12@sw-hardwarefree-plane4-leaf08--eth8@gpu-hardwarefree-048"]: Creating...
netris_link.ew_gpu_links["swp8@sw-hardwarefree-plane3-leaf04--eth6@gpu-hardwarefree-028"]: Creation complete after 1s [id=4697808494]
netris_link.ew_gpu_links["swp2@sw-hardwarefree-plane1-leaf06--eth2@gpu-hardwarefree-006"]: Creating...
netris_link.ew_gpu_links["swp1@sw-hardwarefree-plane4-leaf07--eth7@gpu-hardwarefree-007"]: Creation complete after 1s [id=4613953680]
netris_link.ew_gpu_links["swp9@sw-hardwarefree-plane3-leaf02--eth5@gpu-hardwarefree-034"]: Creating...
netris_link.ew_gpu_links["swp16@sw-hardwarefree-plane4-leaf05--eth8@gpu-hardwarefree-061"]: Creation complete after 1s [id=4793574927]
netris_link.ew_gpu_links["swp5@sw-hardwarefree-plane2-leaf04--eth3@gpu-hardwarefree-020"]: Creating...
netris_link.ew_gpu_links["swp10@sw-hardwarefree-plane3-leaf04--eth6@gpu-hardwarefree-036"]: Creation complete after 1s [id=4734325424]
netris_link.ew_gpu_links["swp15@sw-hardwarefree-plane2-leaf07--eth3@gpu-hardwarefree-063"]: Creating...
netris_link.ew_gpu_links["swp7@sw-hardwarefree-plane3-leaf05--eth5@gpu-hardwarefree-029"]: Creation complete after 0s [id=4704887447]
netris_link.ew_gpu_links["swp14@sw-hardwarefree-plane3-leaf01--eth6@gpu-hardwarefree-049"]: Creating...
netris_link.ew_gpu_links["swp5@sw-hardwarefree-plane3-leaf01--eth5@gpu-hardwarefree-017"]: Creation complete after 0s [id=4737050287]
netris_link.ns_gpu_links["swp19@sw-hardwarefree-frontend-leaf04--eth10@gpu-hardwarefree-056"]: Creating...
netris_link.ew_gpu_links["swp1@sw-hardwarefree-plane4-leaf04--eth7@gpu-hardwarefree-004"]: Creation complete after 0s [id=4782908042]
netris_link.ew_gpu_links["swp1@sw-hardwarefree-plane4-leaf08--eth7@gpu-hardwarefree-008"]: Creating...
netris_link.ew_gpu_links["swp5@sw-hardwarefree-plane3-leaf03--eth5@gpu-hardwarefree-019"]: Creation complete after 0s [id=4728294078]
netris_link.ew_gpu_links["swp16@sw-hardwarefree-plane3-leaf07--eth6@gpu-hardwarefree-063"]: Creating...
netris_link.ew_gpu_links["swp9@sw-hardwarefree-plane2-leaf07--eth3@gpu-hardwarefree-039"]: Creation complete after 0s [id=4704208742]
netris_link.ew_gpu_links["swp3@sw-hardwarefree-plane3-leaf07--eth5@gpu-hardwarefree-015"]: Creating...
netris_link.ew_gpu_links["swp12@sw-hardwarefree-plane4-leaf08--eth8@gpu-hardwarefree-048"]: Creation complete after 0s [id=4704014250]
netris_link.ns_gpu_links["swp16@sw-hardwarefree-frontend-leaf01--eth9@gpu-hardwarefree-046"]: Creating...
netris_link.ew_gpu_links["swp2@sw-hardwarefree-plane1-leaf06--eth2@gpu-hardwarefree-006"]: Creation complete after 0s [id=4779583328]
netris_link.ns_gpu_links["swp19@sw-hardwarefree-frontend-leaf03--eth9@gpu-hardwarefree-056"]: Creating...
netris_link.ew_gpu_links["swp9@sw-hardwarefree-plane3-leaf02--eth5@gpu-hardwarefree-034"]: Creation complete after 0s [id=4686184473]
netris_link.ew_gpu_links["swp6@sw-hardwarefree-plane3-leaf04--eth6@gpu-hardwarefree-020"]: Creating...
netris_link.ew_gpu_links["swp5@sw-hardwarefree-plane2-leaf04--eth3@gpu-hardwarefree-020"]: Creation complete after 0s [id=4727808295]
netris_link.ew_gpu_links["swp3@sw-hardwarefree-plane1-leaf08--eth1@gpu-hardwarefree-016"]: Creating...
netris_link.ew_gpu_links["swp15@sw-hardwarefree-plane2-leaf07--eth3@gpu-hardwarefree-063"]: Creation complete after 0s [id=4700523553]
netris_link.ew_gpu_links["swp9@sw-hardwarefree-plane1-leaf01--eth1@gpu-hardwarefree-033"]: Creating...
netris_link.ew_gpu_links["swp14@sw-hardwarefree-plane3-leaf01--eth6@gpu-hardwarefree-049"]: Creation complete after 0s [id=4742307853]
netris_link.ew_gpu_links["swp1@sw-hardwarefree-plane1-leaf01--eth1@gpu-hardwarefree-001"]: Creating...
netris_link.ns_gpu_links["swp19@sw-hardwarefree-frontend-leaf04--eth10@gpu-hardwarefree-056"]: Creation complete after 0s [id=4795239647]
netris_link.ew_gpu_links["swp1@sw-hardwarefree-plane2-leaf01--eth3@gpu-hardwarefree-001"]: Creating...
netris_link.ew_gpu_links["swp1@sw-hardwarefree-plane4-leaf08--eth7@gpu-hardwarefree-008"]: Creation complete after 0s [id=4710321081]
netris_link.ew_gpu_links["swp16@sw-hardwarefree-plane3-leaf05--eth6@gpu-hardwarefree-061"]: Creating...
netris_link.ew_gpu_links["swp16@sw-hardwarefree-plane3-leaf07--eth6@gpu-hardwarefree-063"]: Creation complete after 0s [id=4724211198]
netris_link.ew_gpu_links["swp15@sw-hardwarefree-plane4-leaf08--eth7@gpu-hardwarefree-064"]: Creating...
netris_link.ns_gpu_links["swp19@sw-hardwarefree-frontend-leaf03--eth9@gpu-hardwarefree-056"]: Creation complete after 0s [id=4673704452]
netris_link.ns_gpu_links["swp16@sw-hardwarefree-frontend-leaf01--eth9@gpu-hardwarefree-046"]: Creation complete after 0s [id=4647540090]
netris_link.ew_gpu_links["swp3@sw-hardwarefree-plane3-leaf07--eth5@gpu-hardwarefree-015"]: Creation complete after 0s [id=4669547485]
netris_link.ew_gpu_links["swp6@sw-hardwarefree-plane3-leaf04--eth6@gpu-hardwarefree-020"]: Creation complete after 0s [id=4750004896]
netris_link.ew_gpu_links["swp8@sw-hardwarefree-plane4-leaf04--eth8@gpu-hardwarefree-028"]: Creating...
netris_link.ew_gpu_links["swp13@sw-hardwarefree-plane4-leaf06--eth7@gpu-hardwarefree-054"]: Creating...
netris_link.ew_gpu_links["swp2@sw-hardwarefree-plane4-leaf08--eth8@gpu-hardwarefree-008"]: Creating...
netris_link.ew_gpu_links["swp13@sw-hardwarefree-plane4-leaf07--eth7@gpu-hardwarefree-055"]: Creating...
netris_link.ew_gpu_links["swp3@sw-hardwarefree-plane1-leaf08--eth1@gpu-hardwarefree-016"]: Creation complete after 0s [id=4647154657]
netris_link.ew_gpu_links["swp16@sw-hardwarefree-plane1-leaf04--eth2@gpu-hardwarefree-060"]: Creating...
netris_link.ew_gpu_links["swp1@sw-hardwarefree-plane2-leaf01--eth3@gpu-hardwarefree-001"]: Creation complete after 0s [id=4703626671]
netris_link.ew_gpu_links["swp1@sw-hardwarefree-plane3-leaf01--eth5@gpu-hardwarefree-001"]: Creating...
netris_link.ew_gpu_links["swp9@sw-hardwarefree-plane1-leaf01--eth1@gpu-hardwarefree-033"]: Creation complete after 0s [id=4796120921]
netris_link.ew_gpu_links["swp6@sw-hardwarefree-plane4-leaf07--eth8@gpu-hardwarefree-023"]: Creating...
netris_link.ew_gpu_links["swp1@sw-hardwarefree-plane1-leaf01--eth1@gpu-hardwarefree-001"]: Creation complete after 0s [id=4798569754]
netris_link.ew_gpu_links["swp11@sw-hardwarefree-plane4-leaf07--eth7@gpu-hardwarefree-047"]: Creating...
netris_link.ew_gpu_links["swp16@sw-hardwarefree-plane3-leaf05--eth6@gpu-hardwarefree-061"]: Creation complete after 0s [id=4729364324]
netris_link.ew_gpu_links["swp16@sw-hardwarefree-plane3-leaf04--eth6@gpu-hardwarefree-060"]: Creating...
netris_link.ew_gpu_links["swp15@sw-hardwarefree-plane4-leaf08--eth7@gpu-hardwarefree-064"]: Creation complete after 0s [id=4712747892]
netris_link.ew_gpu_links["swp6@sw-hardwarefree-plane3-leaf01--eth6@gpu-hardwarefree-017"]: Creating...
netris_link.ew_gpu_links["swp8@sw-hardwarefree-plane4-leaf04--eth8@gpu-hardwarefree-028"]: Creation complete after 0s [id=4749322111]
netris_link.ew_gpu_links["swp2@sw-hardwarefree-plane4-leaf04--eth8@gpu-hardwarefree-004"]: Creating...
netris_link.ew_gpu_links["swp13@sw-hardwarefree-plane4-leaf07--eth7@gpu-hardwarefree-055"]: Creation complete after 0s [id=4634148843]
netris_link.ew_gpu_links["swp13@sw-hardwarefree-plane1-leaf02--eth1@gpu-hardwarefree-050"]: Creating...
netris_link.ew_gpu_links["swp13@sw-hardwarefree-plane4-leaf06--eth7@gpu-hardwarefree-054"]: Creation complete after 0s [id=4700814294]
netris_link.ew_gpu_links["swp15@sw-hardwarefree-plane1-leaf05--eth1@gpu-hardwarefree-061"]: Creating...
netris_link.ew_gpu_links["swp2@sw-hardwarefree-plane4-leaf08--eth8@gpu-hardwarefree-008"]: Creation complete after 0s [id=4710515203]
netris_link.ew_gpu_links["swp7@sw-hardwarefree-plane2-leaf01--eth3@gpu-hardwarefree-025"]: Creating...
netris_link.ew_gpu_links["swp16@sw-hardwarefree-plane1-leaf04--eth2@gpu-hardwarefree-060"]: Creation complete after 0s [id=4681828529]
netris_link.ew_gpu_links["swp10@sw-hardwarefree-plane2-leaf05--eth4@gpu-hardwarefree-037"]: Creating...
netris_link.ew_gpu_links["swp1@sw-hardwarefree-plane3-leaf01--eth5@gpu-hardwarefree-001"]: Creation complete after 0s [id=4764538664]
netris_link.ew_gpu_links["swp12@sw-hardwarefree-plane2-leaf05--eth4@gpu-hardwarefree-045"]: Creating...
netris_link.ew_gpu_links["swp6@sw-hardwarefree-plane4-leaf07--eth8@gpu-hardwarefree-023"]: Creation complete after 0s [id=4632512362]
netris_link.ew_gpu_links["swp16@sw-hardwarefree-plane1-leaf07--eth2@gpu-hardwarefree-063"]: Creating...
netris_link.ew_gpu_links["swp11@sw-hardwarefree-plane4-leaf07--eth7@gpu-hardwarefree-047"]: Creation complete after 0s [id=4613857608]
netris_link.ew_gpu_links["swp9@sw-hardwarefree-plane3-leaf01--eth5@gpu-hardwarefree-033"]: Creating...
netris_link.ew_gpu_links["swp16@sw-hardwarefree-plane3-leaf04--eth6@gpu-hardwarefree-060"]: Creation complete after 0s [id=4694610291]
netris_link.ew_gpu_links["swp13@sw-hardwarefree-plane2-leaf07--eth3@gpu-hardwarefree-055"]: Creating...
netris_link.ew_gpu_links["swp6@sw-hardwarefree-plane3-leaf01--eth6@gpu-hardwarefree-017"]: Creation complete after 0s [id=4737244959]
netris_link.ew_gpu_links["swp2@sw-hardwarefree-plane2-leaf01--eth4@gpu-hardwarefree-001"]: Creating...
netris_link.ew_gpu_links["swp2@sw-hardwarefree-plane4-leaf04--eth8@gpu-hardwarefree-004"]: Creation complete after 0s [id=4783103654]
netris_link.ew_gpu_links["swp8@sw-hardwarefree-plane4-leaf03--eth8@gpu-hardwarefree-027"]: Creating...
netris_link.ew_gpu_links["swp13@sw-hardwarefree-plane1-leaf02--eth1@gpu-hardwarefree-050"]: Creation complete after 0s [id=4707506671]
netris_link.ew_gpu_links["swp9@sw-hardwarefree-plane4-leaf08--eth7@gpu-hardwarefree-040"]: Creating...
netris_link.ew_gpu_links["swp15@sw-hardwarefree-plane1-leaf05--eth1@gpu-hardwarefree-061"]: Creation complete after 0s [id=4725669332]
netris_link.ew_gpu_links["swp11@sw-hardwarefree-plane1-leaf06--eth1@gpu-hardwarefree-046"]: Creating...
netris_link.ew_gpu_links["swp7@sw-hardwarefree-plane2-leaf01--eth3@gpu-hardwarefree-025"]: Creation complete after 0s [id=4679700269]
netris_link.ew_gpu_links["swp13@sw-hardwarefree-plane2-leaf04--eth3@gpu-hardwarefree-052"]: Creating...
netris_link.ew_gpu_links["swp10@sw-hardwarefree-plane2-leaf05--eth4@gpu-hardwarefree-037"]: Creation complete after 0s [id=4654194966]
netris_link.ew_gpu_links["swp4@sw-hardwarefree-plane2-leaf01--eth4@gpu-hardwarefree-009"]: Creating...
netris_link.ew_gpu_links["swp12@sw-hardwarefree-plane2-leaf05--eth4@gpu-hardwarefree-045"]: Creation complete after 0s [id=4616259265]
netris_link.ew_gpu_links["swp2@sw-hardwarefree-plane2-leaf03--eth4@gpu-hardwarefree-003"]: Creating...
netris_link.ew_gpu_links["swp16@sw-hardwarefree-plane1-leaf07--eth2@gpu-hardwarefree-063"]: Creation complete after 0s [id=4733158056]
netris_link.ew_gpu_links["swp8@sw-hardwarefree-plane2-leaf07--eth4@gpu-hardwarefree-031"]: Creating...
netris_link.ew_gpu_links["swp9@sw-hardwarefree-plane3-leaf01--eth5@gpu-hardwarefree-033"]: Creation complete after 0s [id=4762098531]
netris_link.ew_gpu_links["swp2@sw-hardwarefree-plane2-leaf08--eth4@gpu-hardwarefree-008"]: Creating...
netris_link.ew_gpu_links["swp13@sw-hardwarefree-plane2-leaf07--eth3@gpu-hardwarefree-055"]: Creation complete after 1s [id=4680087361]
netris_link.ew_gpu_links["swp8@sw-hardwarefree-plane4-leaf03--eth8@gpu-hardwarefree-027"]: Creation complete after 1s [id=4711000314]
netris_link.ew_gpu_links["swp11@sw-hardwarefree-plane1-leaf06--eth1@gpu-hardwarefree-046"]: Creation complete after 1s [id=4764245518]
netris_link.ew_gpu_links["swp9@sw-hardwarefree-plane4-leaf08--eth7@gpu-hardwarefree-040"]: Creation complete after 1s [id=4720712271]
netris_link.ew_gpu_links["swp4@sw-hardwarefree-plane2-leaf01--eth4@gpu-hardwarefree-009"]: Creation complete after 1s [id=4677378692]
netris_link.ew_gpu_links["swp2@sw-hardwarefree-plane2-leaf01--eth4@gpu-hardwarefree-001"]: Creation complete after 1s [id=4703820655]
netris_link.ew_gpu_links["swp1@sw-hardwarefree-plane2-leaf02--eth3@gpu-hardwarefree-002"]: Creating...
netris_link.ew_gpu_links["swp13@sw-hardwarefree-plane2-leaf04--eth3@gpu-hardwarefree-052"]: Creation complete after 1s [id=4707215773]
netris_link.ew_gpu_links["swp2@sw-hardwarefree-plane2-leaf03--eth4@gpu-hardwarefree-003"]: Creation complete after 1s [id=4636844812]
netris_link.oob_switch_links["swp8@sw-hardwarefree-oob-mgmt02--eth11@gpu-hardwarefree-010"]: Creating...
netris_link.ew_gpu_links["swp8@sw-hardwarefree-plane4-leaf05--eth8@gpu-hardwarefree-029"]: Creating...
netris_link.ew_switch_links["swp3@sw-hardwarefree-plane4-spine02--swp31@sw-hardwarefree-plane4-leaf01"]: Creating...
netris_link.ew_gpu_links["swp4@sw-hardwarefree-plane3-leaf07--eth6@gpu-hardwarefree-015"]: Creating...
netris_link.ew_gpu_links["swp5@sw-hardwarefree-plane1-leaf05--eth1@gpu-hardwarefree-021"]: Creating...
netris_link.ew_switch_links["swp20@sw-hardwarefree-plane1-spine02--swp32@sw-hardwarefree-plane1-leaf05"]: Creating...
netris_link.ew_gpu_links["swp5@sw-hardwarefree-plane2-leaf02--eth3@gpu-hardwarefree-018"]: Creating...
netris_link.ew_gpu_links["swp8@sw-hardwarefree-plane2-leaf07--eth4@gpu-hardwarefree-031"]: Creation complete after 1s [id=4641467966]
netris_link.ew_gpu_links["swp15@sw-hardwarefree-plane1-leaf03--eth1@gpu-hardwarefree-059"]: Creating...
netris_link.ew_gpu_links["swp2@sw-hardwarefree-plane2-leaf08--eth4@gpu-hardwarefree-008"]: Creation complete after 1s [id=4682215873]
netris_link.ew_switch_links["swp2@sw-hardwarefree-plane2-spine01--swp26@sw-hardwarefree-plane2-leaf01"]: Creating...
netris_link.ew_gpu_links["swp8@sw-hardwarefree-plane4-leaf05--eth8@gpu-hardwarefree-029"]: Creation complete after 0s [id=4769127560]
netris_link.softgate_links["eth2@sg-hardwarefree-border-gw03--swp30@sw-hardwarefree-frontend-leaf06"]: Creating...
netris_link.ew_switch_links["swp3@sw-hardwarefree-plane4-spine02--swp31@sw-hardwarefree-plane4-leaf01"]: Creation complete after 0s [id=4920419150]
netris_link.ew_gpu_links["swp3@sw-hardwarefree-plane1-leaf06--eth1@gpu-hardwarefree-014"]: Creating...
netris_link.ew_gpu_links["swp4@sw-hardwarefree-plane3-leaf07--eth6@gpu-hardwarefree-015"]: Creation complete after 0s [id=4669740765]
netris_link.ew_switch_links["swp28@sw-hardwarefree-plane4-spine02--swp32@sw-hardwarefree-plane4-leaf07"]: Creating...
netris_link.ew_gpu_links["swp1@sw-hardwarefree-plane2-leaf02--eth3@gpu-hardwarefree-002"]: Creation complete after 0s [id=4637807548]
netris_link.ew_gpu_links["swp3@sw-hardwarefree-plane3-leaf06--eth5@gpu-hardwarefree-014"]: Creating...
netris_link.oob_switch_links["swp8@sw-hardwarefree-oob-mgmt02--eth11@gpu-hardwarefree-010"]: Creation complete after 0s [id=4709835624]
netris_link.softgate_links["eth1@sg-hardwarefree-border-gw01--swp30@sw-hardwarefree-frontend-leaf01"]: Creating...
netris_link.ew_gpu_links["swp5@sw-hardwarefree-plane1-leaf05--eth1@gpu-hardwarefree-021"]: Creation complete after 0s [id=4723627974]
netris_link.ew_switch_links["swp14@sw-hardwarefree-plane4-spine01--swp26@sw-hardwarefree-plane4-leaf04"]: Creating...
netris_link.ew_gpu_links["swp5@sw-hardwarefree-plane2-leaf02--eth3@gpu-hardwarefree-018"]: Creation complete after 0s [id=4692382589]
netris_link.ew_gpu_links["swp10@sw-hardwarefree-plane1-leaf06--eth2@gpu-hardwarefree-038"]: Creating...
netris_link.ew_switch_links["swp20@sw-hardwarefree-plane1-spine02--swp32@sw-hardwarefree-plane1-leaf05"]: Creation complete after 0s [id=4836852890]
netris_link.oob_switch_links["swp29@sw-hardwarefree-oob-mgmt02--eth11@gpu-hardwarefree-052"]: Creating...
netris_link.ew_gpu_links["swp15@sw-hardwarefree-plane1-leaf03--eth1@gpu-hardwarefree-059"]: Creation complete after 0s [id=4779094630]
netris_link.ew_gpu_links["swp7@sw-hardwarefree-plane3-leaf01--eth5@gpu-hardwarefree-025"]: Creating...
netris_link.ew_switch_links["swp2@sw-hardwarefree-plane2-spine01--swp26@sw-hardwarefree-plane2-leaf01"]: Creation complete after 0s [id=4763953744]
netris_link.softgate_links["eth2@sg-hardwarefree-border-gw04--swp29@sw-hardwarefree-frontend-leaf02"]: Creating...
netris_link.softgate_links["eth2@sg-hardwarefree-border-gw03--swp30@sw-hardwarefree-frontend-leaf06"]: Creation complete after 0s [id=4683861816]
netris_link.ew_gpu_links["swp5@sw-hardwarefree-plane1-leaf03--eth1@gpu-hardwarefree-019"]: Creating...
netris_link.ew_gpu_links["swp3@sw-hardwarefree-plane1-leaf06--eth1@gpu-hardwarefree-014"]: Creation complete after 0s [id=4752733977]
netris_link.ew_switch_links["swp24@sw-hardwarefree-plane1-spine01--swp28@sw-hardwarefree-plane1-leaf06"]: Creating...
netris_link.ew_switch_links["swp28@sw-hardwarefree-plane4-spine02--swp32@sw-hardwarefree-plane4-leaf07"]: Creation complete after 0s [id=4799941534]
netris_link.ew_gpu_links["swp11@sw-hardwarefree-plane4-leaf08--eth7@gpu-hardwarefree-048"]: Creating...
netris_link.ew_gpu_links["swp3@sw-hardwarefree-plane3-leaf06--eth5@gpu-hardwarefree-014"]: Creation complete after 0s [id=4641468099]
netris_link.softgate_links["eth1@sg-hardwarefree-border-gw03--swp30@sw-hardwarefree-frontend-leaf05"]: Creating...
netris_link.softgate_links["eth1@sg-hardwarefree-border-gw01--swp30@sw-hardwarefree-frontend-leaf01"]: Creation complete after 0s [id=4690348820]
netris_link.ew_switch_links["swp14@sw-hardwarefree-plane4-spine01--swp26@sw-hardwarefree-plane4-leaf04"]: Creation complete after 0s [id=4906739350]
netris_link.ew_gpu_links["swp12@sw-hardwarefree-plane4-leaf01--eth8@gpu-hardwarefree-041"]: Creating...
netris_link.softgate_links["eth1@sg-hardwarefree-border-gw04--swp29@sw-hardwarefree-frontend-leaf01"]: Creating...
netris_link.ew_gpu_links["swp10@sw-hardwarefree-plane1-leaf06--eth2@gpu-hardwarefree-038"]: Creation complete after 0s [id=4796512754]
netris_link.ew_gpu_links["swp2@sw-hardwarefree-plane1-leaf04--eth2@gpu-hardwarefree-004"]: Creating...
netris_link.oob_switch_links["swp29@sw-hardwarefree-oob-mgmt02--eth11@gpu-hardwarefree-052"]: Creation complete after 0s [id=4737537033]
netris_link.softgate_links["eth1@sg-hardwarefree-border-gw02--swp30@sw-hardwarefree-frontend-leaf03"]: Creating...
netris_link.ew_gpu_links["swp7@sw-hardwarefree-plane3-leaf01--eth5@gpu-hardwarefree-025"]: Creation complete after 0s [id=4740457640]
netris_link.ew_gpu_links["swp13@sw-hardwarefree-plane2-leaf02--eth3@gpu-hardwarefree-050"]: Creating...
netris_link.softgate_links["eth2@sg-hardwarefree-border-gw04--swp29@sw-hardwarefree-frontend-leaf02"]: Creation complete after 0s [id=4701978567]
netris_link.ew_gpu_links["swp5@sw-hardwarefree-plane1-leaf03--eth1@gpu-hardwarefree-019"]: Creation complete after 0s [id=4734130544]
netris_link.ew_switch_links["swp24@sw-hardwarefree-plane1-spine01--swp28@sw-hardwarefree-plane1-leaf06"]: Creation complete after 0s [id=4901589358]
netris_link.ew_switch_links["swp4@sw-hardwarefree-plane2-spine02--swp32@sw-hardwarefree-plane2-leaf01"]: Creating...
netris_link.ew_switch_links["swp11@sw-hardwarefree-plane1-spine01--swp27@sw-hardwarefree-plane1-leaf03"]: Creating...
netris_link.ew_gpu_links["swp5@sw-hardwarefree-plane4-leaf01--eth7@gpu-hardwarefree-017"]: Creating...
netris_link.ew_gpu_links["swp11@sw-hardwarefree-plane4-leaf08--eth7@gpu-hardwarefree-048"]: Creation complete after 0s [id=4703820262]
netris_link.ew_gpu_links["swp12@sw-hardwarefree-plane1-leaf08--eth2@gpu-hardwarefree-048"]: Creating...
netris_link.softgate_links["eth1@sg-hardwarefree-border-gw03--swp30@sw-hardwarefree-frontend-leaf05"]: Creation complete after 0s [id=4665200454]
netris_link.ew_switch_links["swp13@sw-hardwarefree-plane2-spine02--swp29@sw-hardwarefree-plane2-leaf04"]: Creating...
netris_link.softgate_links["eth1@sg-hardwarefree-border-gw02--swp30@sw-hardwarefree-frontend-leaf03"]: Creation complete after 0s [id=4678346546]
netris_link.ew_switch_links["swp12@sw-hardwarefree-plane3-spine02--swp32@sw-hardwarefree-plane3-leaf03"]: Creating...
netris_link.softgate_links["eth1@sg-hardwarefree-border-gw04--swp29@sw-hardwarefree-frontend-leaf01"]: Creation complete after 0s [id=4689477178]
netris_link.ew_gpu_links["swp3@sw-hardwarefree-plane4-leaf08--eth7@gpu-hardwarefree-016"]: Creating...
netris_link.ew_gpu_links["swp12@sw-hardwarefree-plane4-leaf01--eth8@gpu-hardwarefree-041"]: Creation complete after 0s [id=4759366298]
netris_link.ew_gpu_links["swp13@sw-hardwarefree-plane3-leaf03--eth5@gpu-hardwarefree-051"]: Creating...
netris_link.ew_gpu_links["swp2@sw-hardwarefree-plane1-leaf04--eth2@gpu-hardwarefree-004"]: Creation complete after 0s [id=4718574867]
netris_link.ew_switch_links["swp30@sw-hardwarefree-plane1-spine02--swp30@sw-hardwarefree-plane1-leaf08"]: Creating...
netris_link.ew_gpu_links["swp13@sw-hardwarefree-plane2-leaf02--eth3@gpu-hardwarefree-050"]: Creation complete after 0s [id=4644262584]
netris_link.ew_gpu_links["swp9@sw-hardwarefree-plane2-leaf01--eth3@gpu-hardwarefree-033"]: Creating...
netris_link.ew_switch_links["swp4@sw-hardwarefree-plane2-spine02--swp32@sw-hardwarefree-plane2-leaf01"]: Creation complete after 0s [id=4865220298]
netris_link.ew_switch_links["swp15@sw-hardwarefree-plane4-spine01--swp27@sw-hardwarefree-plane4-leaf04"]: Creating...
netris_link.ew_switch_links["swp11@sw-hardwarefree-plane1-spine01--swp27@sw-hardwarefree-plane1-leaf03"]: Creation complete after 0s [id=4884376508]
netris_link.oob_switch_links["swp48@sw-hardwarefree-oob-mgmt01--swp48@sw-hardwarefree-oob-mgmt02"]: Creating...
netris_link.ew_gpu_links["swp5@sw-hardwarefree-plane4-leaf01--eth7@gpu-hardwarefree-017"]: Creation complete after 0s [id=4740360240]
netris_link.ew_gpu_links["swp4@sw-hardwarefree-plane4-leaf06--eth8@gpu-hardwarefree-014"]: Creating...
netris_link.ew_switch_links["swp13@sw-hardwarefree-plane2-spine02--swp29@sw-hardwarefree-plane2-leaf04"]: Creation complete after 0s [id=4891099208]
netris_link.ew_switch_links["swp8@sw-hardwarefree-plane4-spine01--swp28@sw-hardwarefree-plane4-leaf02"]: Creating...
netris_link.ew_gpu_links["swp12@sw-hardwarefree-plane1-leaf08--eth2@gpu-hardwarefree-048"]: Creation complete after 0s [id=4618469615]
netris_link.oob_switch_links["swp27@sw-hardwarefree-oob-mgmt01--eth11@gpu-hardwarefree-047"]: Creating...
netris_link.ew_switch_links["swp12@sw-hardwarefree-plane3-spine02--swp32@sw-hardwarefree-plane3-leaf03"]: Creation complete after 0s [id=4801510598]
netris_link.ew_gpu_links["swp5@sw-hardwarefree-plane4-leaf04--eth7@gpu-hardwarefree-020"]: Creating...
netris_link.ew_switch_links["swp30@sw-hardwarefree-plane1-spine02--swp30@sw-hardwarefree-plane1-leaf08"]: Creation complete after 0s [id=4773328468]
netris_link.ew_switch_links["swp15@sw-hardwarefree-plane2-spine02--swp31@sw-hardwarefree-plane2-leaf04"]: Creating...
netris_link.ew_gpu_links["swp13@sw-hardwarefree-plane3-leaf03--eth5@gpu-hardwarefree-051"]: Creation complete after 0s [id=4765514813]
netris_link.ew_switch_links["swp7@sw-hardwarefree-plane2-spine01--swp27@sw-hardwarefree-plane2-leaf02"]: Creating...
netris_link.ew_gpu_links["swp3@sw-hardwarefree-plane4-leaf08--eth7@gpu-hardwarefree-016"]: Creation complete after 0s [id=4732963320]
netris_link.ew_gpu_links["swp4@sw-hardwarefree-plane1-leaf04--eth2@gpu-hardwarefree-012"]: Creating...
netris_link.ew_gpu_links["swp9@sw-hardwarefree-plane2-leaf01--eth3@gpu-hardwarefree-033"]: Creation complete after 0s [id=4701202188]
netris_link.ew_switch_links["swp7@sw-hardwarefree-plane3-spine01--swp27@sw-hardwarefree-plane3-leaf02"]: Creating...
netris_link.ew_switch_links["swp15@sw-hardwarefree-plane4-spine01--swp27@sw-hardwarefree-plane4-leaf04"]: Creation complete after 0s [id=4906937478]
netris_link.ns_switch_links["swp6@sw-hardwarefree-frontend-spine02--swp32@sw-hardwarefree-frontend-leaf06"]: Creating...
netris_link.oob_switch_links["swp48@sw-hardwarefree-oob-mgmt01--swp48@sw-hardwarefree-oob-mgmt02"]: Creation complete after 0s [id=4833313176]
netris_link.ew_gpu_links["swp10@sw-hardwarefree-plane3-leaf06--eth6@gpu-hardwarefree-038"]: Creating...
netris_link.ew_gpu_links["swp4@sw-hardwarefree-plane4-leaf06--eth8@gpu-hardwarefree-014"]: Creation complete after 0s [id=4668098100]
netris_link.ew_switch_links["swp17@sw-hardwarefree-plane1-spine02--swp29@sw-hardwarefree-plane1-leaf05"]: Creating...
netris_link.oob_switch_links["swp27@sw-hardwarefree-oob-mgmt01--eth11@gpu-hardwarefree-047"]: Creation complete after 0s [id=4668194782]
netris_link.oob_switch_links["swp21@sw-hardwarefree-oob-mgmt01--eth11@gpu-hardwarefree-035"]: Creating...
netris_link.ew_switch_links["swp8@sw-hardwarefree-plane4-spine01--swp28@sw-hardwarefree-plane4-leaf02"]: Creation complete after 0s [id=4774110310]
netris_link.ew_gpu_links["swp16@sw-hardwarefree-plane3-leaf02--eth6@gpu-hardwarefree-058"]: Creating...
netris_link.ew_gpu_links["swp5@sw-hardwarefree-plane4-leaf04--eth7@gpu-hardwarefree-020"]: Creation complete after 0s [id=4801607129]
netris_link.oob_switch_links["swp26@sw-hardwarefree-oob-mgmt02--eth11@gpu-hardwarefree-046"]: Creating...
netris_link.ew_switch_links["swp15@sw-hardwarefree-plane2-spine02--swp31@sw-hardwarefree-plane2-leaf04"]: Creation complete after 0s [id=4891494836]
netris_link.oob_switch_links["swp37@sw-hardwarefree-oob-mgmt01--eth5@srv-hardwarefree-storage03"]: Creating...
netris_link.ew_switch_links["swp7@sw-hardwarefree-plane2-spine01--swp27@sw-hardwarefree-plane2-leaf02"]: Creation complete after 0s [id=4744256618]
netris_link.ew_gpu_links["swp7@sw-hardwarefree-plane1-leaf02--eth1@gpu-hardwarefree-026"]: Creating...
netris_link.ew_switch_links["swp7@sw-hardwarefree-plane3-spine01--swp27@sw-hardwarefree-plane3-leaf02"]: Creation complete after 0s [id=4863444810]
netris_link.ew_switch_links["swp25@sw-hardwarefree-plane1-spine02--swp29@sw-hardwarefree-plane1-leaf07"]: Creating...
netris_link.ew_gpu_links["swp4@sw-hardwarefree-plane1-leaf04--eth2@gpu-hardwarefree-012"]: Creation complete after 0s [id=4688895160]
netris_link.ew_gpu_links["swp7@sw-hardwarefree-plane2-leaf03--eth3@gpu-hardwarefree-027"]: Creating...
netris_link.ew_gpu_links["swp10@sw-hardwarefree-plane3-leaf06--eth6@gpu-hardwarefree-038"]: Creation complete after 1s [id=4684732572]
netris_link.ns_switch_links["swp6@sw-hardwarefree-frontend-spine02--swp32@sw-hardwarefree-frontend-leaf06"]: Creation complete after 1s [id=4749323057]
netris_link.oob_switch_links["swp21@sw-hardwarefree-oob-mgmt01--eth11@gpu-hardwarefree-035"]: Creation complete after 1s [id=4660178316]
netris_link.ew_switch_links["swp17@sw-hardwarefree-plane1-spine02--swp29@sw-hardwarefree-plane1-leaf05"]: Creation complete after 1s [id=4836262778]
netris_link.ns_switch_links["swp5@sw-hardwarefree-frontend-spine01--swp31@sw-hardwarefree-frontend-leaf05"]: Creating...
netris_link.oob_switch_links["swp16@sw-hardwarefree-oob-mgmt01--eth11@gpu-hardwarefree-025"]: Creating...
netris_link.ew_switch_links["swp21@sw-hardwarefree-plane1-spine02--swp29@sw-hardwarefree-plane1-leaf06"]: Creating...
netris_link.ew_gpu_links["swp6@sw-hardwarefree-plane2-leaf04--eth4@gpu-hardwarefree-020"]: Creating...
netris_link.ew_gpu_links["swp16@sw-hardwarefree-plane3-leaf02--eth6@gpu-hardwarefree-058"]: Creation complete after 1s [id=4709350975]
netris_link.ew_gpu_links["swp5@sw-hardwarefree-plane4-leaf05--eth7@gpu-hardwarefree-021"]: Creating...
netris_link.oob_switch_links["swp26@sw-hardwarefree-oob-mgmt02--eth11@gpu-hardwarefree-046"]: Creation complete after 1s [id=4730822922]
netris_link.ew_switch_links["swp14@sw-hardwarefree-plane3-spine02--swp30@sw-hardwarefree-plane3-leaf04"]: Creating...
netris_link.oob_switch_links["swp37@sw-hardwarefree-oob-mgmt01--eth5@srv-hardwarefree-storage03"]: Creation complete after 1s [id=4646768553]
netris_link.ns_switch_links["swp1@sw-hardwarefree-frontend-spine01--swp31@sw-hardwarefree-frontend-leaf01"]: Creating...
netris_link.ew_gpu_links["swp7@sw-hardwarefree-plane1-leaf02--eth1@gpu-hardwarefree-026"]: Creation complete after 1s [id=4745425012]
netris_link.ew_switch_links["swp31@sw-hardwarefree-plane3-spine01--swp27@sw-hardwarefree-plane3-leaf08"]: Creating...
netris_link.ew_gpu_links["swp7@sw-hardwarefree-plane2-leaf03--eth3@gpu-hardwarefree-027"]: Creation complete after 1s [id=4602337368]
netris_link.ns_switch_links["swp1@sw-hardwarefree-frontend-spine02--swp32@sw-hardwarefree-frontend-leaf01"]: Creating...
netris_link.ew_switch_links["swp25@sw-hardwarefree-plane1-spine02--swp29@sw-hardwarefree-plane1-leaf07"]: Creation complete after 1s [id=4843346526]
netris_link.ew_gpu_links["swp7@sw-hardwarefree-plane3-leaf06--eth5@gpu-hardwarefree-030"]: Creating...
netris_link.ns_switch_links["swp5@sw-hardwarefree-frontend-spine01--swp31@sw-hardwarefree-frontend-leaf05"]: Creation complete after 0s [id=4794456337]
netris_link.oob_switch_links["swp20@sw-hardwarefree-oob-mgmt01--eth11@gpu-hardwarefree-033"]: Creating...
netris_link.ew_gpu_links["swp6@sw-hardwarefree-plane2-leaf04--eth4@gpu-hardwarefree-020"]: Creation complete after 0s [id=4728002777]
netris_link.ew_gpu_links["swp8@sw-hardwarefree-plane3-leaf02--eth6@gpu-hardwarefree-026"]: Creating...
netris_link.oob_switch_links["swp16@sw-hardwarefree-oob-mgmt01--eth11@gpu-hardwarefree-025"]: Creation complete after 0s [id=4676701709]
netris_link.ew_switch_links["swp6@sw-hardwarefree-plane2-spine01--swp26@sw-hardwarefree-plane2-leaf02"]: Creating...
netris_link.ew_switch_links["swp21@sw-hardwarefree-plane1-spine02--swp29@sw-hardwarefree-plane1-leaf06"]: Creation complete after 0s [id=4910900764]
netris_link.oob_switch_links["swp30@sw-hardwarefree-oob-mgmt01--eth11@gpu-hardwarefree-053"]: Creating...
netris_link.ew_gpu_links["swp5@sw-hardwarefree-plane4-leaf05--eth7@gpu-hardwarefree-021"]: Creation complete after 0s [id=4791323169]
netris_link.ew_gpu_links["swp11@sw-hardwarefree-plane2-leaf07--eth3@gpu-hardwarefree-047"]: Creating...
netris_link.ew_switch_links["swp14@sw-hardwarefree-plane3-spine02--swp30@sw-hardwarefree-plane3-leaf04"]: Creation complete after 0s [id=4781149164]
netris_link.ew_switch_links["swp11@sw-hardwarefree-plane1-spine02--swp31@sw-hardwarefree-plane1-leaf03"]: Creating...
netris_link.ns_switch_links["swp1@sw-hardwarefree-frontend-spine01--swp31@sw-hardwarefree-frontend-leaf01"]: Creation complete after 0s [id=4819164815]
netris_link.oob_switch_links["swp12@sw-hardwarefree-oob-mgmt01--eth11@gpu-hardwarefree-017"]: Creating...
netris_link.ew_switch_links["swp31@sw-hardwarefree-plane3-spine01--swp27@sw-hardwarefree-plane3-leaf08"]: Creation complete after 0s [id=4846889814]
netris_link.ew_gpu_links["swp8@sw-hardwarefree-plane3-leaf03--eth6@gpu-hardwarefree-027"]: Creating...
netris_link.ns_switch_links["swp1@sw-hardwarefree-frontend-spine02--swp32@sw-hardwarefree-frontend-leaf01"]: Creation complete after 0s [id=4755075031]
netris_link.ew_switch_links["swp32@sw-hardwarefree-plane4-spine02--swp32@sw-hardwarefree-plane4-leaf08"]: Creating...
netris_link.ew_gpu_links["swp7@sw-hardwarefree-plane3-leaf06--eth5@gpu-hardwarefree-030"]: Creation complete after 0s [id=4676895339]
netris_link.ew_gpu_links["swp4@sw-hardwarefree-plane1-leaf01--eth2@gpu-hardwarefree-009"]: Creating...
netris_link.oob_switch_links["swp20@sw-hardwarefree-oob-mgmt01--eth11@gpu-hardwarefree-033"]: Creation complete after 0s [id=4698390617]
netris_link.ns_switch_links["swp2@sw-hardwarefree-frontend-spine02--swp32@sw-hardwarefree-frontend-leaf02"]: Creating...
netris_link.ew_switch_links["swp6@sw-hardwarefree-plane2-spine01--swp26@sw-hardwarefree-plane2-leaf02"]: Creation complete after 0s [id=4744061802]
netris_link.ew_switch_links["swp19@sw-hardwarefree-plane4-spine02--swp31@sw-hardwarefree-plane4-leaf05"]: Creating...
netris_link.oob_switch_links["swp30@sw-hardwarefree-oob-mgmt01--eth11@gpu-hardwarefree-053"]: Creation complete after 0s [id=4670610729]
netris_link.ew_gpu_links["swp6@sw-hardwarefree-plane1-leaf08--eth2@gpu-hardwarefree-024"]: Creating...
netris_link.ew_gpu_links["swp8@sw-hardwarefree-plane3-leaf02--eth6@gpu-hardwarefree-026"]: Creation complete after 0s [id=4694707758]
netris_link.ns_switch_links["swp5@sw-hardwarefree-frontend-spine02--swp32@sw-hardwarefree-frontend-leaf05"]: Creating...
netris_link.ew_gpu_links["swp11@sw-hardwarefree-plane2-leaf07--eth3@gpu-hardwarefree-047"]: Creation complete after 0s [id=4659695690]
netris_link.ew_gpu_links["swp5@sw-hardwarefree-plane1-leaf04--eth1@gpu-hardwarefree-020"]: Creating...
netris_link.ew_switch_links["swp11@sw-hardwarefree-plane1-spine02--swp31@sw-hardwarefree-plane1-leaf03"]: Creation complete after 0s [id=4894265162]
netris_link.ew_switch_links["swp18@sw-hardwarefree-plane2-spine01--swp26@sw-hardwarefree-plane2-leaf05"]: Creating...
netris_link.oob_switch_links["swp12@sw-hardwarefree-oob-mgmt01--eth11@gpu-hardwarefree-017"]: Creation complete after 0s [id=4673123998]
netris_link.oob_switch_links["swp10@sw-hardwarefree-oob-mgmt02--eth11@gpu-hardwarefree-014"]: Creating...
netris_link.ew_gpu_links["swp8@sw-hardwarefree-plane3-leaf03--eth6@gpu-hardwarefree-027"]: Creation complete after 0s [id=4720128981]
netris_link.ew_switch_links["swp32@sw-hardwarefree-plane4-spine02--swp32@sw-hardwarefree-plane4-leaf08"]: Creation complete after 0s [id=4896441640]
netris_link.ns_switch_links["swp2@sw-hardwarefree-frontend-spine02--swp32@sw-hardwarefree-frontend-leaf02"]: Creation complete after 0s [id=4767663495]
netris_link.ew_gpu_links["swp4@sw-hardwarefree-plane1-leaf01--eth2@gpu-hardwarefree-009"]: Creation complete after 0s [id=4772057821]
netris_link.ns_switch_links["swp5@sw-hardwarefree-frontend-spine02--swp32@sw-hardwarefree-frontend-leaf05"]: Creation complete after 0s [id=4730531613]
netris_link.ew_switch_links["swp19@sw-hardwarefree-plane4-spine02--swp31@sw-hardwarefree-plane4-leaf05"]: Creation complete after 0s [id=4941074678]
netris_link.ew_gpu_links["swp6@sw-hardwarefree-plane1-leaf08--eth2@gpu-hardwarefree-024"]: Creation complete after 0s [id=4612608802]
netris_link.ew_gpu_links["swp9@sw-hardwarefree-plane3-leaf08--eth5@gpu-hardwarefree-040"]: Creating...
netris_link.ew_switch_links["swp19@sw-hardwarefree-plane3-spine02--swp31@sw-hardwarefree-plane3-leaf05"]: Creating...
netris_link.ew_gpu_links["swp3@sw-hardwarefree-plane4-leaf03--eth7@gpu-hardwarefree-011"]: Creating...
netris_link.ew_gpu_links["swp1@sw-hardwarefree-plane4-leaf02--eth7@gpu-hardwarefree-002"]: Creating...
netris_link.ew_switch_links["swp3@sw-hardwarefree-plane1-spine02--swp31@sw-hardwarefree-plane1-leaf01"]: Creating...
netris_link.ew_switch_links["swp9@sw-hardwarefree-plane1-spine01--swp25@sw-hardwarefree-plane1-leaf03"]: Creating...
netris_link.ew_gpu_links["swp15@sw-hardwarefree-plane4-leaf01--eth7@gpu-hardwarefree-057"]: Creating...
netris_link.ew_gpu_links["swp5@sw-hardwarefree-plane1-leaf04--eth1@gpu-hardwarefree-020"]: Creation complete after 0s [id=4736953224]
netris_link.ew_switch_links["swp31@sw-hardwarefree-plane1-spine01--swp27@sw-hardwarefree-plane1-leaf08"]: Creating...
netris_link.oob_switch_links["swp10@sw-hardwarefree-oob-mgmt02--eth11@gpu-hardwarefree-014"]: Creation complete after 0s [id=4718574667]
netris_link.ew_gpu_links["swp13@sw-hardwarefree-plane1-leaf03--eth1@gpu-hardwarefree-051"]: Creating...
netris_link.ew_switch_links["swp18@sw-hardwarefree-plane2-spine01--swp26@sw-hardwarefree-plane2-leaf05"]: Creation complete after 0s [id=4726544640]
netris_link.ew_switch_links["swp4@sw-hardwarefree-plane2-spine01--swp28@sw-hardwarefree-plane2-leaf01"]: Creating...
netris_link.ew_gpu_links["swp3@sw-hardwarefree-plane4-leaf03--eth7@gpu-hardwarefree-011"]: Creation complete after 0s [id=4741431431]
netris_link.ew_gpu_links["swp12@sw-hardwarefree-plane1-leaf06--eth2@gpu-hardwarefree-046"]: Creating...
netris_link.ew_switch_links["swp19@sw-hardwarefree-plane3-spine02--swp31@sw-hardwarefree-plane3-leaf05"]: Creation complete after 0s [id=4753612846]
netris_link.ew_switch_links["swp24@sw-hardwarefree-plane2-spine01--swp28@sw-hardwarefree-plane2-leaf06"]: Creating...
netris_link.ew_switch_links["swp3@sw-hardwarefree-plane1-spine02--swp31@sw-hardwarefree-plane1-leaf01"]: Creation complete after 0s [id=4915658998]
netris_link.ew_gpu_links["swp8@sw-hardwarefree-plane4-leaf08--eth8@gpu-hardwarefree-032"]: Creating...
netris_link.ew_gpu_links["swp1@sw-hardwarefree-plane4-leaf02--eth7@gpu-hardwarefree-002"]: Creation complete after 0s [id=4625872862]
netris_link.ew_gpu_links["swp16@sw-hardwarefree-plane4-leaf02--eth8@gpu-hardwarefree-058"]: Creating...
netris_link.ew_gpu_links["swp9@sw-hardwarefree-plane3-leaf08--eth5@gpu-hardwarefree-040"]: Creation complete after 0s [id=4656993194]
netris_link.ew_switch_links["swp29@sw-hardwarefree-plane3-spine02--swp29@sw-hardwarefree-plane3-leaf08"]: Creating...
netris_link.ew_gpu_links["swp15@sw-hardwarefree-plane4-leaf01--eth7@gpu-hardwarefree-057"]: Creation complete after 0s [id=4724210671]
netris_link.ew_gpu_links["swp11@sw-hardwarefree-plane2-leaf05--eth3@gpu-hardwarefree-045"]: Creating...
netris_link.ew_switch_links["swp9@sw-hardwarefree-plane1-spine01--swp25@sw-hardwarefree-plane1-leaf03"]: Creation complete after 0s [id=4883981168]
netris_link.ew_gpu_links["swp12@sw-hardwarefree-plane3-leaf08--eth6@gpu-hardwarefree-048"]: Creating...
netris_link.ew_switch_links["swp31@sw-hardwarefree-plane1-spine01--swp27@sw-hardwarefree-plane1-leaf08"]: Creation complete after 0s [id=4763758030]
netris_link.ew_switch_links["swp7@sw-hardwarefree-plane2-spine02--swp31@sw-hardwarefree-plane2-leaf02"]: Creating...
netris_link.ew_gpu_links["swp13@sw-hardwarefree-plane1-leaf03--eth1@gpu-hardwarefree-051"]: Creation complete after 0s [id=4771374199]
netris_link.ew_switch_links["swp23@sw-hardwarefree-plane3-spine01--swp27@sw-hardwarefree-plane3-leaf06"]: Creating...
netris_link.ew_switch_links["swp4@sw-hardwarefree-plane2-spine01--swp28@sw-hardwarefree-plane2-leaf01"]: Creation complete after 0s [id=4764344196]
netris_link.ew_gpu_links["swp5@sw-hardwarefree-plane2-leaf06--eth3@gpu-hardwarefree-022"]: Creating...
netris_link.ew_switch_links["swp24@sw-hardwarefree-plane2-spine01--swp28@sw-hardwarefree-plane2-leaf06"]: Creation complete after 0s [id=4816417134]
netris_link.ew_gpu_links["swp5@sw-hardwarefree-plane4-leaf02--eth7@gpu-hardwarefree-018"]: Creating...
netris_link.ew_gpu_links["swp12@sw-hardwarefree-plane1-leaf06--eth2@gpu-hardwarefree-046"]: Creation complete after 0s [id=4764440748]
netris_link.ew_switch_links["swp4@sw-hardwarefree-plane3-spine01--swp28@sw-hardwarefree-plane3-leaf01"]: Creating...
netris_link.ew_gpu_links["swp8@sw-hardwarefree-plane4-leaf08--eth8@gpu-hardwarefree-032"]: Creation complete after 0s [id=4716437870]
netris_link.ew_switch_links["swp8@sw-hardwarefree-plane2-spine01--swp28@sw-hardwarefree-plane2-leaf02"]: Creating...
netris_link.ew_gpu_links["swp16@sw-hardwarefree-plane4-leaf02--eth8@gpu-hardwarefree-058"]: Creation complete after 0s [id=4684732662]
netris_link.ew_gpu_links["swp11@sw-hardwarefree-plane1-leaf01--eth1@gpu-hardwarefree-041"]: Creating...
netris_link.ew_switch_links["swp29@sw-hardwarefree-plane3-spine02--swp29@sw-hardwarefree-plane3-leaf08"]: Creation complete after 0s [id=4709254296]
netris_link.ew_gpu_links["swp6@sw-hardwarefree-plane4-leaf04--eth8@gpu-hardwarefree-020"]: Creating...
netris_link.ew_gpu_links["swp11@sw-hardwarefree-plane2-leaf05--eth3@gpu-hardwarefree-045"]: Creation complete after 0s [id=4616067095]
netris_link.ew_switch_links["swp4@sw-hardwarefree-plane1-spine01--swp28@sw-hardwarefree-plane1-leaf01"]: Creating...
netris_link.ew_gpu_links["swp12@sw-hardwarefree-plane3-leaf08--eth6@gpu-hardwarefree-048"]: Creation complete after 0s [id=4640408349]
netris_link.ew_gpu_links["swp9@sw-hardwarefree-plane2-leaf04--eth3@gpu-hardwarefree-036"]: Creating...
netris_link.ew_switch_links["swp7@sw-hardwarefree-plane2-spine02--swp31@sw-hardwarefree-plane2-leaf02"]: Creation complete after 0s [id=4844920952]
netris_link.ew_switch_links["swp15@sw-hardwarefree-plane3-spine01--swp27@sw-hardwarefree-plane3-leaf04"]: Creating...
netris_link.ew_switch_links["swp23@sw-hardwarefree-plane3-spine01--swp27@sw-hardwarefree-plane3-leaf06"]: Creation complete after 0s [id=4849253090]
netris_link.ew_gpu_links["swp9@sw-hardwarefree-plane4-leaf01--eth7@gpu-hardwarefree-033"]: Creating...
netris_link.ew_gpu_links["swp5@sw-hardwarefree-plane2-leaf06--eth3@gpu-hardwarefree-022"]: Creation complete after 0s [id=4761317939]
netris_link.ew_gpu_links["swp14@sw-hardwarefree-plane1-leaf08--eth2@gpu-hardwarefree-056"]: Creating...
netris_link.ew_gpu_links["swp5@sw-hardwarefree-plane4-leaf02--eth7@gpu-hardwarefree-018"]: Creation complete after 1s [id=4680377843]
netris_link.ew_switch_links["swp25@sw-hardwarefree-plane1-spine01--swp25@sw-hardwarefree-plane1-leaf07"]: Creating...
netris_link.ew_switch_links["swp4@sw-hardwarefree-plane3-spine01--swp28@sw-hardwarefree-plane3-leaf01"]: Creation complete after 1s [id=4932926316]
netris_link.ew_gpu_links["swp1@sw-hardwarefree-plane1-leaf07--eth1@gpu-hardwarefree-007"]: Creating...
netris_link.ew_switch_links["swp8@sw-hardwarefree-plane2-spine01--swp28@sw-hardwarefree-plane2-leaf02"]: Creation complete after 1s [id=4744451438]
netris_link.ew_switch_links["swp8@sw-hardwarefree-plane3-spine01--swp28@sw-hardwarefree-plane3-leaf02"]: Creating...
netris_link.ew_gpu_links["swp6@sw-hardwarefree-plane4-leaf04--eth8@gpu-hardwarefree-020"]: Creation complete after 1s [id=4801803123]
netris_link.ew_gpu_links["swp11@sw-hardwarefree-plane1-leaf01--eth1@gpu-hardwarefree-041"]: Creation complete after 1s [id=4789854775]
netris_link.ew_switch_links["swp4@sw-hardwarefree-plane1-spine01--swp28@sw-hardwarefree-plane1-leaf01"]: Creation complete after 1s [id=4905946852]
netris_link.ew_gpu_links["swp9@sw-hardwarefree-plane2-leaf04--eth3@gpu-hardwarefree-036"]: Creation complete after 1s [id=4712165531]
netris_link.oob_switch_links["swp10@sw-hardwarefree-oob-mgmt01--eth11@gpu-hardwarefree-013"]: Creating...
netris_link.ew_gpu_links["swp4@sw-hardwarefree-plane4-leaf05--eth8@gpu-hardwarefree-013"]: Creating...
netris_link.ew_gpu_links["swp15@sw-hardwarefree-plane3-leaf08--eth5@gpu-hardwarefree-064"]: Creating...
netris_link.ew_gpu_links["swp13@sw-hardwarefree-plane3-leaf01--eth5@gpu-hardwarefree-049"]: Creating...
netris_link.ew_switch_links["swp15@sw-hardwarefree-plane3-spine01--swp27@sw-hardwarefree-plane3-leaf04"]: Creation complete after 1s [id=4919625398]
netris_link.ew_switch_links["swp8@sw-hardwarefree-plane4-spine02--swp32@sw-hardwarefree-plane4-leaf02"]: Creating...
netris_link.ew_gpu_links["swp14@sw-hardwarefree-plane1-leaf08--eth2@gpu-hardwarefree-056"]: Creation complete after 1s [id=4666359539]
netris_link.ew_switch_links["swp23@sw-hardwarefree-plane2-spine01--swp27@sw-hardwarefree-plane2-leaf06"]: Creating...
netris_link.ew_gpu_links["swp9@sw-hardwarefree-plane4-leaf01--eth7@gpu-hardwarefree-033"]: Creation complete after 1s [id=4765417222]
netris_link.ew_gpu_links["swp11@sw-hardwarefree-plane4-leaf01--eth7@gpu-hardwarefree-041"]: Creating...
netris_link.ew_switch_links["swp25@sw-hardwarefree-plane1-spine01--swp25@sw-hardwarefree-plane1-leaf07"]: Creation complete after 0s [id=4833509472]
netris_link.ew_gpu_links["swp2@sw-hardwarefree-plane3-leaf01--eth6@gpu-hardwarefree-001"]: Creating...
netris_link.ew_switch_links["swp8@sw-hardwarefree-plane3-spine01--swp28@sw-hardwarefree-plane3-leaf02"]: Creation complete after 0s [id=4863642062]
netris_link.ew_switch_links["swp5@sw-hardwarefree-plane3-spine01--swp25@sw-hardwarefree-plane3-leaf02"]: Creating...
netris_link.ew_gpu_links["swp1@sw-hardwarefree-plane1-leaf07--eth1@gpu-hardwarefree-007"]: Creation complete after 0s [id=4692091539]
netris_link.ew_switch_links["swp3@sw-hardwarefree-plane2-spine02--swp31@sw-hardwarefree-plane2-leaf01"]: Creating...
netris_link.ew_gpu_links["swp13@sw-hardwarefree-plane3-leaf01--eth5@gpu-hardwarefree-049"]: Creation complete after 0s [id=4742113077]
netris_link.ew_gpu_links["swp6@sw-hardwarefree-plane4-leaf06--eth8@gpu-hardwarefree-022"]: Creating...
netris_link.ew_gpu_links["swp15@sw-hardwarefree-plane3-leaf08--eth5@gpu-hardwarefree-064"]: Creation complete after 0s [id=4649082771]
netris_link.ew_switch_links["swp19@sw-hardwarefree-plane2-spine02--swp31@sw-hardwarefree-plane2-leaf05"]: Creating...
netris_link.oob_switch_links["swp10@sw-hardwarefree-oob-mgmt01--eth11@gpu-hardwarefree-013"]: Creation complete after 0s [id=4664427165]
netris_link.ns_gpu_links["swp13@sw-hardwarefree-frontend-leaf02--eth10@gpu-hardwarefree-037"]: Creating...
netris_link.ew_gpu_links["swp4@sw-hardwarefree-plane4-leaf05--eth8@gpu-hardwarefree-013"]: Creation complete after 0s [id=4750491885]
netris_link.ew_switch_links["swp14@sw-hardwarefree-plane4-spine02--swp30@sw-hardwarefree-plane4-leaf04"]: Creating...
netris_link.ew_switch_links["swp8@sw-hardwarefree-plane4-spine02--swp32@sw-hardwarefree-plane4-leaf02"]: Creation complete after 0s [id=4823092564]
netris_link.ew_gpu_links["swp3@sw-hardwarefree-plane1-leaf03--eth1@gpu-hardwarefree-011"]: Creating...
netris_link.ew_switch_links["swp23@sw-hardwarefree-plane2-spine01--swp27@sw-hardwarefree-plane2-leaf06"]: Creation complete after 0s [id=4816220842]
netris_link.ew_gpu_links["swp9@sw-hardwarefree-plane2-leaf03--eth3@gpu-hardwarefree-035"]: Creating...
netris_link.ew_gpu_links["swp11@sw-hardwarefree-plane4-leaf01--eth7@gpu-hardwarefree-041"]: Creation complete after 0s [id=4759171172]
netris_link.ns_gpu_links["swp4@sw-hardwarefree-frontend-leaf03--eth9@gpu-hardwarefree-011"]: Creating...
netris_link.ew_gpu_links["swp2@sw-hardwarefree-plane3-leaf01--eth6@gpu-hardwarefree-001"]: Creation complete after 0s [id=4764733900]
netris_link.ew_switch_links["swp13@sw-hardwarefree-plane4-spine02--swp29@sw-hardwarefree-plane4-leaf04"]: Creating...
netris_link.ew_switch_links["swp5@sw-hardwarefree-plane3-spine01--swp25@sw-hardwarefree-plane3-leaf02"]: Creation complete after 0s [id=4863050318]
netris_link.ew_gpu_links["swp7@sw-hardwarefree-plane3-leaf02--eth5@gpu-hardwarefree-026"]: Creating...
netris_link.ew_switch_links["swp3@sw-hardwarefree-plane2-spine02--swp31@sw-hardwarefree-plane2-leaf01"]: Creation complete after 0s [id=4865023014]
netris_link.ew_gpu_links["swp2@sw-hardwarefree-plane2-leaf02--eth4@gpu-hardwarefree-002"]: Creating...
netris_link.ew_gpu_links["swp6@sw-hardwarefree-plane4-leaf06--eth8@gpu-hardwarefree-022"]: Creation complete after 0s [id=4715175703]
netris_link.ew_gpu_links["swp12@sw-hardwarefree-plane3-leaf01--eth6@gpu-hardwarefree-041"]: Creating...
netris_link.ew_switch_links["swp19@sw-hardwarefree-plane2-spine02--swp31@sw-hardwarefree-plane2-leaf05"]: Creation complete after 0s [id=4827218390]
netris_link.ew_gpu_links["swp16@sw-hardwarefree-plane4-leaf04--eth8@gpu-hardwarefree-060"]: Creating...
netris_link.ns_gpu_links["swp13@sw-hardwarefree-frontend-leaf02--eth10@gpu-hardwarefree-037"]: Creation complete after 0s [id=4676701840]
netris_link.ew_gpu_links["swp7@sw-hardwarefree-plane2-leaf05--eth3@gpu-hardwarefree-029"]: Creating...
netris_link.ew_gpu_links["swp9@sw-hardwarefree-plane2-leaf03--eth3@gpu-hardwarefree-035"]: Creation complete after 0s [id=4612032558]
netris_link.ns_gpu_links["swp5@sw-hardwarefree-frontend-leaf02--eth10@gpu-hardwarefree-013"]: Creating...
netris_link.ew_gpu_links["swp3@sw-hardwarefree-plane1-leaf03--eth1@gpu-hardwarefree-011"]: Creation complete after 0s [id=4756439726]
netris_link.ew_gpu_links["swp13@sw-hardwarefree-plane4-leaf01--eth7@gpu-hardwarefree-049"]: Creating...
netris_link.ew_switch_links["swp14@sw-hardwarefree-plane4-spine02--swp30@sw-hardwarefree-plane4-leaf04"]: Creation complete after 0s [id=4956395604]
netris_link.ew_gpu_links["swp6@sw-hardwarefree-plane4-leaf05--eth8@gpu-hardwarefree-021"]: Creating...
netris_link.ns_gpu_links["swp4@sw-hardwarefree-frontend-leaf03--eth9@gpu-hardwarefree-011"]: Creation complete after 0s [id=4642528184]
netris_link.ew_gpu_links["swp11@sw-hardwarefree-plane3-leaf06--eth5@gpu-hardwarefree-046"]: Creating...
netris_link.ew_gpu_links["swp7@sw-hardwarefree-plane3-leaf02--eth5@gpu-hardwarefree-026"]: Creation complete after 0s [id=4694513962]
netris_link.ns_gpu_links["swp5@sw-hardwarefree-frontend-leaf01--eth9@gpu-hardwarefree-013"]: Creating...
netris_link.ew_switch_links["swp13@sw-hardwarefree-plane4-spine02--swp29@sw-hardwarefree-plane4-leaf04"]: Creation complete after 0s [id=4956196480]
netris_link.ew_gpu_links["swp4@sw-hardwarefree-plane4-leaf01--eth8@gpu-hardwarefree-009"]: Creating...
netris_link.ew_gpu_links["swp2@sw-hardwarefree-plane2-leaf02--eth4@gpu-hardwarefree-002"]: Creation complete after 0s [id=4638000170]
netris_link.ew_gpu_links["swp12@sw-hardwarefree-plane2-leaf01--eth4@gpu-hardwarefree-041"]: Creating...
netris_link.ew_gpu_links["swp12@sw-hardwarefree-plane3-leaf01--eth6@gpu-hardwarefree-041"]: Creation complete after 0s [id=4756049715]
netris_link.ew_gpu_links["swp10@sw-hardwarefree-plane4-leaf03--eth8@gpu-hardwarefree-035"]: Creating...
netris_link.ew_gpu_links["swp16@sw-hardwarefree-plane4-leaf04--eth8@gpu-hardwarefree-060"]: Creation complete after 0s [id=4746106418]
netris_link.ns_gpu_links["swp10@sw-hardwarefree-frontend-leaf03--eth9@gpu-hardwarefree-029"]: Creating...
netris_link.ew_gpu_links["swp7@sw-hardwarefree-plane2-leaf05--eth3@gpu-hardwarefree-029"]: Creation complete after 0s [id=4647443784]
netris_link.ew_gpu_links["swp7@sw-hardwarefree-plane2-leaf02--eth3@gpu-hardwarefree-026"]: Creating...
netris_link.ns_gpu_links["swp5@sw-hardwarefree-frontend-leaf01--eth9@gpu-hardwarefree-013"]: Creation complete after 0s [id=4639059761]
netris_link.ew_gpu_links["swp9@sw-hardwarefree-plane2-leaf08--eth3@gpu-hardwarefree-040"]: Creating...
netris_link.ew_gpu_links["swp11@sw-hardwarefree-plane3-leaf06--eth5@gpu-hardwarefree-046"]: Creation complete after 0s [id=4652844176]
netris_link.ew_gpu_links["swp5@sw-hardwarefree-plane4-leaf06--eth7@gpu-hardwarefree-022"]: Creating...
netris_link.ns_gpu_links["swp5@sw-hardwarefree-frontend-leaf02--eth10@gpu-hardwarefree-013"]: Creation complete after 0s [id=4651493685]
netris_link.ns_gpu_links["swp12@sw-hardwarefree-frontend-leaf03--eth9@gpu-hardwarefree-035"]: Creating...
netris_link.ew_gpu_links["swp6@sw-hardwarefree-plane4-leaf05--eth8@gpu-hardwarefree-021"]: Creation complete after 0s [id=4791518953]
netris_link.ew_gpu_links["swp14@sw-hardwarefree-plane1-leaf04--eth2@gpu-hardwarefree-052"]: Creating...
netris_link.ew_gpu_links["swp13@sw-hardwarefree-plane4-leaf01--eth7@gpu-hardwarefree-049"]: Creation complete after 0s [id=4745424798]
netris_link.ew_gpu_links["swp1@sw-hardwarefree-plane2-leaf03--eth3@gpu-hardwarefree-003"]: Creating...
netris_link.ew_gpu_links["swp4@sw-hardwarefree-plane4-leaf01--eth8@gpu-hardwarefree-009"]: Creation complete after 0s [id=4741431366]
netris_link.ew_gpu_links["swp11@sw-hardwarefree-plane2-leaf01--eth3@gpu-hardwarefree-041"]: Creating...
netris_link.ew_gpu_links["swp12@sw-hardwarefree-plane2-leaf01--eth4@gpu-hardwarefree-041"]: Creation complete after 0s [id=4695192184]
netris_link.ns_gpu_links["swp16@sw-hardwarefree-frontend-leaf04--eth10@gpu-hardwarefree-047"]: Creating...
netris_link.ew_gpu_links["swp10@sw-hardwarefree-plane4-leaf03--eth8@gpu-hardwarefree-035"]: Creation complete after 0s [id=4720809230]
netris_link.ew_gpu_links["swp4@sw-hardwarefree-plane2-leaf07--eth4@gpu-hardwarefree-015"]: Creating...
netris_link.ns_gpu_links["swp10@sw-hardwarefree-frontend-leaf03--eth9@gpu-hardwarefree-029"]: Creation complete after 0s [id=4645226636]
netris_link.ew_gpu_links["swp13@sw-hardwarefree-plane3-leaf06--eth5@gpu-hardwarefree-054"]: Creating...
netris_link.ew_gpu_links["swp7@sw-hardwarefree-plane2-leaf02--eth3@gpu-hardwarefree-026"]: Creation complete after 0s [id=4681925865]
netris_link.ew_gpu_links["swp8@sw-hardwarefree-plane3-leaf05--eth6@gpu-hardwarefree-029"]: Creating...
netris_link.ew_gpu_links["swp9@sw-hardwarefree-plane2-leaf08--eth3@gpu-hardwarefree-040"]: Creation complete after 0s [id=4692382281]
netris_link.ns_gpu_links["swp10@sw-hardwarefree-frontend-leaf06--eth10@gpu-hardwarefree-030"]: Creating...
netris_link.ew_gpu_links["swp5@sw-hardwarefree-plane4-leaf06--eth7@gpu-hardwarefree-022"]: Creation complete after 0s [id=4714981485]
netris_link.ew_gpu_links["swp11@sw-hardwarefree-plane4-leaf02--eth7@gpu-hardwarefree-042"]: Creating...
netris_link.ns_gpu_links["swp12@sw-hardwarefree-frontend-leaf03--eth9@gpu-hardwarefree-035"]: Creation complete after 0s [id=4622122434]
netris_link.ew_gpu_links["swp15@sw-hardwarefree-plane3-leaf04--eth5@gpu-hardwarefree-060"]: Creating...
netris_link.ew_gpu_links["swp14@sw-hardwarefree-plane1-leaf04--eth2@gpu-hardwarefree-052"]: Creation complete after 0s [id=4716535020]
netris_link.ew_gpu_links["swp4@sw-hardwarefree-plane3-leaf01--eth6@gpu-hardwarefree-009"]: Creating...
netris_link.ew_gpu_links["swp11@sw-hardwarefree-plane2-leaf01--eth3@gpu-hardwarefree-041"]: Creation complete after 0s [id=4694998378]
netris_link.ew_gpu_links["swp8@sw-hardwarefree-plane4-leaf02--eth8@gpu-hardwarefree-026"]: Creating...
netris_link.ew_gpu_links["swp1@sw-hardwarefree-plane2-leaf03--eth3@gpu-hardwarefree-003"]: Creation complete after 0s [id=4636652214]
netris_link.ns_gpu_links["swp16@sw-hardwarefree-frontend-leaf03--eth9@gpu-hardwarefree-047"]: Creating...
netris_link.ns_gpu_links["swp16@sw-hardwarefree-frontend-leaf04--eth10@gpu-hardwarefree-047"]: Creation complete after 0s [id=4750881807]
netris_link.ew_gpu_links["swp10@sw-hardwarefree-plane1-leaf05--eth2@gpu-hardwarefree-037"]: Creating...
netris_link.ew_gpu_links["swp4@sw-hardwarefree-plane2-leaf07--eth4@gpu-hardwarefree-015"]: Creation complete after 0s [id=4646383044]
netris_link.ew_gpu_links["swp14@sw-hardwarefree-plane4-leaf08--eth8@gpu-hardwarefree-056"]: Creating...
netris_link.ew_gpu_links["swp13@sw-hardwarefree-plane3-leaf06--eth5@gpu-hardwarefree-054"]: Creation complete after 0s [id=4674284379]
netris_link.ns_gpu_links["swp13@sw-hardwarefree-frontend-leaf06--eth10@gpu-hardwarefree-039"]: Creating...
netris_link.ew_gpu_links["swp8@sw-hardwarefree-plane3-leaf05--eth6@gpu-hardwarefree-029"]: Creation complete after 1s [id=4705081457]
netris_link.ew_gpu_links["swp14@sw-hardwarefree-plane3-leaf02--eth6@gpu-hardwarefree-050"]: Creating...
netris_link.ns_gpu_links["swp10@sw-hardwarefree-frontend-leaf06--eth10@gpu-hardwarefree-030"]: Creation complete after 1s [id=4665296804]
netris_link.ew_gpu_links["swp14@sw-hardwarefree-plane3-leaf04--eth6@gpu-hardwarefree-052"]: Creating...
netris_link.ew_gpu_links["swp11@sw-hardwarefree-plane4-leaf02--eth7@gpu-hardwarefree-042"]: Creation complete after 1s [id=4674574547]
netris_link.ew_gpu_links["swp9@sw-hardwarefree-plane1-leaf08--eth1@gpu-hardwarefree-040"]: Creating...
netris_link.ew_gpu_links["swp4@sw-hardwarefree-plane3-leaf01--eth6@gpu-hardwarefree-009"]: Creation complete after 1s [id=4738121039]
netris_link.ew_gpu_links["swp15@sw-hardwarefree-plane4-leaf03--eth7@gpu-hardwarefree-059"]: Creating...
netris_link.ew_gpu_links["swp15@sw-hardwarefree-plane3-leaf04--eth5@gpu-hardwarefree-060"]: Creation complete after 1s [id=4694416497]
netris_link.ns_gpu_links["swp17@sw-hardwarefree-frontend-leaf02--eth10@gpu-hardwarefree-049"]: Creating...
netris_link.ew_gpu_links["swp10@sw-hardwarefree-plane1-leaf05--eth2@gpu-hardwarefree-037"]: Creation complete after 1s [id=4708186207]
netris_link.ns_gpu_links["swp16@sw-hardwarefree-frontend-leaf03--eth9@gpu-hardwarefree-047"]: Creation complete after 1s [id=4629913658]
netris_link.ew_gpu_links["swp8@sw-hardwarefree-plane4-leaf02--eth8@gpu-hardwarefree-026"]: Creation complete after 1s [id=4670127799]
netris_link.ew_gpu_links["swp14@sw-hardwarefree-plane4-leaf08--eth8@gpu-hardwarefree-056"]: Creation complete after 1s [id=4752344516]
netris_link.ns_gpu_links["swp13@sw-hardwarefree-frontend-leaf06--eth10@gpu-hardwarefree-039"]: Creation complete after 1s [id=4680474619]
netris_link.ns_gpu_links["swp21@sw-hardwarefree-frontend-leaf02--eth10@gpu-hardwarefree-061"]: Creating...
netris_link.ew_gpu_links["swp6@sw-hardwarefree-plane2-leaf08--eth4@gpu-hardwarefree-024"]: Creating...
netris_link.ew_gpu_links["swp14@sw-hardwarefree-plane1-leaf06--eth2@gpu-hardwarefree-054"]: Creating...
netris_link.ew_gpu_links["swp4@sw-hardwarefree-plane1-leaf02--eth2@gpu-hardwarefree-010"]: Creating...
netris_link.ew_gpu_links["swp15@sw-hardwarefree-plane4-leaf06--eth7@gpu-hardwarefree-062"]: Creating...
netris_link.ew_gpu_links["swp14@sw-hardwarefree-plane3-leaf02--eth6@gpu-hardwarefree-050"]: Creation complete after 0s [id=4656992997]
netris_link.ew_gpu_links["swp12@sw-hardwarefree-plane2-leaf02--eth4@gpu-hardwarefree-042"]: Creating...
netris_link.ew_gpu_links["swp14@sw-hardwarefree-plane3-leaf04--eth6@gpu-hardwarefree-052"]: Creation complete after 0s [id=4729364038]
netris_link.ew_gpu_links["swp2@sw-hardwarefree-plane3-leaf04--eth6@gpu-hardwarefree-004"]: Creating...
netris_link.ew_gpu_links["swp9@sw-hardwarefree-plane1-leaf08--eth1@gpu-hardwarefree-040"]: Creation complete after 0s [id=4635015244]
netris_link.ns_gpu_links["swp7@sw-hardwarefree-frontend-leaf03--eth9@gpu-hardwarefree-020"]: Creating...
netris_link.ew_gpu_links["swp15@sw-hardwarefree-plane4-leaf03--eth7@gpu-hardwarefree-059"]: Creation complete after 0s [id=4764050607]
netris_link.ew_gpu_links["swp5@sw-hardwarefree-plane2-leaf05--eth3@gpu-hardwarefree-021"]: Creating...
netris_link.ns_gpu_links["swp17@sw-hardwarefree-frontend-leaf02--eth10@gpu-hardwarefree-049"]: Creation complete after 0s [id=4665393201]
netris_link.ew_gpu_links["swp4@sw-hardwarefree-plane1-leaf03--eth2@gpu-hardwarefree-011"]: Creating...
netris_link.ew_gpu_links["swp15@sw-hardwarefree-plane4-leaf06--eth7@gpu-hardwarefree-062"]: Creation complete after 0s [id=4671190585]
netris_link.ew_gpu_links["swp9@sw-hardwarefree-plane2-leaf02--eth3@gpu-hardwarefree-034"]: Creating...
netris_link.ns_gpu_links["swp21@sw-hardwarefree-frontend-leaf02--eth10@gpu-hardwarefree-061"]: Creation complete after 0s [id=4694514044]
netris_link.ew_gpu_links["swp4@sw-hardwarefree-plane4-leaf07--eth8@gpu-hardwarefree-015"]: Creating...
netris_link.ew_gpu_links["swp6@sw-hardwarefree-plane2-leaf08--eth4@gpu-hardwarefree-024"]: Creation complete after 0s [id=4669837437]
netris_link.ew_gpu_links["swp15@sw-hardwarefree-plane1-leaf02--eth1@gpu-hardwarefree-058"]: Creating...
netris_link.ew_gpu_links["swp14@sw-hardwarefree-plane1-leaf06--eth2@gpu-hardwarefree-054"]: Creation complete after 0s [id=4786136251]
netris_link.ns_gpu_links["swp8@sw-hardwarefree-frontend-leaf01--eth9@gpu-hardwarefree-022"]: Creating...
netris_link.ew_gpu_links["swp4@sw-hardwarefree-plane1-leaf02--eth2@gpu-hardwarefree-010"]: Creation complete after 0s [id=4699262615]
netris_link.ew_gpu_links["swp14@sw-hardwarefree-plane4-leaf06--eth8@gpu-hardwarefree-054"]: Creating...
netris_link.ew_gpu_links["swp12@sw-hardwarefree-plane2-leaf02--eth4@gpu-hardwarefree-042"]: Creation complete after 0s [id=4686765485]
netris_link.ew_gpu_links["swp4@sw-hardwarefree-plane2-leaf04--eth4@gpu-hardwarefree-012"]: Creating...
netris_link.ew_gpu_links["swp2@sw-hardwarefree-plane3-leaf04--eth6@gpu-hardwarefree-004"]: Creation complete after 0s [id=4731406657]
netris_link.ew_gpu_links["swp10@sw-hardwarefree-plane1-leaf03--eth2@gpu-hardwarefree-035"]: Creating...
netris_link.ns_gpu_links["swp7@sw-hardwarefree-frontend-leaf03--eth9@gpu-hardwarefree-020"]: Creation complete after 0s [id=4661916641]
netris_link.ns_gpu_links["swp3@sw-hardwarefree-frontend-leaf03--eth9@gpu-hardwarefree-008"]: Creating...
netris_link.ew_gpu_links["swp5@sw-hardwarefree-plane2-leaf05--eth3@gpu-hardwarefree-021"]: Creation complete after 0s [id=4669548011]
netris_link.ew_gpu_links["swp6@sw-hardwarefree-plane2-leaf05--eth4@gpu-hardwarefree-021"]: Creating...
netris_link.ew_gpu_links["swp4@sw-hardwarefree-plane1-leaf03--eth2@gpu-hardwarefree-011"]: Creation complete after 0s [id=4756634796]
netris_link.ns_gpu_links["swp14@sw-hardwarefree-frontend-leaf04--eth10@gpu-hardwarefree-041"]: Creating...
netris_link.ew_gpu_links["swp9@sw-hardwarefree-plane2-leaf02--eth3@gpu-hardwarefree-034"]: Creation complete after 0s [id=4673607556]
netris_link.ew_gpu_links["swp15@sw-hardwarefree-plane2-leaf06--eth3@gpu-hardwarefree-062"]: Creating...
netris_link.ew_gpu_links["swp4@sw-hardwarefree-plane4-leaf07--eth8@gpu-hardwarefree-015"]: Creation complete after 0s [id=4600610650]
netris_link.ew_gpu_links["swp15@sw-hardwarefree-plane1-leaf01--eth1@gpu-hardwarefree-057"]: Creating...
netris_link.ew_gpu_links["swp15@sw-hardwarefree-plane1-leaf02--eth1@gpu-hardwarefree-058"]: Creation complete after 0s [id=4760147051]
netris_link.ew_gpu_links["swp3@sw-hardwarefree-plane2-leaf01--eth3@gpu-hardwarefree-009"]: Creating...
netris_link.ns_gpu_links["swp8@sw-hardwarefree-frontend-leaf01--eth9@gpu-hardwarefree-022"]: Creation complete after 0s [id=4682893685]
netris_link.ns_gpu_links["swp20@sw-hardwarefree-frontend-leaf06--eth10@gpu-hardwarefree-060"]: Creating...
netris_link.ew_gpu_links["swp14@sw-hardwarefree-plane4-leaf06--eth8@gpu-hardwarefree-054"]: Creation complete after 0s [id=4701008220]
netris_link.ew_gpu_links["swp3@sw-hardwarefree-plane4-leaf05--eth7@gpu-hardwarefree-013"]: Creating...
netris_link.ew_gpu_links["swp4@sw-hardwarefree-plane2-leaf04--eth4@gpu-hardwarefree-012"]: Creation complete after 0s [id=4679796761]
netris_link.ew_gpu_links["swp3@sw-hardwarefree-plane3-leaf02--eth5@gpu-hardwarefree-010"]: Creating...
netris_link.ns_gpu_links["swp3@sw-hardwarefree-frontend-leaf03--eth9@gpu-hardwarefree-008"]: Creation complete after 0s [id=4631838441]
netris_link.ew_gpu_links["swp16@sw-hardwarefree-plane1-leaf05--eth2@gpu-hardwarefree-061"]: Creating...
netris_link.ew_gpu_links["swp10@sw-hardwarefree-plane1-leaf03--eth2@gpu-hardwarefree-035"]: Creation complete after 0s [id=4735784877]
netris_link.ew_gpu_links["swp6@sw-hardwarefree-plane2-leaf05--eth4@gpu-hardwarefree-021"]: Creation complete after 0s [id=4669741291]
netris_link.ew_gpu_links["swp6@sw-hardwarefree-plane3-leaf03--eth6@gpu-hardwarefree-019"]: Creating...
netris_link.ew_gpu_links["swp1@sw-hardwarefree-plane2-leaf04--eth3@gpu-hardwarefree-004"]: Creating...
netris_link.ew_gpu_links["swp15@sw-hardwarefree-plane2-leaf06--eth3@gpu-hardwarefree-062"]: Creation complete after 0s [id=4717311887]
netris_link.ew_gpu_links["swp3@sw-hardwarefree-plane2-leaf01--eth3@gpu-hardwarefree-009"]: Creation complete after 0s [id=4677185254]
netris_link.ew_gpu_links["swp15@sw-hardwarefree-plane1-leaf01--eth1@gpu-hardwarefree-057"]: Creation complete after 0s [id=4754781548]
netris_link.ns_gpu_links["swp14@sw-hardwarefree-frontend-leaf04--eth10@gpu-hardwarefree-041"]: Creation complete after 0s [id=4775380162]
netris_link.ew_gpu_links["swp14@sw-hardwarefree-plane4-leaf03--eth8@gpu-hardwarefree-051"]: Creating...
netris_link.ew_gpu_links["swp3@sw-hardwarefree-plane2-leaf04--eth3@gpu-hardwarefree-012"]: Creating...
netris_link.ew_gpu_links["swp10@sw-hardwarefree-plane2-leaf04--eth4@gpu-hardwarefree-036"]: Creating...
netris_link.ew_gpu_links["swp3@sw-hardwarefree-plane2-leaf02--eth3@gpu-hardwarefree-010"]: Creating...
netris_link.ns_gpu_links["swp20@sw-hardwarefree-frontend-leaf06--eth10@gpu-hardwarefree-060"]: Creation complete after 0s [id=4613569195]
netris_link.ew_gpu_links["swp12@sw-hardwarefree-plane2-leaf03--eth4@gpu-hardwarefree-043"]: Creating...
netris_link.ew_gpu_links["swp3@sw-hardwarefree-plane4-leaf05--eth7@gpu-hardwarefree-013"]: Creation complete after 0s [id=4750296941]
netris_link.ew_gpu_links["swp3@sw-hardwarefree-plane2-leaf08--eth3@gpu-hardwarefree-016"]: Creating...
netris_link.ew_gpu_links["swp3@sw-hardwarefree-plane3-leaf02--eth5@gpu-hardwarefree-010"]: Creation complete after 0s [id=4648407623]
netris_link.ew_gpu_links["swp2@sw-hardwarefree-plane3-leaf05--eth6@gpu-hardwarefree-005"]: Creating...
netris_link.ew_gpu_links["swp6@sw-hardwarefree-plane3-leaf03--eth6@gpu-hardwarefree-019"]: Creation complete after 0s [id=4728488570]
netris_link.ew_gpu_links["swp8@sw-hardwarefree-plane1-leaf04--eth2@gpu-hardwarefree-028"]: Creating...
netris_link.ew_gpu_links["swp16@sw-hardwarefree-plane1-leaf05--eth2@gpu-hardwarefree-061"]: Creation complete after 0s [id=4725863770]
netris_link.ew_gpu_links["swp4@sw-hardwarefree-plane3-leaf03--eth6@gpu-hardwarefree-011"]: Creating...
netris_link.ew_gpu_links["swp1@sw-hardwarefree-plane2-leaf04--eth3@gpu-hardwarefree-004"]: Creation complete after 0s [id=4709253604]
netris_link.ew_gpu_links["swp1@sw-hardwarefree-plane4-leaf05--eth7@gpu-hardwarefree-005"]: Creating...
netris_link.ew_gpu_links["swp14@sw-hardwarefree-plane4-leaf03--eth8@gpu-hardwarefree-051"]: Creation complete after 0s [id=4756537410]
netris_link.ew_gpu_links["swp1@sw-hardwarefree-plane3-leaf03--eth5@gpu-hardwarefree-003"]: Creating...
netris_link.ew_gpu_links["swp3@sw-hardwarefree-plane2-leaf02--eth3@gpu-hardwarefree-010"]: Creation complete after 0s [id=4635881536]
netris_link.ew_gpu_links["swp6@sw-hardwarefree-plane3-leaf06--eth6@gpu-hardwarefree-022"]: Creating...
netris_link.ew_gpu_links["swp10@sw-hardwarefree-plane2-leaf04--eth4@gpu-hardwarefree-036"]: Creation complete after 0s [id=4712359691]
netris_link.ew_gpu_links["swp5@sw-hardwarefree-plane1-leaf06--eth1@gpu-hardwarefree-022"]: Creating...
netris_link.ew_gpu_links["swp3@sw-hardwarefree-plane2-leaf04--eth3@gpu-hardwarefree-012"]: Creation complete after 0s [id=4679603273]
netris_link.ew_gpu_links["swp11@sw-hardwarefree-plane3-leaf05--eth5@gpu-hardwarefree-045"]: Creating...
netris_link.ew_gpu_links["swp12@sw-hardwarefree-plane2-leaf03--eth4@gpu-hardwarefree-043"]: Creation complete after 0s [id=4648408062]
netris_link.ew_gpu_links["swp5@sw-hardwarefree-plane3-leaf05--eth5@gpu-hardwarefree-021"]: Creating...
netris_link.ew_gpu_links["swp3@sw-hardwarefree-plane2-leaf08--eth3@gpu-hardwarefree-016"]: Creation complete after 0s [id=4704596538]
netris_link.ew_gpu_links["swp7@sw-hardwarefree-plane2-leaf04--eth3@gpu-hardwarefree-028"]: Creating...
netris_link.ew_gpu_links["swp2@sw-hardwarefree-plane3-leaf05--eth6@gpu-hardwarefree-005"]: Creation complete after 0s [id=4667131747]
netris_link.ew_gpu_links["swp10@sw-hardwarefree-plane2-leaf03--eth4@gpu-hardwarefree-035"]: Creating...
netris_link.ew_gpu_links["swp8@sw-hardwarefree-plane1-leaf04--eth2@gpu-hardwarefree-028"]: Creation complete after 1s [id=4685022376]
netris_link.ew_gpu_links["swp6@sw-hardwarefree-plane1-leaf01--eth2@gpu-hardwarefree-017"]: Creating...
netris_link.ew_gpu_links["swp4@sw-hardwarefree-plane3-leaf03--eth6@gpu-hardwarefree-011"]: Creation complete after 1s [id=4750784470]
netris_link.ew_gpu_links["swp1@sw-hardwarefree-plane3-leaf06--eth5@gpu-hardwarefree-006"]: Creating...
netris_link.ew_gpu_links["swp1@sw-hardwarefree-plane4-leaf05--eth7@gpu-hardwarefree-005"]: Creation complete after 1s [id=4730725372]
netris_link.ns_gpu_links["swp13@sw-hardwarefree-frontend-leaf01--eth9@gpu-hardwarefree-037"]: Creating...
netris_link.ew_gpu_links["swp1@sw-hardwarefree-plane3-leaf03--eth5@gpu-hardwarefree-003"]: Creation complete after 1s [id=4754684333]
netris_link.ns_gpu_links["swp2@sw-hardwarefree-frontend-leaf02--eth10@gpu-hardwarefree-004"]: Creating...
netris_link.ew_gpu_links["swp6@sw-hardwarefree-plane3-leaf06--eth6@gpu-hardwarefree-022"]: Creation complete after 1s [id=4688605236]
netris_link.ns_gpu_links["swp8@sw-hardwarefree-frontend-leaf04--eth10@gpu-hardwarefree-023"]: Creating...
netris_link.ew_gpu_links["swp5@sw-hardwarefree-plane1-leaf06--eth1@gpu-hardwarefree-022"]: Creation complete after 1s [id=4800235372]
netris_link.ew_gpu_links["swp12@sw-hardwarefree-plane4-leaf05--eth8@gpu-hardwarefree-045"]: Creating...
netris_link.ew_gpu_links["swp11@sw-hardwarefree-plane3-leaf05--eth5@gpu-hardwarefree-045"]: Creation complete after 1s [id=4673317114]
netris_link.ew_gpu_links["swp4@sw-hardwarefree-plane3-leaf08--eth6@gpu-hardwarefree-016"]: Creating...
netris_link.ew_gpu_links["swp5@sw-hardwarefree-plane3-leaf05--eth5@gpu-hardwarefree-021"]: Creation complete after 1s [id=4727127700]
netris_link.ns_gpu_links["swp9@sw-hardwarefree-frontend-leaf06--eth10@gpu-hardwarefree-027"]: Creating...
netris_link.ew_gpu_links["swp7@sw-hardwarefree-plane2-leaf04--eth3@gpu-hardwarefree-028"]: Creation complete after 1s [id=4675734329]
netris_link.ew_gpu_links["swp16@sw-hardwarefree-plane2-leaf08--eth4@gpu-hardwarefree-064"]: Creating...
netris_link.ew_gpu_links["swp10@sw-hardwarefree-plane2-leaf03--eth4@gpu-hardwarefree-035"]: Creation complete after 1s [id=4612224644]
netris_link.ew_gpu_links["swp12@sw-hardwarefree-plane4-leaf03--eth8@gpu-hardwarefree-043"]: Creating...
netris_link.ew_gpu_links["swp6@sw-hardwarefree-plane1-leaf01--eth2@gpu-hardwarefree-017"]: Creation complete after 0s [id=4771178609]
netris_link.ns_gpu_links["swp2@sw-hardwarefree-frontend-leaf06--eth10@gpu-hardwarefree-006"]: Creating...
netris_link.ns_gpu_links["swp13@sw-hardwarefree-frontend-leaf01--eth9@gpu-hardwarefree-037"]: Creation complete after 0s [id=4664234247]
netris_link.ew_gpu_links["swp1@sw-hardwarefree-plane3-leaf06--eth5@gpu-hardwarefree-006"]: Creation complete after 0s [id=4667808506]
netris_link.ns_gpu_links["swp2@sw-hardwarefree-frontend-leaf02--eth10@gpu-hardwarefree-004"]: Creation complete after 0s [id=4668194935]
netris_link.ns_gpu_links["swp8@sw-hardwarefree-frontend-leaf04--eth10@gpu-hardwarefree-023"]: Creation complete after 0s [id=4769420590]
netris_link.ns_gpu_links["swp19@sw-hardwarefree-frontend-leaf02--eth10@gpu-hardwarefree-055"]: Creating...
netris_link.ns_gpu_links["swp6@sw-hardwarefree-frontend-leaf05--eth9@gpu-hardwarefree-018"]: Creating...
netris_link.ew_gpu_links["swp15@sw-hardwarefree-plane4-leaf07--eth7@gpu-hardwarefree-063"]: Creating...
netris_link.ew_gpu_links["swp6@sw-hardwarefree-plane1-leaf04--eth2@gpu-hardwarefree-020"]: Creating...
netris_link.ew_gpu_links["swp4@sw-hardwarefree-plane3-leaf08--eth6@gpu-hardwarefree-016"]: Creation complete after 0s [id=4669354607]
netris_link.ew_gpu_links["swp5@sw-hardwarefree-plane3-leaf08--eth5@gpu-hardwarefree-024"]: Creating...
netris_link.ew_gpu_links["swp12@sw-hardwarefree-plane4-leaf05--eth8@gpu-hardwarefree-045"]: Creation complete after 0s [id=4737342067]
netris_link.ew_gpu_links["swp6@sw-hardwarefree-plane1-leaf03--eth2@gpu-hardwarefree-019"]: Creating...
netris_link.ns_gpu_links["swp9@sw-hardwarefree-frontend-leaf06--eth10@gpu-hardwarefree-027"]: Creation complete after 0s [id=4618565600]
netris_link.ns_gpu_links["swp10@sw-hardwarefree-frontend-leaf01--eth9@gpu-hardwarefree-028"]: Creating...
netris_link.ew_gpu_links["swp12@sw-hardwarefree-plane4-leaf03--eth8@gpu-hardwarefree-043"]: Creation complete after 0s [id=4757415272]
netris_link.ns_gpu_links["swp17@sw-hardwarefree-frontend-leaf06--eth10@gpu-hardwarefree-051"]: Creating...
netris_link.ns_gpu_links["swp2@sw-hardwarefree-frontend-leaf06--eth10@gpu-hardwarefree-006"]: Creation complete after 0s [id=4656028252]
netris_link.ew_gpu_links["swp10@sw-hardwarefree-plane4-leaf06--eth8@gpu-hardwarefree-038"]: Creating...
netris_link.ew_gpu_links["swp16@sw-hardwarefree-plane2-leaf08--eth4@gpu-hardwarefree-064"]: Creation complete after 0s [id=4684635434]
netris_link.ns_gpu_links["swp9@sw-hardwarefree-frontend-leaf04--eth10@gpu-hardwarefree-026"]: Creating...
netris_link.ew_gpu_links["swp6@sw-hardwarefree-plane1-leaf04--eth2@gpu-hardwarefree-020"]: Creation complete after 0s [id=4737147894]
netris_link.ew_gpu_links["swp13@sw-hardwarefree-plane2-leaf01--eth3@gpu-hardwarefree-049"]: Creating...
netris_link.ns_gpu_links["swp19@sw-hardwarefree-frontend-leaf02--eth10@gpu-hardwarefree-055"]: Creation complete after 0s [id=4675154546]
netris_link.ew_gpu_links["swp16@sw-hardwarefree-plane3-leaf08--eth6@gpu-hardwarefree-064"]: Creating...
netris_link.ns_gpu_links["swp6@sw-hardwarefree-frontend-leaf05--eth9@gpu-hardwarefree-018"]: Creation complete after 0s [id=4659020405]
netris_link.ew_gpu_links["swp4@sw-hardwarefree-plane1-leaf08--eth2@gpu-hardwarefree-016"]: Creating...
netris_link.ew_gpu_links["swp15@sw-hardwarefree-plane4-leaf07--eth7@gpu-hardwarefree-063"]: Creation complete after 0s [id=4654484599]
netris_link.ew_gpu_links["swp12@sw-hardwarefree-plane1-leaf04--eth2@gpu-hardwarefree-044"]: Creating...
netris_link.ns_gpu_links["swp10@sw-hardwarefree-frontend-leaf01--eth9@gpu-hardwarefree-028"]: Creation complete after 0s [id=4622603058]
netris_link.ew_gpu_links["swp16@sw-hardwarefree-plane1-leaf01--eth2@gpu-hardwarefree-057"]: Creating...
netris_link.ew_gpu_links["swp5@sw-hardwarefree-plane3-leaf08--eth5@gpu-hardwarefree-024"]: Creation complete after 0s [id=4634341078]
netris_link.ew_gpu_links["swp6@sw-hardwarefree-plane2-leaf06--eth4@gpu-hardwarefree-022"]: Creating...
netris_link.ew_gpu_links["swp6@sw-hardwarefree-plane1-leaf03--eth2@gpu-hardwarefree-019"]: Creation complete after 0s [id=4734325156]
netris_link.ew_gpu_links["swp10@sw-hardwarefree-plane3-leaf02--eth6@gpu-hardwarefree-034"]: Creating...
netris_link.ns_gpu_links["swp17@sw-hardwarefree-frontend-leaf06--eth10@gpu-hardwarefree-051"]: Creation complete after 0s [id=4663847977]
netris_link.ew_gpu_links["swp15@sw-hardwarefree-plane2-leaf05--eth3@gpu-hardwarefree-061"]: Creating...
netris_link.ew_gpu_links["swp10@sw-hardwarefree-plane4-leaf06--eth8@gpu-hardwarefree-038"]: Creation complete after 0s [id=4711292079]
netris_link.ew_gpu_links["swp8@sw-hardwarefree-plane1-leaf08--eth2@gpu-hardwarefree-032"]: Creating...
netris_link.ns_gpu_links["swp9@sw-hardwarefree-frontend-leaf04--eth10@gpu-hardwarefree-026"]: Creation complete after 0s [id=4782419211]
netris_link.ew_gpu_links["swp15@sw-hardwarefree-plane3-leaf02--eth5@gpu-hardwarefree-058"]: Creating...
netris_link.ew_gpu_links["swp13@sw-hardwarefree-plane2-leaf01--eth3@gpu-hardwarefree-049"]: Creation complete after 0s [id=4681345064]
netris_link.ew_gpu_links["swp2@sw-hardwarefree-plane3-leaf06--eth6@gpu-hardwarefree-006"]: Creating...
netris_link.ew_gpu_links["swp4@sw-hardwarefree-plane1-leaf08--eth2@gpu-hardwarefree-016"]: Creation complete after 0s [id=4647347473]
netris_link.ew_gpu_links["swp16@sw-hardwarefree-plane1-leaf06--eth2@gpu-hardwarefree-062"]: Creating...
netris_link.ew_gpu_links["swp16@sw-hardwarefree-plane3-leaf08--eth6@gpu-hardwarefree-064"]: Creation complete after 0s [id=4649275627]
netris_link.ew_gpu_links["swp9@sw-hardwarefree-plane1-leaf02--eth1@gpu-hardwarefree-034"]: Creating...
netris_link.ew_gpu_links["swp12@sw-hardwarefree-plane1-leaf04--eth2@gpu-hardwarefree-044"]: Creation complete after 0s [id=4703529317]
netris_link.ew_gpu_links["swp4@sw-hardwarefree-plane3-leaf06--eth6@gpu-hardwarefree-014"]: Creating...
netris_link.ew_gpu_links["swp16@sw-hardwarefree-plane1-leaf01--eth2@gpu-hardwarefree-057"]: Creation complete after 0s [id=4754976584]
netris_link.ew_gpu_links["swp10@sw-hardwarefree-plane1-leaf07--eth2@gpu-hardwarefree-039"]: Creating...
netris_link.ew_gpu_links["swp6@sw-hardwarefree-plane2-leaf06--eth4@gpu-hardwarefree-022"]: Creation complete after 0s [id=4761513109]
netris_link.ew_gpu_links["swp3@sw-hardwarefree-plane4-leaf02--eth7@gpu-hardwarefree-010"]: Creating...
netris_link.ew_gpu_links["swp10@sw-hardwarefree-plane3-leaf02--eth6@gpu-hardwarefree-034"]: Creation complete after 0s [id=4686378097]
netris_link.ns_gpu_links["swp1@sw-hardwarefree-frontend-leaf02--eth10@gpu-hardwarefree-001"]: Creating...
netris_link.ew_gpu_links["swp15@sw-hardwarefree-plane2-leaf05--eth3@gpu-hardwarefree-061"]: Creation complete after 0s [id=4671577651]
netris_link.ew_gpu_links["swp6@sw-hardwarefree-plane2-leaf01--eth4@gpu-hardwarefree-017"]: Creating...
netris_link.ew_gpu_links["swp8@sw-hardwarefree-plane1-leaf08--eth2@gpu-hardwarefree-032"]: Creation complete after 0s [id=4630779827]
netris_link.ew_gpu_links["swp14@sw-hardwarefree-plane2-leaf01--eth4@gpu-hardwarefree-049"]: Creating...
netris_link.ew_gpu_links["swp15@sw-hardwarefree-plane3-leaf02--eth5@gpu-hardwarefree-058"]: Creation complete after 0s [id=4709156877]
netris_link.ew_gpu_links["swp10@sw-hardwarefree-plane4-leaf07--eth8@gpu-hardwarefree-039"]: Creating...
netris_link.ew_gpu_links["swp2@sw-hardwarefree-plane3-leaf06--eth6@gpu-hardwarefree-006"]: Creation complete after 0s [id=4668001750]
netris_link.ew_gpu_links["swp4@sw-hardwarefree-plane3-leaf06--eth6@gpu-hardwarefree-014"]: Creation complete after 0s [id=4641660797]
netris_link.ew_gpu_links["swp9@sw-hardwarefree-plane1-leaf02--eth1@gpu-hardwarefree-034"]: Creation complete after 0s [id=4737050459]
netris_link.ew_gpu_links["swp16@sw-hardwarefree-plane1-leaf06--eth2@gpu-hardwarefree-062"]: Creation complete after 0s [id=4756244486]
netris_link.ns_gpu_links["swp2@sw-hardwarefree-frontend-leaf04--eth10@gpu-hardwarefree-005"]: Creating...
netris_link.ew_gpu_links["swp7@sw-hardwarefree-plane2-leaf07--eth3@gpu-hardwarefree-031"]: Creating...
netris_link.ew_gpu_links["swp14@sw-hardwarefree-plane3-leaf06--eth6@gpu-hardwarefree-054"]: Creating...
netris_link.ew_gpu_links["swp11@sw-hardwarefree-plane2-leaf06--eth3@gpu-hardwarefree-046"]: Creating...
netris_link.ew_gpu_links["swp3@sw-hardwarefree-plane4-leaf02--eth7@gpu-hardwarefree-010"]: Creation complete after 0s [id=4623949330]
netris_link.ew_gpu_links["swp9@sw-hardwarefree-plane3-leaf05--eth5@gpu-hardwarefree-037"]: Creating...
netris_link.ns_gpu_links["swp1@sw-hardwarefree-frontend-leaf02--eth10@gpu-hardwarefree-001"]: Creation complete after 0s [id=4687249564]
netris_link.ns_gpu_links["swp17@sw-hardwarefree-frontend-leaf03--eth9@gpu-hardwarefree-050"]: Creating...
netris_link.ew_gpu_links["swp6@sw-hardwarefree-plane2-leaf01--eth4@gpu-hardwarefree-017"]: Creation complete after 0s [id=4676508246]
netris_link.ew_gpu_links["swp13@sw-hardwarefree-plane4-leaf05--eth7@gpu-hardwarefree-053"]: Creating...
netris_link.ew_gpu_links["swp10@sw-hardwarefree-plane1-leaf07--eth2@gpu-hardwarefree-039"]: Creation complete after 0s [id=4736856013]
netris_link.ew_gpu_links["swp13@sw-hardwarefree-plane4-leaf03--eth7@gpu-hardwarefree-051"]: Creating...
netris_link.ew_gpu_links["swp14@sw-hardwarefree-plane2-leaf01--eth4@gpu-hardwarefree-049"]: Creation complete after 0s [id=4681538588]
netris_link.ew_gpu_links["swp8@sw-hardwarefree-plane1-leaf03--eth2@gpu-hardwarefree-027"]: Creating...
netris_link.ew_gpu_links["swp10@sw-hardwarefree-plane4-leaf07--eth8@gpu-hardwarefree-039"]: Creation complete after 0s [id=4658344744]
netris_link.ns_gpu_links["swp1@sw-hardwarefree-frontend-leaf04--eth10@gpu-hardwarefree-002"]: Creating...
netris_link.ns_gpu_links["swp2@sw-hardwarefree-frontend-leaf04--eth10@gpu-hardwarefree-005"]: Creation complete after 0s [id=4728002221]
netris_link.ew_gpu_links["swp11@sw-hardwarefree-plane3-leaf02--eth5@gpu-hardwarefree-042"]: Creating...
netris_link.ew_gpu_links["swp14@sw-hardwarefree-plane3-leaf06--eth6@gpu-hardwarefree-054"]: Creation complete after 0s [id=4674477757]
netris_link.ew_gpu_links["swp10@sw-hardwarefree-plane1-leaf08--eth2@gpu-hardwarefree-040"]: Creating...
netris_link.ew_gpu_links["swp11@sw-hardwarefree-plane2-leaf06--eth3@gpu-hardwarefree-046"]: Creation complete after 0s [id=4725474549]
netris_link.ew_gpu_links["swp12@sw-hardwarefree-plane3-leaf06--eth6@gpu-hardwarefree-046"]: Creating...
netris_link.ew_gpu_links["swp7@sw-hardwarefree-plane2-leaf07--eth3@gpu-hardwarefree-031"]: Creation complete after 0s [id=4641275272]
netris_link.ns_gpu_links["swp11@sw-hardwarefree-frontend-leaf05--eth9@gpu-hardwarefree-033"]: Creating...
netris_link.ew_gpu_links["swp9@sw-hardwarefree-plane3-leaf05--eth5@gpu-hardwarefree-037"]: Creation complete after 0s [id=4711486063]
netris_link.ew_gpu_links["swp7@sw-hardwarefree-plane1-leaf01--eth1@gpu-hardwarefree-025"]: Creating...
netris_link.ns_gpu_links["swp17@sw-hardwarefree-frontend-leaf03--eth9@gpu-hardwarefree-050"]: Creation complete after 1s [id=4623660917]
netris_link.ew_gpu_links["swp4@sw-hardwarefree-plane3-leaf05--eth6@gpu-hardwarefree-013"]: Creating...
netris_link.ew_gpu_links["swp13@sw-hardwarefree-plane4-leaf05--eth7@gpu-hardwarefree-053"]: Creation complete after 1s [id=4755561850]
netris_link.ew_gpu_links["swp3@sw-hardwarefree-plane2-leaf03--eth3@gpu-hardwarefree-011"]: Creating...
netris_link.ew_gpu_links["swp13@sw-hardwarefree-plane4-leaf03--eth7@gpu-hardwarefree-051"]: Creation complete after 1s [id=4756342342]
netris_link.ew_gpu_links["swp7@sw-hardwarefree-plane1-leaf03--eth1@gpu-hardwarefree-027"]: Creating...
netris_link.ew_gpu_links["swp8@sw-hardwarefree-plane1-leaf03--eth2@gpu-hardwarefree-027"]: Creation complete after 1s [id=4725960407]
netris_link.ew_gpu_links["swp14@sw-hardwarefree-plane3-leaf05--eth6@gpu-hardwarefree-053"]: Creating...
netris_link.ns_gpu_links["swp1@sw-hardwarefree-frontend-leaf04--eth10@gpu-hardwarefree-002"]: Creation complete after 1s [id=4737634130]
netris_link.ns_gpu_links["swp11@sw-hardwarefree-frontend-leaf02--eth10@gpu-hardwarefree-031"]: Creating...
netris_link.ew_gpu_links["swp11@sw-hardwarefree-plane3-leaf02--eth5@gpu-hardwarefree-042"]: Creation complete after 1s [id=4699166190]
netris_link.ew_gpu_links["swp8@sw-hardwarefree-plane2-leaf01--eth4@gpu-hardwarefree-025"]: Creating...
netris_link.ew_gpu_links["swp10@sw-hardwarefree-plane1-leaf08--eth2@gpu-hardwarefree-040"]: Creation complete after 1s [id=4635207808]
netris_link.ew_gpu_links["swp7@sw-hardwarefree-plane4-leaf08--eth7@gpu-hardwarefree-032"]: Creating...
netris_link.ew_gpu_links["swp12@sw-hardwarefree-plane3-leaf06--eth6@gpu-hardwarefree-046"]: Creation complete after 1s [id=4653037110]
netris_link.ns_gpu_links["swp18@sw-hardwarefree-frontend-leaf04--eth10@gpu-hardwarefree-053"]: Creating...
netris_link.ns_gpu_links["swp11@sw-hardwarefree-frontend-leaf05--eth9@gpu-hardwarefree-033"]: Creation complete after 1s [id=4647829590]
netris_link.ew_gpu_links["swp8@sw-hardwarefree-plane3-leaf07--eth6@gpu-hardwarefree-031"]: Creating...
netris_link.ew_gpu_links["swp4@sw-hardwarefree-plane3-leaf05--eth6@gpu-hardwarefree-013"]: Creation complete after 0s [id=4686571460]
netris_link.ew_gpu_links["swp12@sw-hardwarefree-plane3-leaf04--eth6@gpu-hardwarefree-044"]: Creating...
netris_link.ew_gpu_links["swp7@sw-hardwarefree-plane1-leaf01--eth1@gpu-hardwarefree-025"]: Creation complete after 1s [id=4774402774]
netris_link.ew_gpu_links["swp3@sw-hardwarefree-plane3-leaf05--eth5@gpu-hardwarefree-013"]: Creating...
netris_link.ew_gpu_links["swp3@sw-hardwarefree-plane2-leaf03--eth3@gpu-hardwarefree-011"]: Creation complete after 0s [id=4632608557]
netris_link.ns_gpu_links["swp5@sw-hardwarefree-frontend-leaf05--eth9@gpu-hardwarefree-015"]: Creating...
netris_link.ew_gpu_links["swp7@sw-hardwarefree-plane1-leaf03--eth1@gpu-hardwarefree-027"]: Creation complete after 0s [id=4725765967]
netris_link.ew_gpu_links["swp9@sw-hardwarefree-plane1-leaf05--eth1@gpu-hardwarefree-037"]: Creating...
netris_link.ns_gpu_links["swp11@sw-hardwarefree-frontend-leaf02--eth10@gpu-hardwarefree-031"]: Creation complete after 0s [id=4636170372]
netris_link.ew_gpu_links["swp16@sw-hardwarefree-plane3-leaf03--eth6@gpu-hardwarefree-059"]: Creating...
netris_link.ew_gpu_links["swp14@sw-hardwarefree-plane3-leaf05--eth6@gpu-hardwarefree-053"]: Creation complete after 0s [id=4691800945]
netris_link.ew_gpu_links["swp16@sw-hardwarefree-plane1-leaf02--eth2@gpu-hardwarefree-058"]: Creating...
netris_link.ew_gpu_links["swp8@sw-hardwarefree-plane2-leaf01--eth4@gpu-hardwarefree-025"]: Creation complete after 0s [id=4679893759]
netris_link.ew_gpu_links["swp7@sw-hardwarefree-plane4-leaf08--eth7@gpu-hardwarefree-032"]: Creation complete after 0s [id=4716243626]
netris_link.ns_gpu_links["swp18@sw-hardwarefree-frontend-leaf04--eth10@gpu-hardwarefree-053"]: Creation complete after 0s [id=4753221553]
netris_link.ew_gpu_links["swp8@sw-hardwarefree-plane3-leaf07--eth6@gpu-hardwarefree-031"]: Creation complete after 0s [id=4664813345]
netris_link.ns_gpu_links["swp12@sw-hardwarefree-frontend-leaf05--eth9@gpu-hardwarefree-036"]: Creating...
netris_link.ew_gpu_links["swp1@sw-hardwarefree-plane3-leaf05--eth5@gpu-hardwarefree-005"]: Creating...
netris_link.ew_gpu_links["swp5@sw-hardwarefree-plane1-leaf01--eth1@gpu-hardwarefree-017"]: Creating...
netris_link.ew_gpu_links["swp14@sw-hardwarefree-plane3-leaf07--eth6@gpu-hardwarefree-055"]: Creating...
netris_link.ew_gpu_links["swp12@sw-hardwarefree-plane3-leaf04--eth6@gpu-hardwarefree-044"]: Creation complete after 0s [id=4716340647]
netris_link.ns_gpu_links["swp7@sw-hardwarefree-frontend-leaf05--eth9@gpu-hardwarefree-021"]: Creating...
netris_link.ew_gpu_links["swp3@sw-hardwarefree-plane3-leaf05--eth5@gpu-hardwarefree-013"]: Creation complete after 0s [id=4686377832]
netris_link.ew_gpu_links["swp1@sw-hardwarefree-plane1-leaf05--eth1@gpu-hardwarefree-005"]: Creating...
netris_link.ew_gpu_links["swp16@sw-hardwarefree-plane3-leaf03--eth6@gpu-hardwarefree-059"]: Creation complete after 0s [id=4773425918]
netris_link.ew_gpu_links["swp10@sw-hardwarefree-plane4-leaf02--eth8@gpu-hardwarefree-034"]: Creating...
netris_link.ew_gpu_links["swp9@sw-hardwarefree-plane1-leaf05--eth1@gpu-hardwarefree-037"]: Creation complete after 0s [id=4707992133]
netris_link.ew_gpu_links["swp14@sw-hardwarefree-plane2-leaf04--eth4@gpu-hardwarefree-052"]: Creating...
netris_link.ns_gpu_links["swp5@sw-hardwarefree-frontend-leaf05--eth9@gpu-hardwarefree-015"]: Creation complete after 0s [id=4603872594]
netris_link.ew_gpu_links["swp1@sw-hardwarefree-plane1-leaf02--eth1@gpu-hardwarefree-002"]: Creating...
netris_link.ew_gpu_links["swp1@sw-hardwarefree-plane3-leaf05--eth5@gpu-hardwarefree-005"]: Creation complete after 0s [id=4666938521]
netris_link.ew_gpu_links["swp10@sw-hardwarefree-plane4-leaf05--eth8@gpu-hardwarefree-037"]: Creating...
netris_link.ew_gpu_links["swp5@sw-hardwarefree-plane1-leaf01--eth1@gpu-hardwarefree-017"]: Creation complete after 0s [id=4770983241]
netris_link.ew_gpu_links["swp12@sw-hardwarefree-plane4-leaf02--eth8@gpu-hardwarefree-042"]: Creating...
netris_link.ns_gpu_links["swp12@sw-hardwarefree-frontend-leaf05--eth9@gpu-hardwarefree-036"]: Creation complete after 0s [id=4634148812]
netris_link.ew_gpu_links["swp8@sw-hardwarefree-plane4-leaf06--eth8@gpu-hardwarefree-030"]: Creating...
netris_link.ew_gpu_links["swp14@sw-hardwarefree-plane3-leaf07--eth6@gpu-hardwarefree-055"]: Creation complete after 0s [id=4703723522]
netris_link.ns_gpu_links["swp22@sw-hardwarefree-frontend-leaf01--eth9@gpu-hardwarefree-064"]: Creating...
netris_link.ns_gpu_links["swp7@sw-hardwarefree-frontend-leaf05--eth9@gpu-hardwarefree-021"]: Creation complete after 0s [id=4654870517]
netris_link.ew_gpu_links["swp5@sw-hardwarefree-plane1-leaf07--eth1@gpu-hardwarefree-023"]: Creating...
netris_link.ew_gpu_links["swp10@sw-hardwarefree-plane4-leaf02--eth8@gpu-hardwarefree-034"]: Creation complete after 0s [id=4661819982]
netris_link.ns_gpu_links["swp12@sw-hardwarefree-frontend-leaf06--eth10@gpu-hardwarefree-036"]: Creating...
netris_link.ew_gpu_links["swp1@sw-hardwarefree-plane1-leaf05--eth1@gpu-hardwarefree-005"]: Creation complete after 0s [id=4663461151]
netris_link.ew_gpu_links["swp11@sw-hardwarefree-plane1-leaf02--eth1@gpu-hardwarefree-042"]: Creating...
netris_link.ew_gpu_links["swp14@sw-hardwarefree-plane2-leaf04--eth4@gpu-hardwarefree-052"]: Creation complete after 0s [id=4707409831]
netris_link.ew_gpu_links["swp1@sw-hardwarefree-plane3-leaf04--eth5@gpu-hardwarefree-004"]: Creating...
netris_link.ew_gpu_links["swp1@sw-hardwarefree-plane1-leaf02--eth1@gpu-hardwarefree-002"]: Creation complete after 0s [id=4701007817]
netris_link.ew_gpu_links["swp14@sw-hardwarefree-plane1-leaf01--eth2@gpu-hardwarefree-049"]: Creating...
netris_link.ew_gpu_links["swp10@sw-hardwarefree-plane4-leaf05--eth8@gpu-hardwarefree-037"]: Creation complete after 0s [id=4775771056]
netris_link.ns_gpu_links["swp21@sw-hardwarefree-frontend-leaf05--eth9@gpu-hardwarefree-063"]: Creating...
netris_link.ew_gpu_links["swp12@sw-hardwarefree-plane4-leaf02--eth8@gpu-hardwarefree-042"]: Creation complete after 0s [id=4674767931]
netris_link.ew_gpu_links["swp3@sw-hardwarefree-plane4-leaf01--eth7@gpu-hardwarefree-009"]: Creating...
netris_link.ns_gpu_links["swp22@sw-hardwarefree-frontend-leaf01--eth9@gpu-hardwarefree-064"]: Creation complete after 0s [id=4647058039]
netris_link.ew_gpu_links["swp7@sw-hardwarefree-plane1-leaf05--eth1@gpu-hardwarefree-029"]: Creating...
netris_link.ew_gpu_links["swp8@sw-hardwarefree-plane4-leaf06--eth8@gpu-hardwarefree-030"]: Creation complete after 0s [id=4703626632]
netris_link.oob_switch_links["swp47@sw-hardwarefree-oob-mgmt01--swp47@sw-hardwarefree-oob-mgmt02"]: Creating...
netris_link.ew_gpu_links["swp5@sw-hardwarefree-plane1-leaf07--eth1@gpu-hardwarefree-023"]: Creation complete after 0s [id=4710612423]
netris_link.ns_gpu_links["swp18@sw-hardwarefree-frontend-leaf05--eth9@gpu-hardwarefree-054"]: Creating...
netris_link.ns_gpu_links["swp12@sw-hardwarefree-frontend-leaf06--eth10@gpu-hardwarefree-036"]: Creation complete after 0s [id=4652747837]
netris_link.ew_gpu_links["swp6@sw-hardwarefree-plane1-leaf05--eth2@gpu-hardwarefree-021"]: Creating...
netris_link.ew_gpu_links["swp11@sw-hardwarefree-plane1-leaf02--eth1@gpu-hardwarefree-042"]: Creation complete after 0s [id=4750102392]
netris_link.ew_gpu_links["swp3@sw-hardwarefree-plane3-leaf03--eth5@gpu-hardwarefree-011"]: Creating...
netris_link.ew_gpu_links["swp1@sw-hardwarefree-plane3-leaf04--eth5@gpu-hardwarefree-004"]: Creation complete after 0s [id=4731212105]
netris_link.ew_switch_links["swp9@sw-hardwarefree-plane4-spine02--swp29@sw-hardwarefree-plane4-leaf03"]: Creating...
netris_link.ns_gpu_links["swp21@sw-hardwarefree-frontend-leaf05--eth9@gpu-hardwarefree-063"]: Creation complete after 0s [id=4658344701]
netris_link.ew_gpu_links["swp14@sw-hardwarefree-plane1-leaf01--eth2@gpu-hardwarefree-049"]: Creation complete after 0s [id=4776259599]
netris_link.ns_gpu_links["swp15@sw-hardwarefree-frontend-leaf03--eth9@gpu-hardwarefree-044"]: Creating...
netris_link.ew_gpu_links["swp4@sw-hardwarefree-plane2-leaf05--eth4@gpu-hardwarefree-013"]: Creating...
netris_link.ew_gpu_links["swp3@sw-hardwarefree-plane4-leaf01--eth7@gpu-hardwarefree-009"]: Creation complete after 0s [id=4741236608]
netris_link.ew_gpu_links["swp9@sw-hardwarefree-plane4-leaf07--eth7@gpu-hardwarefree-039"]: Creating...
netris_link.ew_gpu_links["swp7@sw-hardwarefree-plane1-leaf05--eth1@gpu-hardwarefree-029"]: Creation complete after 0s [id=4701395965]
netris_link.ns_gpu_links["swp7@sw-hardwarefree-frontend-leaf02--eth10@gpu-hardwarefree-019"]: Creating...
netris_link.oob_switch_links["swp47@sw-hardwarefree-oob-mgmt01--swp47@sw-hardwarefree-oob-mgmt02"]: Creation complete after 0s [id=4833116540]
netris_link.ew_gpu_links["swp1@sw-hardwarefree-plane4-leaf06--eth7@gpu-hardwarefree-006"]: Creating...
netris_link.ew_gpu_links["swp6@sw-hardwarefree-plane1-leaf05--eth2@gpu-hardwarefree-021"]: Creation complete after 0s [id=4723822370]
netris_link.ns_gpu_links["swp11@sw-hardwarefree-frontend-leaf01--eth9@gpu-hardwarefree-031"]: Creating...
netris_link.ns_gpu_links["swp18@sw-hardwarefree-frontend-leaf05--eth9@gpu-hardwarefree-054"]: Creation complete after 0s [id=4644262931]
netris_link.ew_gpu_links["swp11@sw-hardwarefree-plane2-leaf02--eth3@gpu-hardwarefree-042"]: Creating...
netris_link.ew_gpu_links["swp3@sw-hardwarefree-plane3-leaf03--eth5@gpu-hardwarefree-011"]: Creation complete after 0s [id=4750589520]
netris_link.ew_switch_links["swp27@sw-hardwarefree-plane4-spine02--swp31@sw-hardwarefree-plane4-leaf07"]: Creating...
netris_link.ew_switch_links["swp9@sw-hardwarefree-plane4-spine02--swp29@sw-hardwarefree-plane4-leaf03"]: Creation complete after 0s [id=4914468854]
netris_link.ns_gpu_links["swp11@sw-hardwarefree-frontend-leaf06--eth10@gpu-hardwarefree-033"]: Creating...
netris_link.ew_gpu_links["swp4@sw-hardwarefree-plane2-leaf05--eth4@gpu-hardwarefree-013"]: Creation complete after 0s [id=4629240063]
netris_link.ew_gpu_links["swp2@sw-hardwarefree-plane4-leaf05--eth8@gpu-hardwarefree-005"]: Creating...
netris_link.ns_gpu_links["swp15@sw-hardwarefree-frontend-leaf03--eth9@gpu-hardwarefree-044"]: Creation complete after 0s [id=4628758989]
netris_link.ew_gpu_links["swp9@sw-hardwarefree-plane1-leaf03--eth1@gpu-hardwarefree-035"]: Creating...
netris_link.ew_gpu_links["swp9@sw-hardwarefree-plane4-leaf07--eth7@gpu-hardwarefree-039"]: Creation complete after 1s [id=4658151700]
netris_link.ew_gpu_links["swp4@sw-hardwarefree-plane2-leaf06--eth4@gpu-hardwarefree-014"]: Creating...
netris_link.ns_gpu_links["swp7@sw-hardwarefree-frontend-leaf02--eth10@gpu-hardwarefree-019"]: Creation complete after 1s [id=4645322771]
netris_link.ns_gpu_links["swp22@sw-hardwarefree-frontend-leaf02--eth10@gpu-hardwarefree-064"]: Creating...
netris_link.ew_gpu_links["swp1@sw-hardwarefree-plane4-leaf06--eth7@gpu-hardwarefree-006"]: Creation complete after 1s [id=4694320063]
netris_link.ew_switch_links["swp24@sw-hardwarefree-plane1-spine02--swp32@sw-hardwarefree-plane1-leaf06"]: Creating...
netris_link.ns_gpu_links["swp11@sw-hardwarefree-frontend-leaf01--eth9@gpu-hardwarefree-031"]: Creation complete after 1s [id=4623756959]
netris_link.ew_gpu_links["swp3@sw-hardwarefree-plane3-leaf08--eth5@gpu-hardwarefree-016"]: Creating...
netris_link.ew_switch_links["swp27@sw-hardwarefree-plane4-spine02--swp31@sw-hardwarefree-plane4-leaf07"]: Creation complete after 1s [id=4799745578]
netris_link.ew_gpu_links["swp5@sw-hardwarefree-plane2-leaf01--eth3@gpu-hardwarefree-017"]: Creating...
netris_link.ew_gpu_links["swp11@sw-hardwarefree-plane2-leaf02--eth3@gpu-hardwarefree-042"]: Creation complete after 1s [id=4686571853]
netris_link.ns_gpu_links["swp3@sw-hardwarefree-frontend-leaf02--eth10@gpu-hardwarefree-007"]: Creating...
netris_link.ns_gpu_links["swp11@sw-hardwarefree-frontend-leaf06--eth10@gpu-hardwarefree-033"]: Creation complete after 1s [id=4666456021]
netris_link.ew_gpu_links["swp8@sw-hardwarefree-plane2-leaf08--eth4@gpu-hardwarefree-032"]: Creating...
netris_link.ew_gpu_links["swp2@sw-hardwarefree-plane4-leaf05--eth8@gpu-hardwarefree-005"]: Creation complete after 1s [id=4730919914]
netris_link.ew_switch_links["swp12@sw-hardwarefree-plane3-spine01--swp28@sw-hardwarefree-plane3-leaf03"]: Creating...
netris_link.ew_gpu_links["swp9@sw-hardwarefree-plane1-leaf03--eth1@gpu-hardwarefree-035"]: Creation complete after 0s [id=4735590235]
netris_link.ew_gpu_links["swp8@sw-hardwarefree-plane4-leaf07--eth8@gpu-hardwarefree-031"]: Creating...
netris_link.ew_gpu_links["swp4@sw-hardwarefree-plane2-leaf06--eth4@gpu-hardwarefree-014"]: Creation complete after 0s [id=4714204170]
netris_link.ns_gpu_links["swp6@sw-hardwarefree-frontend-leaf06--eth10@gpu-hardwarefree-018"]: Creating...
netris_link.ns_gpu_links["swp22@sw-hardwarefree-frontend-leaf02--eth10@gpu-hardwarefree-064"]: Creation complete after 0s [id=4659502670]
netris_link.ns_gpu_links["swp5@sw-hardwarefree-frontend-leaf04--eth10@gpu-hardwarefree-014"]: Creating...
netris_link.ns_gpu_links["swp3@sw-hardwarefree-frontend-leaf02--eth10@gpu-hardwarefree-007"]: Creation complete after 0s [id=4654484195]
netris_link.ew_gpu_links["swp5@sw-hardwarefree-plane2-leaf01--eth3@gpu-hardwarefree-017"]: Creation complete after 0s [id=4676314826]
netris_link.ew_gpu_links["swp3@sw-hardwarefree-plane3-leaf08--eth5@gpu-hardwarefree-016"]: Creation complete after 0s [id=4669161335]
netris_link.ew_switch_links["swp24@sw-hardwarefree-plane1-spine02--swp32@sw-hardwarefree-plane1-leaf06"]: Creation complete after 0s [id=4911495412]
netris_link.ew_gpu_links["swp16@sw-hardwarefree-plane1-leaf02--eth2@gpu-hardwarefree-058"]: Creation complete after 1s [id=4760342197]
netris_link.oob_switch_links["swp1@sw-hardwarefree-oob-mgmt02--eth2@srv-hardwarefree-cp01"]: Creating...
netris_link.ns_gpu_links["swp9@sw-hardwarefree-frontend-leaf05--eth9@gpu-hardwarefree-027"]: Creating...
netris_link.ns_gpu_links["swp20@sw-hardwarefree-frontend-leaf03--eth9@gpu-hardwarefree-059"]: Creating...
netris_link.ew_gpu_links["swp16@sw-hardwarefree-plane4-leaf03--eth8@gpu-hardwarefree-059"]: Creating...
netris_link.ew_gpu_links["swp2@sw-hardwarefree-plane4-leaf06--eth8@gpu-hardwarefree-006"]: Creating...
netris_link.ns_gpu_links["swp6@sw-hardwarefree-frontend-leaf06--eth10@gpu-hardwarefree-018"]: Creation complete after 0s [id=4677669224]
netris_link.ew_switch_links["swp25@sw-hardwarefree-plane2-spine01--swp25@sw-hardwarefree-plane2-leaf07"]: Creating...
netris_link.ew_gpu_links["swp8@sw-hardwarefree-plane4-leaf07--eth8@gpu-hardwarefree-031"]: Creation complete after 0s [id=4595719848]
netris_link.ns_gpu_links["swp3@sw-hardwarefree-frontend-leaf01--eth9@gpu-hardwarefree-007"]: Creating...
netris_link.ew_switch_links["swp12@sw-hardwarefree-plane3-spine01--swp28@sw-hardwarefree-plane3-leaf03"]: Creation complete after 0s [id=4940080480]
netris_link.ew_gpu_links["swp11@sw-hardwarefree-plane1-leaf03--eth1@gpu-hardwarefree-043"]: Creating...
netris_link.ew_gpu_links["swp8@sw-hardwarefree-plane2-leaf08--eth4@gpu-hardwarefree-032"]: Creation complete after 0s [id=4688120728]
netris_link.oob_switch_links["swp33@sw-hardwarefree-oob-mgmt01--eth11@gpu-hardwarefree-059"]: Creating...
netris_link.ns_gpu_links["swp5@sw-hardwarefree-frontend-leaf04--eth10@gpu-hardwarefree-014"]: Creation complete after 0s [id=4744450481]
netris_link.ew_switch_links["swp2@sw-hardwarefree-plane4-spine02--swp30@sw-hardwarefree-plane4-leaf01"]: Creating...
netris_link.ew_gpu_links["swp16@sw-hardwarefree-plane4-leaf03--eth8@gpu-hardwarefree-059"]: Creation complete after 0s [id=4764245833]
netris_link.ns_gpu_links["swp16@sw-hardwarefree-frontend-leaf06--eth10@gpu-hardwarefree-048"]: Creating...
netris_link.ew_gpu_links["swp2@sw-hardwarefree-plane4-leaf06--eth8@gpu-hardwarefree-006"]: Creation complete after 0s [id=4694513855]
netris_link.oob_switch_links["swp25@sw-hardwarefree-oob-mgmt02--eth11@gpu-hardwarefree-044"]: Creating...
netris_link.oob_switch_links["swp1@sw-hardwarefree-oob-mgmt02--eth2@srv-hardwarefree-cp01"]: Creation complete after 0s [id=4700038126]
netris_link.ns_gpu_links["swp21@sw-hardwarefree-frontend-leaf04--eth10@gpu-hardwarefree-062"]: Creating...
netris_link.ns_gpu_links["swp20@sw-hardwarefree-frontend-leaf03--eth9@gpu-hardwarefree-059"]: Creation complete after 0s [id=4665296858]
netris_link.ns_gpu_links["swp9@sw-hardwarefree-frontend-leaf05--eth9@gpu-hardwarefree-027"]: Creation complete after 0s [id=4600035090]
netris_link.ew_gpu_links["swp13@sw-hardwarefree-plane4-leaf04--eth7@gpu-hardwarefree-052"]: Creating...
netris_link.ew_switch_links["swp23@sw-hardwarefree-plane3-spine02--swp31@sw-hardwarefree-plane3-leaf06"]: Creating...
netris_link.ns_gpu_links["swp3@sw-hardwarefree-frontend-leaf01--eth9@gpu-hardwarefree-007"]: Creation complete after 0s [id=4642046272]
netris_link.ns_gpu_links["swp20@sw-hardwarefree-frontend-leaf01--eth9@gpu-hardwarefree-058"]: Creating...
netris_link.ew_switch_links["swp25@sw-hardwarefree-plane2-spine01--swp25@sw-hardwarefree-plane2-leaf07"]: Creation complete after 0s [id=4755172736]
netris_link.ew_gpu_links["swp5@sw-hardwarefree-plane3-leaf07--eth5@gpu-hardwarefree-023"]: Creating...
netris_link.ew_gpu_links["swp11@sw-hardwarefree-plane1-leaf03--eth1@gpu-hardwarefree-043"]: Creation complete after 0s [id=4772253429]
netris_link.ns_gpu_links["swp14@sw-hardwarefree-frontend-leaf05--eth9@gpu-hardwarefree-042"]: Creating...
netris_link.oob_switch_links["swp33@sw-hardwarefree-oob-mgmt01--eth11@gpu-hardwarefree-059"]: Creation complete after 0s [id=4703917666]
netris_link.ns_gpu_links["swp14@sw-hardwarefree-frontend-leaf03--eth9@gpu-hardwarefree-041"]: Creating...
netris_link.ew_switch_links["swp2@sw-hardwarefree-plane4-spine02--swp30@sw-hardwarefree-plane4-leaf01"]: Creation complete after 0s [id=4920220750]
netris_link.oob_switch_links["swp34@sw-hardwarefree-oob-mgmt02--eth11@gpu-hardwarefree-062"]: Creating...
netris_link.oob_switch_links["swp25@sw-hardwarefree-oob-mgmt02--eth11@gpu-hardwarefree-044"]: Creation complete after 0s [id=4724307977]
netris_link.ns_gpu_links["swp8@sw-hardwarefree-frontend-leaf02--eth10@gpu-hardwarefree-022"]: Creating...
netris_link.ns_gpu_links["swp16@sw-hardwarefree-frontend-leaf06--eth10@gpu-hardwarefree-048"]: Creation complete after 0s [id=4631934613]
netris_link.oob_switch_links["swp13@sw-hardwarefree-oob-mgmt02--eth11@gpu-hardwarefree-020"]: Creating...
netris_link.ew_switch_links["swp23@sw-hardwarefree-plane3-spine02--swp31@sw-hardwarefree-plane3-leaf06"]: Creation complete after 0s [id=4711972080]
netris_link.ns_gpu_links["swp4@sw-hardwarefree-frontend-leaf04--eth10@gpu-hardwarefree-011"]: Creating...
netris_link.ns_gpu_links["swp21@sw-hardwarefree-frontend-leaf04--eth10@gpu-hardwarefree-062"]: Creation complete after 0s [id=4748152824]
netris_link.ew_switch_links["swp6@sw-hardwarefree-plane3-spine01--swp26@sw-hardwarefree-plane3-leaf02"]: Creating...
netris_link.ns_gpu_links["swp20@sw-hardwarefree-frontend-leaf01--eth9@gpu-hardwarefree-058"]: Creation complete after 0s [id=4688314781]
netris_link.ns_gpu_links["swp11@sw-hardwarefree-frontend-leaf04--eth10@gpu-hardwarefree-032"]: Creating...
netris_link.ew_gpu_links["swp13@sw-hardwarefree-plane4-leaf04--eth7@gpu-hardwarefree-052"]: Creation complete after 0s [id=4780854335]
netris_link.ew_switch_links["swp4@sw-hardwarefree-plane4-spine02--swp32@sw-hardwarefree-plane4-leaf01"]: Creating...
netris_link.ew_gpu_links["swp5@sw-hardwarefree-plane3-leaf07--eth5@gpu-hardwarefree-023"]: Creation complete after 0s [id=4701686909]
netris_link.ns_gpu_links["swp18@sw-hardwarefree-frontend-leaf03--eth9@gpu-hardwarefree-053"]: Creating...
netris_link.ns_gpu_links["swp14@sw-hardwarefree-frontend-leaf05--eth9@gpu-hardwarefree-042"]: Creation complete after 0s [id=4653423310]
netris_link.ns_gpu_links["swp16@sw-hardwarefree-frontend-leaf02--eth10@gpu-hardwarefree-046"]: Creating...
netris_link.oob_switch_links["swp34@sw-hardwarefree-oob-mgmt02--eth11@gpu-hardwarefree-062"]: Creation complete after 0s [id=4723044394]
netris_link.ns_gpu_links["swp8@sw-hardwarefree-frontend-leaf02--eth10@gpu-hardwarefree-022"]: Creation complete after 0s [id=4695386175]
netris_link.ns_gpu_links["swp14@sw-hardwarefree-frontend-leaf03--eth9@gpu-hardwarefree-041"]: Creation complete after 0s [id=4654098514]
netris_link.ns_gpu_links["swp12@sw-hardwarefree-frontend-leaf04--eth10@gpu-hardwarefree-035"]: Creating...
netris_link.ew_switch_links["swp15@sw-hardwarefree-plane2-spine01--swp27@sw-hardwarefree-plane2-leaf04"]: Creating...
netris_link.ew_switch_links["swp20@sw-hardwarefree-plane1-spine01--swp28@sw-hardwarefree-plane1-leaf05"]: Creating...
netris_link.ns_gpu_links["swp4@sw-hardwarefree-frontend-leaf04--eth10@gpu-hardwarefree-011"]: Creation complete after 0s [id=4763659952]
netris_link.ns_gpu_links["swp6@sw-hardwarefree-frontend-leaf03--eth9@gpu-hardwarefree-017"]: Creating...
netris_link.ns_gpu_links["swp11@sw-hardwarefree-frontend-leaf04--eth10@gpu-hardwarefree-032"]: Creation complete after 0s [id=4758975889]
netris_link.ns_gpu_links["swp15@sw-hardwarefree-frontend-leaf04--eth10@gpu-hardwarefree-044"]: Creating...
netris_link.ns_gpu_links["swp18@sw-hardwarefree-frontend-leaf03--eth9@gpu-hardwarefree-053"]: Creation complete after 0s [id=4632223428]
netris_link.ns_gpu_links["swp14@sw-hardwarefree-frontend-leaf01--eth9@gpu-hardwarefree-040"]: Creating...
netris_link.ew_switch_links["swp6@sw-hardwarefree-plane3-spine01--swp26@sw-hardwarefree-plane3-leaf02"]: Creation complete after 0s [id=4863247562]
netris_link.ns_gpu_links["swp10@sw-hardwarefree-frontend-leaf05--eth9@gpu-hardwarefree-030"]: Creating...
netris_link.ew_switch_links["swp4@sw-hardwarefree-plane4-spine02--swp32@sw-hardwarefree-plane4-leaf01"]: Creation complete after 0s [id=4920617554]
netris_link.ns_gpu_links["swp21@sw-hardwarefree-frontend-leaf03--eth9@gpu-hardwarefree-062"]: Creating...
netris_link.oob_switch_links["swp13@sw-hardwarefree-oob-mgmt02--eth11@gpu-hardwarefree-020"]: Creation complete after 0s [id=4757415319]
netris_link.ew_gpu_links["swp3@sw-hardwarefree-plane2-leaf05--eth3@gpu-hardwarefree-013"]: Creating...
netris_link.ns_gpu_links["swp16@sw-hardwarefree-frontend-leaf02--eth10@gpu-hardwarefree-046"]: Creation complete after 0s [id=4659985366]
netris_link.ns_gpu_links["swp4@sw-hardwarefree-frontend-leaf06--eth10@gpu-hardwarefree-012"]: Creating...
netris_link.ew_switch_links["swp15@sw-hardwarefree-plane2-spine01--swp27@sw-hardwarefree-plane2-leaf04"]: Creation complete after 0s [id=4790345286]
netris_link.ew_gpu_links["swp12@sw-hardwarefree-plane3-leaf07--eth6@gpu-hardwarefree-047"]: Creating...
netris_link.ew_switch_links["swp20@sw-hardwarefree-plane1-spine01--swp28@sw-hardwarefree-plane1-leaf05"]: Creation complete after 0s [id=4827022436]
netris_link.ew_gpu_links["swp8@sw-hardwarefree-plane2-leaf06--eth4@gpu-hardwarefree-030"]: Creating...
netris_link.ns_gpu_links["swp12@sw-hardwarefree-frontend-leaf04--eth10@gpu-hardwarefree-035"]: Creation complete after 1s [id=4742989414]
netris_link.ew_gpu_links["swp12@sw-hardwarefree-plane1-leaf02--eth2@gpu-hardwarefree-042"]: Creating...
netris_link.ns_gpu_links["swp15@sw-hardwarefree-frontend-leaf04--eth10@gpu-hardwarefree-044"]: Creation complete after 1s [id=4749712150]
netris_link.ns_gpu_links["swp6@sw-hardwarefree-frontend-leaf02--eth10@gpu-hardwarefree-016"]: Creating...
netris_link.ns_gpu_links["swp6@sw-hardwarefree-frontend-leaf03--eth9@gpu-hardwarefree-017"]: Creation complete after 1s [id=4635304032]
netris_link.ew_gpu_links["swp15@sw-hardwarefree-plane3-leaf03--eth5@gpu-hardwarefree-059"]: Creating...
netris_link.ns_gpu_links["swp10@sw-hardwarefree-frontend-leaf05--eth9@gpu-hardwarefree-030"]: Creation complete after 1s [id=4646672689]
netris_link.ns_gpu_links["swp21@sw-hardwarefree-frontend-leaf03--eth9@gpu-hardwarefree-062"]: Creation complete after 1s [id=4627219647]
netris_link.ew_gpu_links["swp9@sw-hardwarefree-plane4-leaf06--eth7@gpu-hardwarefree-038"]: Creating...
netris_link.ns_gpu_links["swp15@sw-hardwarefree-frontend-leaf05--eth9@gpu-hardwarefree-045"]: Creating...
netris_link.ns_gpu_links["swp14@sw-hardwarefree-frontend-leaf01--eth9@gpu-hardwarefree-040"]: Creation complete after 1s [id=4654773767]
netris_link.ns_gpu_links["swp15@sw-hardwarefree-frontend-leaf01--eth9@gpu-hardwarefree-043"]: Creating...
netris_link.ew_gpu_links["swp3@sw-hardwarefree-plane2-leaf05--eth3@gpu-hardwarefree-013"]: Creation complete after 1s [id=4629047623]
netris_link.ew_gpu_links["swp7@sw-hardwarefree-plane4-leaf06--eth7@gpu-hardwarefree-030"]: Creating...
netris_link.ns_gpu_links["swp4@sw-hardwarefree-frontend-leaf06--eth10@gpu-hardwarefree-012"]: Creation complete after 1s [id=4620199628]
netris_link.ew_gpu_links["swp13@sw-hardwarefree-plane3-leaf08--eth5@gpu-hardwarefree-056"]: Creating...
netris_link.ew_gpu_links["swp12@sw-hardwarefree-plane3-leaf07--eth6@gpu-hardwarefree-047"]: Creation complete after 1s [id=4683280367]
netris_link.ew_gpu_links["swp14@sw-hardwarefree-plane3-leaf03--eth6@gpu-hardwarefree-051"]: Creating...
netris_link.ew_gpu_links["swp8@sw-hardwarefree-plane2-leaf06--eth4@gpu-hardwarefree-030"]: Creation complete after 1s [id=4749907394]
netris_link.ew_gpu_links["swp6@sw-hardwarefree-plane4-leaf08--eth8@gpu-hardwarefree-024"]: Creating...
netris_link.ew_gpu_links["swp12@sw-hardwarefree-plane1-leaf02--eth2@gpu-hardwarefree-042"]: Creation complete after 0s [id=4750297332]
netris_link.ew_gpu_links["swp1@sw-hardwarefree-plane4-leaf03--eth7@gpu-hardwarefree-003"]: Creating...
netris_link.ns_gpu_links["swp6@sw-hardwarefree-frontend-leaf02--eth10@gpu-hardwarefree-016"]: Creation complete after 0s [id=4679216736]
netris_link.ns_gpu_links["swp18@sw-hardwarefree-frontend-leaf02--eth10@gpu-hardwarefree-052"]: Creating...
netris_link.ew_gpu_links["swp15@sw-hardwarefree-plane3-leaf03--eth5@gpu-hardwarefree-059"]: Creation complete after 0s [id=4773230504]
netris_link.ew_gpu_links["swp15@sw-hardwarefree-plane4-leaf05--eth7@gpu-hardwarefree-061"]: Creating...
netris_link.ew_gpu_links["swp9@sw-hardwarefree-plane4-leaf06--eth7@gpu-hardwarefree-038"]: Creation complete after 0s [id=4711097941]
netris_link.ns_gpu_links["swp5@sw-hardwarefree-frontend-leaf03--eth9@gpu-hardwarefree-014"]: Creating...
netris_link.ns_gpu_links["swp15@sw-hardwarefree-frontend-leaf01--eth9@gpu-hardwarefree-043"]: Creation complete after 0s [id=4670804303]
netris_link.ew_gpu_links["swp1@sw-hardwarefree-plane4-leaf01--eth7@gpu-hardwarefree-001"]: Creating...
netris_link.ew_gpu_links["swp7@sw-hardwarefree-plane4-leaf06--eth7@gpu-hardwarefree-030"]: Creation complete after 0s [id=4703432652]
netris_link.ns_gpu_links["swp9@sw-hardwarefree-frontend-leaf01--eth9@gpu-hardwarefree-025"]: Creating...
netris_link.ns_gpu_links["swp15@sw-hardwarefree-frontend-leaf05--eth9@gpu-hardwarefree-045"]: Creation complete after 0s [id=4601665826]
netris_link.ns_gpu_links["swp15@sw-hardwarefree-frontend-leaf02--eth10@gpu-hardwarefree-043"]: Creating...
netris_link.ew_gpu_links["swp14@sw-hardwarefree-plane3-leaf03--eth6@gpu-hardwarefree-051"]: Creation complete after 0s [id=4765710069]
netris_link.ew_gpu_links["swp13@sw-hardwarefree-plane3-leaf08--eth5@gpu-hardwarefree-056"]: Creation complete after 0s [id=4688217923]
netris_link.ns_gpu_links["swp18@sw-hardwarefree-frontend-leaf02--eth10@gpu-hardwarefree-052"]: Creation complete after 0s [id=4666552430]
netris_link.ew_gpu_links["swp6@sw-hardwarefree-plane4-leaf08--eth8@gpu-hardwarefree-024"]: Creation complete after 0s [id=4698099391]
netris_link.ew_gpu_links["swp1@sw-hardwarefree-plane4-leaf03--eth7@gpu-hardwarefree-003"]: Creation complete after 0s [id=4745522296]
netris_link.ew_gpu_links["swp1@sw-hardwarefree-plane2-leaf07--eth3@gpu-hardwarefree-007"]: Creating...
netris_link.ns_gpu_links["swp3@sw-hardwarefree-frontend-leaf04--eth10@gpu-hardwarefree-008"]: Creating...
netris_link.ew_gpu_links["swp15@sw-hardwarefree-plane2-leaf02--eth3@gpu-hardwarefree-058"]: Creating...
netris_link.ew_gpu_links["swp1@sw-hardwarefree-plane3-leaf08--eth5@gpu-hardwarefree-008"]: Creating...
netris_link.ew_gpu_links["swp6@sw-hardwarefree-plane3-leaf08--eth6@gpu-hardwarefree-024"]: Creating...
netris_link.ew_gpu_links["swp15@sw-hardwarefree-plane4-leaf05--eth7@gpu-hardwarefree-061"]: Creation complete after 0s [id=4793379101]
netris_link.ew_gpu_links["swp7@sw-hardwarefree-plane1-leaf06--eth1@gpu-hardwarefree-030"]: Creating...
netris_link.ns_gpu_links["swp5@sw-hardwarefree-frontend-leaf03--eth9@gpu-hardwarefree-014"]: Creation complete after 0s [id=4623564766]
netris_link.ew_gpu_links["swp3@sw-hardwarefree-plane4-leaf04--eth7@gpu-hardwarefree-012"]: Creating...
netris_link.ns_gpu_links["swp15@sw-hardwarefree-frontend-leaf02--eth10@gpu-hardwarefree-043"]: Creation complete after 0s [id=4683280668]
netris_link.ns_gpu_links["swp12@sw-hardwarefree-frontend-leaf01--eth9@gpu-hardwarefree-034"]: Creating...
netris_link.ns_gpu_links["swp9@sw-hardwarefree-frontend-leaf01--eth9@gpu-hardwarefree-025"]: Creation complete after 0s [id=4651108007]
netris_link.ew_gpu_links["swp2@sw-hardwarefree-plane2-leaf04--eth4@gpu-hardwarefree-004"]: Creating...
netris_link.ew_gpu_links["swp1@sw-hardwarefree-plane4-leaf01--eth7@gpu-hardwarefree-001"]: Creation complete after 0s [id=4767858205]
netris_link.ew_gpu_links["swp7@sw-hardwarefree-plane4-leaf02--eth7@gpu-hardwarefree-026"]: Creating...
netris_link.ns_gpu_links["swp3@sw-hardwarefree-frontend-leaf04--eth10@gpu-hardwarefree-008"]: Creation complete after 0s [id=4752831570]
netris_link.ns_gpu_links["swp3@sw-hardwarefree-frontend-leaf06--eth10@gpu-hardwarefree-009"]: Creating...
netris_link.ew_gpu_links["swp1@sw-hardwarefree-plane2-leaf07--eth3@gpu-hardwarefree-007"]: Creation complete after 0s [id=4659792238]
netris_link.ns_gpu_links["swp17@sw-hardwarefree-frontend-leaf04--eth10@gpu-hardwarefree-050"]: Creating...
netris_link.ew_gpu_links["swp1@sw-hardwarefree-plane3-leaf08--eth5@gpu-hardwarefree-008"]: Creation complete after 0s [id=4646672410]
netris_link.ns_gpu_links["swp20@sw-hardwarefree-frontend-leaf02--eth10@gpu-hardwarefree-058"]: Creating...
netris_link.ew_gpu_links["swp15@sw-hardwarefree-plane2-leaf02--eth3@gpu-hardwarefree-058"]: Creation complete after 0s [id=4696549150]
netris_link.ns_gpu_links["swp1@sw-hardwarefree-frontend-leaf05--eth9@gpu-hardwarefree-003"]: Creating...
netris_link.ew_gpu_links["swp6@sw-hardwarefree-plane3-leaf08--eth6@gpu-hardwarefree-024"]: Creation complete after 0s [id=4634533628]
netris_link.ns_gpu_links["swp6@sw-hardwarefree-frontend-leaf01--eth9@gpu-hardwarefree-016"]: Creating...
netris_link.ew_gpu_links["swp7@sw-hardwarefree-plane1-leaf06--eth1@gpu-hardwarefree-030"]: Creation complete after 0s [id=4788582533]
netris_link.ns_gpu_links["swp7@sw-hardwarefree-frontend-leaf04--eth10@gpu-hardwarefree-020"]: Creating...
netris_link.ew_gpu_links["swp3@sw-hardwarefree-plane4-leaf04--eth7@gpu-hardwarefree-012"]: Creation complete after 0s [id=4753026375]
netris_link.ns_gpu_links["swp14@sw-hardwarefree-frontend-leaf06--eth10@gpu-hardwarefree-042"]: Creating...
netris_link.ns_gpu_links["swp12@sw-hardwarefree-frontend-leaf01--eth9@gpu-hardwarefree-034"]: Creation complete after 0s [id=4665200143]
netris_link.ns_gpu_links["swp4@sw-hardwarefree-frontend-leaf02--eth10@gpu-hardwarefree-010"]: Creating...
netris_link.ew_gpu_links["swp2@sw-hardwarefree-plane2-leaf04--eth4@gpu-hardwarefree-004"]: Creation complete after 0s [id=4709447704]
netris_link.ew_gpu_links["swp3@sw-hardwarefree-plane4-leaf06--eth7@gpu-hardwarefree-014"]: Creating...
netris_link.ew_gpu_links["swp7@sw-hardwarefree-plane4-leaf02--eth7@gpu-hardwarefree-026"]: Creation complete after 0s [id=4669934511]
netris_link.ns_gpu_links["swp9@sw-hardwarefree-frontend-leaf03--eth9@gpu-hardwarefree-026"]: Creating...
netris_link.ns_gpu_links["swp17@sw-hardwarefree-frontend-leaf04--eth10@gpu-hardwarefree-050"]: Creation complete after 0s [id=4744547881]
netris_link.ns_gpu_links["swp5@sw-hardwarefree-frontend-leaf06--eth10@gpu-hardwarefree-015"]: Creating...
netris_link.ns_gpu_links["swp3@sw-hardwarefree-frontend-leaf06--eth10@gpu-hardwarefree-009"]: Creation complete after 0s [id=4642335404]
netris_link.ew_gpu_links["swp14@sw-hardwarefree-plane2-leaf03--eth4@gpu-hardwarefree-051"]: Creating...
netris_link.ns_gpu_links["swp20@sw-hardwarefree-frontend-leaf02--eth10@gpu-hardwarefree-058"]: Creation complete after 0s [id=4700814495]
netris_link.ns_gpu_links["swp8@sw-hardwarefree-frontend-leaf06--eth10@gpu-hardwarefree-024"]: Creating...
netris_link.ns_gpu_links["swp1@sw-hardwarefree-frontend-leaf05--eth9@gpu-hardwarefree-003"]: Creation complete after 0s [id=4634148823]
netris_link.ew_gpu_links["swp11@sw-hardwarefree-plane1-leaf04--eth1@gpu-hardwarefree-044"]: Creating...
netris_link.ns_gpu_links["swp6@sw-hardwarefree-frontend-leaf01--eth9@gpu-hardwarefree-016"]: Creation complete after 0s [id=4666745789]
netris_link.ns_gpu_links["swp1@sw-hardwarefree-frontend-leaf06--eth10@gpu-hardwarefree-003"]: Creating...
netris_link.ns_gpu_links["swp7@sw-hardwarefree-frontend-leaf04--eth10@gpu-hardwarefree-020"]: Creation complete after 0s [id=4783299458]
netris_link.ew_gpu_links["swp13@sw-hardwarefree-plane1-leaf05--eth1@gpu-hardwarefree-053"]: Creating...
netris_link.ns_gpu_links["swp14@sw-hardwarefree-frontend-leaf06--eth10@gpu-hardwarefree-042"]: Creation complete after 0s [id=4672060935]
netris_link.ew_gpu_links["swp10@sw-hardwarefree-plane1-leaf01--eth2@gpu-hardwarefree-033"]: Creating...
netris_link.ns_gpu_links["swp4@sw-hardwarefree-frontend-leaf02--eth10@gpu-hardwarefree-010"]: Creation complete after 0s [id=4639733923]
netris_link.ew_gpu_links["swp4@sw-hardwarefree-plane3-leaf04--eth6@gpu-hardwarefree-012"]: Creating...
netris_link.ew_gpu_links["swp3@sw-hardwarefree-plane4-leaf06--eth7@gpu-hardwarefree-014"]: Creation complete after 0s [id=4667904854]
netris_link.ew_gpu_links["swp16@sw-hardwarefree-plane2-leaf05--eth4@gpu-hardwarefree-061"]: Creating...
netris_link.ns_gpu_links["swp9@sw-hardwarefree-frontend-leaf03--eth9@gpu-hardwarefree-026"]: Creation complete after 0s [id=4661047635]
netris_link.ew_gpu_links["swp14@sw-hardwarefree-plane3-leaf08--eth6@gpu-hardwarefree-056"]: Creating...
netris_link.ew_gpu_links["swp14@sw-hardwarefree-plane2-leaf03--eth4@gpu-hardwarefree-051"]: Creation complete after 0s [id=4647540316]
netris_link.ew_gpu_links["swp14@sw-hardwarefree-plane4-leaf07--eth8@gpu-hardwarefree-055"]: Creating...
netris_link.ns_gpu_links["swp5@sw-hardwarefree-frontend-leaf06--eth10@gpu-hardwarefree-015"]: Creation complete after 0s [id=4622410824]
netris_link.ew_gpu_links["swp1@sw-hardwarefree-plane3-leaf07--eth5@gpu-hardwarefree-007"]: Creating...
netris_link.ns_gpu_links["swp8@sw-hardwarefree-frontend-leaf06--eth10@gpu-hardwarefree-024"]: Creation complete after 0s [id=4625872887]
netris_link.ns_gpu_links["swp8@sw-hardwarefree-frontend-leaf03--eth9@gpu-hardwarefree-023"]: Creating...
netris_link.ew_gpu_links["swp11@sw-hardwarefree-plane1-leaf04--eth1@gpu-hardwarefree-044"]: Creation complete after 0s [id=4703335339]
netris_link.ew_gpu_links["swp11@sw-hardwarefree-plane2-leaf03--eth3@gpu-hardwarefree-043"]: Creating...
netris_link.ew_gpu_links["swp10@sw-hardwarefree-plane1-leaf01--eth2@gpu-hardwarefree-033"]: Creation complete after 0s [id=4796316803]
netris_link.ns_gpu_links["swp1@sw-hardwarefree-frontend-leaf06--eth10@gpu-hardwarefree-003"]: Creation complete after 0s [id=4652747848]
netris_link.ew_gpu_links["swp13@sw-hardwarefree-plane1-leaf05--eth1@gpu-hardwarefree-053"]: Creation complete after 0s [id=4688120659]
netris_link.ns_gpu_links["swp10@sw-hardwarefree-frontend-leaf04--eth10@gpu-hardwarefree-029"]: Creating...
netris_link.ew_gpu_links["swp11@sw-hardwarefree-plane3-leaf03--eth5@gpu-hardwarefree-043"]: Creating...
netris_link.ew_gpu_links["swp7@sw-hardwarefree-plane4-leaf05--eth7@gpu-hardwarefree-029"]: Creating...
netris_link.ew_gpu_links["swp4@sw-hardwarefree-plane3-leaf04--eth6@gpu-hardwarefree-012"]: Creation complete after 0s [id=4701686558]
netris_link.ew_gpu_links["swp7@sw-hardwarefree-plane4-leaf03--eth7@gpu-hardwarefree-027"]: Creating...
netris_link.ew_gpu_links["swp14@sw-hardwarefree-plane3-leaf08--eth6@gpu-hardwarefree-056"]: Creation complete after 0s [id=4688411589]
netris_link.ew_gpu_links["swp8@sw-hardwarefree-plane2-leaf03--eth4@gpu-hardwarefree-027"]: Creating...
netris_link.ew_gpu_links["swp16@sw-hardwarefree-plane2-leaf05--eth4@gpu-hardwarefree-061"]: Creation complete after 1s [id=4671770973]
netris_link.ew_gpu_links["swp14@sw-hardwarefree-plane1-leaf05--eth2@gpu-hardwarefree-053"]: Creating...
netris_link.ew_gpu_links["swp14@sw-hardwarefree-plane4-leaf07--eth8@gpu-hardwarefree-055"]: Creation complete after 1s [id=4634341389]
netris_link.ew_gpu_links["swp9@sw-hardwarefree-plane3-leaf03--eth5@gpu-hardwarefree-035"]: Creating...
netris_link.ew_gpu_links["swp11@sw-hardwarefree-plane2-leaf03--eth3@gpu-hardwarefree-043"]: Creation complete after 1s [id=4648215224]
netris_link.ew_gpu_links["swp13@sw-hardwarefree-plane1-leaf04--eth1@gpu-hardwarefree-052"]: Creating...
netris_link.ns_gpu_links["swp8@sw-hardwarefree-frontend-leaf03--eth9@gpu-hardwarefree-023"]: Creation complete after 1s [id=4648215131]
netris_link.ns_gpu_links["swp21@sw-hardwarefree-frontend-leaf06--eth10@gpu-hardwarefree-063"]: Creating...
netris_link.ew_gpu_links["swp1@sw-hardwarefree-plane3-leaf07--eth5@gpu-hardwarefree-007"]: Creation complete after 1s [id=4683183597]
netris_link.ns_gpu_links["swp4@sw-hardwarefree-frontend-leaf01--eth9@gpu-hardwarefree-010"]: Creating...
netris_link.ew_gpu_links["swp7@sw-hardwarefree-plane4-leaf05--eth7@gpu-hardwarefree-029"]: Creation complete after 1s [id=4768932234]
netris_link.ew_gpu_links["swp13@sw-hardwarefree-plane1-leaf08--eth1@gpu-hardwarefree-056"]: Creating...
netris_link.ns_gpu_links["swp10@sw-hardwarefree-frontend-leaf04--eth10@gpu-hardwarefree-029"]: Creation complete after 1s [id=4766393376]
netris_link.ew_gpu_links["swp7@sw-hardwarefree-plane1-leaf08--eth1@gpu-hardwarefree-032"]: Creating...
netris_link.ew_gpu_links["swp11@sw-hardwarefree-plane3-leaf03--eth5@gpu-hardwarefree-043"]: Creation complete after 1s [id=4766393503]
netris_link.ew_gpu_links["swp10@sw-hardwarefree-plane2-leaf07--eth4@gpu-hardwarefree-039"]: Creating...
netris_link.ew_gpu_links["swp7@sw-hardwarefree-plane4-leaf03--eth7@gpu-hardwarefree-027"]: Creation complete after 1s [id=4710806182]
netris_link.ns_gpu_links["swp13@sw-hardwarefree-frontend-leaf05--eth9@gpu-hardwarefree-039"]: Creating...
netris_link.ew_gpu_links["swp8@sw-hardwarefree-plane2-leaf03--eth4@gpu-hardwarefree-027"]: Creation complete after 1s [id=4602529252]
netris_link.ew_gpu_links["swp14@sw-hardwarefree-plane4-leaf02--eth8@gpu-hardwarefree-050"]: Creating...
netris_link.ew_gpu_links["swp14@sw-hardwarefree-plane1-leaf05--eth2@gpu-hardwarefree-053"]: Creation complete after 0s [id=4688314323]
netris_link.ns_gpu_links["swp8@sw-hardwarefree-frontend-leaf05--eth9@gpu-hardwarefree-024"]: Creating...
netris_link.ew_gpu_links["swp9@sw-hardwarefree-plane3-leaf03--eth5@gpu-hardwarefree-035"]: Creation complete after 0s [id=4729752869]
netris_link.ew_gpu_links["swp6@sw-hardwarefree-plane1-leaf02--eth2@gpu-hardwarefree-018"]: Creating...
netris_link.ew_gpu_links["swp13@sw-hardwarefree-plane1-leaf04--eth1@gpu-hardwarefree-052"]: Creation complete after 0s [id=4716340774]
netris_link.ew_gpu_links["swp1@sw-hardwarefree-plane2-leaf06--eth3@gpu-hardwarefree-006"]: Creating...
netris_link.ns_gpu_links["swp21@sw-hardwarefree-frontend-leaf06--eth10@gpu-hardwarefree-063"]: Creation complete after 0s [id=4676992169]
netris_link.ew_gpu_links["swp10@sw-hardwarefree-plane3-leaf07--eth6@gpu-hardwarefree-039"]: Creating...
netris_link.ns_gpu_links["swp4@sw-hardwarefree-frontend-leaf01--eth9@gpu-hardwarefree-010"]: Creation complete after 0s [id=4627315737]
netris_link.ew_gpu_links["swp12@sw-hardwarefree-plane3-leaf03--eth6@gpu-hardwarefree-043"]: Creating...
netris_link.ew_gpu_links["swp13@sw-hardwarefree-plane1-leaf08--eth1@gpu-hardwarefree-056"]: Creation complete after 0s [id=4666166329]
netris_link.ew_gpu_links["swp16@sw-hardwarefree-plane2-leaf02--eth4@gpu-hardwarefree-058"]: Creating...
netris_link.ew_gpu_links["swp7@sw-hardwarefree-plane1-leaf08--eth1@gpu-hardwarefree-032"]: Creation complete after 0s [id=4630587355]
netris_link.ns_gpu_links["swp17@sw-hardwarefree-frontend-leaf01--eth9@gpu-hardwarefree-049"]: Creating...
netris_link.ew_gpu_links["swp10@sw-hardwarefree-plane2-leaf07--eth4@gpu-hardwarefree-039"]: Creation complete after 0s [id=4704402738]
netris_link.ns_gpu_links["swp21@sw-hardwarefree-frontend-leaf01--eth9@gpu-hardwarefree-061"]: Creating...
netris_link.ns_gpu_links["swp13@sw-hardwarefree-frontend-leaf05--eth9@gpu-hardwarefree-039"]: Creation complete after 0s [id=4661820203]
netris_link.ns_gpu_links["swp20@sw-hardwarefree-frontend-leaf05--eth9@gpu-hardwarefree-060"]: Creating...
netris_link.ew_gpu_links["swp14@sw-hardwarefree-plane4-leaf02--eth8@gpu-hardwarefree-050"]: Creation complete after 0s [id=4632512098]
netris_link.ns_gpu_links["swp2@sw-hardwarefree-frontend-leaf03--eth9@gpu-hardwarefree-005"]: Creating...
netris_link.ns_gpu_links["swp8@sw-hardwarefree-frontend-leaf05--eth9@gpu-hardwarefree-024"]: Creation complete after 0s [id=4607327709]
netris_link.ew_gpu_links["swp10@sw-hardwarefree-plane1-leaf02--eth2@gpu-hardwarefree-034"]: Creating...
netris_link.ew_gpu_links["swp6@sw-hardwarefree-plane1-leaf02--eth2@gpu-hardwarefree-018"]: Creation complete after 0s [id=4756147428]
netris_link.ns_gpu_links["swp13@sw-hardwarefree-frontend-leaf03--eth9@gpu-hardwarefree-038"]: Creating...
netris_link.ew_gpu_links["swp10@sw-hardwarefree-plane3-leaf07--eth6@gpu-hardwarefree-039"]: Creation complete after 0s [id=4727905659]
netris_link.ew_gpu_links["swp12@sw-hardwarefree-plane2-leaf06--eth4@gpu-hardwarefree-046"]: Creating...
netris_link.ew_gpu_links["swp1@sw-hardwarefree-plane2-leaf06--eth3@gpu-hardwarefree-006"]: Creation complete after 0s [id=4740555129]
netris_link.ns_gpu_links["swp12@sw-hardwarefree-frontend-leaf02--eth10@gpu-hardwarefree-034"]: Creating...
netris_link.ns_gpu_links["swp21@sw-hardwarefree-frontend-leaf01--eth9@gpu-hardwarefree-061"]: Creation complete after 0s [id=4682022715]
netris_link.ew_gpu_links["swp16@sw-hardwarefree-plane2-leaf02--eth4@gpu-hardwarefree-058"]: Creation complete after 0s [id=4696742988]
netris_link.ew_gpu_links["swp12@sw-hardwarefree-plane3-leaf03--eth6@gpu-hardwarefree-043"]: Creation complete after 0s [id=4766588777]
netris_link.ns_gpu_links["swp17@sw-hardwarefree-frontend-leaf01--eth9@gpu-hardwarefree-049"]: Creation complete after 0s [id=4652940701]
netris_link.ns_gpu_links["swp2@sw-hardwarefree-frontend-leaf03--eth9@gpu-hardwarefree-005"]: Creation complete after 0s [id=4607327587]
netris_link.ns_gpu_links["swp20@sw-hardwarefree-frontend-leaf05--eth9@gpu-hardwarefree-060"]: Creation complete after 0s [id=4595048721]
netris_link.ns_gpu_links["swp18@sw-hardwarefree-frontend-leaf06--eth10@gpu-hardwarefree-054"]: Creating...
netris_link.ns_gpu_links["swp4@sw-hardwarefree-frontend-leaf05--eth9@gpu-hardwarefree-012"]: Creating...
netris_link.ew_gpu_links["swp5@sw-hardwarefree-plane4-leaf07--eth7@gpu-hardwarefree-023"]: Creating...
netris_link.ew_gpu_links["swp2@sw-hardwarefree-plane1-leaf08--eth2@gpu-hardwarefree-008"]: Creating...
netris_link.ew_gpu_links["swp2@sw-hardwarefree-plane1-leaf03--eth2@gpu-hardwarefree-003"]: Creating...
netris_link.ew_gpu_links["swp15@sw-hardwarefree-plane2-leaf01--eth3@gpu-hardwarefree-057"]: Creating...
netris_link.ew_gpu_links["swp10@sw-hardwarefree-plane1-leaf02--eth2@gpu-hardwarefree-034"]: Creation complete after 0s [id=4737245131]
netris_link.ns_gpu_links["swp7@sw-hardwarefree-frontend-leaf06--eth10@gpu-hardwarefree-021"]: Creating...
netris_link.ns_gpu_links["swp13@sw-hardwarefree-frontend-leaf03--eth9@gpu-hardwarefree-038"]: Creation complete after 0s [id=4666745910]
netris_link.ew_gpu_links["swp13@sw-hardwarefree-plane1-leaf07--eth1@gpu-hardwarefree-055"]: Creating...
netris_link.ew_gpu_links["swp12@sw-hardwarefree-plane2-leaf06--eth4@gpu-hardwarefree-046"]: Creation complete after 0s [id=4725668983]
netris_link.ns_gpu_links["swp11@sw-hardwarefree-frontend-leaf03--eth9@gpu-hardwarefree-032"]: Creating...
netris_link.ns_gpu_links["swp12@sw-hardwarefree-frontend-leaf02--eth10@gpu-hardwarefree-034"]: Creation complete after 0s [id=4677669026]
netris_link.ns_gpu_links["swp10@sw-hardwarefree-frontend-leaf02--eth10@gpu-hardwarefree-028"]: Creating...
netris_link.ew_gpu_links["swp15@sw-hardwarefree-plane2-leaf01--eth3@gpu-hardwarefree-057"]: Creation complete after 0s [id=4660274817]
netris_link.ew_gpu_links["swp11@sw-hardwarefree-plane3-leaf01--eth5@gpu-hardwarefree-041"]: Creating...
netris_link.ew_gpu_links["swp2@sw-hardwarefree-plane1-leaf08--eth2@gpu-hardwarefree-008"]: Creation complete after 0s [id=4624911206]
netris_link.ew_gpu_links["swp7@sw-hardwarefree-plane2-leaf06--eth3@gpu-hardwarefree-030"]: Creating...
netris_link.ns_gpu_links["swp4@sw-hardwarefree-frontend-leaf05--eth9@gpu-hardwarefree-012"]: Creation complete after 0s [id=4601665837]
netris_link.ew_gpu_links["swp12@sw-hardwarefree-plane4-leaf06--eth8@gpu-hardwarefree-046"]: Creating...
netris_link.ew_gpu_links["swp5@sw-hardwarefree-plane4-leaf07--eth7@gpu-hardwarefree-023"]: Creation complete after 0s [id=4632319854]
netris_link.ew_gpu_links["swp14@sw-hardwarefree-plane4-leaf01--eth8@gpu-hardwarefree-049"]: Creating...
netris_link.ns_gpu_links["swp18@sw-hardwarefree-frontend-leaf06--eth10@gpu-hardwarefree-054"]: Creation complete after 0s [id=4662882221]
netris_link.ew_gpu_links["swp12@sw-hardwarefree-plane1-leaf03--eth2@gpu-hardwarefree-043"]: Creating...
netris_link.ew_gpu_links["swp2@sw-hardwarefree-plane1-leaf03--eth2@gpu-hardwarefree-003"]: Creation complete after 0s [id=4760732213]
netris_link.ew_gpu_links["swp2@sw-hardwarefree-plane2-leaf07--eth4@gpu-hardwarefree-007"]: Creating...
netris_link.ns_gpu_links["swp7@sw-hardwarefree-frontend-leaf06--eth10@gpu-hardwarefree-021"]: Creation complete after 0s [id=4673511037]
netris_link.ew_switch_links["swp16@sw-hardwarefree-plane1-spine01--swp28@sw-hardwarefree-plane1-leaf04"]: Creating...
netris_link.ew_gpu_links["swp13@sw-hardwarefree-plane1-leaf07--eth1@gpu-hardwarefree-055"]: Creation complete after 0s [id=4712456802]
netris_link.ew_switch_links["swp9@sw-hardwarefree-plane4-spine01--swp25@sw-hardwarefree-plane4-leaf03"]: Creating...
netris_link.ns_gpu_links["swp10@sw-hardwarefree-frontend-leaf02--eth10@gpu-hardwarefree-028"]: Creation complete after 0s [id=4635014923]
netris_link.ew_switch_links["swp27@sw-hardwarefree-plane2-spine02--swp31@sw-hardwarefree-plane2-leaf07"]: Creating...
netris_link.ns_gpu_links["swp11@sw-hardwarefree-frontend-leaf03--eth9@gpu-hardwarefree-032"]: Creation complete after 0s [id=4637904073]
netris_link.ew_switch_links["swp17@sw-hardwarefree-plane2-spine01--swp25@sw-hardwarefree-plane2-leaf05"]: Creating...
netris_link.ew_gpu_links["swp12@sw-hardwarefree-plane4-leaf06--eth8@gpu-hardwarefree-046"]: Creation complete after 0s [id=4679506745]
netris_link.ew_switch_links["swp20@sw-hardwarefree-plane3-spine02--swp32@sw-hardwarefree-plane3-leaf05"]: Creating...
netris_link.ew_gpu_links["swp11@sw-hardwarefree-plane3-leaf01--eth5@gpu-hardwarefree-041"]: Creation complete after 0s [id=4755854657]
netris_link.ew_switch_links["swp16@sw-hardwarefree-plane1-spine02--swp32@sw-hardwarefree-plane1-leaf04"]: Creating...
netris_link.ew_gpu_links["swp7@sw-hardwarefree-plane2-leaf06--eth3@gpu-hardwarefree-030"]: Creation complete after 0s [id=4749712462]
netris_link.oob_switch_links["swp12@sw-hardwarefree-oob-mgmt02--eth11@gpu-hardwarefree-018"]: Creating...
netris_link.ew_gpu_links["swp14@sw-hardwarefree-plane4-leaf01--eth8@gpu-hardwarefree-049"]: Creation complete after 0s [id=4745619642]
netris_link.ew_switch_links["swp10@sw-hardwarefree-plane4-spine02--swp30@sw-hardwarefree-plane4-leaf03"]: Creating...
netris_link.ew_gpu_links["swp12@sw-hardwarefree-plane1-leaf03--eth2@gpu-hardwarefree-043"]: Creation complete after 0s [id=4772448823]
netris_link.ew_switch_links["swp5@sw-hardwarefree-plane4-spine02--swp29@sw-hardwarefree-plane4-leaf02"]: Creating...
netris_link.ew_gpu_links["swp2@sw-hardwarefree-plane2-leaf07--eth4@gpu-hardwarefree-007"]: Creation complete after 0s [id=4659985316]
netris_link.ew_switch_links["swp25@sw-hardwarefree-plane3-spine02--swp29@sw-hardwarefree-plane3-leaf07"]: Creating...
netris_link.ew_switch_links["swp16@sw-hardwarefree-plane1-spine01--swp28@sw-hardwarefree-plane1-leaf04"]: Creation complete after 0s [id=4845512146]
netris_link.oob_switch_links["swp23@sw-hardwarefree-oob-mgmt02--eth11@gpu-hardwarefree-040"]: Creating...
netris_link.ew_switch_links["swp9@sw-hardwarefree-plane4-spine01--swp25@sw-hardwarefree-plane4-leaf03"]: Creation complete after 0s [id=4865023600]
netris_link.ew_switch_links["swp1@sw-hardwarefree-plane3-spine01--swp25@sw-hardwarefree-plane3-leaf01"]: Creating...
netris_link.ew_switch_links["swp27@sw-hardwarefree-plane2-spine02--swp31@sw-hardwarefree-plane2-leaf07"]: Creation complete after 0s [id=4856346410]
netris_link.ew_switch_links["swp21@sw-hardwarefree-plane2-spine02--swp29@sw-hardwarefree-plane2-leaf06"]: Creating...
netris_link.ew_switch_links["swp17@sw-hardwarefree-plane2-spine01--swp25@sw-hardwarefree-plane2-leaf05"]: Creation complete after 0s [id=4726350188]
netris_link.ew_switch_links["swp2@sw-hardwarefree-plane2-spine02--swp30@sw-hardwarefree-plane2-leaf01"]: Creating...
netris_link.ew_switch_links["swp20@sw-hardwarefree-plane3-spine02--swp32@sw-hardwarefree-plane3-leaf05"]: Creation complete after 0s [id=4753807858]
netris_link.ew_switch_links["swp6@sw-hardwarefree-plane4-spine02--swp30@sw-hardwarefree-plane4-leaf02"]: Creating...
netris_link.ew_switch_links["swp16@sw-hardwarefree-plane1-spine02--swp32@sw-hardwarefree-plane1-leaf04"]: Creation complete after 0s [id=4855361400]
netris_link.ew_switch_links["swp7@sw-hardwarefree-plane3-spine02--swp31@sw-hardwarefree-plane3-leaf02"]: Creating...
netris_link.ew_switch_links["swp10@sw-hardwarefree-plane4-spine02--swp30@sw-hardwarefree-plane4-leaf03"]: Creation complete after 0s [id=4914667138]
netris_link.ew_gpu_links["swp7@sw-hardwarefree-plane1-leaf04--eth1@gpu-hardwarefree-028"]: Creating...
netris_link.oob_switch_links["swp12@sw-hardwarefree-oob-mgmt02--eth11@gpu-hardwarefree-018"]: Creation complete after 0s [id=4766979483]
netris_link.ew_switch_links["swp1@sw-hardwarefree-plane3-spine02--swp29@sw-hardwarefree-plane3-leaf01"]: Creating...
netris_link.oob_switch_links["swp23@sw-hardwarefree-oob-mgmt02--eth11@gpu-hardwarefree-040"]: Creation complete after 0s [id=4738023754]
netris_link.ew_switch_links["swp5@sw-hardwarefree-plane4-spine02--swp29@sw-hardwarefree-plane4-leaf02"]: Creation complete after 0s [id=4822503292]
netris_link.ew_switch_links["swp1@sw-hardwarefree-plane3-spine01--swp25@sw-hardwarefree-plane3-leaf01"]: Creation complete after 0s [id=4932330372]
netris_link.ew_switch_links["swp25@sw-hardwarefree-plane3-spine02--swp29@sw-hardwarefree-plane3-leaf07"]: Creation complete after 0s [id=4747764310]
netris_link.ew_switch_links["swp30@sw-hardwarefree-plane4-spine02--swp30@sw-hardwarefree-plane4-leaf08"]: Creating...
netris_link.ew_switch_links["swp29@sw-hardwarefree-plane2-spine02--swp29@sw-hardwarefree-plane2-leaf08"]: Creating...
netris_link.ew_switch_links["swp32@sw-hardwarefree-plane3-spine01--swp28@sw-hardwarefree-plane3-leaf08"]: Creating...
netris_link.ew_gpu_links["swp2@sw-hardwarefree-plane1-leaf07--eth2@gpu-hardwarefree-007"]: Creating...
netris_link.ew_switch_links["swp2@sw-hardwarefree-plane2-spine02--swp30@sw-hardwarefree-plane2-leaf01"]: Creation complete after 1s [id=4864825734]
netris_link.ew_switch_links["swp1@sw-hardwarefree-plane2-spine01--swp25@sw-hardwarefree-plane2-leaf01"]: Creating...
netris_link.ew_switch_links["swp21@sw-hardwarefree-plane2-spine02--swp29@sw-hardwarefree-plane2-leaf06"]: Creation complete after 1s [id=4917245100]
netris_link.ew_switch_links["swp24@sw-hardwarefree-plane3-spine02--swp32@sw-hardwarefree-plane3-leaf06"]: Creating...
netris_link.ew_switch_links["swp7@sw-hardwarefree-plane3-spine02--swp31@sw-hardwarefree-plane3-leaf02"]: Creation complete after 1s [id=4725961624]
netris_link.ew_switch_links["swp28@sw-hardwarefree-plane3-spine01--swp28@sw-hardwarefree-plane3-leaf07"]: Creating...
netris_link.ew_switch_links["swp6@sw-hardwarefree-plane4-spine02--swp30@sw-hardwarefree-plane4-leaf02"]: Creation complete after 1s [id=4822699712]
netris_link.ew_switch_links["swp1@sw-hardwarefree-plane2-spine02--swp29@sw-hardwarefree-plane2-leaf01"]: Creating...
netris_link.ew_gpu_links["swp7@sw-hardwarefree-plane1-leaf04--eth1@gpu-hardwarefree-028"]: Creation complete after 1s [id=4684828780]
netris_link.ew_switch_links["swp9@sw-hardwarefree-plane3-spine01--swp25@sw-hardwarefree-plane3-leaf03"]: Creating...
netris_link.ew_switch_links["swp32@sw-hardwarefree-plane3-spine01--swp28@sw-hardwarefree-plane3-leaf08"]: Creation complete after 1s [id=4847086730]
netris_link.ew_switch_links["swp24@sw-hardwarefree-plane3-spine01--swp28@sw-hardwarefree-plane3-leaf06"]: Creating...
netris_link.ew_gpu_links["swp2@sw-hardwarefree-plane1-leaf07--eth2@gpu-hardwarefree-007"]: Creation complete after 1s [id=4692285285]
netris_link.ew_switch_links["swp9@sw-hardwarefree-plane3-spine02--swp29@sw-hardwarefree-plane3-leaf03"]: Creating...
netris_link.ew_switch_links["swp30@sw-hardwarefree-plane4-spine02--swp30@sw-hardwarefree-plane4-leaf08"]: Creation complete after 1s [id=4896045812]
netris_link.oob_switch_links["swp24@sw-hardwarefree-oob-mgmt02--eth11@gpu-hardwarefree-042"]: Creating...
netris_link.ew_switch_links["swp1@sw-hardwarefree-plane3-spine02--swp29@sw-hardwarefree-plane3-leaf01"]: Creation complete after 1s [id=4793870002]
netris_link.ew_switch_links["swp12@sw-hardwarefree-plane1-spine01--swp28@sw-hardwarefree-plane1-leaf03"]: Creating...
netris_link.ew_switch_links["swp29@sw-hardwarefree-plane2-spine02--swp29@sw-hardwarefree-plane2-leaf08"]: Creation complete after 1s [id=4876867168]
netris_link.ew_switch_links["swp28@sw-hardwarefree-plane2-spine01--swp28@sw-hardwarefree-plane2-leaf07"]: Creating...
netris_link.ew_switch_links["swp24@sw-hardwarefree-plane3-spine02--swp32@sw-hardwarefree-plane3-leaf06"]: Creation complete after 0s [id=4712166236]
netris_link.ew_switch_links["swp19@sw-hardwarefree-plane2-spine01--swp27@sw-hardwarefree-plane2-leaf05"]: Creating...
netris_link.ew_switch_links["swp1@sw-hardwarefree-plane2-spine01--swp25@sw-hardwarefree-plane2-leaf01"]: Creation complete after 0s [id=4763758524]
netris_link.ew_switch_links["swp30@sw-hardwarefree-plane4-spine01--swp26@sw-hardwarefree-plane4-leaf08"]: Creating...
netris_link.ew_switch_links["swp28@sw-hardwarefree-plane3-spine01--swp28@sw-hardwarefree-plane3-leaf07"]: Creation complete after 0s [id=4886155104]
netris_link.ew_switch_links["swp5@sw-hardwarefree-plane1-spine01--swp25@sw-hardwarefree-plane1-leaf02"]: Creating...
netris_link.ew_switch_links["swp1@sw-hardwarefree-plane2-spine02--swp29@sw-hardwarefree-plane2-leaf01"]: Creation complete after 0s [id=4864628458]
netris_link.ew_switch_links["swp10@sw-hardwarefree-plane3-spine01--swp26@sw-hardwarefree-plane3-leaf03"]: Creating...
netris_link.ew_switch_links["swp9@sw-hardwarefree-plane3-spine01--swp25@sw-hardwarefree-plane3-leaf03"]: Creation complete after 0s [id=4939484104]
netris_link.ew_switch_links["swp29@sw-hardwarefree-plane2-spine01--swp25@sw-hardwarefree-plane2-leaf08"]: Creating...
netris_link.ew_switch_links["swp24@sw-hardwarefree-plane3-spine01--swp28@sw-hardwarefree-plane3-leaf06"]: Creation complete after 0s [id=4849450054]
netris_link.ew_switch_links["swp5@sw-hardwarefree-plane1-spine02--swp29@sw-hardwarefree-plane1-leaf02"]: Creating...
netris_link.ew_switch_links["swp9@sw-hardwarefree-plane3-spine02--swp29@sw-hardwarefree-plane3-leaf03"]: Creation complete after 0s [id=4800922646]
netris_link.ew_switch_links["swp21@sw-hardwarefree-plane3-spine01--swp25@sw-hardwarefree-plane3-leaf06"]: Creating...
netris_link.oob_switch_links["swp24@sw-hardwarefree-oob-mgmt02--eth11@gpu-hardwarefree-042"]: Creation complete after 0s [id=4761708234]
netris_link.ew_switch_links["swp4@sw-hardwarefree-plane4-spine01--swp28@sw-hardwarefree-plane4-leaf01"]: Creating...
netris_link.ew_switch_links["swp12@sw-hardwarefree-plane1-spine01--swp28@sw-hardwarefree-plane1-leaf03"]: Creation complete after 0s [id=4884574184]
netris_link.ew_switch_links["swp21@sw-hardwarefree-plane3-spine02--swp29@sw-hardwarefree-plane3-leaf06"]: Creating...
netris_link.ew_switch_links["swp28@sw-hardwarefree-plane2-spine01--swp28@sw-hardwarefree-plane2-leaf07"]: Creation complete after 0s [id=4755757880]
netris_link.ew_switch_links["swp28@sw-hardwarefree-plane2-spine02--swp32@sw-hardwarefree-plane2-leaf07"]: Creating...
netris_link.ew_switch_links["swp19@sw-hardwarefree-plane2-spine01--swp27@sw-hardwarefree-plane2-leaf05"]: Creation complete after 0s [id=4726739096]
netris_link.ew_switch_links["swp30@sw-hardwarefree-plane3-spine02--swp30@sw-hardwarefree-plane3-leaf08"]: Creating...
netris_link.ew_switch_links["swp30@sw-hardwarefree-plane4-spine01--swp26@sw-hardwarefree-plane4-leaf08"]: Creation complete after 0s [id=4846693558]
netris_link.ew_switch_links["swp30@sw-hardwarefree-plane1-spine01--swp26@sw-hardwarefree-plane1-leaf08"]: Creating...
netris_link.ew_switch_links["swp5@sw-hardwarefree-plane1-spine01--swp25@sw-hardwarefree-plane1-leaf02"]: Creation complete after 0s [id=4853587886]
netris_link.ew_switch_links["swp5@sw-hardwarefree-plane3-spine02--swp29@sw-hardwarefree-plane3-leaf02"]: Creating...
netris_link.ew_switch_links["swp10@sw-hardwarefree-plane3-spine01--swp26@sw-hardwarefree-plane3-leaf03"]: Creation complete after 0s [id=4939682892]
netris_link.ew_switch_links["swp13@sw-hardwarefree-plane2-spine01--swp25@sw-hardwarefree-plane2-leaf04"]: Creating...
netris_link.ew_switch_links["swp29@sw-hardwarefree-plane2-spine01--swp25@sw-hardwarefree-plane2-leaf08"]: Creation complete after 0s [id=4775869762]
netris_link.ew_switch_links["swp28@sw-hardwarefree-plane3-spine02--swp32@sw-hardwarefree-plane3-leaf07"]: Creating...
netris_link.ew_switch_links["swp5@sw-hardwarefree-plane1-spine02--swp29@sw-hardwarefree-plane1-leaf02"]: Creation complete after 0s [id=4863445340]
netris_link.ew_switch_links["swp21@sw-hardwarefree-plane3-spine01--swp25@sw-hardwarefree-plane3-leaf06"]: Creation complete after 0s [id=4848859174]
netris_link.ew_switch_links["swp21@sw-hardwarefree-plane3-spine02--swp29@sw-hardwarefree-plane3-leaf06"]: Creation complete after 0s [id=4711583780]
netris_link.ew_switch_links["swp4@sw-hardwarefree-plane4-spine01--swp28@sw-hardwarefree-plane4-leaf01"]: Creation complete after 0s [id=4871141300]
netris_link.ew_switch_links["swp28@sw-hardwarefree-plane2-spine02--swp32@sw-hardwarefree-plane2-leaf07"]: Creation complete after 0s [id=4856543518]
netris_link.ew_switch_links["swp31@sw-hardwarefree-plane2-spine01--swp27@sw-hardwarefree-plane2-leaf08"]: Creating...
netris_link.ew_switch_links["swp22@sw-hardwarefree-plane3-spine02--swp30@sw-hardwarefree-plane3-leaf06"]: Creating...
netris_link.ew_switch_links["swp11@sw-hardwarefree-plane4-spine01--swp27@sw-hardwarefree-plane4-leaf03"]: Creating...
netris_link.ew_gpu_links["swp11@sw-hardwarefree-plane4-leaf04--eth7@gpu-hardwarefree-044"]: Creating...
netris_link.ew_gpu_links["swp13@sw-hardwarefree-plane2-leaf08--eth3@gpu-hardwarefree-056"]: Creating...
netris_link.ew_switch_links["swp5@sw-hardwarefree-plane3-spine02--swp29@sw-hardwarefree-plane3-leaf02"]: Creation complete after 0s [id=4725572748]
netris_link.ew_gpu_links["swp4@sw-hardwarefree-plane1-leaf05--eth2@gpu-hardwarefree-013"]: Creating...
netris_link.ew_switch_links["swp13@sw-hardwarefree-plane2-spine01--swp25@sw-hardwarefree-plane2-leaf04"]: Creation complete after 0s [id=4789953770]
netris_link.ew_switch_links["swp30@sw-hardwarefree-plane3-spine01--swp26@sw-hardwarefree-plane3-leaf08"]: Creating...
netris_link.ew_switch_links["swp30@sw-hardwarefree-plane3-spine02--swp30@sw-hardwarefree-plane3-leaf08"]: Creation complete after 0s [id=4709448396]
netris_link.ew_switch_links["swp22@sw-hardwarefree-plane2-spine01--swp26@sw-hardwarefree-plane2-leaf06"]: Creating...
netris_link.ew_switch_links["swp30@sw-hardwarefree-plane1-spine01--swp26@sw-hardwarefree-plane1-leaf08"]: Creation complete after 0s [id=4763562814]
netris_link.ew_switch_links["swp10@sw-hardwarefree-plane4-spine01--swp26@sw-hardwarefree-plane4-leaf03"]: Creating...
netris_link.ew_switch_links["swp28@sw-hardwarefree-plane3-spine02--swp32@sw-hardwarefree-plane3-leaf07"]: Creation complete after 0s [id=4748348998]
netris_link.ew_switch_links["swp18@sw-hardwarefree-plane2-spine02--swp30@sw-hardwarefree-plane2-leaf05"]: Creating...
netris_link.ew_gpu_links["swp13@sw-hardwarefree-plane2-leaf08--eth3@gpu-hardwarefree-056"]: Creation complete after 0s [id=4723725228]
netris_link.ew_gpu_links["swp15@sw-hardwarefree-plane4-leaf04--eth7@gpu-hardwarefree-060"]: Creating...
netris_link.ew_switch_links["swp31@sw-hardwarefree-plane2-spine01--swp27@sw-hardwarefree-plane2-leaf08"]: Creation complete after 0s [id=4776260702]
netris_link.ew_gpu_links["swp10@sw-hardwarefree-plane3-leaf05--eth6@gpu-hardwarefree-037"]: Creating...
netris_link.ew_switch_links["swp22@sw-hardwarefree-plane3-spine02--swp30@sw-hardwarefree-plane3-leaf06"]: Creation complete after 0s [id=4711777928]
netris_link.ew_switch_links["swp5@sw-hardwarefree-plane2-spine02--swp29@sw-hardwarefree-plane2-leaf02"]: Creating...
netris_link.ew_switch_links["swp11@sw-hardwarefree-plane4-spine01--swp27@sw-hardwarefree-plane4-leaf03"]: Creation complete after 0s [id=4865418172]
netris_link.ew_gpu_links["swp9@sw-hardwarefree-plane1-leaf06--eth1@gpu-hardwarefree-038"]: Creating...
netris_link.ew_gpu_links["swp11@sw-hardwarefree-plane4-leaf04--eth7@gpu-hardwarefree-044"]: Creation complete after 0s [id=4767760192]
netris_link.ew_gpu_links["swp13@sw-hardwarefree-plane3-leaf02--eth5@gpu-hardwarefree-050"]: Creating...
netris_link.ew_gpu_links["swp4@sw-hardwarefree-plane1-leaf05--eth2@gpu-hardwarefree-013"]: Creation complete after 0s [id=4683086782]
netris_link.ew_gpu_links["swp4@sw-hardwarefree-plane4-leaf03--eth8@gpu-hardwarefree-011"]: Creating...
netris_link.ew_switch_links["swp30@sw-hardwarefree-plane3-spine01--swp26@sw-hardwarefree-plane3-leaf08"]: Creation complete after 0s [id=4846692902]
netris_link.ew_switch_links["swp26@sw-hardwarefree-plane4-spine02--swp30@sw-hardwarefree-plane4-leaf07"]: Creating...
netris_link.ew_switch_links["swp22@sw-hardwarefree-plane2-spine01--swp26@sw-hardwarefree-plane2-leaf06"]: Creation complete after 0s [id=4816024554]
netris_link.ew_switch_links["swp10@sw-hardwarefree-plane4-spine01--swp26@sw-hardwarefree-plane4-leaf03"]: Creation complete after 0s [id=4865220884]
netris_link.ew_switch_links["swp18@sw-hardwarefree-plane2-spine02--swp30@sw-hardwarefree-plane2-leaf05"]: Creation complete after 0s [id=4827021878]
netris_link.ew_gpu_links["swp15@sw-hardwarefree-plane4-leaf04--eth7@gpu-hardwarefree-060"]: Creation complete after 0s [id=4745911564]
netris_link.ew_gpu_links["swp10@sw-hardwarefree-plane3-leaf05--eth6@gpu-hardwarefree-037"]: Creation complete after 0s [id=4711680209]
netris_link.ew_switch_links["swp5@sw-hardwarefree-plane2-spine02--swp29@sw-hardwarefree-plane2-leaf02"]: Creation complete after 0s [id=4844527212]
netris_link.ew_gpu_links["swp9@sw-hardwarefree-plane1-leaf06--eth1@gpu-hardwarefree-038"]: Creation complete after 0s [id=4796316868]
netris_link.ew_gpu_links["swp13@sw-hardwarefree-plane3-leaf02--eth5@gpu-hardwarefree-050"]: Creation complete after 0s [id=4656799981]
netris_link.ew_gpu_links["swp4@sw-hardwarefree-plane4-leaf03--eth8@gpu-hardwarefree-011"]: Creation complete after 0s [id=4741626193]
netris_link.ew_switch_links["swp26@sw-hardwarefree-plane4-spine02--swp30@sw-hardwarefree-plane4-leaf07"]: Creation complete after 0s [id=4799549626]

Apply complete! Resources: 1150 added, 0 changed, 0 destroyed.

✓ 'tofu apply' completed successfully.