=== Starting 'tofu apply' in /Users/adam/Documents/Antigravity/Netris Terraform/fabric-builder-ui/backend/deployments/egg ===
$ /opt/homebrew/bin/tofu apply -auto-approve -no-color tofu.tfplan

netris_vpc.oob_mgmt: Creating...
netris_vpc.storage: Creating...
netris_site.site: Creating...
netris_vpc.inband_mgmt: Creating...
netris_inventory_profile.oob_profile: Creating...
netris_inventory_profile.ew_profile_pl3: Creating...
netris_inventory_profile.ew_profile_pl2: Creating...
netris_inventory_profile.ew_profile_pl4: Creating...
netris_inventory_profile.ew_profile_pl1: Creating...
netris_inventory_profile.ns_profile: Creating...
netris_vpc.storage: Creation complete after 0s [id=68]
netris_vpc.inband_mgmt: Creation complete after 0s [id=69]
netris_inventory_profile.ns_profile: Creation complete after 0s [id=58]
netris_vpc.oob_mgmt: Creation complete after 0s [id=70]
netris_inventory_profile.ew_profile_pl4: Creation complete after 0s [id=56]
netris_inventory_profile.ew_profile_pl2: Creation complete after 0s [id=60]
netris_inventory_profile.oob_profile: Creation complete after 0s [id=57]
netris_inventory_profile.ew_profile_pl3: Creation complete after 0s [id=55]
netris_site.site: Creation complete after 0s [id=18]
netris_inventory_profile.ew_profile_pl1: Creation complete after 0s [id=59]
netris_server.storage_servers["srv-egg-storage01"]: Creating...
netris_allocation.allocations["alloc-ns-loopbacks"]: Creating...
netris_allocation.allocations["alloc-ns-mgmt"]: Creating...
netris_server.storage_servers["srv-egg-storage02"]: Creating...
netris_server.gpu_servers["gpu-egg-113"]: Creating...
netris_allocation.allocations["alloc-ew-p2p"]: Creating...
netris_allocation.allocations["alloc-storage"]: Creating...
netris_server.gpu_servers["gpu-egg-041"]: Creating...
netris_server.gpu_servers["gpu-egg-063"]: Creating...
netris_allocation.allocations["alloc-oob"]: Creating...
netris_allocation.allocations["alloc-ns-loopbacks"]: Creation complete after 1s [id=148]
netris_server.gpu_servers["gpu-egg-063"]: Creation complete after 1s [id=1181]
netris_allocation.allocations["alloc-ew-loopbacks"]: Creating...
netris_server.gpu_servers["gpu-egg-113"]: Creation complete after 1s [id=1182]
netris_server.gpu_servers["gpu-egg-120"]: Creating...
netris_server.storage_servers["srv-egg-storage03"]: Creating...
netris_server.storage_servers["srv-egg-storage02"]: Creation complete after 1s [id=1183]
netris_server.gpu_servers["gpu-egg-071"]: Creating...
netris_allocation.allocations["alloc-storage"]: Creation complete after 1s [id=149]
netris_server.mgmt_servers["srv-egg-cp03"]: Creating...
netris_allocation.allocations["alloc-ns-mgmt"]: Creation complete after 1s [id=150]
netris_server.mgmt_servers["srv-egg-cp01"]: Creating...
netris_allocation.allocations["alloc-ew-p2p"]: Creation complete after 1s [id=151]
netris_server.gpu_servers["gpu-egg-128"]: Creating...
netris_server.storage_servers["srv-egg-storage01"]: Creation complete after 1s [id=1184]
netris_server.gpu_servers["gpu-egg-041"]: Creation complete after 1s [id=1185]
netris_server.storage_servers["srv-egg-storage04"]: Creating...
netris_server.mgmt_servers["srv-egg-cp02"]: Creating...
netris_allocation.allocations["alloc-oob"]: Creation complete after 1s [id=152]
netris_server.gpu_servers["gpu-egg-118"]: Creating...
netris_server.gpu_servers["gpu-egg-120"]: Creation complete after 0s [id=1186]
netris_server.gpu_servers["gpu-egg-059"]: Creating...
netris_server.storage_servers["srv-egg-storage03"]: Creation complete after 0s [id=1187]
netris_server.gpu_servers["gpu-egg-028"]: Creating...
netris_server.gpu_servers["gpu-egg-071"]: Creation complete after 0s [id=1188]
netris_allocation.allocations["alloc-ew-loopbacks"]: Creation complete after 0s [id=153]
netris_server.gpu_servers["gpu-egg-083"]: Creating...
netris_server.mgmt_servers["srv-egg-cp03"]: Creation complete after 0s [id=1189]
netris_server.gpu_servers["gpu-egg-032"]: Creating...
netris_server.gpu_servers["gpu-egg-019"]: Creating...
netris_server.gpu_servers["gpu-egg-128"]: Creation complete after 0s [id=1190]
netris_server.gpu_servers["gpu-egg-040"]: Creating...
netris_server.mgmt_servers["srv-egg-cp01"]: Creation complete after 0s [id=1191]
netris_server.gpu_servers["gpu-egg-095"]: Creating...
netris_server.mgmt_servers["srv-egg-cp02"]: Creation complete after 0s [id=1192]
netris_server.gpu_servers["gpu-egg-121"]: Creating...
netris_server.storage_servers["srv-egg-storage04"]: Creation complete after 0s [id=1193]
netris_server.gpu_servers["gpu-egg-087"]: Creating...
netris_server.gpu_servers["gpu-egg-118"]: Creation complete after 0s [id=1194]
netris_server.gpu_servers["gpu-egg-126"]: Creating...
netris_server.gpu_servers["gpu-egg-019"]: Creation complete after 0s [id=1195]
netris_server.gpu_servers["gpu-egg-059"]: Creation complete after 0s [id=1196]
netris_server.gpu_servers["gpu-egg-093"]: Creating...
netris_server.gpu_servers["gpu-egg-043"]: Creating...
netris_server.gpu_servers["gpu-egg-083"]: Creation complete after 0s [id=1197]
netris_server.gpu_servers["gpu-egg-112"]: Creating...
netris_server.gpu_servers["gpu-egg-040"]: Creation complete after 0s [id=1198]
netris_server.gpu_servers["gpu-egg-094"]: Creating...
netris_server.gpu_servers["gpu-egg-028"]: Creation complete after 0s [id=1199]
netris_server.gpu_servers["gpu-egg-010"]: Creating...
netris_server.gpu_servers["gpu-egg-032"]: Creation complete after 0s [id=1200]
netris_server.gpu_servers["gpu-egg-037"]: Creating...
netris_server.gpu_servers["gpu-egg-095"]: Creation complete after 0s [id=1201]
netris_server.gpu_servers["gpu-egg-126"]: Creation complete after 0s [id=1202]
netris_server.gpu_servers["gpu-egg-015"]: Creating...
netris_server.gpu_servers["gpu-egg-087"]: Creation complete after 0s [id=1203]
netris_server.gpu_servers["gpu-egg-042"]: Creating...
netris_server.gpu_servers["gpu-egg-070"]: Creating...
netris_server.gpu_servers["gpu-egg-121"]: Creation complete after 0s [id=1204]
netris_server.gpu_servers["gpu-egg-057"]: Creating...
netris_server.gpu_servers["gpu-egg-043"]: Creation complete after 0s [id=1205]
netris_server.gpu_servers["gpu-egg-112"]: Creation complete after 0s [id=1206]
netris_server.gpu_servers["gpu-egg-003"]: Creating...
netris_server.gpu_servers["gpu-egg-020"]: Creating...
netris_server.gpu_servers["gpu-egg-037"]: Creation complete after 0s [id=1207]
netris_server.gpu_servers["gpu-egg-072"]: Creating...
netris_server.gpu_servers["gpu-egg-094"]: Creation complete after 0s [id=1208]
netris_server.gpu_servers["gpu-egg-125"]: Creating...
netris_server.gpu_servers["gpu-egg-093"]: Creation complete after 0s [id=1209]
netris_server.gpu_servers["gpu-egg-092"]: Creating...
netris_server.gpu_servers["gpu-egg-010"]: Creation complete after 0s [id=1210]
netris_server.gpu_servers["gpu-egg-107"]: Creating...
netris_server.gpu_servers["gpu-egg-015"]: Creation complete after 0s [id=1211]
netris_server.gpu_servers["gpu-egg-080"]: Creating...
netris_server.gpu_servers["gpu-egg-042"]: Creation complete after 0s [id=1212]
netris_server.gpu_servers["gpu-egg-100"]: Creating...
netris_server.gpu_servers["gpu-egg-057"]: Creation complete after 0s [id=1213]
netris_server.gpu_servers["gpu-egg-116"]: Creating...
netris_server.gpu_servers["gpu-egg-070"]: Creation complete after 0s [id=1214]
netris_server.gpu_servers["gpu-egg-081"]: Creating...
netris_server.gpu_servers["gpu-egg-072"]: Creation complete after 0s [id=1215]
netris_server.gpu_servers["gpu-egg-061"]: Creating...
netris_server.gpu_servers["gpu-egg-020"]: Creation complete after 0s [id=1216]
netris_server.gpu_servers["gpu-egg-029"]: Creating...
netris_server.gpu_servers["gpu-egg-092"]: Creation complete after 0s [id=1217]
netris_server.gpu_servers["gpu-egg-047"]: Creating...
netris_server.gpu_servers["gpu-egg-003"]: Creation complete after 0s [id=1218]
netris_server.gpu_servers["gpu-egg-005"]: Creating...
netris_server.gpu_servers["gpu-egg-125"]: Creation complete after 0s [id=1219]
netris_server.gpu_servers["gpu-egg-025"]: Creating...
netris_server.gpu_servers["gpu-egg-107"]: Creation complete after 0s [id=1220]
netris_server.gpu_servers["gpu-egg-111"]: Creating...
netris_server.gpu_servers["gpu-egg-080"]: Creation complete after 0s [id=1221]
netris_server.gpu_servers["gpu-egg-115"]: Creating...
netris_server.gpu_servers["gpu-egg-100"]: Creation complete after 0s [id=1222]
netris_server.gpu_servers["gpu-egg-007"]: Creating...
netris_server.gpu_servers["gpu-egg-081"]: Creation complete after 0s [id=1223]
netris_server.gpu_servers["gpu-egg-036"]: Creating...
netris_server.gpu_servers["gpu-egg-116"]: Creation complete after 0s [id=1224]
netris_server.gpu_servers["gpu-egg-101"]: Creating...
netris_server.gpu_servers["gpu-egg-047"]: Creation complete after 0s [id=1225]
netris_server.gpu_servers["gpu-egg-005"]: Creation complete after 0s [id=1228]
netris_server.gpu_servers["gpu-egg-061"]: Creation complete after 0s [id=1226]
netris_server.gpu_servers["gpu-egg-029"]: Creation complete after 0s [id=1227]
netris_server.gpu_servers["gpu-egg-096"]: Creating...
netris_server.gpu_servers["gpu-egg-050"]: Creating...
netris_server.gpu_servers["gpu-egg-079"]: Creating...
netris_server.gpu_servers["gpu-egg-013"]: Creating...
netris_server.gpu_servers["gpu-egg-007"]: Creation complete after 0s [id=1229]
netris_server.gpu_servers["gpu-egg-099"]: Creating...
netris_server.gpu_servers["gpu-egg-025"]: Creation complete after 0s [id=1230]
netris_server.gpu_servers["gpu-egg-106"]: Creating...
netris_server.gpu_servers["gpu-egg-115"]: Creation complete after 0s [id=1231]
netris_server.gpu_servers["gpu-egg-105"]: Creating...
netris_server.gpu_servers["gpu-egg-036"]: Creation complete after 0s [id=1232]
netris_server.gpu_servers["gpu-egg-103"]: Creating...
netris_server.gpu_servers["gpu-egg-111"]: Creation complete after 0s [id=1233]
netris_server.gpu_servers["gpu-egg-082"]: Creating...
netris_server.gpu_servers["gpu-egg-101"]: Creation complete after 0s [id=1234]
netris_server.gpu_servers["gpu-egg-009"]: Creating...
netris_server.gpu_servers["gpu-egg-013"]: Creation complete after 1s [id=1235]
netris_server.gpu_servers["gpu-egg-124"]: Creating...
netris_server.gpu_servers["gpu-egg-096"]: Creation complete after 1s [id=1236]
netris_server.gpu_servers["gpu-egg-021"]: Creating...
netris_server.gpu_servers["gpu-egg-050"]: Creation complete after 1s [id=1237]
netris_server.gpu_servers["gpu-egg-127"]: Creating...
netris_server.gpu_servers["gpu-egg-079"]: Creation complete after 1s [id=1238]
netris_server.gpu_servers["gpu-egg-108"]: Creating...
netris_server.gpu_servers["gpu-egg-099"]: Creation complete after 1s [id=1239]
netris_server.gpu_servers["gpu-egg-051"]: Creating...
netris_server.gpu_servers["gpu-egg-106"]: Creation complete after 1s [id=1240]
netris_server.gpu_servers["gpu-egg-034"]: Creating...
netris_server.gpu_servers["gpu-egg-082"]: Creation complete after 1s [id=1241]
netris_server.gpu_servers["gpu-egg-075"]: Creating...
netris_server.gpu_servers["gpu-egg-105"]: Creation complete after 1s [id=1242]
netris_server.gpu_servers["gpu-egg-066"]: Creating...
netris_server.gpu_servers["gpu-egg-103"]: Creation complete after 1s [id=1243]
netris_server.gpu_servers["gpu-egg-054"]: Creating...
netris_server.gpu_servers["gpu-egg-009"]: Creation complete after 0s [id=1244]
netris_server.gpu_servers["gpu-egg-086"]: Creating...
netris_server.gpu_servers["gpu-egg-124"]: Creation complete after 0s [id=1245]
netris_server.gpu_servers["gpu-egg-097"]: Creating...
netris_server.gpu_servers["gpu-egg-127"]: Creation complete after 0s [id=1246]
netris_server.gpu_servers["gpu-egg-030"]: Creating...
netris_server.gpu_servers["gpu-egg-051"]: Creation complete after 0s [id=1247]
netris_server.gpu_servers["gpu-egg-109"]: Creating...
netris_server.gpu_servers["gpu-egg-021"]: Creation complete after 0s [id=1248]
netris_server.gpu_servers["gpu-egg-068"]: Creating...
netris_server.gpu_servers["gpu-egg-108"]: Creation complete after 0s [id=1249]
netris_server.gpu_servers["gpu-egg-016"]: Creating...
netris_server.gpu_servers["gpu-egg-034"]: Creation complete after 0s [id=1250]
netris_server.gpu_servers["gpu-egg-027"]: Creating...
netris_server.gpu_servers["gpu-egg-075"]: Creation complete after 0s [id=1251]
netris_server.gpu_servers["gpu-egg-033"]: Creating...
netris_server.gpu_servers["gpu-egg-066"]: Creation complete after 0s [id=1252]
netris_server.gpu_servers["gpu-egg-014"]: Creating...
netris_server.gpu_servers["gpu-egg-054"]: Creation complete after 0s [id=1253]
netris_server.gpu_servers["gpu-egg-035"]: Creating...
netris_server.gpu_servers["gpu-egg-086"]: Creation complete after 0s [id=1254]
netris_server.gpu_servers["gpu-egg-104"]: Creating...
netris_server.gpu_servers["gpu-egg-030"]: Creation complete after 0s [id=1257]
netris_server.gpu_servers["gpu-egg-109"]: Creation complete after 0s [id=1258]
netris_server.gpu_servers["gpu-egg-097"]: Creation complete after 0s [id=1255]
netris_server.gpu_servers["gpu-egg-068"]: Creation complete after 0s [id=1256]
netris_server.gpu_servers["gpu-egg-067"]: Creating...
netris_server.gpu_servers["gpu-egg-085"]: Creating...
netris_server.gpu_servers["gpu-egg-078"]: Creating...
netris_server.gpu_servers["gpu-egg-039"]: Creating...
netris_server.gpu_servers["gpu-egg-016"]: Creation complete after 0s [id=1259]
netris_server.gpu_servers["gpu-egg-011"]: Creating...
netris_server.gpu_servers["gpu-egg-033"]: Creation complete after 0s [id=1260]
netris_server.gpu_servers["gpu-egg-084"]: Creating...
netris_server.gpu_servers["gpu-egg-014"]: Creation complete after 0s [id=1261]
netris_server.gpu_servers["gpu-egg-114"]: Creating...
netris_server.gpu_servers["gpu-egg-027"]: Creation complete after 0s [id=1262]
netris_server.gpu_servers["gpu-egg-058"]: Creating...
netris_server.gpu_servers["gpu-egg-104"]: Creation complete after 0s [id=1263]
netris_server.gpu_servers["gpu-egg-055"]: Creating...
netris_server.gpu_servers["gpu-egg-035"]: Creation complete after 0s [id=1264]
netris_server.gpu_servers["gpu-egg-024"]: Creating...
netris_server.gpu_servers["gpu-egg-085"]: Creation complete after 0s [id=1265]
netris_server.gpu_servers["gpu-egg-067"]: Creation complete after 0s [id=1266]
netris_server.gpu_servers["gpu-egg-090"]: Creating...
netris_server.gpu_servers["gpu-egg-017"]: Creating...
netris_server.gpu_servers["gpu-egg-039"]: Creation complete after 0s [id=1267]
netris_server.gpu_servers["gpu-egg-052"]: Creating...
netris_server.gpu_servers["gpu-egg-078"]: Creation complete after 0s [id=1268]
netris_server.gpu_servers["gpu-egg-117"]: Creating...
netris_server.gpu_servers["gpu-egg-084"]: Creation complete after 0s [id=1269]
netris_server.gpu_servers["gpu-egg-048"]: Creating...
netris_server.gpu_servers["gpu-egg-011"]: Creation complete after 0s [id=1270]
netris_server.gpu_servers["gpu-egg-076"]: Creating...
netris_server.gpu_servers["gpu-egg-114"]: Creation complete after 0s [id=1271]
netris_server.gpu_servers["gpu-egg-064"]: Creating...
netris_server.gpu_servers["gpu-egg-058"]: Creation complete after 0s [id=1272]
netris_server.gpu_servers["gpu-egg-006"]: Creating...
netris_server.gpu_servers["gpu-egg-024"]: Creation complete after 0s [id=1273]
netris_server.gpu_servers["gpu-egg-073"]: Creating...
netris_server.gpu_servers["gpu-egg-055"]: Creation complete after 0s [id=1274]
netris_server.gpu_servers["gpu-egg-002"]: Creating...
netris_server.gpu_servers["gpu-egg-052"]: Creation complete after 0s [id=1275]
netris_server.gpu_servers["gpu-egg-004"]: Creating...
netris_server.gpu_servers["gpu-egg-017"]: Creation complete after 0s [id=1276]
netris_server.gpu_servers["gpu-egg-060"]: Creating...
netris_server.gpu_servers["gpu-egg-090"]: Creation complete after 0s [id=1278]
netris_server.gpu_servers["gpu-egg-048"]: Creation complete after 0s [id=1279]
netris_server.gpu_servers["gpu-egg-117"]: Creation complete after 0s [id=1277]
netris_server.gpu_servers["gpu-egg-119"]: Creating...
netris_server.gpu_servers["gpu-egg-122"]: Creating...
netris_server.gpu_servers["gpu-egg-088"]: Creating...
netris_server.gpu_servers["gpu-egg-076"]: Creation complete after 0s [id=1280]
netris_server.gpu_servers["gpu-egg-077"]: Creating...
netris_server.gpu_servers["gpu-egg-064"]: Creation complete after 0s [id=1281]
netris_server.gpu_servers["gpu-egg-006"]: Creation complete after 0s [id=1282]
netris_server.gpu_servers["gpu-egg-046"]: Creating...
netris_server.gpu_servers["gpu-egg-110"]: Creating...
netris_server.gpu_servers["gpu-egg-073"]: Creation complete after 0s [id=1283]
netris_server.gpu_servers["gpu-egg-098"]: Creating...
netris_server.gpu_servers["gpu-egg-002"]: Creation complete after 0s [id=1284]
netris_server.gpu_servers["gpu-egg-023"]: Creating...
netris_server.gpu_servers["gpu-egg-004"]: Creation complete after 0s [id=1285]
netris_server.gpu_servers["gpu-egg-056"]: Creating...
netris_server.gpu_servers["gpu-egg-060"]: Creation complete after 0s [id=1286]
netris_server.gpu_servers["gpu-egg-123"]: Creating...
netris_server.gpu_servers["gpu-egg-122"]: Creation complete after 0s [id=1288]
netris_server.gpu_servers["gpu-egg-088"]: Creation complete after 0s [id=1290]
netris_server.gpu_servers["gpu-egg-077"]: Creation complete after 0s [id=1287]
netris_server.gpu_servers["gpu-egg-119"]: Creation complete after 0s [id=1289]
netris_server.gpu_servers["gpu-egg-110"]: Creation complete after 0s [id=1291]
netris_server.gpu_servers["gpu-egg-046"]: Creation complete after 0s [id=1292]
netris_server.gpu_servers["gpu-egg-044"]: Creating...
netris_server.gpu_servers["gpu-egg-001"]: Creating...
netris_server.gpu_servers["gpu-egg-018"]: Creating...
netris_server.gpu_servers["gpu-egg-053"]: Creating...
netris_server.gpu_servers["gpu-egg-038"]: Creating...
netris_server.gpu_servers["gpu-egg-045"]: Creating...
netris_server.gpu_servers["gpu-egg-098"]: Creation complete after 1s [id=1293]
netris_server.gpu_servers["gpu-egg-049"]: Creating...
netris_server.gpu_servers["gpu-egg-023"]: Creation complete after 1s [id=1294]
netris_server.gpu_servers["gpu-egg-089"]: Creating...
netris_server.gpu_servers["gpu-egg-056"]: Creation complete after 1s [id=1295]
netris_server.gpu_servers["gpu-egg-069"]: Creating...
netris_server.gpu_servers["gpu-egg-123"]: Creation complete after 1s [id=1296]
netris_server.gpu_servers["gpu-egg-026"]: Creating...
netris_server.gpu_servers["gpu-egg-044"]: Creation complete after 1s [id=1297]
netris_server.gpu_servers["gpu-egg-102"]: Creating...
netris_server.gpu_servers["gpu-egg-018"]: Creation complete after 1s [id=1298]
netris_server.gpu_servers["gpu-egg-074"]: Creating...
netris_server.gpu_servers["gpu-egg-038"]: Creation complete after 1s [id=1299]
netris_server.gpu_servers["gpu-egg-008"]: Creating...
netris_server.gpu_servers["gpu-egg-001"]: Creation complete after 1s [id=1300]
netris_server.gpu_servers["gpu-egg-012"]: Creating...
netris_server.gpu_servers["gpu-egg-053"]: Creation complete after 1s [id=1301]
netris_server.gpu_servers["gpu-egg-022"]: Creating...
netris_server.gpu_servers["gpu-egg-045"]: Creation complete after 1s [id=1302]
netris_server.gpu_servers["gpu-egg-091"]: Creating...
netris_server.gpu_servers["gpu-egg-049"]: Creation complete after 0s [id=1303]
netris_server.gpu_servers["gpu-egg-062"]: Creating...
netris_server.gpu_servers["gpu-egg-069"]: Creation complete after 0s [id=1304]
netris_server.gpu_servers["gpu-egg-065"]: Creating...
netris_server.gpu_servers["gpu-egg-089"]: Creation complete after 0s [id=1305]
netris_server.gpu_servers["gpu-egg-031"]: Creating...
netris_server.gpu_servers["gpu-egg-026"]: Creation complete after 0s [id=1306]
netris_subnet.subnets["sub-ew-loopbacks"]: Creating...
netris_server.gpu_servers["gpu-egg-074"]: Creation complete after 0s [id=1307]
netris_server.gpu_servers["gpu-egg-102"]: Creation complete after 0s [id=1308]
netris_server.gpu_servers["gpu-egg-008"]: Creation complete after 0s [id=1309]
netris_subnet.subnets["sub-oob"]: Creating...
netris_subnet.subnets["sub-ns-loopbacks"]: Creating...
netris_subnet.subnets["sub-ew-p2p"]: Creating...
netris_server.gpu_servers["gpu-egg-012"]: Creation complete after 0s [id=1310]
netris_subnet.subnets["sub-ns-mgmt"]: Creating...
netris_server.gpu_servers["gpu-egg-022"]: Creation complete after 0s [id=1311]
netris_subnet.subnets["sub-storage"]: Creating...
netris_server.gpu_servers["gpu-egg-091"]: Creation complete after 0s [id=1312]
netris_server.gpu_servers["gpu-egg-062"]: Creation complete after 0s [id=1313]
netris_server.gpu_servers["gpu-egg-065"]: Creation complete after 0s [id=1314]
netris_server.gpu_servers["gpu-egg-031"]: Creation complete after 0s [id=1315]
netris_subnet.subnets["sub-ew-loopbacks"]: Creation complete after 0s [id=164]
netris_subnet.subnets["sub-ew-p2p"]: Creation complete after 0s [id=165]
netris_subnet.subnets["sub-ns-loopbacks"]: Creation complete after 0s [id=166]
netris_subnet.subnets["sub-storage"]: Creation complete after 0s [id=169]
netris_subnet.subnets["sub-oob"]: Creation complete after 0s [id=168]
netris_subnet.subnets["sub-ns-mgmt"]: Creation complete after 0s [id=167]
netris_softgate.softgates["1"]: Creating...
netris_switch.switches["51"]: Creating...
netris_switch.switches["34"]: Creating...
netris_softgate.softgates["2"]: Creating...
netris_softgate.softgates["3"]: Creating...
netris_vnet.vnets["vnet-egg-inband-mgmt"]: Creating...
netris_softgate.softgates["4"]: Creating...
netris_vnet.vnets["vnet-egg-storage"]: Creating...
netris_switch.switches["8"]: Creating...
netris_vnet.vnets["vnet-egg-oob"]: Creating...
netris_softgate.softgates["2"]: Creation complete after 0s [id=1316]
netris_switch.switches["15"]: Creating...
netris_softgate.softgates["3"]: Creation complete after 0s [id=1317]
netris_switch.switches["1"]: Creating...
netris_vnet.vnets["vnet-egg-storage"]: Creation complete after 0s [id=1088]
netris_switch.switches["28"]: Creating...
netris_vnet.vnets["vnet-egg-inband-mgmt"]: Creation complete after 0s [id=1089]
netris_switch.switches["37"]: Creating...
netris_softgate.softgates["1"]: Creation complete after 0s [id=1318]
netris_switch.switches["17"]: Creating...
netris_vnet.vnets["vnet-egg-oob"]: Creation complete after 0s [id=1090]
netris_switch.switches["26"]: Creating...
netris_softgate.softgates["4"]: Creation complete after 0s [id=1319]
netris_switch.switches["20"]: Creating...
netris_switch.switches["34"]: Creation complete after 0s [id=1320]
netris_switch.switches["24"]: Creating...
netris_switch.switches["8"]: Creation complete after 0s [id=1321]
netris_switch.switches["19"]: Creating...
netris_switch.switches["51"]: Creation complete after 0s [id=1322]
netris_switch.switches["5"]: Creating...
netris_switch.switches["1"]: Creation complete after 0s [id=1323]
netris_switch.switches["22"]: Creating...
netris_switch.switches["15"]: Creation complete after 0s [id=1324]
netris_switch.switches["30"]: Creating...
netris_switch.switches["37"]: Creation complete after 1s [id=1326]
netris_switch.switches["28"]: Creation complete after 1s [id=1327]
netris_switch.switches["20"]: Creation complete after 1s [id=1328]
netris_switch.switches["26"]: Creation complete after 1s [id=1325]
netris_switch.switches["17"]: Creation complete after 1s [id=1329]
netris_switch.switches["12"]: Creating...
netris_switch.switches["35"]: Creating...
netris_switch.switches["45"]: Creating...
netris_switch.switches["13"]: Creating...
netris_switch.switches["39"]: Creating...
netris_switch.switches["24"]: Creation complete after 1s [id=1330]
netris_switch.switches["40"]: Creating...
netris_switch.switches["5"]: Creation complete after 1s [id=1331]
netris_switch.switches["21"]: Creating...
netris_switch.switches["19"]: Creation complete after 1s [id=1332]
netris_switch.switches["7"]: Creating...
netris_switch.switches["22"]: Creation complete after 1s [id=1333]
netris_switch.switches["32"]: Creating...
netris_switch.switches["13"]: Creation complete after 0s [id=1335]
netris_switch.switches["30"]: Creation complete after 1s [id=1334]
netris_switch.switches["50"]: Creating...
netris_switch.switches["31"]: Creating...
netris_switch.switches["12"]: Creation complete after 0s [id=1336]
netris_switch.switches["16"]: Creating...
netris_switch.switches["35"]: Creation complete after 0s [id=1337]
netris_switch.switches["6"]: Creating...
netris_switch.switches["45"]: Creation complete after 0s [id=1338]
netris_switch.switches["48"]: Creating...
netris_switch.switches["39"]: Creation complete after 0s [id=1339]
netris_switch.switches["27"]: Creating...
netris_switch.switches["40"]: Creation complete after 0s [id=1340]
netris_switch.switches["3"]: Creating...
netris_switch.switches["21"]: Creation complete after 0s [id=1341]
netris_switch.switches["44"]: Creating...
netris_switch.switches["7"]: Creation complete after 0s [id=1342]
netris_switch.switches["29"]: Creating...
netris_switch.switches["32"]: Creation complete after 0s [id=1343]
netris_switch.switches["23"]: Creating...
netris_switch.switches["31"]: Creation complete after 0s [id=1344]
netris_switch.switches["33"]: Creating...
netris_switch.switches["6"]: Creation complete after 0s [id=1345]
netris_switch.switches["9"]: Creating...
netris_switch.switches["48"]: Creation complete after 0s [id=1346]
netris_switch.switches["11"]: Creating...
netris_switch.switches["16"]: Creation complete after 0s [id=1347]
netris_switch.switches["14"]: Creating...
netris_switch.switches["50"]: Creation complete after 0s [id=1348]
netris_switch.switches["38"]: Creating...
netris_switch.switches["27"]: Creation complete after 0s [id=1349]
netris_switch.switches["10"]: Creating...
netris_switch.switches["3"]: Creation complete after 0s [id=1350]
netris_switch.switches["43"]: Creating...
netris_switch.switches["44"]: Creation complete after 0s [id=1351]
netris_switch.switches["49"]: Creating...
netris_switch.switches["29"]: Creation complete after 0s [id=1352]
netris_switch.switches["2"]: Creating...
netris_switch.switches["23"]: Creation complete after 0s [id=1353]
netris_switch.switches["18"]: Creating...
netris_switch.switches["9"]: Creation complete after 0s [id=1354]
netris_switch.switches["42"]: Creating...
netris_switch.switches["11"]: Creation complete after 0s [id=1355]
netris_switch.switches["41"]: Creating...
netris_switch.switches["33"]: Creation complete after 0s [id=1356]
netris_switch.switches["4"]: Creating...
netris_switch.switches["10"]: Creation complete after 0s [id=1357]
netris_switch.switches["25"]: Creating...
netris_switch.switches["38"]: Creation complete after 0s [id=1358]
netris_switch.switches["47"]: Creating...
netris_switch.switches["2"]: Creation complete after 1s [id=1362]
netris_switch.switches["14"]: Creation complete after 1s [id=1359]
netris_switch.switches["43"]: Creation complete after 1s [id=1361]
netris_switch.switches["49"]: Creation complete after 1s [id=1360]
netris_switch.switches["52"]: Creating...
netris_switch.switches["36"]: Creating...
netris_switch.switches["46"]: Creating...
netris_switch.switches["42"]: Creation complete after 1s [id=1363]
netris_switch.switches["18"]: Creation complete after 1s [id=1364]
netris_switch.switches["41"]: Creation complete after 1s [id=1365]
netris_switch.switches["25"]: Creation complete after 1s [id=1366]
netris_switch.switches["47"]: Creation complete after 1s [id=1367]
netris_switch.switches["4"]: Creation complete after 1s [id=1368]
netris_switch.switches["52"]: Creation complete after 0s [id=1369]
netris_switch.switches["46"]: Creation complete after 0s [id=1370]
netris_switch.switches["36"]: Creation complete after 0s [id=1371]
netris_link.softgate_links["eth2@sg-egg-border-gw02--swp62@sw-egg-frontend-leaf04"]: Creating...
netris_link.softgate_links["eth2@sg-egg-border-gw04--swp61@sw-egg-frontend-leaf02"]: Creating...
netris_link.oob_switch_links["swp35@sw-egg-oob-mgmt02--eth11@gpu-egg-126"]: Creating...
netris_link.ns_switch_links["swp6@sw-egg-frontend-spine02--swp64@sw-egg-frontend-leaf06"]: Creating...
netris_link.softgate_links["eth1@sg-egg-border-gw02--swp62@sw-egg-frontend-leaf03"]: Creating...
netris_link.softgate_links["eth2@sg-egg-border-gw01--swp62@sw-egg-frontend-leaf02"]: Creating...
netris_link.ns_gpu_links["swp42@sw-egg-frontend-leaf06--eth10@gpu-egg-126"]: Creating...
netris_link.ns_switch_links["swp4@sw-egg-frontend-spine02--swp64@sw-egg-frontend-leaf04"]: Creating...
netris_link.storage_links["swp45@sw-egg-frontend-leaf03--eth1@srv-egg-storage02"]: Creating...
netris_link.ns_switch_links["swp2@sw-egg-frontend-spine02--swp64@sw-egg-frontend-leaf02"]: Creating...
netris_link.ns_switch_links["swp2@sw-egg-frontend-spine02--swp64@sw-egg-frontend-leaf02"]: Creation complete after 0s [id=4347314667]
netris_link.ns_switch_links["swp4@sw-egg-frontend-spine02--swp64@sw-egg-frontend-leaf04"]: Creation complete after 0s [id=4458607126]
netris_link.oob_switch_links["swp35@sw-egg-oob-mgmt02--eth11@gpu-egg-126"]: Creation complete after 0s [id=3967176277]
netris_link.softgate_links["eth2@sg-egg-border-gw02--swp62@sw-egg-frontend-leaf04"]: Creation complete after 0s [id=4205088530]
netris_link.softgate_links["eth2@sg-egg-border-gw01--swp62@sw-egg-frontend-leaf02"]: Creation complete after 0s [id=4097931990]
netris_link.ns_gpu_links["swp42@sw-egg-frontend-leaf06--eth10@gpu-egg-126"]: Creation complete after 0s [id=3956316629]
netris_link.softgate_links["eth1@sg-egg-border-gw02--swp62@sw-egg-frontend-leaf03"]: Creation complete after 0s [id=4023583824]
netris_link.softgate_links["eth2@sg-egg-border-gw04--swp61@sw-egg-frontend-leaf02"]: Creation complete after 0s [id=4098203585]
netris_link.ns_switch_links["swp6@sw-egg-frontend-spine02--swp64@sw-egg-frontend-leaf06"]: Creation complete after 0s [id=4319386013]
netris_link.storage_links["swp45@sw-egg-frontend-leaf03--eth1@srv-egg-storage02"]: Creation complete after 0s [id=3896413060]
netris_link.softgate_links["eth1@sg-egg-border-gw04--swp61@sw-egg-frontend-leaf01"]: Creating...
netris_link.ns_switch_links["swp5@sw-egg-frontend-spine02--swp64@sw-egg-frontend-leaf05"]: Creating...
netris_link.ns_switch_links["swp1@sw-egg-frontend-spine01--swp63@sw-egg-frontend-leaf01"]: Creating...
netris_link.ns_switch_links["swp5@sw-egg-frontend-spine01--swp63@sw-egg-frontend-leaf05"]: Creating...
netris_link.ns_switch_links["swp6@sw-egg-frontend-spine01--swp63@sw-egg-frontend-leaf06"]: Creating...
netris_link.ns_switch_links["swp4@sw-egg-frontend-spine01--swp63@sw-egg-frontend-leaf04"]: Creating...
netris_link.ns_switch_links["swp1@sw-egg-frontend-spine02--swp64@sw-egg-frontend-leaf01"]: Creating...
netris_link.softgate_links["eth1@sg-egg-border-gw03--swp62@sw-egg-frontend-leaf05"]: Creating...
netris_link.storage_links["swp43@sw-egg-frontend-leaf06--eth2@srv-egg-storage04"]: Creating...
netris_link.ns_switch_links["swp2@sw-egg-frontend-spine01--swp63@sw-egg-frontend-leaf02"]: Creating...
netris_link.softgate_links["eth1@sg-egg-border-gw03--swp62@sw-egg-frontend-leaf05"]: Creation complete after 0s [id=4189238094]
netris_link.storage_links["swp45@sw-egg-frontend-leaf04--eth1@srv-egg-storage03"]: Creating...
netris_link.ns_switch_links["swp5@sw-egg-frontend-spine01--swp63@sw-egg-frontend-leaf05"]: Creation complete after 0s [id=4454075437]
netris_link.storage_links["swp44@sw-egg-frontend-leaf02--eth1@srv-egg-storage01"]: Creating...
netris_link.ns_switch_links["swp4@sw-egg-frontend-spine01--swp63@sw-egg-frontend-leaf04"]: Creation complete after 0s [id=4470607863]
netris_link.storage_links["swp43@sw-egg-frontend-leaf05--eth2@srv-egg-storage03"]: Creating...
netris_link.softgate_links["eth1@sg-egg-border-gw04--swp61@sw-egg-frontend-leaf01"]: Creation complete after 0s [id=4154800644]
netris_link.storage_links["swp44@sw-egg-frontend-leaf05--eth1@srv-egg-storage04"]: Creating...
netris_link.ns_switch_links["swp1@sw-egg-frontend-spine01--swp63@sw-egg-frontend-leaf01"]: Creation complete after 0s [id=4417529915]
netris_link.storage_links["swp44@sw-egg-frontend-leaf04--eth2@srv-egg-storage02"]: Creating...
netris_link.storage_links["swp43@sw-egg-frontend-leaf06--eth2@srv-egg-storage04"]: Creation complete after 0s [id=3947426278]
netris_link.softgate_links["eth1@sg-egg-border-gw01--swp62@sw-egg-frontend-leaf01"]: Creating...
netris_link.ns_switch_links["swp6@sw-egg-frontend-spine01--swp63@sw-egg-frontend-leaf06"]: Creation complete after 0s [id=4331198028]
netris_link.ns_switch_links["swp2@sw-egg-frontend-spine01--swp63@sw-egg-frontend-leaf02"]: Creation complete after 0s [id=4359164782]
netris_link.storage_links["swp44@sw-egg-frontend-leaf03--eth2@srv-egg-storage01"]: Creating...
netris_link.ns_gpu_links["swp34@sw-egg-frontend-leaf04--eth10@gpu-egg-101"]: Creating...
netris_link.ns_switch_links["swp5@sw-egg-frontend-spine02--swp64@sw-egg-frontend-leaf05"]: Creation complete after 0s [id=4442096925]
netris_link.ns_switch_links["swp1@sw-egg-frontend-spine02--swp64@sw-egg-frontend-leaf01"]: Creation complete after 0s [id=4405600679]
netris_link.ns_gpu_links["swp22@sw-egg-frontend-leaf06--eth10@gpu-egg-066"]: Creating...
netris_link.ns_gpu_links["swp33@sw-egg-frontend-leaf02--eth10@gpu-egg-097"]: Creating...
netris_link.storage_links["swp45@sw-egg-frontend-leaf04--eth1@srv-egg-storage03"]: Creation complete after 0s [id=4077855452]
netris_link.ns_gpu_links["swp16@sw-egg-frontend-leaf06--eth10@gpu-egg-048"]: Creating...
netris_link.storage_links["swp44@sw-egg-frontend-leaf02--eth1@srv-egg-storage01"]: Creation complete after 0s [id=3969135995]
netris_link.ns_gpu_links["swp36@sw-egg-frontend-leaf06--eth10@gpu-egg-108"]: Creating...
netris_link.storage_links["swp43@sw-egg-frontend-leaf05--eth2@srv-egg-storage03"]: Creation complete after 0s [id=4061886513]
netris_link.ns_gpu_links["swp28@sw-egg-frontend-leaf06--eth10@gpu-egg-084"]: Creating...
netris_link.storage_links["swp44@sw-egg-frontend-leaf05--eth1@srv-egg-storage04"]: Creation complete after 0s [id=4064861429]
netris_link.ns_gpu_links["swp3@sw-egg-frontend-leaf04--eth10@gpu-egg-008"]: Creating...
netris_link.softgate_links["eth1@sg-egg-border-gw01--swp62@sw-egg-frontend-leaf01"]: Creation complete after 0s [id=4154527180]
netris_link.ns_gpu_links["swp40@sw-egg-frontend-leaf04--eth10@gpu-egg-119"]: Creating...
netris_link.storage_links["swp44@sw-egg-frontend-leaf04--eth2@srv-egg-storage02"]: Creation complete after 1s [id=4074966061]
netris_link.ns_gpu_links["swp42@sw-egg-frontend-leaf03--eth9@gpu-egg-125"]: Creating...
netris_link.storage_links["swp44@sw-egg-frontend-leaf03--eth2@srv-egg-storage01"]: Creation complete after 1s [id=3896854461]
netris_link.ns_gpu_links["swp1@sw-egg-frontend-leaf05--eth9@gpu-egg-003"]: Creating...
netris_link.ns_gpu_links["swp33@sw-egg-frontend-leaf02--eth10@gpu-egg-097"]: Creation complete after 1s [id=4034802949]
netris_link.ns_gpu_links["swp7@sw-egg-frontend-leaf04--eth10@gpu-egg-020"]: Creating...
netris_link.ns_gpu_links["swp34@sw-egg-frontend-leaf04--eth10@gpu-egg-101"]: Creation complete after 1s [id=4120956073]
netris_link.ns_gpu_links["swp22@sw-egg-frontend-leaf06--eth10@gpu-egg-066"]: Creation complete after 1s [id=4003602454]
netris_link.ns_gpu_links["swp14@sw-egg-frontend-leaf01--eth9@gpu-egg-040"]: Creating...
netris_link.ns_gpu_links["swp17@sw-egg-frontend-leaf01--eth9@gpu-egg-049"]: Creating...
netris_link.ns_gpu_links["swp36@sw-egg-frontend-leaf06--eth10@gpu-egg-108"]: Creation complete after 1s [id=4001902434]
netris_link.ns_gpu_links["swp38@sw-egg-frontend-leaf06--eth10@gpu-egg-114"]: Creating...
netris_link.ns_gpu_links["swp28@sw-egg-frontend-leaf06--eth10@gpu-egg-084"]: Creation complete after 1s [id=4020891388]
netris_link.ns_gpu_links["swp13@sw-egg-frontend-leaf06--eth10@gpu-egg-039"]: Creating...
netris_link.ns_gpu_links["swp16@sw-egg-frontend-leaf06--eth10@gpu-egg-048"]: Creation complete after 1s [id=4029684499]
netris_link.softgate_links["eth2@sg-egg-border-gw03--swp62@sw-egg-frontend-leaf06"]: Creating...
netris_link.ns_gpu_links["swp3@sw-egg-frontend-leaf04--eth10@gpu-egg-008"]: Creation complete after 1s [id=4193355009]
netris_link.ns_gpu_links["swp34@sw-egg-frontend-leaf05--eth9@gpu-egg-102"]: Creating...
netris_link.ns_gpu_links["swp1@sw-egg-frontend-leaf05--eth9@gpu-egg-003"]: Creation complete after 0s [id=4085987577]
netris_link.ns_switch_links["swp3@sw-egg-frontend-spine01--swp63@sw-egg-frontend-leaf03"]: Creating...
netris_link.ns_gpu_links["swp40@sw-egg-frontend-leaf04--eth10@gpu-egg-119"]: Creation complete after 1s [id=4176612668]
netris_link.ns_gpu_links["swp30@sw-egg-frontend-leaf04--eth10@gpu-egg-089"]: Creating...
netris_link.ns_gpu_links["swp42@sw-egg-frontend-leaf03--eth9@gpu-egg-125"]: Creation complete after 0s [id=3927371438]
netris_link.ns_switch_links["swp3@sw-egg-frontend-spine02--swp64@sw-egg-frontend-leaf03"]: Creating...
netris_link.ns_gpu_links["swp7@sw-egg-frontend-leaf04--eth10@gpu-egg-020"]: Creation complete after 0s [id=4100554675]
netris_link.ns_gpu_links["swp39@sw-egg-frontend-leaf01--eth9@gpu-egg-115"]: Creating...
netris_link.ns_gpu_links["swp17@sw-egg-frontend-leaf01--eth9@gpu-egg-049"]: Creation complete after 0s [id=4137405206]
netris_link.ns_gpu_links["swp8@sw-egg-frontend-leaf01--eth9@gpu-egg-022"]: Creating...
netris_link.ns_gpu_links["swp14@sw-egg-frontend-leaf01--eth9@gpu-egg-040"]: Creation complete after 0s [id=4032736484]
netris_link.ns_gpu_links["swp1@sw-egg-frontend-leaf02--eth10@gpu-egg-001"]: Creating...
netris_link.ns_gpu_links["swp38@sw-egg-frontend-leaf06--eth10@gpu-egg-114"]: Creation complete after 0s [id=4023761538]
netris_link.ns_gpu_links["swp24@sw-egg-frontend-leaf02--eth10@gpu-egg-070"]: Creating...
netris_link.ns_gpu_links["swp13@sw-egg-frontend-leaf06--eth10@gpu-egg-039"]: Creation complete after 0s [id=4017574057]
netris_link.ns_gpu_links["swp36@sw-egg-frontend-leaf05--eth9@gpu-egg-108"]: Creating...
netris_link.softgate_links["eth2@sg-egg-border-gw03--swp62@sw-egg-frontend-leaf06"]: Creation complete after 0s [id=4070095724]
netris_link.ns_gpu_links["swp21@sw-egg-frontend-leaf03--eth9@gpu-egg-062"]: Creating...
netris_link.ns_gpu_links["swp34@sw-egg-frontend-leaf05--eth9@gpu-egg-102"]: Creation complete after 0s [id=4178989497]
netris_link.ns_gpu_links["swp24@sw-egg-frontend-leaf01--eth9@gpu-egg-070"]: Creating...
netris_link.ns_switch_links["swp3@sw-egg-frontend-spine01--swp63@sw-egg-frontend-leaf03"]: Creation complete after 0s [id=4283398306]
netris_link.ns_gpu_links["swp15@sw-egg-frontend-leaf04--eth10@gpu-egg-044"]: Creating...
netris_link.ns_gpu_links["swp30@sw-egg-frontend-leaf04--eth10@gpu-egg-089"]: Creation complete after 0s [id=4191798275]
netris_link.ns_gpu_links["swp25@sw-egg-frontend-leaf01--eth9@gpu-egg-073"]: Creating...
netris_link.ns_switch_links["swp3@sw-egg-frontend-spine02--swp64@sw-egg-frontend-leaf03"]: Creation complete after 0s [id=4271651696]
netris_link.ns_gpu_links["swp16@sw-egg-frontend-leaf03--eth9@gpu-egg-047"]: Creating...
netris_link.ns_gpu_links["swp39@sw-egg-frontend-leaf01--eth9@gpu-egg-115"]: Creation complete after 0s [id=4067657429]
netris_link.ns_gpu_links["swp18@sw-egg-frontend-leaf02--eth10@gpu-egg-052"]: Creating...
netris_link.ns_gpu_links["swp8@sw-egg-frontend-leaf01--eth9@gpu-egg-022"]: Creation complete after 0s [id=4144594689]
netris_link.ns_gpu_links["swp3@sw-egg-frontend-leaf05--eth9@gpu-egg-009"]: Creating...
netris_link.ns_gpu_links["swp24@sw-egg-frontend-leaf02--eth10@gpu-egg-070"]: Creation complete after 0s [id=3993586268]
netris_link.ns_gpu_links["swp25@sw-egg-frontend-leaf06--eth10@gpu-egg-075"]: Creating...
netris_link.ns_gpu_links["swp1@sw-egg-frontend-leaf02--eth10@gpu-egg-001"]: Creation complete after 0s [id=4076502150]
netris_link.ns_gpu_links["swp35@sw-egg-frontend-leaf02--eth10@gpu-egg-103"]: Creating...
netris_link.ns_gpu_links["swp36@sw-egg-frontend-leaf05--eth9@gpu-egg-108"]: Creation complete after 0s [id=4120048442]
netris_link.ns_gpu_links["swp26@sw-egg-frontend-leaf05--eth9@gpu-egg-078"]: Creating...
netris_link.ns_gpu_links["swp24@sw-egg-frontend-leaf01--eth9@gpu-egg-070"]: Creation complete after 0s [id=4049458153]
netris_link.ns_gpu_links["swp17@sw-egg-frontend-leaf06--eth10@gpu-egg-051"]: Creating...
netris_link.ns_gpu_links["swp21@sw-egg-frontend-leaf03--eth9@gpu-egg-062"]: Creation complete after 0s [id=4017664201]
netris_link.ns_gpu_links["swp11@sw-egg-frontend-leaf01--eth9@gpu-egg-031"]: Creating...
netris_link.ns_gpu_links["swp15@sw-egg-frontend-leaf04--eth10@gpu-egg-044"]: Creation complete after 0s [id=4182372657]
netris_link.ns_gpu_links["swp18@sw-egg-frontend-leaf06--eth10@gpu-egg-054"]: Creating...
netris_link.ns_gpu_links["swp25@sw-egg-frontend-leaf01--eth9@gpu-egg-073"]: Creation complete after 0s [id=4118142772]
netris_link.ns_gpu_links["swp35@sw-egg-frontend-leaf05--eth9@gpu-egg-105"]: Creating...
netris_link.ns_gpu_links["swp16@sw-egg-frontend-leaf03--eth9@gpu-egg-047"]: Creation complete after 0s [id=3930917364]
netris_link.ns_gpu_links["swp18@sw-egg-frontend-leaf02--eth10@gpu-egg-052"]: Creation complete after 0s [id=4053239434]
netris_link.ns_gpu_links["swp18@sw-egg-frontend-leaf01--eth9@gpu-egg-052"]: Creating...
netris_link.ns_gpu_links["swp31@sw-egg-frontend-leaf04--eth10@gpu-egg-092"]: Creating...
netris_link.ns_gpu_links["swp35@sw-egg-frontend-leaf02--eth10@gpu-egg-103"]: Creation complete after 0s [id=4023133302]
netris_link.ns_gpu_links["swp17@sw-egg-frontend-leaf02--eth10@gpu-egg-049"]: Creating...
netris_link.ns_gpu_links["swp26@sw-egg-frontend-leaf05--eth9@gpu-egg-078"]: Creation complete after 0s [id=4138132577]
netris_link.ns_gpu_links["swp31@sw-egg-frontend-leaf03--eth9@gpu-egg-092"]: Creating...
netris_link.ns_gpu_links["swp3@sw-egg-frontend-leaf05--eth9@gpu-egg-009"]: Creation complete after 0s [id=4112064103]
netris_link.ns_gpu_links["swp20@sw-egg-frontend-leaf06--eth10@gpu-egg-060"]: Creating...
netris_link.ns_gpu_links["swp25@sw-egg-frontend-leaf06--eth10@gpu-egg-075"]: Creation complete after 0s [id=4002886615]
netris_link.ns_gpu_links["swp13@sw-egg-frontend-leaf04--eth10@gpu-egg-038"]: Creating...
netris_link.ns_gpu_links["swp11@sw-egg-frontend-leaf01--eth9@gpu-egg-031"]: Creation complete after 0s [id=4148874929]
netris_link.ns_gpu_links["swp15@sw-egg-frontend-leaf06--eth10@gpu-egg-045"]: Creating...
netris_link.ns_gpu_links["swp17@sw-egg-frontend-leaf06--eth10@gpu-egg-051"]: Creation complete after 0s [id=3998235249]
netris_link.ns_gpu_links["swp32@sw-egg-frontend-leaf04--eth10@gpu-egg-095"]: Creating...
netris_link.ns_gpu_links["swp18@sw-egg-frontend-leaf06--eth10@gpu-egg-054"]: Creation complete after 0s [id=4004228867]
netris_link.ns_gpu_links["swp25@sw-egg-frontend-leaf03--eth9@gpu-egg-074"]: Creating...
netris_link.ns_gpu_links["swp35@sw-egg-frontend-leaf05--eth9@gpu-egg-105"]: Creation complete after 0s [id=4112970996]
netris_link.ns_gpu_links["swp12@sw-egg-frontend-leaf04--eth10@gpu-egg-035"]: Creating...
netris_link.ns_gpu_links["swp18@sw-egg-frontend-leaf01--eth9@gpu-egg-052"]: Creation complete after 0s [id=4109525614]
netris_link.ns_gpu_links["swp18@sw-egg-frontend-leaf04--eth10@gpu-egg-053"]: Creating...
netris_link.ns_gpu_links["swp31@sw-egg-frontend-leaf04--eth10@gpu-egg-092"]: Creation complete after 0s [id=4103724881]
netris_link.ns_gpu_links["swp5@sw-egg-frontend-leaf02--eth10@gpu-egg-013"]: Creating...
netris_link.ns_gpu_links["swp17@sw-egg-frontend-leaf02--eth10@gpu-egg-049"]: Creation complete after 0s [id=4080927765]
netris_link.ns_gpu_links["swp30@sw-egg-frontend-leaf05--eth9@gpu-egg-090"]: Creating...
netris_link.ns_gpu_links["swp31@sw-egg-frontend-leaf03--eth9@gpu-egg-092"]: Creation complete after 0s [id=3924447286]
netris_link.ns_gpu_links["swp6@sw-egg-frontend-leaf05--eth9@gpu-egg-018"]: Creating...
netris_link.ns_gpu_links["swp20@sw-egg-frontend-leaf06--eth10@gpu-egg-060"]: Creation complete after 0s [id=4036959510]
netris_link.ns_gpu_links["swp22@sw-egg-frontend-leaf03--eth9@gpu-egg-065"]: Creating...
netris_link.ns_gpu_links["swp15@sw-egg-frontend-leaf06--eth10@gpu-egg-045"]: Creation complete after 0s [id=4052339426]
netris_link.ns_gpu_links["swp37@sw-egg-frontend-leaf05--eth9@gpu-egg-111"]: Creating...
netris_link.ns_gpu_links["swp13@sw-egg-frontend-leaf04--eth10@gpu-egg-038"]: Creation complete after 0s [id=4184202049]
netris_link.ns_gpu_links["swp33@sw-egg-frontend-leaf04--eth10@gpu-egg-098"]: Creating...
netris_link.ns_gpu_links["swp25@sw-egg-frontend-leaf03--eth9@gpu-egg-074"]: Creation complete after 1s [id=4012108408]
netris_link.oob_switch_links["swp2@sw-egg-oob-mgmt01--eth1@srv-egg-cp02"]: Creating...
netris_link.ns_gpu_links["swp32@sw-egg-frontend-leaf04--eth10@gpu-egg-095"]: Creation complete after 1s [id=4087885980]
netris_link.ns_gpu_links["swp5@sw-egg-frontend-leaf01--eth9@gpu-egg-013"]: Creating...
netris_link.ns_gpu_links["swp18@sw-egg-frontend-leaf04--eth10@gpu-egg-053"]: Creation complete after 1s [id=4186672355]
netris_link.ns_gpu_links["swp16@sw-egg-frontend-leaf04--eth10@gpu-egg-047"]: Creating...
netris_link.ns_gpu_links["swp12@sw-egg-frontend-leaf04--eth10@gpu-egg-035"]: Creation complete after 1s [id=4148965461]
netris_link.oob_switch_links["swp17@sw-egg-oob-mgmt04--eth11@gpu-egg-068"]: Creating...
netris_link.ns_gpu_links["swp5@sw-egg-frontend-leaf02--eth10@gpu-egg-013"]: Creation complete after 1s [id=4012555517]
netris_link.oob_switch_links["swp10@sw-egg-oob-mgmt04--eth11@gpu-egg-040"]: Creating...
netris_link.ns_gpu_links["swp30@sw-egg-frontend-leaf05--eth9@gpu-egg-090"]: Creation complete after 1s [id=4148510164]
netris_link.oob_switch_links["swp27@sw-egg-oob-mgmt04--eth11@gpu-egg-108"]: Creating...
netris_link.ns_gpu_links["swp6@sw-egg-frontend-leaf05--eth9@gpu-egg-018"]: Creation complete after 1s [id=4166382742]
netris_link.ns_gpu_links["swp29@sw-egg-frontend-leaf01--eth9@gpu-egg-085"]: Creating...
netris_link.ns_gpu_links["swp22@sw-egg-frontend-leaf03--eth9@gpu-egg-065"]: Creation complete after 1s [id=4018739958]
netris_link.ns_gpu_links["swp37@sw-egg-frontend-leaf05--eth9@gpu-egg-111"]: Creation complete after 1s [id=4104178041]
netris_link.ns_gpu_links["swp41@sw-egg-frontend-leaf04--eth10@gpu-egg-122"]: Creating...
netris_link.oob_switch_links["swp26@sw-egg-oob-mgmt01--eth11@gpu-egg-089"]: Creating...
netris_link.ns_gpu_links["swp33@sw-egg-frontend-leaf04--eth10@gpu-egg-098"]: Creation complete after 1s [id=4179995030]
netris_link.ns_gpu_links["swp32@sw-egg-frontend-leaf02--eth10@gpu-egg-094"]: Creating...
netris_link.ns_gpu_links["swp5@sw-egg-frontend-leaf01--eth9@gpu-egg-013"]: Creation complete after 0s [id=4068559478]
netris_link.oob_switch_links["swp33@sw-egg-oob-mgmt04--eth5@srv-egg-storage04"]: Creating...
netris_link.oob_switch_links["swp2@sw-egg-oob-mgmt01--eth1@srv-egg-cp02"]: Creation complete after 0s [id=4022056413]
netris_link.ns_gpu_links["swp21@sw-egg-frontend-leaf06--eth10@gpu-egg-063"]: Creating...
netris_link.ns_gpu_links["swp16@sw-egg-frontend-leaf04--eth10@gpu-egg-047"]: Creation complete after 0s [id=4110341032]
netris_link.ns_gpu_links["swp38@sw-egg-frontend-leaf01--eth9@gpu-egg-112"]: Creating...
netris_link.oob_switch_links["swp10@sw-egg-oob-mgmt04--eth11@gpu-egg-040"]: Creation complete after 0s [id=4078668361]
netris_link.ns_gpu_links["swp33@sw-egg-frontend-leaf03--eth9@gpu-egg-098"]: Creating...
netris_link.oob_switch_links["swp17@sw-egg-oob-mgmt04--eth11@gpu-egg-068"]: Creation complete after 0s [id=4137131799]
netris_link.ns_gpu_links["swp34@sw-egg-frontend-leaf01--eth9@gpu-egg-100"]: Creating...
netris_link.oob_switch_links["swp27@sw-egg-oob-mgmt04--eth11@gpu-egg-108"]: Creation complete after 0s [id=4131039479]
netris_link.ns_gpu_links["swp1@sw-egg-frontend-leaf04--eth10@gpu-egg-002"]: Creating...
netris_link.ns_gpu_links["swp29@sw-egg-frontend-leaf01--eth9@gpu-egg-085"]: Creation complete after 0s [id=4100555213]
netris_link.ns_gpu_links["swp22@sw-egg-frontend-leaf04--eth10@gpu-egg-065"]: Creating...
netris_link.oob_switch_links["swp26@sw-egg-oob-mgmt01--eth11@gpu-egg-089"]: Creation complete after 0s [id=4136040860]
netris_link.oob_switch_links["swp10@sw-egg-oob-mgmt01--eth11@gpu-egg-025"]: Creating...
netris_link.ns_gpu_links["swp41@sw-egg-frontend-leaf04--eth10@gpu-egg-122"]: Creation complete after 0s [id=4175698752]
netris_link.oob_switch_links["swp24@sw-egg-oob-mgmt02--eth11@gpu-egg-082"]: Creating...
netris_link.ns_gpu_links["swp32@sw-egg-frontend-leaf02--eth10@gpu-egg-094"]: Creation complete after 0s [id=3988404395]
netris_link.oob_switch_links["swp23@sw-egg-oob-mgmt02--eth11@gpu-egg-078"]: Creating...
netris_link.oob_switch_links["swp33@sw-egg-oob-mgmt04--eth5@srv-egg-storage04"]: Creation complete after 0s [id=4075778658]
netris_link.oob_switch_links["swp47@sw-egg-oob-mgmt01--swp47@sw-egg-oob-mgmt02"]: Creating...
netris_link.ns_gpu_links["swp38@sw-egg-frontend-leaf01--eth9@gpu-egg-112"]: Creation complete after 0s [id=4042801284]
netris_link.ns_gpu_links["swp28@sw-egg-frontend-leaf02--eth10@gpu-egg-082"]: Creating...
netris_link.ns_gpu_links["swp21@sw-egg-frontend-leaf06--eth10@gpu-egg-063"]: Creation complete after 0s [id=3938457197]
netris_link.oob_switch_links["swp14@sw-egg-oob-mgmt03--eth11@gpu-egg-055"]: Creating...
netris_link.ns_gpu_links["swp33@sw-egg-frontend-leaf03--eth9@gpu-egg-098"]: Creation complete after 0s [id=3999040597]
netris_link.ns_gpu_links["swp29@sw-egg-frontend-leaf04--eth10@gpu-egg-086"]: Creating...
netris_link.ns_gpu_links["swp1@sw-egg-frontend-leaf04--eth10@gpu-egg-002"]: Creation complete after 0s [id=4168025854]
netris_link.oob_switch_links["swp2@sw-egg-oob-mgmt02--eth2@srv-egg-cp02"]: Creating...
netris_link.ns_gpu_links["swp34@sw-egg-frontend-leaf01--eth9@gpu-egg-100"]: Creation complete after 0s [id=4058282406]
netris_link.oob_switch_links["swp16@sw-egg-oob-mgmt04--eth11@gpu-egg-064"]: Creating...
netris_link.ns_gpu_links["swp22@sw-egg-frontend-leaf04--eth10@gpu-egg-065"]: Creation complete after 0s [id=4200134611]
netris_link.oob_switch_links["swp6@sw-egg-oob-mgmt04--eth11@gpu-egg-024"]: Creating...
netris_link.oob_switch_links["swp10@sw-egg-oob-mgmt01--eth11@gpu-egg-025"]: Creation complete after 0s [id=4059904305]
netris_link.ns_gpu_links["swp15@sw-egg-frontend-leaf03--eth9@gpu-egg-044"]: Creating...
netris_link.oob_switch_links["swp24@sw-egg-oob-mgmt02--eth11@gpu-egg-082"]: Creation complete after 0s [id=4004497209]
netris_link.oob_switch_links["swp47@sw-egg-oob-mgmt03--swp47@sw-egg-oob-mgmt04"]: Creating...
netris_link.oob_switch_links["swp23@sw-egg-oob-mgmt02--eth11@gpu-egg-078"]: Creation complete after 0s [id=4031031094]
netris_link.ns_gpu_links["swp41@sw-egg-frontend-leaf05--eth9@gpu-egg-123"]: Creating...
netris_link.oob_switch_links["swp47@sw-egg-oob-mgmt01--swp47@sw-egg-oob-mgmt02"]: Creation complete after 0s [id=4317155744]
netris_link.oob_switch_links["swp36@sw-egg-oob-mgmt02--eth5@srv-egg-storage02"]: Creating...
netris_link.ns_gpu_links["swp28@sw-egg-frontend-leaf02--eth10@gpu-egg-082"]: Creation complete after 0s [id=4020532386]
netris_link.oob_switch_links["swp14@sw-egg-oob-mgmt04--eth11@gpu-egg-056"]: Creating...
netris_link.oob_switch_links["swp14@sw-egg-oob-mgmt03--eth11@gpu-egg-055"]: Creation complete after 0s [id=3889443297]
netris_link.ns_gpu_links["swp2@sw-egg-frontend-leaf06--eth10@gpu-egg-006"]: Creating...
netris_link.oob_switch_links["swp2@sw-egg-oob-mgmt02--eth2@srv-egg-cp02"]: Creation complete after 0s [id=3954982351]
netris_link.oob_switch_links["swp1@sw-egg-oob-mgmt01--eth1@srv-egg-cp01"]: Creating...
netris_link.ns_gpu_links["swp29@sw-egg-frontend-leaf04--eth10@gpu-egg-086"]: Creation complete after 0s [id=4140498073]
netris_link.ns_gpu_links["swp10@sw-egg-frontend-leaf02--eth10@gpu-egg-028"]: Creating...
netris_link.oob_switch_links["swp16@sw-egg-oob-mgmt04--eth11@gpu-egg-064"]: Creation complete after 0s [id=4162093337]
netris_link.oob_switch_links["swp17@sw-egg-oob-mgmt02--eth11@gpu-egg-054"]: Creating...
netris_link.ns_gpu_links["swp15@sw-egg-frontend-leaf03--eth9@gpu-egg-044"]: Creation complete after 0s [id=4001366198]
netris_link.oob_switch_links["swp47@sw-egg-oob-mgmt03--swp47@sw-egg-oob-mgmt04"]: Creation complete after 0s [id=4216651424]
netris_link.oob_switch_links["swp6@sw-egg-oob-mgmt04--eth11@gpu-egg-024"]: Creation complete after 0s [id=4153156874]
netris_link.ns_gpu_links["swp41@sw-egg-frontend-leaf05--eth9@gpu-egg-123"]: Creation complete after 0s [id=4167569490]
netris_link.oob_switch_links["swp18@sw-egg-oob-mgmt03--eth11@gpu-egg-071"]: Creating...
netris_link.ns_gpu_links["swp18@sw-egg-frontend-leaf05--eth9@gpu-egg-054"]: Creating...
netris_link.ns_gpu_links["swp3@sw-egg-frontend-leaf02--eth10@gpu-egg-007"]: Creating...
netris_link.oob_switch_links["swp12@sw-egg-oob-mgmt02--eth11@gpu-egg-034"]: Creating...
netris_link.oob_switch_links["swp36@sw-egg-oob-mgmt02--eth5@srv-egg-storage02"]: Creation complete after 0s [id=3952670254]
netris_link.ns_gpu_links["swp38@sw-egg-frontend-leaf03--eth9@gpu-egg-113"]: Creating...
netris_link.oob_switch_links["swp14@sw-egg-oob-mgmt04--eth11@gpu-egg-056"]: Creation complete after 0s [id=4175972991]
netris_link.oob_switch_links["swp30@sw-egg-oob-mgmt02--eth11@gpu-egg-106"]: Creating...
netris_link.oob_switch_links["swp1@sw-egg-oob-mgmt01--eth1@srv-egg-cp01"]: Creation complete after 0s [id=4021787350]
netris_link.ns_gpu_links["swp42@sw-egg-frontend-leaf04--eth10@gpu-egg-125"]: Creating...
netris_link.ns_gpu_links["swp2@sw-egg-frontend-leaf06--eth10@gpu-egg-006"]: Creation complete after 0s [id=4031390409]
netris_link.oob_switch_links["swp25@sw-egg-oob-mgmt02--eth11@gpu-egg-086"]: Creating...
netris_link.ns_gpu_links["swp10@sw-egg-frontend-leaf02--eth10@gpu-egg-028"]: Creation complete after 0s [id=3977604804]
netris_link.ns_gpu_links["swp7@sw-egg-frontend-leaf01--eth9@gpu-egg-019"]: Creating...
netris_link.oob_switch_links["swp17@sw-egg-oob-mgmt02--eth11@gpu-egg-054"]: Creation complete after 0s [id=4015691716]
netris_link.oob_switch_links["swp11@sw-egg-oob-mgmt03--eth11@gpu-egg-043"]: Creating...
netris_link.oob_switch_links["swp12@sw-egg-oob-mgmt02--eth11@gpu-egg-034"]: Creation complete after 0s [id=4012286940]
netris_link.ns_gpu_links["swp26@sw-egg-frontend-leaf06--eth10@gpu-egg-078"]: Creating...
netris_link.ns_gpu_links["swp3@sw-egg-frontend-leaf02--eth10@gpu-egg-007"]: Creation complete after 0s [id=4006466153]
netris_link.oob_switch_links["swp31@sw-egg-oob-mgmt03--eth11@gpu-egg-123"]: Creating...
netris_link.oob_switch_links["swp18@sw-egg-oob-mgmt03--eth11@gpu-egg-071"]: Creation complete after 0s [id=3809683997]
netris_link.ns_gpu_links["swp33@sw-egg-frontend-leaf06--eth10@gpu-egg-099"]: Creating...
netris_link.ns_gpu_links["swp18@sw-egg-frontend-leaf05--eth9@gpu-egg-054"]: Creation complete after 0s [id=4122408961]
netris_link.oob_switch_links["swp13@sw-egg-oob-mgmt02--eth11@gpu-egg-038"]: Creating...
netris_link.ns_gpu_links["swp42@sw-egg-frontend-leaf04--eth10@gpu-egg-125"]: Creation complete after 0s [id=4106715066]
netris_link.ns_gpu_links["swp13@sw-egg-frontend-leaf05--eth9@gpu-egg-039"]: Creating...
netris_link.ns_gpu_links["swp38@sw-egg-frontend-leaf03--eth9@gpu-egg-113"]: Creation complete after 0s [id=3895530342]
netris_link.oob_switch_links["swp30@sw-egg-oob-mgmt04--eth11@gpu-egg-120"]: Creating...
netris_link.oob_switch_links["swp25@sw-egg-oob-mgmt02--eth11@gpu-egg-086"]: Creation complete after 0s [id=4017394640]
netris_link.oob_switch_links["swp30@sw-egg-oob-mgmt02--eth11@gpu-egg-106"]: Creation complete after 0s [id=4004049748]
netris_link.ns_gpu_links["swp19@sw-egg-frontend-leaf03--eth9@gpu-egg-056"]: Creating...
netris_link.ns_gpu_links["swp6@sw-egg-frontend-leaf01--eth9@gpu-egg-016"]: Creating...
netris_link.oob_switch_links["swp11@sw-egg-oob-mgmt03--eth11@gpu-egg-043"]: Creation complete after 0s [id=3822526365]
netris_link.ns_gpu_links["swp27@sw-egg-frontend-leaf01--eth9@gpu-egg-079"]: Creating...
netris_link.ns_gpu_links["swp7@sw-egg-frontend-leaf01--eth9@gpu-egg-019"]: Creation complete after 0s [id=4029144951]
netris_link.ns_gpu_links["swp15@sw-egg-frontend-leaf02--eth10@gpu-egg-043"]: Creating...
netris_link.ns_gpu_links["swp26@sw-egg-frontend-leaf06--eth10@gpu-egg-078"]: Creation complete after 0s [id=4019725680]
netris_link.ns_gpu_links["swp13@sw-egg-frontend-leaf02--eth10@gpu-egg-037"]: Creating...
netris_link.ns_gpu_links["swp33@sw-egg-frontend-leaf06--eth10@gpu-egg-099"]: Creation complete after 0s [id=3991799333]
netris_link.ns_gpu_links["swp34@sw-egg-frontend-leaf02--eth10@gpu-egg-100"]: Creating...
netris_link.oob_switch_links["swp31@sw-egg-oob-mgmt03--eth11@gpu-egg-123"]: Creation complete after 0s [id=3912320232]
netris_link.ns_gpu_links["swp1@sw-egg-frontend-leaf03--eth9@gpu-egg-002"]: Creating...
netris_link.oob_switch_links["swp13@sw-egg-oob-mgmt02--eth11@gpu-egg-038"]: Creation complete after 1s [id=4060806209]
netris_link.oob_switch_links["swp18@sw-egg-oob-mgmt04--eth11@gpu-egg-072"]: Creating...
netris_link.oob_switch_links["swp30@sw-egg-oob-mgmt04--eth11@gpu-egg-120"]: Creation complete after 1s [id=4072077755]
netris_link.oob_switch_links["swp2@sw-egg-oob-mgmt03--eth11@gpu-egg-007"]: Creating...
netris_link.ns_gpu_links["swp13@sw-egg-frontend-leaf05--eth9@gpu-egg-039"]: Creation complete after 1s [id=4135949490]
netris_link.ns_gpu_links["swp19@sw-egg-frontend-leaf06--eth10@gpu-egg-057"]: Creating...
netris_link.ns_gpu_links["swp19@sw-egg-frontend-leaf03--eth9@gpu-egg-056"]: Creation complete after 1s [id=3999756103]
netris_link.oob_switch_links["swp34@sw-egg-oob-mgmt02--eth11@gpu-egg-122"]: Creating...
netris_link.ns_gpu_links["swp34@sw-egg-frontend-leaf02--eth10@gpu-egg-100"]: Creation complete after 1s [id=4002349467]
netris_link.ns_gpu_links["swp6@sw-egg-frontend-leaf01--eth9@gpu-egg-016"]: Creation complete after 1s [id=4092499312]
netris_link.ns_gpu_links["swp13@sw-egg-frontend-leaf02--eth10@gpu-egg-037"]: Creation complete after 1s [id=3985725459]
netris_link.ns_gpu_links["swp1@sw-egg-frontend-leaf03--eth9@gpu-egg-002"]: Creation complete after 1s [id=3987333552]
netris_link.ns_gpu_links["swp15@sw-egg-frontend-leaf02--eth10@gpu-egg-043"]: Creation complete after 1s [id=3983939987]
netris_link.ns_gpu_links["swp27@sw-egg-frontend-leaf01--eth9@gpu-egg-079"]: Creation complete after 1s [id=4073522326]
netris_link.oob_switch_links["swp18@sw-egg-oob-mgmt04--eth11@gpu-egg-072"]: Creation complete after 0s [id=4096299473]
netris_link.oob_switch_links["swp3@sw-egg-oob-mgmt03--eth11@gpu-egg-011"]: Creating...
netris_link.oob_switch_links["swp15@sw-egg-oob-mgmt02--eth11@gpu-egg-046"]: Creating...
netris_link.oob_switch_links["swp32@sw-egg-oob-mgmt01--eth11@gpu-egg-113"]: Creating...
netris_link.ns_gpu_links["swp6@sw-egg-frontend-leaf06--eth10@gpu-egg-018"]: Creating...
netris_link.ns_gpu_links["swp24@sw-egg-frontend-leaf03--eth9@gpu-egg-071"]: Creating...
netris_link.ns_gpu_links["swp27@sw-egg-frontend-leaf02--eth10@gpu-egg-079"]: Creating...
netris_link.ns_gpu_links["swp6@sw-egg-frontend-leaf04--eth10@gpu-egg-017"]: Creating...
netris_link.ns_gpu_links["swp19@sw-egg-frontend-leaf06--eth10@gpu-egg-057"]: Creation complete after 0s [id=3965038897]
netris_link.oob_switch_links["swp2@sw-egg-oob-mgmt04--eth11@gpu-egg-008"]: Creating...
netris_link.oob_switch_links["swp2@sw-egg-oob-mgmt03--eth11@gpu-egg-007"]: Creation complete after 0s [id=3844855194]
netris_link.ns_gpu_links["swp25@sw-egg-frontend-leaf04--eth10@gpu-egg-074"]: Creating...
netris_link.oob_switch_links["swp34@sw-egg-oob-mgmt02--eth11@gpu-egg-122"]: Creation complete after 0s [id=4051799138]
netris_link.oob_switch_links["swp8@sw-egg-oob-mgmt01--eth11@gpu-egg-017"]: Creating...
netris_link.ns_gpu_links["swp6@sw-egg-frontend-leaf06--eth10@gpu-egg-018"]: Creation complete after 0s [id=4047569435]
netris_link.ns_gpu_links["swp6@sw-egg-frontend-leaf02--eth10@gpu-egg-016"]: Creating...
netris_link.oob_switch_links["swp32@sw-egg-oob-mgmt01--eth11@gpu-egg-113"]: Creation complete after 0s [id=4019007518]
netris_link.oob_switch_links["swp20@sw-egg-oob-mgmt02--eth11@gpu-egg-066"]: Creating...
netris_link.ns_gpu_links["swp24@sw-egg-frontend-leaf03--eth9@gpu-egg-071"]: Creation complete after 0s [id=3898532029]
netris_link.ns_gpu_links["swp20@sw-egg-frontend-leaf03--eth9@gpu-egg-059"]: Creating...
netris_link.oob_switch_links["swp3@sw-egg-oob-mgmt03--eth11@gpu-egg-011"]: Creation complete after 0s [id=3884593903]
netris_link.ns_gpu_links["swp6@sw-egg-frontend-leaf04--eth10@gpu-egg-017"]: Creation complete after 0s [id=4160451186]
netris_link.oob_switch_links["swp13@sw-egg-oob-mgmt04--eth11@gpu-egg-052"]: Creating...
netris_link.oob_switch_links["swp3@sw-egg-oob-mgmt02--eth2@srv-egg-cp03"]: Creating...
netris_link.ns_gpu_links["swp27@sw-egg-frontend-leaf02--eth10@gpu-egg-079"]: Creation complete after 0s [id=4017484100]
netris_link.ns_gpu_links["swp17@sw-egg-frontend-leaf04--eth10@gpu-egg-050"]: Creating...
netris_link.oob_switch_links["swp15@sw-egg-oob-mgmt02--eth11@gpu-egg-046"]: Creation complete after 0s [id=4054049982]
netris_link.oob_switch_links["swp32@sw-egg-oob-mgmt02--eth11@gpu-egg-114"]: Creating...
netris_link.oob_switch_links["swp2@sw-egg-oob-mgmt04--eth11@gpu-egg-008"]: Creation complete after 0s [id=4188960394]
netris_link.ns_gpu_links["swp27@sw-egg-frontend-leaf04--eth10@gpu-egg-080"]: Creating...
netris_link.ns_gpu_links["swp25@sw-egg-frontend-leaf04--eth10@gpu-egg-074"]: Creation complete after 0s [id=4193354987]
netris_link.oob_switch_links["swp4@sw-egg-oob-mgmt03--eth11@gpu-egg-015"]: Creating...
netris_link.oob_switch_links["swp8@sw-egg-oob-mgmt01--eth11@gpu-egg-017"]: Creation complete after 0s [id=4105447007]
netris_link.ns_gpu_links["swp23@sw-egg-frontend-leaf03--eth9@gpu-egg-068"]: Creating...
netris_link.ns_gpu_links["swp6@sw-egg-frontend-leaf02--eth10@gpu-egg-016"]: Creation complete after 0s [id=4036330256]
netris_link.oob_switch_links["swp14@sw-egg-oob-mgmt02--eth11@gpu-egg-042"]: Creating...
netris_link.oob_switch_links["swp20@sw-egg-oob-mgmt02--eth11@gpu-egg-066"]: Creation complete after 0s [id=4014974797]
netris_link.ns_gpu_links["swp30@sw-egg-frontend-leaf02--eth10@gpu-egg-088"]: Creating...
netris_link.ns_gpu_links["swp20@sw-egg-frontend-leaf03--eth9@gpu-egg-059"]: Creation complete after 0s [id=3903036710]
netris_link.ns_gpu_links["swp1@sw-egg-frontend-leaf06--eth10@gpu-egg-003"]: Creating...
netris_link.oob_switch_links["swp13@sw-egg-oob-mgmt04--eth11@gpu-egg-052"]: Creation complete after 0s [id=4155800333]
netris_link.ns_gpu_links["swp21@sw-egg-frontend-leaf01--eth9@gpu-egg-061"]: Creating...
netris_link.oob_switch_links["swp3@sw-egg-oob-mgmt02--eth2@srv-egg-cp03"]: Creation complete after 0s [id=3953737309]
netris_link.ns_gpu_links["swp14@sw-egg-frontend-leaf03--eth9@gpu-egg-041"]: Creating...
netris_link.ns_gpu_links["swp17@sw-egg-frontend-leaf04--eth10@gpu-egg-050"]: Creation complete after 0s [id=4122408786]
netris_link.ns_gpu_links["swp17@sw-egg-frontend-leaf05--eth9@gpu-egg-051"]: Creating...
netris_link.ns_gpu_links["swp27@sw-egg-frontend-leaf04--eth10@gpu-egg-080"]: Creation complete after 0s [id=4107349505]
netris_link.oob_switch_links["swp32@sw-egg-oob-mgmt02--eth11@gpu-egg-114"]: Creation complete after 0s [id=4034803126]
netris_link.oob_switch_links["swp4@sw-egg-oob-mgmt03--eth11@gpu-egg-015"]: Creation complete after 0s [id=3827686866]
netris_link.oob_switch_links["swp24@sw-egg-oob-mgmt03--eth11@gpu-egg-095"]: Creating...
netris_link.ns_gpu_links["swp31@sw-egg-frontend-leaf02--eth10@gpu-egg-091"]: Creating...
netris_link.ns_gpu_links["swp17@sw-egg-frontend-leaf03--eth9@gpu-egg-050"]: Creating...
netris_link.ns_gpu_links["swp23@sw-egg-frontend-leaf03--eth9@gpu-egg-068"]: Creation complete after 0s [id=3961834199]
netris_link.ns_gpu_links["swp30@sw-egg-frontend-leaf03--eth9@gpu-egg-089"]: Creating...
netris_link.ns_gpu_links["swp1@sw-egg-frontend-leaf06--eth10@gpu-egg-003"]: Creation complete after 0s [id=3968334505]
netris_link.ns_gpu_links["swp14@sw-egg-frontend-leaf04--eth10@gpu-egg-041"]: Creating...
netris_link.oob_switch_links["swp14@sw-egg-oob-mgmt02--eth11@gpu-egg-042"]: Creation complete after 0s [id=3975107978]
netris_link.ns_gpu_links["swp42@sw-egg-frontend-leaf05--eth9@gpu-egg-126"]: Creating...
netris_link.ns_gpu_links["swp30@sw-egg-frontend-leaf02--eth10@gpu-egg-088"]: Creation complete after 0s [id=4069191547]
netris_link.ns_gpu_links["swp28@sw-egg-frontend-leaf01--eth9@gpu-egg-082"]: Creating...
netris_link.ns_gpu_links["swp14@sw-egg-frontend-leaf03--eth9@gpu-egg-041"]: Creation complete after 0s [id=3895265568]
netris_link.ns_gpu_links["swp11@sw-egg-frontend-leaf02--eth10@gpu-egg-031"]: Creating...
netris_link.ns_gpu_links["swp21@sw-egg-frontend-leaf01--eth9@gpu-egg-061"]: Creation complete after 0s [id=4061075767]
netris_link.ns_gpu_links["swp4@sw-egg-frontend-leaf04--eth10@gpu-egg-011"]: Creating...
netris_link.ns_gpu_links["swp17@sw-egg-frontend-leaf05--eth9@gpu-egg-051"]: Creation complete after 0s [id=4116327506]
netris_link.ns_gpu_links["swp6@sw-egg-frontend-leaf03--eth9@gpu-egg-017"]: Creating...
netris_link.oob_switch_links["swp24@sw-egg-oob-mgmt03--eth11@gpu-egg-095"]: Creation complete after 0s [id=3819816301]
netris_link.ns_gpu_links["swp40@sw-egg-frontend-leaf02--eth10@gpu-egg-118"]: Creating...
netris_link.ns_gpu_links["swp17@sw-egg-frontend-leaf03--eth9@gpu-egg-050"]: Creation complete after 0s [id=3942718985]
netris_link.oob_switch_links["swp12@sw-egg-oob-mgmt04--eth11@gpu-egg-048"]: Creating...
netris_link.ns_gpu_links["swp31@sw-egg-frontend-leaf02--eth10@gpu-egg-091"]: Creation complete after 0s [id=4091142951]
netris_link.ns_gpu_links["swp12@sw-egg-frontend-leaf02--eth10@gpu-egg-034"]: Creating...
netris_link.ns_gpu_links["swp30@sw-egg-frontend-leaf03--eth9@gpu-egg-089"]: Creation complete after 0s [id=4010585713]
netris_link.ns_gpu_links["swp9@sw-egg-frontend-leaf06--eth10@gpu-egg-027"]: Creating...
netris_link.ns_gpu_links["swp14@sw-egg-frontend-leaf04--eth10@gpu-egg-041"]: Creation complete after 0s [id=4073882833]
netris_link.ns_gpu_links["swp39@sw-egg-frontend-leaf05--eth9@gpu-egg-117"]: Creating...
netris_link.ns_gpu_links["swp42@sw-egg-frontend-leaf05--eth9@gpu-egg-126"]: Creation complete after 0s [id=4073792716]
netris_link.oob_switch_links["swp23@sw-egg-oob-mgmt03--eth11@gpu-egg-091"]: Creating...
netris_link.ns_gpu_links["swp28@sw-egg-frontend-leaf01--eth9@gpu-egg-082"]: Creation complete after 1s [id=4076591794]
netris_link.ns_gpu_links["swp16@sw-egg-frontend-leaf01--eth9@gpu-egg-046"]: Creating...
netris_link.ns_gpu_links["swp11@sw-egg-frontend-leaf02--eth10@gpu-egg-031"]: Creation complete after 1s [id=4092318990]
netris_link.ns_gpu_links["swp24@sw-egg-frontend-leaf05--eth9@gpu-egg-072"]: Creating...
netris_link.ns_gpu_links["swp40@sw-egg-frontend-leaf02--eth10@gpu-egg-118"]: Creation complete after 1s [id=3975375274]
netris_link.ns_gpu_links["swp12@sw-egg-frontend-leaf06--eth10@gpu-egg-036"]: Creating...
netris_link.ns_gpu_links["swp4@sw-egg-frontend-leaf04--eth10@gpu-egg-011"]: Creation complete after 1s [id=4154250574]
netris_link.oob_switch_links["swp8@sw-egg-oob-mgmt02--eth11@gpu-egg-018"]: Creating...
netris_link.ns_gpu_links["swp6@sw-egg-frontend-leaf03--eth9@gpu-egg-017"]: Creation complete after 1s [id=3979924967]
netris_link.ns_gpu_links["swp7@sw-egg-frontend-leaf02--eth10@gpu-egg-019"]: Creating...
netris_link.ns_gpu_links["swp12@sw-egg-frontend-leaf02--eth10@gpu-egg-034"]: Creation complete after 1s [id=4027978664]
netris_link.oob_switch_links["swp33@sw-egg-oob-mgmt02--eth11@gpu-egg-118"]: Creating...
netris_link.oob_switch_links["swp12@sw-egg-oob-mgmt04--eth11@gpu-egg-048"]: Creation complete after 1s [id=4159721504]
netris_link.ns_gpu_links["swp14@sw-egg-frontend-leaf06--eth10@gpu-egg-042"]: Creating...
netris_link.ns_gpu_links["swp9@sw-egg-frontend-leaf06--eth10@gpu-egg-027"]: Creation complete after 1s [id=4012287071]
netris_link.ns_gpu_links["swp33@sw-egg-frontend-leaf05--eth9@gpu-egg-099"]: Creating...
netris_link.ns_gpu_links["swp39@sw-egg-frontend-leaf05--eth9@gpu-egg-117"]: Creation complete after 1s [id=4148327980]
netris_link.ns_gpu_links["swp12@sw-egg-frontend-leaf05--eth9@gpu-egg-036"]: Creating...
netris_link.ns_gpu_links["swp16@sw-egg-frontend-leaf01--eth9@gpu-egg-046"]: Creation complete after 0s [id=4126314736]
netris_link.oob_switch_links["swp8@sw-egg-oob-mgmt03--eth11@gpu-egg-031"]: Creating...
netris_link.oob_switch_links["swp23@sw-egg-oob-mgmt03--eth11@gpu-egg-091"]: Creation complete after 1s [id=3927195212]
netris_link.ns_gpu_links["swp8@sw-egg-frontend-leaf04--eth10@gpu-egg-023"]: Creating...
netris_link.oob_switch_links["swp33@sw-egg-oob-mgmt02--eth11@gpu-egg-118"]: Creation complete after 0s [id=3959163534]
netris_link.oob_switch_links["swp8@sw-egg-oob-mgmt02--eth11@gpu-egg-018"]: Creation complete after 0s [id=4059364414]
netris_link.ns_gpu_links["swp12@sw-egg-frontend-leaf06--eth10@gpu-egg-036"]: Creation complete after 0s [id=3983047709]
netris_link.ns_gpu_links["swp7@sw-egg-frontend-leaf02--eth10@gpu-egg-019"]: Creation complete after 0s [id=3973413864]
netris_link.ns_gpu_links["swp24@sw-egg-frontend-leaf05--eth9@gpu-egg-072"]: Creation complete after 0s [id=4085083609]
netris_link.oob_switch_links["swp5@sw-egg-oob-mgmt02--eth11@gpu-egg-006"]: Creating...
netris_link.ns_gpu_links["swp7@sw-egg-frontend-leaf05--eth9@gpu-egg-021"]: Creating...
netris_link.oob_switch_links["swp17@sw-egg-oob-mgmt03--eth11@gpu-egg-067"]: Creating...
netris_link.ns_gpu_links["swp35@sw-egg-frontend-leaf06--eth10@gpu-egg-105"]: Creating...
netris_link.ns_gpu_links["swp24@sw-egg-frontend-leaf04--eth10@gpu-egg-071"]: Creating...
netris_link.ns_gpu_links["swp12@sw-egg-frontend-leaf05--eth9@gpu-egg-036"]: Creation complete after 0s [id=4100917096]
netris_link.ns_gpu_links["swp34@sw-egg-frontend-leaf06--eth10@gpu-egg-102"]: Creating...
netris_link.ns_gpu_links["swp33@sw-egg-frontend-leaf05--eth9@gpu-egg-099"]: Creation complete after 0s [id=4109797198]
netris_link.ns_gpu_links["swp39@sw-egg-frontend-leaf06--eth10@gpu-egg-117"]: Creating...
netris_link.ns_gpu_links["swp14@sw-egg-frontend-leaf06--eth10@gpu-egg-042"]: Creation complete after 0s [id=3963614206]
netris_link.ns_gpu_links["swp24@sw-egg-frontend-leaf06--eth10@gpu-egg-072"]: Creating...
netris_link.ns_gpu_links["swp8@sw-egg-frontend-leaf04--eth10@gpu-egg-023"]: Creation complete after 0s [id=4178715084]
netris_link.oob_switch_links["swp48@sw-egg-oob-mgmt01--swp48@sw-egg-oob-mgmt02"]: Creating...
netris_link.oob_switch_links["swp8@sw-egg-oob-mgmt03--eth11@gpu-egg-031"]: Creation complete after 0s [id=3928790648]
netris_link.ns_gpu_links["swp11@sw-egg-frontend-leaf04--eth10@gpu-egg-032"]: Creating...
netris_link.ns_gpu_links["swp7@sw-egg-frontend-leaf05--eth9@gpu-egg-021"]: Creation complete after 0s [id=4116418251]
netris_link.oob_switch_links["swp1@sw-egg-oob-mgmt02--eth2@srv-egg-cp01"]: Creating...
netris_link.ns_gpu_links["swp35@sw-egg-frontend-leaf06--eth10@gpu-egg-105"]: Creation complete after 0s [id=3994927246]
netris_link.ns_gpu_links["swp42@sw-egg-frontend-leaf02--eth10@gpu-egg-124"]: Creating...
netris_link.oob_switch_links["swp17@sw-egg-oob-mgmt03--eth11@gpu-egg-067"]: Creation complete after 0s [id=3881950034]
netris_link.oob_switch_links["swp7@sw-egg-oob-mgmt01--eth11@gpu-egg-013"]: Creating...
netris_link.oob_switch_links["swp5@sw-egg-oob-mgmt02--eth11@gpu-egg-006"]: Creation complete after 0s [id=4043251732]
netris_link.ns_gpu_links["swp13@sw-egg-frontend-leaf01--eth9@gpu-egg-037"]: Creating...
netris_link.ns_gpu_links["swp34@sw-egg-frontend-leaf06--eth10@gpu-egg-102"]: Creation complete after 0s [id=4059995272]
netris_link.ns_gpu_links["swp24@sw-egg-frontend-leaf04--eth10@gpu-egg-071"]: Creation complete after 0s [id=4077223331]
netris_link.ns_gpu_links["swp39@sw-egg-frontend-leaf06--eth10@gpu-egg-117"]: Creation complete after 0s [id=4029774251]
netris_link.oob_switch_links["swp29@sw-egg-oob-mgmt04--eth11@gpu-egg-116"]: Creating...
netris_link.ns_gpu_links["swp14@sw-egg-frontend-leaf02--eth10@gpu-egg-040"]: Creating...
netris_link.oob_switch_links["swp22@sw-egg-oob-mgmt02--eth11@gpu-egg-074"]: Creating...
netris_link.ns_gpu_links["swp24@sw-egg-frontend-leaf06--eth10@gpu-egg-072"]: Creation complete after 0s [id=3967443647]
netris_link.oob_switch_links["swp8@sw-egg-oob-mgmt04--eth11@gpu-egg-032"]: Creating...
netris_link.oob_switch_links["swp48@sw-egg-oob-mgmt01--swp48@sw-egg-oob-mgmt02"]: Creation complete after 0s [id=4317341588]
netris_link.oob_switch_links["swp29@sw-egg-oob-mgmt02--eth11@gpu-egg-102"]: Creating...
netris_link.ns_gpu_links["swp11@sw-egg-frontend-leaf04--eth10@gpu-egg-032"]: Creation complete after 0s [id=4084993057]
netris_link.oob_switch_links["swp16@sw-egg-oob-mgmt03--eth11@gpu-egg-063"]: Creating...
netris_link.oob_switch_links["swp1@sw-egg-oob-mgmt02--eth2@srv-egg-cp01"]: Creation complete after 0s [id=3954715541]
netris_link.oob_switch_links["swp16@sw-egg-oob-mgmt02--eth11@gpu-egg-050"]: Creating...
netris_link.ns_gpu_links["swp13@sw-egg-frontend-leaf01--eth9@gpu-egg-037"]: Creation complete after 0s [id=4041542520]
netris_link.oob_switch_links["swp20@sw-egg-oob-mgmt04--eth11@gpu-egg-080"]: Creating...
netris_link.oob_switch_links["swp7@sw-egg-oob-mgmt01--eth11@gpu-egg-013"]: Creation complete after 0s [id=4064591406]
netris_link.oob_switch_links["swp20@sw-egg-oob-mgmt03--eth11@gpu-egg-079"]: Creating...
netris_link.ns_gpu_links["swp42@sw-egg-frontend-leaf02--eth10@gpu-egg-124"]: Creation complete after 0s [id=4025735059]
netris_link.oob_switch_links["swp20@sw-egg-oob-mgmt01--eth11@gpu-egg-065"]: Creating...
netris_link.oob_switch_links["swp22@sw-egg-oob-mgmt02--eth11@gpu-egg-074"]: Creation complete after 0s [id=4069552593]
netris_link.oob_switch_links["swp29@sw-egg-oob-mgmt04--eth11@gpu-egg-116"]: Creation complete after 0s [id=4106261997]
netris_link.ns_gpu_links["swp14@sw-egg-frontend-leaf02--eth10@gpu-egg-040"]: Creation complete after 0s [id=3976980477]
netris_link.oob_switch_links["swp16@sw-egg-oob-mgmt03--eth11@gpu-egg-063"]: Creation complete after 0s [id=3804361200]
netris_link.oob_switch_links["swp8@sw-egg-oob-mgmt04--eth11@gpu-egg-032"]: Creation complete after 0s [id=4080474933]
netris_link.oob_switch_links["swp29@sw-egg-oob-mgmt02--eth11@gpu-egg-102"]: Creation complete after 0s [id=4071176663]
netris_link.ns_gpu_links["swp23@sw-egg-frontend-leaf02--eth10@gpu-egg-067"]: Creating...
netris_link.oob_switch_links["swp5@sw-egg-oob-mgmt04--eth11@gpu-egg-020"]: Creating...
netris_link.ns_gpu_links["swp32@sw-egg-frontend-leaf06--eth10@gpu-egg-096"]: Creating...
netris_link.oob_switch_links["swp13@sw-egg-oob-mgmt03--eth11@gpu-egg-051"]: Creating...
netris_link.ns_gpu_links["swp43@sw-egg-frontend-leaf03--eth9@gpu-egg-128"]: Creating...
netris_link.ns_gpu_links["swp21@sw-egg-frontend-leaf05--eth9@gpu-egg-063"]: Creating...
netris_link.oob_switch_links["swp16@sw-egg-oob-mgmt02--eth11@gpu-egg-050"]: Creation complete after 0s [id=3999844907]
netris_link.ns_gpu_links["swp16@sw-egg-frontend-leaf05--eth9@gpu-egg-048"]: Creating...
netris_link.oob_switch_links["swp20@sw-egg-oob-mgmt04--eth11@gpu-egg-080"]: Creation complete after 0s [id=4102456701]
netris_link.ns_gpu_links["swp10@sw-egg-frontend-leaf04--eth10@gpu-egg-029"]: Creating...
netris_link.oob_switch_links["swp20@sw-egg-oob-mgmt03--eth11@gpu-egg-079"]: Creation complete after 0s [id=3855121926]
netris_link.ns_gpu_links["swp28@sw-egg-frontend-leaf05--eth9@gpu-egg-084"]: Creating...
netris_link.oob_switch_links["swp20@sw-egg-oob-mgmt01--eth11@gpu-egg-065"]: Creation complete after 0s [id=4144503680]
netris_link.ns_gpu_links["swp10@sw-egg-frontend-leaf06--eth10@gpu-egg-030"]: Creating...
netris_link.ns_gpu_links["swp21@sw-egg-frontend-leaf05--eth9@gpu-egg-063"]: Creation complete after 0s [id=4055669773]
netris_link.ns_gpu_links["swp37@sw-egg-frontend-leaf02--eth10@gpu-egg-109"]: Creating...
netris_link.oob_switch_links["swp13@sw-egg-oob-mgmt03--eth11@gpu-egg-051"]: Creation complete after 0s [id=3863204547]
netris_link.ns_gpu_links["swp34@sw-egg-frontend-leaf03--eth9@gpu-egg-101"]: Creating...
netris_link.ns_gpu_links["swp23@sw-egg-frontend-leaf02--eth10@gpu-egg-067"]: Creation complete after 0s [id=4044780416]
netris_link.ns_gpu_links["swp5@sw-egg-frontend-leaf06--eth10@gpu-egg-015"]: Creating...
netris_link.ns_gpu_links["swp32@sw-egg-frontend-leaf06--eth10@gpu-egg-096"]: Creation complete after 0s [id=3988761961]
netris_link.ns_gpu_links["swp26@sw-egg-frontend-leaf03--eth9@gpu-egg-077"]: Creating...
netris_link.ns_gpu_links["swp43@sw-egg-frontend-leaf03--eth9@gpu-egg-128"]: Creation complete after 0s [id=3901358170]
netris_link.ns_gpu_links["swp15@sw-egg-frontend-leaf01--eth9@gpu-egg-043"]: Creating...
netris_link.oob_switch_links["swp5@sw-egg-oob-mgmt04--eth11@gpu-egg-020"]: Creation complete after 0s [id=4096118461]
netris_link.ns_gpu_links["swp9@sw-egg-frontend-leaf05--eth9@gpu-egg-027"]: Creating...
netris_link.ns_gpu_links["swp16@sw-egg-frontend-leaf05--eth9@gpu-egg-048"]: Creation complete after 0s [id=4148236917]
netris_link.ns_gpu_links["swp38@sw-egg-frontend-leaf02--eth10@gpu-egg-112"]: Creating...
netris_link.ns_gpu_links["swp10@sw-egg-frontend-leaf04--eth10@gpu-egg-029"]: Creation complete after 1s [id=4111791862]
netris_link.ns_gpu_links["swp23@sw-egg-frontend-leaf06--eth10@gpu-egg-069"]: Creating...
netris_link.ns_gpu_links["swp28@sw-egg-frontend-leaf05--eth9@gpu-egg-084"]: Creation complete after 1s [id=4139315328]
netris_link.ns_gpu_links["swp35@sw-egg-frontend-leaf04--eth10@gpu-egg-104"]: Creating...
netris_link.ns_gpu_links["swp10@sw-egg-frontend-leaf06--eth10@gpu-egg-030"]: Creation complete after 1s [id=4007451181]
netris_link.ns_gpu_links["swp29@sw-egg-frontend-leaf05--eth9@gpu-egg-087"]: Creating...
netris_link.ns_gpu_links["swp37@sw-egg-frontend-leaf02--eth10@gpu-egg-109"]: Creation complete after 1s [id=4038127395]
netris_link.ns_gpu_links["swp27@sw-egg-frontend-leaf03--eth9@gpu-egg-080"]: Creating...
netris_link.ns_gpu_links["swp5@sw-egg-frontend-leaf06--eth10@gpu-egg-015"]: Creation complete after 1s [id=3961833705]
netris_link.ns_gpu_links["swp3@sw-egg-frontend-leaf03--eth9@gpu-egg-008"]: Creating...
netris_link.ns_gpu_links["swp34@sw-egg-frontend-leaf03--eth9@gpu-egg-101"]: Creation complete after 1s [id=3941298288]
netris_link.ns_gpu_links["swp30@sw-egg-frontend-leaf01--eth9@gpu-egg-088"]: Creating...
netris_link.ns_gpu_links["swp26@sw-egg-frontend-leaf03--eth9@gpu-egg-077"]: Creation complete after 1s [id=3992514696]
netris_link.ns_gpu_links["swp21@sw-egg-frontend-leaf02--eth10@gpu-egg-061"]: Creating...
netris_link.ns_gpu_links["swp15@sw-egg-frontend-leaf01--eth9@gpu-egg-043"]: Creation complete after 1s [id=4039744588]
netris_link.ns_gpu_links["swp40@sw-egg-frontend-leaf03--eth9@gpu-egg-119"]: Creating...
netris_link.ns_gpu_links["swp9@sw-egg-frontend-leaf05--eth9@gpu-egg-027"]: Creation complete after 1s [id=4130585155]
netris_link.ns_gpu_links["swp9@sw-egg-frontend-leaf03--eth9@gpu-egg-026"]: Creating...
netris_link.ns_gpu_links["swp38@sw-egg-frontend-leaf02--eth10@gpu-egg-112"]: Creation complete after 1s [id=3986975501]
netris_link.ns_gpu_links["swp39@sw-egg-frontend-leaf02--eth10@gpu-egg-115"]: Creating...
netris_link.ns_gpu_links["swp23@sw-egg-frontend-leaf06--eth10@gpu-egg-069"]: Creation complete after 0s [id=4055040663]
netris_link.ns_gpu_links["swp4@sw-egg-frontend-leaf02--eth10@gpu-egg-010"]: Creating...
netris_link.ns_gpu_links["swp35@sw-egg-frontend-leaf04--eth10@gpu-egg-104"]: Creation complete after 0s [id=4150058632]
netris_link.ns_gpu_links["swp20@sw-egg-frontend-leaf05--eth9@gpu-egg-060"]: Creating...
netris_link.ns_gpu_links["swp29@sw-egg-frontend-leaf05--eth9@gpu-egg-087"]: Creation complete after 0s [id=4073612202]
netris_link.ns_gpu_links["swp39@sw-egg-frontend-leaf03--eth9@gpu-egg-116"]: Creating...
netris_link.ns_gpu_links["swp27@sw-egg-frontend-leaf03--eth9@gpu-egg-080"]: Creation complete after 0s [id=3927991870]
netris_link.ns_gpu_links["swp20@sw-egg-frontend-leaf04--eth10@gpu-egg-059"]: Creating...
netris_link.ns_gpu_links["swp21@sw-egg-frontend-leaf02--eth10@gpu-egg-061"]: Creation complete after 0s [id=4005123515]
netris_link.ns_gpu_links["swp30@sw-egg-frontend-leaf01--eth9@gpu-egg-088"]: Creation complete after 0s [id=4125587998]
netris_link.ns_gpu_links["swp3@sw-egg-frontend-leaf03--eth9@gpu-egg-008"]: Creation complete after 0s [id=4012108430]
netris_link.oob_switch_links["swp29@sw-egg-oob-mgmt01--eth11@gpu-egg-101"]: Creating...
netris_link.ns_gpu_links["swp22@sw-egg-frontend-leaf02--eth10@gpu-egg-064"]: Creating...
netris_link.ns_gpu_links["swp23@sw-egg-frontend-leaf05--eth9@gpu-egg-069"]: Creating...
netris_link.ns_gpu_links["swp39@sw-egg-frontend-leaf02--eth10@gpu-egg-115"]: Creation complete after 0s [id=4011659698]
netris_link.oob_switch_links["swp16@sw-egg-oob-mgmt01--eth11@gpu-egg-049"]: Creating...
netris_link.ns_gpu_links["swp9@sw-egg-frontend-leaf03--eth9@gpu-egg-026"]: Creation complete after 0s [id=4009690169]
netris_link.ns_gpu_links["swp40@sw-egg-frontend-leaf05--eth9@gpu-egg-120"]: Creating...
netris_link.ns_gpu_links["swp40@sw-egg-frontend-leaf03--eth9@gpu-egg-119"]: Creation complete after 0s [id=3995732272]
netris_link.oob_switch_links["swp21@sw-egg-oob-mgmt01--eth11@gpu-egg-069"]: Creating...
netris_link.ns_gpu_links["swp39@sw-egg-frontend-leaf03--eth9@gpu-egg-116"]: Creation complete after 0s [id=3931981423]
netris_link.ns_gpu_links["swp1@sw-egg-frontend-leaf01--eth9@gpu-egg-001"]: Creating...
netris_link.ns_gpu_links["swp20@sw-egg-frontend-leaf05--eth9@gpu-egg-060"]: Creation complete after 0s [id=4155618119]
netris_link.ns_gpu_links["swp22@sw-egg-frontend-leaf01--eth9@gpu-egg-064"]: Creating...
netris_link.ns_gpu_links["swp4@sw-egg-frontend-leaf02--eth10@gpu-egg-010"]: Creation complete after 0s [id=3987868560]
netris_link.ns_gpu_links["swp32@sw-egg-frontend-leaf01--eth9@gpu-egg-094"]: Creating...
netris_link.ns_gpu_links["swp20@sw-egg-frontend-leaf04--eth10@gpu-egg-059"]: Creation complete after 0s [id=4081830063]
netris_link.ns_gpu_links["swp26@sw-egg-frontend-leaf02--eth10@gpu-egg-076"]: Creating...
netris_link.ns_gpu_links["swp22@sw-egg-frontend-leaf02--eth10@gpu-egg-064"]: Creation complete after 0s [id=4059544435]
netris_link.ns_gpu_links["swp25@sw-egg-frontend-leaf02--eth10@gpu-egg-073"]: Creating...
netris_link.oob_switch_links["swp29@sw-egg-oob-mgmt01--eth11@gpu-egg-101"]: Creation complete after 0s [id=4065583232]
netris_link.ns_gpu_links["swp41@sw-egg-frontend-leaf02--eth10@gpu-egg-121"]: Creating...
netris_link.ns_gpu_links["swp23@sw-egg-frontend-leaf05--eth9@gpu-egg-069"]: Creation complete after 0s [id=4173962783]
netris_link.oob_switch_links["swp33@sw-egg-oob-mgmt01--eth11@gpu-egg-117"]: Creating...
netris_link.oob_switch_links["swp16@sw-egg-oob-mgmt01--eth11@gpu-egg-049"]: Creation complete after 0s [id=4133130934]
netris_link.ns_gpu_links["swp37@sw-egg-frontend-leaf03--eth9@gpu-egg-110"]: Creating...
netris_link.ns_gpu_links["swp40@sw-egg-frontend-leaf05--eth9@gpu-egg-120"]: Creation complete after 0s [id=4061255613]
netris_link.oob_switch_links["swp21@sw-egg-oob-mgmt01--eth11@gpu-egg-069"]: Creation complete after 0s [id=4134585769]
netris_link.ns_gpu_links["swp8@sw-egg-frontend-leaf05--eth9@gpu-egg-024"]: Creating...
netris_link.ns_gpu_links["swp35@sw-egg-frontend-leaf03--eth9@gpu-egg-104"]: Creating...
netris_link.ns_gpu_links["swp1@sw-egg-frontend-leaf01--eth9@gpu-egg-001"]: Creation complete after 0s [id=4132949064]
netris_link.ns_gpu_links["swp31@sw-egg-frontend-leaf06--eth10@gpu-egg-093"]: Creating...
netris_link.ns_gpu_links["swp22@sw-egg-frontend-leaf01--eth9@gpu-egg-064"]: Creation complete after 0s [id=4115874225]
netris_link.oob_switch_links["swp25@sw-egg-oob-mgmt04--eth11@gpu-egg-100"]: Creating...
netris_link.ns_gpu_links["swp32@sw-egg-frontend-leaf01--eth9@gpu-egg-094"]: Creation complete after 0s [id=4044240146]
netris_link.ns_gpu_links["swp26@sw-egg-frontend-leaf01--eth9@gpu-egg-076"]: Creating...
netris_link.ns_gpu_links["swp26@sw-egg-frontend-leaf02--eth10@gpu-egg-076"]: Creation complete after 0s [id=4058913710]
netris_link.ns_gpu_links["swp9@sw-egg-frontend-leaf04--eth10@gpu-egg-026"]: Creating...
netris_link.ns_gpu_links["swp25@sw-egg-frontend-leaf02--eth10@gpu-egg-073"]: Creation complete after 0s [id=4061797407]
netris_link.ns_gpu_links["swp7@sw-egg-frontend-leaf06--eth10@gpu-egg-021"]: Creating...
netris_link.ns_gpu_links["swp41@sw-egg-frontend-leaf02--eth10@gpu-egg-121"]: Creation complete after 0s [id=3985279026]
netris_link.ns_gpu_links["swp2@sw-egg-frontend-leaf04--eth10@gpu-egg-005"]: Creating...
netris_link.ns_gpu_links["swp37@sw-egg-frontend-leaf03--eth9@gpu-egg-110"]: Creation complete after 0s [id=3997430970]
netris_link.ns_gpu_links["swp4@sw-egg-frontend-leaf05--eth9@gpu-egg-012"]: Creating...
netris_link.oob_switch_links["swp33@sw-egg-oob-mgmt01--eth11@gpu-egg-117"]: Creation complete after 0s [id=4108709752]
netris_link.ns_gpu_links["swp42@sw-egg-frontend-leaf01--eth9@gpu-egg-124"]: Creating...
netris_link.oob_switch_links["swp25@sw-egg-oob-mgmt04--eth11@gpu-egg-100"]: Creation complete after 0s [id=4103906128]
netris_link.oob_switch_links["swp25@sw-egg-oob-mgmt01--eth11@gpu-egg-085"]: Creating...
netris_link.ns_gpu_links["swp35@sw-egg-frontend-leaf03--eth9@gpu-egg-104"]: Creation complete after 0s [id=3969760527]
netris_link.ns_gpu_links["swp22@sw-egg-frontend-leaf05--eth9@gpu-egg-066"]: Creating...
netris_link.ns_gpu_links["swp8@sw-egg-frontend-leaf05--eth9@gpu-egg-024"]: Creation complete after 0s [id=4141499336]
netris_link.ns_gpu_links["swp5@sw-egg-frontend-leaf04--eth10@gpu-egg-014"]: Creating...
netris_link.ns_gpu_links["swp31@sw-egg-frontend-leaf06--eth10@gpu-egg-093"]: Creation complete after 0s [id=3962189749]
netris_link.ns_gpu_links["swp19@sw-egg-frontend-leaf05--eth9@gpu-egg-057"]: Creating...
netris_link.ns_gpu_links["swp26@sw-egg-frontend-leaf01--eth9@gpu-egg-076"]: Creation complete after 0s [id=4115239139]
netris_link.oob_switch_links["swp10@sw-egg-oob-mgmt03--eth11@gpu-egg-039"]: Creating...
netris_link.ns_gpu_links["swp4@sw-egg-frontend-leaf05--eth9@gpu-egg-012"]: Creation complete after 0s [id=4178258179]
netris_link.ns_gpu_links["swp2@sw-egg-frontend-leaf04--eth10@gpu-egg-005"]: Creation complete after 0s [id=4112063928]
netris_link.ns_gpu_links["swp9@sw-egg-frontend-leaf04--eth10@gpu-egg-026"]: Creation complete after 0s [id=4190882721]
netris_link.ns_gpu_links["swp7@sw-egg-frontend-leaf06--eth10@gpu-egg-021"]: Creation complete after 0s [id=3998324683]
netris_link.ns_gpu_links["swp42@sw-egg-frontend-leaf01--eth9@gpu-egg-124"]: Creation complete after 0s [id=4081830601]
netris_link.ns_gpu_links["swp27@sw-egg-frontend-leaf05--eth9@gpu-egg-081"]: Creating...
netris_link.ns_gpu_links["swp36@sw-egg-frontend-leaf03--eth9@gpu-egg-107"]: Creating...
netris_link.ns_gpu_links["swp23@sw-egg-frontend-leaf01--eth9@gpu-egg-067"]: Creating...
netris_link.ns_gpu_links["swp33@sw-egg-frontend-leaf01--eth9@gpu-egg-097"]: Creating...
netris_link.ns_gpu_links["swp43@sw-egg-frontend-leaf04--eth10@gpu-egg-128"]: Creating...
netris_link.oob_switch_links["swp25@sw-egg-oob-mgmt01--eth11@gpu-egg-085"]: Creation complete after 0s [id=4096028490]
netris_link.ns_gpu_links["swp29@sw-egg-frontend-leaf03--eth9@gpu-egg-086"]: Creating...
netris_link.ns_gpu_links["swp22@sw-egg-frontend-leaf05--eth9@gpu-egg-066"]: Creation complete after 0s [id=4121773371]
netris_link.ns_gpu_links["swp3@sw-egg-frontend-leaf01--eth9@gpu-egg-007"]: Creating...
netris_link.ns_gpu_links["swp19@sw-egg-frontend-leaf05--eth9@gpu-egg-057"]: Creation complete after 0s [id=4082643462]
netris_link.ns_gpu_links["swp7@sw-egg-frontend-leaf03--eth9@gpu-egg-020"]: Creating...
netris_link.ns_gpu_links["swp5@sw-egg-frontend-leaf04--eth10@gpu-egg-014"]: Creation complete after 0s [id=4145322528]
netris_link.oob_switch_links["swp31@sw-egg-oob-mgmt04--eth11@gpu-egg-124"]: Creating...
netris_link.oob_switch_links["swp10@sw-egg-oob-mgmt03--eth11@gpu-egg-039"]: Creation complete after 0s [id=3882302503]
netris_link.ns_gpu_links["swp39@sw-egg-frontend-leaf04--eth10@gpu-egg-116"]: Creating...
netris_link.ns_gpu_links["swp23@sw-egg-frontend-leaf01--eth9@gpu-egg-067"]: Creation complete after 0s [id=4101008034]
netris_link.ns_gpu_links["swp41@sw-egg-frontend-leaf01--eth9@gpu-egg-121"]: Creating...
netris_link.ns_gpu_links["swp36@sw-egg-frontend-leaf03--eth9@gpu-egg-107"]: Creation complete after 0s [id=3927814594]
netris_link.ns_gpu_links["swp8@sw-egg-frontend-leaf06--eth10@gpu-egg-024"]: Creating...
netris_link.ns_gpu_links["swp43@sw-egg-frontend-leaf04--eth10@gpu-egg-128"]: Creation complete after 0s [id=4080113504]
netris_link.ns_gpu_links["swp18@sw-egg-frontend-leaf03--eth9@gpu-egg-053"]: Creating...
netris_link.ns_gpu_links["swp27@sw-egg-frontend-leaf05--eth9@gpu-egg-081"]: Creation complete after 1s [id=4093313191]
netris_link.ns_gpu_links["swp3@sw-egg-frontend-leaf06--eth10@gpu-egg-009"]: Creating...
netris_link.ns_gpu_links["swp33@sw-egg-frontend-leaf01--eth9@gpu-egg-097"]: Creation complete after 1s [id=4090961414]
netris_link.ns_gpu_links["swp2@sw-egg-frontend-leaf02--eth10@gpu-egg-004"]: Creating...
netris_link.ns_gpu_links["swp29@sw-egg-frontend-leaf03--eth9@gpu-egg-086"]: Creation complete after 1s [id=3960410073]
netris_link.ns_gpu_links["swp27@sw-egg-frontend-leaf06--eth10@gpu-egg-081"]: Creating...
netris_link.ns_gpu_links["swp7@sw-egg-frontend-leaf03--eth9@gpu-egg-020"]: Creation complete after 1s [id=3921347115]
netris_link.oob_switch_links["swp21@sw-egg-oob-mgmt02--eth11@gpu-egg-070"]: Creating...
netris_link.ns_gpu_links["swp3@sw-egg-frontend-leaf01--eth9@gpu-egg-007"]: Creation complete after 1s [id=4062427750]
netris_link.ns_gpu_links["swp19@sw-egg-frontend-leaf02--eth10@gpu-egg-055"]: Creating...
netris_link.oob_switch_links["swp31@sw-egg-oob-mgmt04--eth11@gpu-egg-124"]: Creation complete after 1s [id=4127404415]
netris_link.ns_gpu_links["swp13@sw-egg-frontend-leaf03--eth9@gpu-egg-038"]: Creating...
netris_link.ns_gpu_links["swp41@sw-egg-frontend-leaf01--eth9@gpu-egg-121"]: Creation complete after 1s [id=4041092972]
netris_link.ns_gpu_links["swp19@sw-egg-frontend-leaf04--eth10@gpu-egg-056"]: Creating...
netris_link.ns_gpu_links["swp39@sw-egg-frontend-leaf04--eth10@gpu-egg-116"]: Creation complete after 1s [id=4111429103]
netris_link.ns_gpu_links["swp2@sw-egg-frontend-leaf03--eth9@gpu-egg-005"]: Creating...
netris_link.ns_gpu_links["swp8@sw-egg-frontend-leaf06--eth10@gpu-egg-024"]: Creation complete after 1s [id=4023043932]
netris_link.ns_gpu_links["swp37@sw-egg-frontend-leaf04--eth10@gpu-egg-110"]: Creating...
netris_link.ns_gpu_links["swp18@sw-egg-frontend-leaf03--eth9@gpu-egg-053"]: Creation complete after 1s [id=4005571849]
netris_link.oob_switch_links["swp6@sw-egg-oob-mgmt02--eth11@gpu-egg-010"]: Creating...
netris_link.ns_gpu_links["swp3@sw-egg-frontend-leaf06--eth10@gpu-egg-009"]: Creation complete after 0s [id=3994033463]
netris_link.ns_gpu_links["swp31@sw-egg-frontend-leaf01--eth9@gpu-egg-091"]: Creating...
netris_link.ns_gpu_links["swp27@sw-egg-frontend-leaf06--eth10@gpu-egg-081"]: Creation complete after 0s [id=3975553928]
netris_link.ns_gpu_links["swp36@sw-egg-frontend-leaf01--eth9@gpu-egg-106"]: Creating...
netris_link.ns_gpu_links["swp2@sw-egg-frontend-leaf02--eth10@gpu-egg-004"]: Creation complete after 0s [id=4061707299]
netris_link.ns_gpu_links["swp38@sw-egg-frontend-leaf04--eth10@gpu-egg-113"]: Creating...
netris_link.oob_switch_links["swp21@sw-egg-oob-mgmt02--eth11@gpu-egg-070"]: Creation complete after 0s [id=3977694162]
netris_link.ns_gpu_links["swp31@sw-egg-frontend-leaf05--eth9@gpu-egg-093"]: Creating...
netris_link.ns_gpu_links["swp19@sw-egg-frontend-leaf02--eth10@gpu-egg-055"]: Creation complete after 0s [id=4052339118]
netris_link.oob_switch_links["swp9@sw-egg-oob-mgmt02--eth11@gpu-egg-022"]: Creating...
netris_link.ns_gpu_links["swp13@sw-egg-frontend-leaf03--eth9@gpu-egg-038"]: Creation complete after 0s [id=4003155570]
netris_link.oob_switch_links["swp7@sw-egg-oob-mgmt03--eth11@gpu-egg-027"]: Creating...
netris_link.ns_gpu_links["swp19@sw-egg-frontend-leaf04--eth10@gpu-egg-056"]: Creation complete after 0s [id=4180726544]
netris_link.oob_switch_links["swp6@sw-egg-oob-mgmt03--eth11@gpu-egg-023"]: Creating...
netris_link.ns_gpu_links["swp2@sw-egg-frontend-leaf03--eth9@gpu-egg-005"]: Creation complete after 0s [id=3932602241]
netris_link.ns_gpu_links["swp32@sw-egg-frontend-leaf03--eth9@gpu-egg-095"]: Creating...
netris_link.ns_gpu_links["swp31@sw-egg-frontend-leaf01--eth9@gpu-egg-091"]: Creation complete after 0s [id=4147690791]
netris_link.ns_gpu_links["swp37@sw-egg-frontend-leaf04--eth10@gpu-egg-110"]: Creation complete after 0s [id=4178349385]
netris_link.oob_switch_links["swp6@sw-egg-oob-mgmt02--eth11@gpu-egg-010"]: Creation complete after 0s [id=3972433501]
netris_link.ns_gpu_links["swp36@sw-egg-frontend-leaf01--eth9@gpu-egg-106"]: Creation complete after 0s [id=4076320904]
netris_link.ns_gpu_links["swp5@sw-egg-frontend-leaf03--eth9@gpu-egg-014"]: Creating...
netris_link.ns_gpu_links["swp11@sw-egg-frontend-leaf03--eth9@gpu-egg-032"]: Creating...
netris_link.ns_gpu_links["swp26@sw-egg-frontend-leaf04--eth10@gpu-egg-077"]: Creating...
netris_link.oob_switch_links["swp12@sw-egg-oob-mgmt03--eth11@gpu-egg-047"]: Creating...
netris_link.oob_switch_links["swp9@sw-egg-oob-mgmt02--eth11@gpu-egg-022"]: Creation complete after 0s [id=4072349829]
netris_link.oob_switch_links["swp28@sw-egg-oob-mgmt02--eth11@gpu-egg-098"]: Creating...
netris_link.ns_gpu_links["swp38@sw-egg-frontend-leaf04--eth10@gpu-egg-113"]: Creation complete after 0s [id=4074153610]
netris_link.ns_gpu_links["swp25@sw-egg-frontend-leaf05--eth9@gpu-egg-075"]: Creating...
netris_link.oob_switch_links["swp7@sw-egg-oob-mgmt03--eth11@gpu-egg-027"]: Creation complete after 0s [id=3877193373]
netris_link.oob_switch_links["swp15@sw-egg-oob-mgmt04--eth11@gpu-egg-060"]: Creating...
netris_link.ns_gpu_links["swp31@sw-egg-frontend-leaf05--eth9@gpu-egg-093"]: Creation complete after 0s [id=4079752362]
netris_link.ns_gpu_links["swp35@sw-egg-frontend-leaf01--eth9@gpu-egg-103"]: Creating...
netris_link.ns_gpu_links["swp32@sw-egg-frontend-leaf03--eth9@gpu-egg-095"]: Creation complete after 0s [id=3908958560]
netris_link.oob_switch_links["swp3@sw-egg-oob-mgmt04--eth11@gpu-egg-012"]: Creating...
netris_link.oob_switch_links["swp6@sw-egg-oob-mgmt03--eth11@gpu-egg-023"]: Creation complete after 0s [id=3908163859]
netris_link.ns_gpu_links["swp41@sw-egg-frontend-leaf03--eth9@gpu-egg-122"]: Creating...
netris_link.ns_gpu_links["swp5@sw-egg-frontend-leaf03--eth9@gpu-egg-014"]: Creation complete after 0s [id=3965128475]
netris_link.oob_switch_links["swp29@sw-egg-oob-mgmt03--eth11@gpu-egg-115"]: Creating...
netris_link.oob_switch_links["swp12@sw-egg-oob-mgmt03--eth11@gpu-egg-047"]: Creation complete after 0s [id=3841874251]
netris_link.oob_switch_links["swp32@sw-egg-oob-mgmt04--eth11@gpu-egg-128"]: Creating...
netris_link.ns_gpu_links["swp26@sw-egg-frontend-leaf04--eth10@gpu-egg-077"]: Creation complete after 0s [id=4173323056]
netris_link.oob_switch_links["swp4@sw-egg-oob-mgmt01--eth11@gpu-egg-001"]: Creating...
netris_link.ns_gpu_links["swp11@sw-egg-frontend-leaf03--eth9@gpu-egg-032"]: Creation complete after 0s [id=3906129669]
netris_link.oob_switch_links["swp27@sw-egg-oob-mgmt02--eth11@gpu-egg-094"]: Creating...
netris_link.oob_switch_links["swp28@sw-egg-oob-mgmt02--eth11@gpu-egg-098"]: Creation complete after 0s [id=4056211349]
netris_link.oob_switch_links["swp28@sw-egg-oob-mgmt04--eth11@gpu-egg-112"]: Creating...
netris_link.ns_gpu_links["swp25@sw-egg-frontend-leaf05--eth9@gpu-egg-075"]: Creation complete after 0s [id=4121047044]
netris_link.oob_switch_links["swp30@sw-egg-oob-mgmt01--eth11@gpu-egg-105"]: Creating...
netris_link.ns_gpu_links["swp35@sw-egg-frontend-leaf01--eth9@gpu-egg-103"]: Creation complete after 0s [id=4079210777]
netris_link.oob_switch_links["swp26@sw-egg-oob-mgmt04--eth11@gpu-egg-104"]: Creating...
netris_link.oob_switch_links["swp15@sw-egg-oob-mgmt04--eth11@gpu-egg-060"]: Creation complete after 0s [id=4167021621]
netris_link.oob_switch_links["swp36@sw-egg-oob-mgmt01--eth5@srv-egg-storage01"]: Creating...
netris_link.oob_switch_links["swp3@sw-egg-oob-mgmt04--eth11@gpu-egg-012"]: Creation complete after 0s [id=4190058843]
netris_link.oob_switch_links["swp48@sw-egg-oob-mgmt03--swp48@sw-egg-oob-mgmt04"]: Creating...
netris_link.ns_gpu_links["swp41@sw-egg-frontend-leaf03--eth9@gpu-egg-122"]: Creation complete after 0s [id=3994838366]
netris_link.oob_switch_links["swp1@sw-egg-oob-mgmt04--eth11@gpu-egg-004"]: Creating...
netris_link.oob_switch_links["swp29@sw-egg-oob-mgmt03--eth11@gpu-egg-115"]: Creation complete after 0s [id=3849153251]
netris_link.oob_switch_links["swp24@sw-egg-oob-mgmt01--eth11@gpu-egg-081"]: Creating...
netris_link.oob_switch_links["swp4@sw-egg-oob-mgmt01--eth11@gpu-egg-001"]: Creation complete after 0s [id=4129040581]
netris_link.oob_switch_links["swp15@sw-egg-oob-mgmt03--eth11@gpu-egg-059"]: Creating...
netris_link.oob_switch_links["swp32@sw-egg-oob-mgmt04--eth11@gpu-egg-128"]: Creation complete after 0s [id=4074875844]
netris_link.oob_switch_links["swp11@sw-egg-oob-mgmt01--eth11@gpu-egg-029"]: Creating...
netris_link.oob_switch_links["swp27@sw-egg-oob-mgmt02--eth11@gpu-egg-094"]: Creation complete after 0s [id=3972344346]
netris_link.oob_switch_links["swp31@sw-egg-oob-mgmt02--eth11@gpu-egg-110"]: Creating...
netris_link.oob_switch_links["swp28@sw-egg-oob-mgmt04--eth11@gpu-egg-112"]: Creation complete after 0s [id=4088247722]
netris_link.oob_switch_links["swp26@sw-egg-oob-mgmt02--eth11@gpu-egg-090"]: Creating...
netris_link.oob_switch_links["swp30@sw-egg-oob-mgmt01--eth11@gpu-egg-105"]: Creation complete after 0s [id=4073612633]
netris_link.oob_switch_links["swp34@sw-egg-oob-mgmt01--eth11@gpu-egg-121"]: Creating...
netris_link.oob_switch_links["swp36@sw-egg-oob-mgmt01--eth5@srv-egg-storage01"]: Creation complete after 0s [id=4020262789]
netris_link.ns_gpu_links["swp28@sw-egg-frontend-leaf04--eth10@gpu-egg-083"]: Creating...
netris_link.oob_switch_links["swp26@sw-egg-oob-mgmt04--eth11@gpu-egg-104"]: Creation complete after 0s [id=4144958349]
netris_link.oob_switch_links["swp12@sw-egg-oob-mgmt01--eth11@gpu-egg-033"]: Creating...
netris_link.oob_switch_links["swp48@sw-egg-oob-mgmt03--swp48@sw-egg-oob-mgmt04"]: Creation complete after 0s [id=4216835092]
netris_link.ns_gpu_links["swp4@sw-egg-frontend-leaf03--eth9@gpu-egg-011"]: Creating...
netris_link.oob_switch_links["swp1@sw-egg-oob-mgmt04--eth11@gpu-egg-004"]: Creation complete after 0s [id=4164739660]
netris_link.oob_switch_links["swp9@sw-egg-oob-mgmt01--eth11@gpu-egg-021"]: Creating...
netris_link.oob_switch_links["swp24@sw-egg-oob-mgmt01--eth11@gpu-egg-081"]: Creation complete after 0s [id=4054229314]
netris_link.ns_gpu_links["swp2@sw-egg-frontend-leaf01--eth9@gpu-egg-004"]: Creating...
netris_link.oob_switch_links["swp11@sw-egg-oob-mgmt01--eth11@gpu-egg-029"]: Creation complete after 0s [id=4057021280]
netris_link.ns_gpu_links["swp36@sw-egg-frontend-leaf04--eth10@gpu-egg-107"]: Creating...
netris_link.oob_switch_links["swp15@sw-egg-oob-mgmt03--eth11@gpu-egg-059"]: Creation complete after 0s [id=3814224406]
netris_link.ns_gpu_links["swp40@sw-egg-frontend-leaf06--eth10@gpu-egg-120"]: Creating...
netris_link.oob_switch_links["swp26@sw-egg-oob-mgmt02--eth11@gpu-egg-090"]: Creation complete after 0s [id=4041183689]
netris_link.oob_switch_links["swp31@sw-egg-oob-mgmt02--eth11@gpu-egg-110"]: Creation complete after 0s [id=4054500206]
netris_link.oob_switch_links["swp23@sw-egg-oob-mgmt01--eth11@gpu-egg-077"]: Creating...
netris_link.ns_gpu_links["swp43@sw-egg-frontend-leaf01--eth9@gpu-egg-127"]: Creating...
netris_link.ns_gpu_links["swp4@sw-egg-frontend-leaf03--eth9@gpu-egg-011"]: Creation complete after 0s [id=3973860423]
netris_link.ns_gpu_links["swp16@sw-egg-frontend-leaf02--eth10@gpu-egg-046"]: Creating...
netris_link.oob_switch_links["swp12@sw-egg-oob-mgmt01--eth11@gpu-egg-033"]: Creation complete after 0s [id=4089876101]
netris_link.oob_switch_links["swp1@sw-egg-oob-mgmt03--eth11@gpu-egg-003"]: Creating...
netris_link.ns_gpu_links["swp28@sw-egg-frontend-leaf04--eth10@gpu-egg-083"]: Creation complete after 0s [id=4083546952]
netris_link.ns_gpu_links["swp5@sw-egg-frontend-leaf05--eth9@gpu-egg-015"]: Creating...
netris_link.oob_switch_links["swp34@sw-egg-oob-mgmt01--eth11@gpu-egg-121"]: Creation complete after 0s [id=4036329652]
netris_link.ns_gpu_links["swp38@sw-egg-frontend-leaf05--eth9@gpu-egg-114"]: Creating...
netris_link.ns_gpu_links["swp36@sw-egg-frontend-leaf04--eth10@gpu-egg-107"]: Creation complete after 0s [id=4107168227]
netris_link.oob_switch_links["swp10@sw-egg-oob-mgmt02--eth11@gpu-egg-026"]: Creating...
netris_link.ns_gpu_links["swp2@sw-egg-frontend-leaf01--eth9@gpu-egg-004"]: Creation complete after 0s [id=4118052041]
netris_link.ns_gpu_links["swp12@sw-egg-frontend-leaf01--eth9@gpu-egg-034"]: Creating...
netris_link.oob_switch_links["swp9@sw-egg-oob-mgmt01--eth11@gpu-egg-021"]: Creation complete after 0s [id=4077675479]
netris_link.ns_gpu_links["swp36@sw-egg-frontend-leaf02--eth10@gpu-egg-106"]: Creating...
netris_link.ns_gpu_links["swp40@sw-egg-frontend-leaf06--eth10@gpu-egg-120"]: Creation complete after 0s [id=3943961755]
netris_link.oob_switch_links["swp19@sw-egg-oob-mgmt03--eth11@gpu-egg-075"]: Creating...
netris_link.ns_gpu_links["swp43@sw-egg-frontend-leaf01--eth9@gpu-egg-127"]: Creation complete after 1s [id=4082914914]
netris_link.ns_gpu_links["swp41@sw-egg-frontend-leaf06--eth10@gpu-egg-123"]: Creating...
netris_link.oob_switch_links["swp23@sw-egg-oob-mgmt01--eth11@gpu-egg-077"]: Creation complete after 1s [id=4117779812]
netris_link.ns_gpu_links["swp28@sw-egg-frontend-leaf03--eth9@gpu-egg-083"]: Creating...
netris_link.ns_gpu_links["swp16@sw-egg-frontend-leaf02--eth10@gpu-egg-046"]: Creation complete after 1s [id=4069913301]
netris_link.oob_switch_links["swp14@sw-egg-oob-mgmt01--eth11@gpu-egg-041"]: Creating...
netris_link.oob_switch_links["swp1@sw-egg-oob-mgmt03--eth11@gpu-egg-003"]: Creation complete after 1s [id=3834164274]
netris_link.ns_gpu_links["swp9@sw-egg-frontend-leaf02--eth10@gpu-egg-025"]: Creating...
netris_link.ns_gpu_links["swp5@sw-egg-frontend-leaf05--eth9@gpu-egg-015"]: Creation complete after 1s [id=4079391074]
netris_link.oob_switch_links["swp5@sw-egg-oob-mgmt01--eth11@gpu-egg-005"]: Creating...
netris_link.ns_gpu_links["swp38@sw-egg-frontend-leaf05--eth9@gpu-egg-114"]: Creation complete after 1s [id=4142227430]
netris_link.ns_gpu_links["swp15@sw-egg-frontend-leaf05--eth9@gpu-egg-045"]: Creating...
netris_link.oob_switch_links["swp10@sw-egg-oob-mgmt02--eth11@gpu-egg-026"]: Creation complete after 1s [id=4067477867]
netris_link.oob_switch_links["swp30@sw-egg-oob-mgmt03--eth11@gpu-egg-119"]: Creating...
netris_link.ns_gpu_links["swp12@sw-egg-frontend-leaf01--eth9@gpu-egg-034"]: Creation complete after 1s [id=4084089781]
netris_link.oob_switch_links["swp19@sw-egg-oob-mgmt02--eth11@gpu-egg-062"]: Creating...
netris_link.ns_gpu_links["swp36@sw-egg-frontend-leaf02--eth10@gpu-egg-106"]: Creation complete after 1s [id=4020263365]
netris_link.ns_gpu_links["swp29@sw-egg-frontend-leaf06--eth10@gpu-egg-087"]: Creating...
netris_link.oob_switch_links["swp19@sw-egg-oob-mgmt03--eth11@gpu-egg-075"]: Creation complete after 1s [id=3867600816]
netris_link.oob_switch_links["swp5@sw-egg-oob-mgmt03--eth11@gpu-egg-019"]: Creating...
netris_link.ns_gpu_links["swp28@sw-egg-frontend-leaf03--eth9@gpu-egg-083"]: Creation complete after 0s [id=3904715580]
netris_link.oob_switch_links["swp9@sw-egg-oob-mgmt04--eth11@gpu-egg-036"]: Creating...
netris_link.ns_gpu_links["swp41@sw-egg-frontend-leaf06--eth10@gpu-egg-123"]: Creation complete after 0s [id=4048739140]
netris_link.oob_switch_links["swp28@sw-egg-oob-mgmt03--eth11@gpu-egg-111"]: Creating...
netris_link.oob_switch_links["swp14@sw-egg-oob-mgmt01--eth11@gpu-egg-041"]: Creation complete after 0s [id=4019276507]
netris_link.oob_switch_links["swp18@sw-egg-oob-mgmt01--eth11@gpu-egg-057"]: Creating...
netris_link.oob_switch_links["swp5@sw-egg-oob-mgmt01--eth11@gpu-egg-005"]: Creation complete after 0s [id=4057471691]
netris_link.oob_switch_links["swp3@sw-egg-oob-mgmt01--eth1@srv-egg-cp03"]: Creating...
netris_link.ns_gpu_links["swp9@sw-egg-frontend-leaf02--eth10@gpu-egg-025"]: Creation complete after 0s [id=4007988055]
netris_link.oob_switch_links["swp11@sw-egg-oob-mgmt02--eth11@gpu-egg-030"]: Creating...
netris_link.ns_gpu_links["swp15@sw-egg-frontend-leaf05--eth9@gpu-egg-045"]: Creation complete after 0s [id=4171222216]
netris_link.ns_gpu_links["swp10@sw-egg-frontend-leaf05--eth9@gpu-egg-030"]: Creating...
netris_link.oob_switch_links["swp30@sw-egg-oob-mgmt03--eth11@gpu-egg-119"]: Creation complete after 0s [id=3905423590]
netris_link.oob_switch_links["swp33@sw-egg-oob-mgmt03--eth5@srv-egg-storage03"]: Creating...
netris_link.oob_switch_links["swp19@sw-egg-oob-mgmt02--eth11@gpu-egg-062"]: Creation complete after 0s [id=4075238283]
netris_link.ns_gpu_links["swp8@sw-egg-frontend-leaf03--eth9@gpu-egg-023"]: Creating...
netris_link.oob_switch_links["swp28@sw-egg-oob-mgmt03--eth11@gpu-egg-111"]: Creation complete after 0s [id=3850996023]
netris_link.ns_gpu_links["swp30@sw-egg-frontend-leaf06--eth10@gpu-egg-090"]: Creating...
netris_link.oob_switch_links["swp9@sw-egg-oob-mgmt04--eth11@gpu-egg-036"]: Creation complete after 0s [id=4112426727]
netris_link.ns_gpu_links["swp37@sw-egg-frontend-leaf01--eth9@gpu-egg-109"]: Creating...
netris_link.oob_switch_links["swp18@sw-egg-oob-mgmt01--eth11@gpu-egg-057"]: Creation complete after 0s [id=4043790538]
netris_link.ns_gpu_links["swp29@sw-egg-frontend-leaf06--eth10@gpu-egg-087"]: Creation complete after 0s [id=3956138737]
netris_link.oob_switch_links["swp5@sw-egg-oob-mgmt03--eth11@gpu-egg-019"]: Creation complete after 0s [id=3812390465]
netris_link.oob_switch_links["swp3@sw-egg-oob-mgmt01--eth1@srv-egg-cp03"]: Creation complete after 0s [id=4020800857]
netris_link.oob_switch_links["swp11@sw-egg-oob-mgmt02--eth11@gpu-egg-030"]: Creation complete after 0s [id=4019097947]
netris_link.oob_switch_links["swp7@sw-egg-oob-mgmt04--eth11@gpu-egg-028"]: Creating...
netris_link.oob_switch_links["swp27@sw-egg-oob-mgmt03--eth11@gpu-egg-107"]: Creating...
netris_link.ns_gpu_links["swp2@sw-egg-frontend-leaf05--eth9@gpu-egg-006"]: Creating...
netris_link.oob_switch_links["swp23@sw-egg-oob-mgmt04--eth11@gpu-egg-092"]: Creating...
netris_link.oob_switch_links["swp11@sw-egg-oob-mgmt04--eth11@gpu-egg-044"]: Creating...
netris_link.ns_gpu_links["swp10@sw-egg-frontend-leaf05--eth9@gpu-egg-030"]: Creation complete after 0s [id=4125678471]
netris_link.oob_switch_links["swp19@sw-egg-oob-mgmt01--eth11@gpu-egg-061"]: Creating...
netris_link.ns_gpu_links["swp8@sw-egg-frontend-leaf03--eth9@gpu-egg-023"]: Creation complete after 0s [id=3997788665]
netris_link.oob_switch_links["swp6@sw-egg-oob-mgmt01--eth11@gpu-egg-009"]: Creating...
netris_link.oob_switch_links["swp33@sw-egg-oob-mgmt03--eth5@srv-egg-storage03"]: Creation complete after 0s [id=3810033148]
netris_link.oob_switch_links["swp4@sw-egg-oob-mgmt04--eth11@gpu-egg-016"]: Creating...
netris_link.ns_gpu_links["swp30@sw-egg-frontend-leaf06--eth10@gpu-egg-090"]: Creation complete after 0s [id=4029953813]
netris_link.oob_switch_links["swp9@sw-egg-oob-mgmt03--eth11@gpu-egg-035"]: Creating...
netris_link.ns_gpu_links["swp37@sw-egg-frontend-leaf01--eth9@gpu-egg-109"]: Creation complete after 0s [id=4094308911]
netris_link.oob_switch_links["swp22@sw-egg-oob-mgmt03--eth11@gpu-egg-087"]: Creating...
netris_link.oob_switch_links["swp7@sw-egg-oob-mgmt04--eth11@gpu-egg-028"]: Creation complete after 0s [id=4079390944]
netris_link.oob_switch_links["swp7@sw-egg-oob-mgmt02--eth11@gpu-egg-014"]: Creating...
netris_link.oob_switch_links["swp11@sw-egg-oob-mgmt04--eth11@gpu-egg-044"]: Creation complete after 0s [id=4177709575]
netris_link.oob_switch_links["swp22@sw-egg-oob-mgmt01--eth11@gpu-egg-073"]: Creating...
netris_link.oob_switch_links["swp23@sw-egg-oob-mgmt04--eth11@gpu-egg-092"]: Creation complete after 0s [id=4098743697]
netris_link.oob_switch_links["swp21@sw-egg-oob-mgmt04--eth11@gpu-egg-084"]: Creating...
netris_link.ns_gpu_links["swp2@sw-egg-frontend-leaf05--eth9@gpu-egg-006"]: Creation complete after 0s [id=4149967736]
netris_link.ns_gpu_links["swp43@sw-egg-frontend-leaf02--eth10@gpu-egg-127"]: Creating...
netris_link.oob_switch_links["swp27@sw-egg-oob-mgmt03--eth11@gpu-egg-107"]: Creation complete after 0s [id=3838368736]
netris_link.oob_switch_links["swp32@sw-egg-oob-mgmt03--eth11@gpu-egg-127"]: Creating...
netris_link.oob_switch_links["swp6@sw-egg-oob-mgmt01--eth11@gpu-egg-009"]: Creation complete after 0s [id=4073432134]
netris_link.ns_gpu_links["swp11@sw-egg-frontend-leaf05--eth9@gpu-egg-033"]: Creating...
netris_link.oob_switch_links["swp19@sw-egg-oob-mgmt01--eth11@gpu-egg-061"]: Creation complete after 0s [id=4056751041]
netris_link.oob_switch_links["swp15@sw-egg-oob-mgmt01--eth11@gpu-egg-045"]: Creating...
netris_link.oob_switch_links["swp4@sw-egg-oob-mgmt04--eth11@gpu-egg-016"]: Creation complete after 0s [id=4138951282]
netris_link.ns_gpu_links["swp37@sw-egg-frontend-leaf06--eth10@gpu-egg-111"]: Creating...
netris_link.oob_switch_links["swp9@sw-egg-oob-mgmt03--eth11@gpu-egg-035"]: Creation complete after 0s [id=3879307087]
netris_link.oob_switch_links["swp24@sw-egg-oob-mgmt04--eth11@gpu-egg-096"]: Creating...
netris_link.oob_switch_links["swp7@sw-egg-oob-mgmt02--eth11@gpu-egg-014"]: Creation complete after 0s [id=4022685011]
netris_link.ns_gpu_links["swp20@sw-egg-frontend-leaf01--eth9@gpu-egg-058"]: Creating...
netris_link.oob_switch_links["swp22@sw-egg-oob-mgmt03--eth11@gpu-egg-087"]: Creation complete after 0s [id=3821564613]
netris_link.ns_gpu_links["swp14@sw-egg-frontend-leaf05--eth9@gpu-egg-042"]: Creating...
netris_link.oob_switch_links["swp21@sw-egg-oob-mgmt04--eth11@gpu-egg-084"]: Creation complete after 0s [id=4150514234]
netris_link.ns_gpu_links["swp8@sw-egg-frontend-leaf02--eth10@gpu-egg-022"]: Creating...
netris_link.ns_gpu_links["swp43@sw-egg-frontend-leaf02--eth10@gpu-egg-127"]: Creation complete after 0s [id=4026811896]
netris_link.oob_switch_links["swp25@sw-egg-oob-mgmt03--eth11@gpu-egg-099"]: Creating...
netris_link.oob_switch_links["swp22@sw-egg-oob-mgmt01--eth11@gpu-egg-073"]: Creation complete after 0s [id=4113697053]
netris_link.ns_gpu_links["swp4@sw-egg-frontend-leaf06--eth10@gpu-egg-012"]: Creating...
netris_link.oob_switch_links["swp32@sw-egg-oob-mgmt03--eth11@gpu-egg-127"]: Creation complete after 0s [id=3863907764]
netris_link.ns_gpu_links["swp10@sw-egg-frontend-leaf01--eth9@gpu-egg-028"]: Creating...
netris_link.ns_gpu_links["swp11@sw-egg-frontend-leaf05--eth9@gpu-egg-033"]: Creation complete after 0s [id=4128767523]
netris_link.ns_gpu_links["swp21@sw-egg-frontend-leaf04--eth10@gpu-egg-062"]: Creating...
netris_link.oob_switch_links["swp15@sw-egg-oob-mgmt01--eth11@gpu-egg-045"]: Creation complete after 0s [id=4132039973]
netris_link.oob_switch_links["swp13@sw-egg-oob-mgmt01--eth11@gpu-egg-037"]: Creating...
netris_link.ns_gpu_links["swp37@sw-egg-frontend-leaf06--eth10@gpu-egg-111"]: Creation complete after 0s [id=3986261458]
netris_link.ns_gpu_links["swp29@sw-egg-frontend-leaf02--eth10@gpu-egg-085"]: Creating...
netris_link.oob_switch_links["swp24@sw-egg-oob-mgmt04--eth11@gpu-egg-096"]: Creation complete after 0s [id=4117779251]
netris_link.oob_switch_links["swp21@sw-egg-oob-mgmt03--eth11@gpu-egg-083"]: Creating...
netris_link.ns_gpu_links["swp20@sw-egg-frontend-leaf01--eth9@gpu-egg-058"]: Creation complete after 0s [id=4106715648]
netris_link.oob_switch_links["swp17@sw-egg-oob-mgmt01--eth11@gpu-egg-053"]: Creating...
netris_link.oob_switch_links["swp25@sw-egg-oob-mgmt03--eth11@gpu-egg-099"]: Creation complete after 0s [id=3856526985]
netris_link.ns_gpu_links["swp14@sw-egg-frontend-leaf05--eth9@gpu-egg-042"]: Creation complete after 0s [id=4081197795]
netris_link.ns_gpu_links["swp8@sw-egg-frontend-leaf02--eth10@gpu-egg-022"]: Creation complete after 0s [id=4088068031]
netris_link.ns_gpu_links["swp4@sw-egg-frontend-leaf06--eth10@gpu-egg-012"]: Creation complete after 0s [id=4059274442]
netris_link.oob_switch_links["swp26@sw-egg-oob-mgmt03--eth11@gpu-egg-103"]: Creating...
netris_link.ns_gpu_links["swp12@sw-egg-frontend-leaf03--eth9@gpu-egg-035"]: Creating...
netris_link.ns_gpu_links["swp20@sw-egg-frontend-leaf02--eth10@gpu-egg-058"]: Creating...
netris_link.oob_switch_links["swp4@sw-egg-oob-mgmt02--eth11@gpu-egg-002"]: Creating...
netris_link.oob_switch_links["swp13@sw-egg-oob-mgmt01--eth11@gpu-egg-037"]: Creation complete after 0s [id=4037407927]
netris_link.oob_switch_links["swp19@sw-egg-oob-mgmt04--eth11@gpu-egg-076"]: Creating...
netris_link.ns_gpu_links["swp21@sw-egg-frontend-leaf04--eth10@gpu-egg-062"]: Creation complete after 0s [id=4199034842]
netris_link.ns_gpu_links["swp11@sw-egg-frontend-leaf06--eth10@gpu-egg-033"]: Creating...
netris_link.ns_gpu_links["swp10@sw-egg-frontend-leaf01--eth9@gpu-egg-028"]: Creation complete after 0s [id=4033365172]
netris_link.oob_switch_links["swp28@sw-egg-oob-mgmt01--eth11@gpu-egg-097"]: Creating...
netris_link.oob_switch_links["swp17@sw-egg-oob-mgmt01--eth11@gpu-egg-053"]: Creation complete after 1s [id=4131221844]
netris_link.oob_switch_links["swp27@sw-egg-oob-mgmt01--eth11@gpu-egg-093"]: Creating...
netris_link.ns_gpu_links["swp29@sw-egg-frontend-leaf02--eth10@gpu-egg-085"]: Creation complete after 1s [id=4044330710]
netris_link.ns_gpu_links["swp9@sw-egg-frontend-leaf01--eth9@gpu-egg-025"]: Creating...
netris_link.oob_switch_links["swp21@sw-egg-oob-mgmt03--eth11@gpu-egg-083"]: Creation complete after 1s [id=3815709350]
netris_link.ns_gpu_links["swp4@sw-egg-frontend-leaf01--eth9@gpu-egg-010"]: Creating...
netris_link.ns_gpu_links["swp12@sw-egg-frontend-leaf03--eth9@gpu-egg-035"]: Creation complete after 1s [id=3968691368]
netris_link.oob_switch_links["swp35@sw-egg-oob-mgmt01--eth11@gpu-egg-125"]: Creating...
netris_link.ns_gpu_links["swp20@sw-egg-frontend-leaf02--eth10@gpu-egg-058"]: Creation complete after 1s [id=4050448781]
netris_link.ns_gpu_links["swp40@sw-egg-frontend-leaf01--eth9@gpu-egg-118"]: Creating...
netris_link.oob_switch_links["swp4@sw-egg-oob-mgmt02--eth11@gpu-egg-002"]: Creation complete after 1s [id=4045140389]
netris_link.ns_gpu_links["swp10@sw-egg-frontend-leaf03--eth9@gpu-egg-029"]: Creating...
netris_link.oob_switch_links["swp26@sw-egg-oob-mgmt03--eth11@gpu-egg-103"]: Creation complete after 1s [id=3860480099]
netris_link.oob_switch_links["swp22@sw-egg-oob-mgmt04--eth11@gpu-egg-088"]: Creating...
netris_link.oob_switch_links["swp19@sw-egg-oob-mgmt04--eth11@gpu-egg-076"]: Creation complete after 1s [id=4161363466]
netris_link.ns_gpu_links["swp23@sw-egg-frontend-leaf04--eth10@gpu-egg-068"]: Creating...
netris_link.ns_gpu_links["swp11@sw-egg-frontend-leaf06--eth10@gpu-egg-033"]: Creation complete after 1s [id=4010495659]
netris_link.ew_gpu_links["swp6@sw-egg-backend-plane3-leaf08--eth6@gpu-egg-024"]: Creating...
netris_link.oob_switch_links["swp28@sw-egg-oob-mgmt01--eth11@gpu-egg-097"]: Creation complete after 1s [id=4086349588]
netris_link.ew_gpu_links["swp11@sw-egg-backend-plane1-leaf04--eth1@gpu-egg-044"]: Creating...
netris_link.oob_switch_links["swp27@sw-egg-oob-mgmt01--eth11@gpu-egg-093"]: Creation complete after 0s [id=4040643539]
netris_link.ew_gpu_links["swp14@sw-egg-backend-plane3-leaf03--eth6@gpu-egg-051"]: Creating...
netris_link.ns_gpu_links["swp9@sw-egg-frontend-leaf01--eth9@gpu-egg-025"]: Creation complete after 0s [id=4063960243]
netris_link.ew_gpu_links["swp20@sw-egg-backend-plane4-leaf04--eth8@gpu-egg-076"]: Creating...
netris_link.ns_gpu_links["swp4@sw-egg-frontend-leaf01--eth9@gpu-egg-010"]: Creation complete after 0s [id=4043700573]
netris_link.ew_gpu_links["swp30@sw-egg-backend-plane3-leaf07--eth6@gpu-egg-119"]: Creating...
netris_link.oob_switch_links["swp35@sw-egg-oob-mgmt01--eth11@gpu-egg-125"]: Creation complete after 0s [id=4051258280]
netris_link.ew_gpu_links["swp11@sw-egg-backend-plane4-leaf01--eth7@gpu-egg-041"]: Creating...
netris_link.ns_gpu_links["swp40@sw-egg-frontend-leaf01--eth9@gpu-egg-118"]: Creation complete after 0s [id=4031120067]
netris_link.ew_gpu_links["swp4@sw-egg-backend-plane3-leaf07--eth6@gpu-egg-015"]: Creating...
netris_link.ns_gpu_links["swp10@sw-egg-frontend-leaf03--eth9@gpu-egg-029"]: Creation complete after 0s [id=3932336178]
netris_link.ew_gpu_links["swp26@sw-egg-backend-plane1-leaf08--eth2@gpu-egg-104"]: Creating...
netris_link.oob_switch_links["swp22@sw-egg-oob-mgmt04--eth11@gpu-egg-088"]: Creation complete after 0s [id=4171678781]
netris_link.ew_gpu_links["swp12@sw-egg-backend-plane2-leaf05--eth4@gpu-egg-045"]: Creating...
netris_link.ns_gpu_links["swp23@sw-egg-frontend-leaf04--eth10@gpu-egg-068"]: Creation complete after 0s [id=4141954215]
netris_link.ew_gpu_links["swp23@sw-egg-backend-plane1-leaf07--eth1@gpu-egg-095"]: Creating...
netris_link.ew_gpu_links["swp6@sw-egg-backend-plane3-leaf08--eth6@gpu-egg-024"]: Creation complete after 0s [id=3953916053]
netris_link.ew_gpu_links["swp9@sw-egg-backend-plane2-leaf08--eth3@gpu-egg-040"]: Creating...
netris_link.ew_gpu_links["swp11@sw-egg-backend-plane1-leaf04--eth1@gpu-egg-044"]: Creation complete after 0s [id=4040464708]
netris_link.ew_gpu_links["swp32@sw-egg-backend-plane1-leaf03--eth2@gpu-egg-123"]: Creating...
netris_link.ew_gpu_links["swp20@sw-egg-backend-plane4-leaf04--eth8@gpu-egg-076"]: Creation complete after 0s [id=4171404648]
netris_link.ew_gpu_links["swp21@sw-egg-backend-plane3-leaf06--eth5@gpu-egg-086"]: Creating...
netris_link.ew_gpu_links["swp14@sw-egg-backend-plane3-leaf03--eth6@gpu-egg-051"]: Creation complete after 0s [id=4109978608]
netris_link.ew_gpu_links["swp27@sw-egg-backend-plane2-leaf08--eth3@gpu-egg-112"]: Creating...
netris_link.ew_gpu_links["swp30@sw-egg-backend-plane3-leaf07--eth6@gpu-egg-119"]: Creation complete after 0s [id=4073613145]
netris_link.ew_gpu_links["swp28@sw-egg-backend-plane2-leaf03--eth4@gpu-egg-107"]: Creating...
netris_link.ew_gpu_links["swp11@sw-egg-backend-plane4-leaf01--eth7@gpu-egg-041"]: Creation complete after 0s [id=3995731165]
netris_link.ew_gpu_links["swp15@sw-egg-backend-plane3-leaf02--eth5@gpu-egg-058"]: Creating...
netris_link.ew_gpu_links["swp26@sw-egg-backend-plane1-leaf08--eth2@gpu-egg-104"]: Creation complete after 0s [id=4075959992]
netris_link.ew_gpu_links["swp18@sw-egg-backend-plane1-leaf02--eth2@gpu-egg-066"]: Creating...
netris_link.ew_gpu_links["swp4@sw-egg-backend-plane3-leaf07--eth6@gpu-egg-015"]: Creation complete after 0s [id=3994211849]
netris_link.ew_gpu_links["swp12@sw-egg-backend-plane2-leaf05--eth4@gpu-egg-045"]: Creation complete after 0s [id=3954183151]
netris_link.ew_gpu_links["swp23@sw-egg-backend-plane1-leaf07--eth1@gpu-egg-095"]: Creation complete after 0s [id=3997072326]
netris_link.ew_gpu_links["swp7@sw-egg-backend-plane2-leaf08--eth3@gpu-egg-032"]: Creating...
netris_link.ew_gpu_links["swp25@sw-egg-backend-plane3-leaf02--eth5@gpu-egg-098"]: Creating...
netris_link.ew_gpu_links["swp18@sw-egg-backend-plane2-leaf05--eth4@gpu-egg-069"]: Creating...
netris_link.ew_gpu_links["swp9@sw-egg-backend-plane2-leaf08--eth3@gpu-egg-040"]: Creation complete after 0s [id=3847135136]
netris_link.ew_gpu_links["swp29@sw-egg-backend-plane1-leaf03--eth1@gpu-egg-115"]: Creating...
netris_link.ew_gpu_links["swp32@sw-egg-backend-plane1-leaf03--eth2@gpu-egg-123"]: Creation complete after 0s [id=3961300563]
netris_link.ew_gpu_links["swp19@sw-egg-backend-plane2-leaf05--eth3@gpu-egg-077"]: Creating...
netris_link.ew_gpu_links["swp21@sw-egg-backend-plane3-leaf06--eth5@gpu-egg-086"]: Creation complete after 0s [id=3896943471]
netris_link.ew_gpu_links["swp1@sw-egg-backend-plane3-leaf03--eth5@gpu-egg-003"]: Creating...
netris_link.ew_gpu_links["swp28@sw-egg-backend-plane2-leaf03--eth4@gpu-egg-107"]: Creation complete after 0s [id=3847661696]
netris_link.ew_gpu_links["swp23@sw-egg-backend-plane4-leaf06--eth7@gpu-egg-094"]: Creating...
netris_link.ew_gpu_links["swp27@sw-egg-backend-plane2-leaf08--eth3@gpu-egg-112"]: Creation complete after 0s [id=3856438791]
netris_link.ew_gpu_links["swp15@sw-egg-backend-plane3-leaf02--eth5@gpu-egg-058"]: Creation complete after 0s [id=3930917877]
netris_link.ew_gpu_links["swp27@sw-egg-backend-plane1-leaf02--eth1@gpu-egg-106"]: Creating...
netris_link.ew_gpu_links["swp2@sw-egg-backend-plane2-leaf07--eth4@gpu-egg-007"]: Creating...
netris_link.ew_gpu_links["swp18@sw-egg-backend-plane1-leaf02--eth2@gpu-egg-066"]: Creation complete after 0s [id=4126586824]
netris_link.ew_gpu_links["swp6@sw-egg-backend-plane3-leaf03--eth6@gpu-egg-019"]: Creating...
netris_link.ew_gpu_links["swp18@sw-egg-backend-plane2-leaf05--eth4@gpu-egg-069"]: Creation complete after 0s [id=3956673563]
netris_link.ew_gpu_links["swp19@sw-egg-backend-plane3-leaf07--eth5@gpu-egg-079"]: Creating...
netris_link.ew_gpu_links["swp25@sw-egg-backend-plane3-leaf02--eth5@gpu-egg-098"]: Creation complete after 0s [id=3952315775]
netris_link.ew_gpu_links["swp7@sw-egg-backend-plane2-leaf08--eth3@gpu-egg-032"]: Creation complete after 0s [id=3848889688]
netris_link.ew_gpu_links["swp19@sw-egg-backend-plane4-leaf08--eth7@gpu-egg-080"]: Creating...
netris_link.ew_gpu_links["swp32@sw-egg-backend-plane2-leaf03--eth4@gpu-egg-123"]: Creating...
netris_link.ew_gpu_links["swp29@sw-egg-backend-plane1-leaf03--eth1@gpu-egg-115"]: Creation complete after 0s [id=3897561216]
netris_link.ew_gpu_links["swp7@sw-egg-backend-plane3-leaf01--eth5@gpu-egg-025"]: Creating...
netris_link.ew_gpu_links["swp19@sw-egg-backend-plane2-leaf05--eth3@gpu-egg-077"]: Creation complete after 0s [id=3940055994]
netris_link.ew_gpu_links["swp2@sw-egg-backend-plane3-leaf02--eth6@gpu-egg-002"]: Creating...
netris_link.ew_gpu_links["swp1@sw-egg-backend-plane3-leaf03--eth5@gpu-egg-003"]: Creation complete after 0s [id=4079842787]
netris_link.ew_gpu_links["swp31@sw-egg-backend-plane4-leaf03--eth7@gpu-egg-123"]: Creating...
netris_link.ew_gpu_links["swp23@sw-egg-backend-plane4-leaf06--eth7@gpu-egg-094"]: Creation complete after 0s [id=4027439690]
netris_link.ew_gpu_links["swp29@sw-egg-backend-plane2-leaf04--eth3@gpu-egg-116"]: Creating...
netris_link.ew_gpu_links["swp19@sw-egg-backend-plane3-leaf07--eth5@gpu-egg-079"]: Creation complete after 0s [id=4022056908]
netris_link.ew_gpu_links["swp9@sw-egg-backend-plane1-leaf05--eth1@gpu-egg-037"]: Creating...
netris_link.ew_gpu_links["swp2@sw-egg-backend-plane2-leaf07--eth4@gpu-egg-007"]: Creation complete after 0s [id=3899150570]
netris_link.ew_gpu_links["swp28@sw-egg-backend-plane4-leaf03--eth8@gpu-egg-107"]: Creating...
netris_link.ew_gpu_links["swp6@sw-egg-backend-plane3-leaf03--eth6@gpu-egg-019"]: Creation complete after 0s [id=4057561406]
netris_link.ew_gpu_links["swp3@sw-egg-backend-plane4-leaf08--eth7@gpu-egg-016"]: Creating...
netris_link.ew_gpu_links["swp27@sw-egg-backend-plane1-leaf02--eth1@gpu-egg-106"]: Creation complete after 0s [id=4115329413]
netris_link.ew_gpu_links["swp25@sw-egg-backend-plane2-leaf01--eth3@gpu-egg-097"]: Creating...
netris_link.ew_gpu_links["swp19@sw-egg-backend-plane4-leaf08--eth7@gpu-egg-080"]: Creation complete after 0s [id=3938457583]
netris_link.ew_gpu_links["swp23@sw-egg-backend-plane3-leaf06--eth5@gpu-egg-094"]: Creating...
netris_link.ew_gpu_links["swp32@sw-egg-backend-plane2-leaf03--eth4@gpu-egg-123"]: Creation complete after 0s [id=3921702232]
netris_link.ew_gpu_links["swp8@sw-egg-backend-plane1-leaf05--eth2@gpu-egg-029"]: Creating...
netris_link.ew_gpu_links["swp7@sw-egg-backend-plane3-leaf01--eth5@gpu-egg-025"]: Creation complete after 0s [id=4018828682]
netris_link.ew_gpu_links["swp19@sw-egg-backend-plane4-leaf01--eth7@gpu-egg-073"]: Creating...
netris_link.ew_gpu_links["swp2@sw-egg-backend-plane3-leaf02--eth6@gpu-egg-002"]: Creation complete after 0s [id=3941565190]
netris_link.ew_gpu_links["swp7@sw-egg-backend-plane1-leaf06--eth1@gpu-egg-030"]: Creating...
netris_link.ew_gpu_links["swp31@sw-egg-backend-plane4-leaf03--eth7@gpu-egg-123"]: Creation complete after 0s [id=3995911138]
netris_link.ew_gpu_links["swp15@sw-egg-backend-plane3-leaf07--eth5@gpu-egg-063"]: Creating...
netris_link.ew_gpu_links["swp29@sw-egg-backend-plane2-leaf04--eth3@gpu-egg-116"]: Creation complete after 0s [id=3981798177]
netris_link.ew_gpu_links["swp19@sw-egg-backend-plane2-leaf04--eth3@gpu-egg-076"]: Creating...
netris_link.ew_gpu_links["swp9@sw-egg-backend-plane1-leaf05--eth1@gpu-egg-037"]: Creation complete after 0s [id=3934730742]
netris_link.ew_gpu_links["swp28@sw-egg-backend-plane4-leaf03--eth8@gpu-egg-107"]: Creation complete after 0s [id=3921347158]
netris_link.ew_gpu_links["swp3@sw-egg-backend-plane4-leaf08--eth7@gpu-egg-016"]: Creation complete after 0s [id=3974216906]
netris_link.ew_gpu_links["swp19@sw-egg-backend-plane4-leaf07--eth7@gpu-egg-079"]: Creating...
netris_link.ew_gpu_links["swp27@sw-egg-backend-plane4-leaf01--eth7@gpu-egg-105"]: Creating...
netris_link.ew_gpu_links["swp23@sw-egg-backend-plane1-leaf05--eth1@gpu-egg-093"]: Creating...
netris_link.ew_gpu_links["swp25@sw-egg-backend-plane2-leaf01--eth3@gpu-egg-097"]: Creation complete after 1s [id=3943429605]
netris_link.ew_gpu_links["swp2@sw-egg-backend-plane1-leaf03--eth2@gpu-egg-003"]: Creating...
netris_link.ew_gpu_links["swp23@sw-egg-backend-plane3-leaf06--eth5@gpu-egg-094"]: Creation complete after 1s [id=3852575593]
netris_link.ew_gpu_links["swp25@sw-egg-backend-plane1-leaf06--eth1@gpu-egg-102"]: Creating...
netris_link.ew_gpu_links["swp19@sw-egg-backend-plane4-leaf01--eth7@gpu-egg-073"]: Creation complete after 1s [id=4089876350]
netris_link.ns_gpu_links["swp32@sw-egg-frontend-leaf05--eth9@gpu-egg-096"]: Creating...
netris_link.ew_gpu_links["swp8@sw-egg-backend-plane1-leaf05--eth2@gpu-egg-029"]: Creation complete after 1s [id=3954271253]
netris_link.ew_gpu_links["swp14@sw-egg-backend-plane4-leaf02--eth8@gpu-egg-050"]: Creating...
netris_link.ew_gpu_links["swp19@sw-egg-backend-plane2-leaf04--eth3@gpu-egg-076"]: Creation complete after 1s [id=4036060942]
netris_link.oob_switch_links["swp31@sw-egg-oob-mgmt01--eth11@gpu-egg-109"]: Creating...
netris_link.ew_gpu_links["swp15@sw-egg-backend-plane3-leaf07--eth5@gpu-egg-063"]: Creation complete after 1s [id=3970205202]
netris_link.ns_gpu_links["swp19@sw-egg-frontend-leaf01--eth9@gpu-egg-055"]: Creating...
netris_link.ew_gpu_links["swp7@sw-egg-backend-plane1-leaf06--eth1@gpu-egg-030"]: Creation complete after 1s [id=3865842082]
netris_link.ew_gpu_links["swp27@sw-egg-backend-plane1-leaf05--eth1@gpu-egg-109"]: Creating...
netris_link.ew_gpu_links["swp23@sw-egg-backend-plane1-leaf05--eth1@gpu-egg-093"]: Creation complete after 1s [id=3937924954]
netris_link.ew_gpu_links["swp26@sw-egg-backend-plane4-leaf08--eth8@gpu-egg-104"]: Creating...
netris_link.ew_gpu_links["swp19@sw-egg-backend-plane4-leaf07--eth7@gpu-egg-079"]: Creation complete after 1s [id=3949381769]
netris_link.ew_gpu_links["swp11@sw-egg-backend-plane4-leaf05--eth7@gpu-egg-045"]: Creating...
netris_link.ew_gpu_links["swp27@sw-egg-backend-plane4-leaf01--eth7@gpu-egg-105"]: Creation complete after 1s [id=4049908439]
netris_link.ew_gpu_links["swp10@sw-egg-backend-plane1-leaf08--eth2@gpu-egg-040"]: Creating...
netris_link.ew_gpu_links["swp2@sw-egg-backend-plane1-leaf03--eth2@gpu-egg-003"]: Creation complete after 0s [id=3882654429]
netris_link.ew_gpu_links["swp20@sw-egg-backend-plane2-leaf07--eth4@gpu-egg-079"]: Creating...
netris_link.oob_switch_links["swp31@sw-egg-oob-mgmt01--eth11@gpu-egg-109"]: Creation complete after 0s [id=4089604759]
netris_link.ew_gpu_links["swp16@sw-egg-backend-plane2-leaf07--eth4@gpu-egg-063"]: Creating...
netris_link.ns_gpu_links["swp32@sw-egg-frontend-leaf05--eth9@gpu-egg-096"]: Creation complete after 0s [id=4106715252]
netris_link.oob_switch_links["swp18@sw-egg-oob-mgmt02--eth11@gpu-egg-058"]: Creating...
netris_link.ew_gpu_links["swp14@sw-egg-backend-plane4-leaf02--eth8@gpu-egg-050"]: Creation complete after 0s [id=3842137354]
netris_link.ew_gpu_links["swp2@sw-egg-backend-plane4-leaf01--eth8@gpu-egg-001"]: Creating...
netris_link.ew_gpu_links["swp25@sw-egg-backend-plane1-leaf06--eth1@gpu-egg-102"]: Creation complete after 0s [id=3916921444]
netris_link.ew_gpu_links["swp24@sw-egg-backend-plane3-leaf05--eth6@gpu-egg-093"]: Creating...
netris_link.ns_gpu_links["swp19@sw-egg-frontend-leaf01--eth9@gpu-egg-055"]: Creation complete after 0s [id=4108619068]
netris_link.ew_gpu_links["swp13@sw-egg-backend-plane3-leaf01--eth5@gpu-egg-049"]: Creating...
netris_link.ew_gpu_links["swp27@sw-egg-backend-plane1-leaf05--eth1@gpu-egg-109"]: Creation complete after 0s [id=3986261724]
netris_link.ew_gpu_links["swp17@sw-egg-backend-plane3-leaf03--eth5@gpu-egg-067"]: Creating...
netris_link.ew_gpu_links["swp26@sw-egg-backend-plane4-leaf08--eth8@gpu-egg-104"]: Creation complete after 0s [id=3980281701]
netris_link.ew_gpu_links["swp16@sw-egg-backend-plane3-leaf05--eth6@gpu-egg-061"]: Creating...
netris_link.ew_gpu_links["swp10@sw-egg-backend-plane1-leaf08--eth2@gpu-egg-040"]: Creation complete after 0s [id=4010226295]
netris_link.ew_gpu_links["swp25@sw-egg-backend-plane2-leaf03--eth3@gpu-egg-099"]: Creating...
netris_link.ew_gpu_links["swp11@sw-egg-backend-plane4-leaf05--eth7@gpu-egg-045"]: Creation complete after 0s [id=3937304789]
netris_link.ew_gpu_links["swp13@sw-egg-backend-plane4-leaf02--eth7@gpu-egg-050"]: Creating...
netris_link.ew_gpu_links["swp16@sw-egg-backend-plane2-leaf07--eth4@gpu-egg-063"]: Creation complete after 0s [id=3858370905]
netris_link.ew_gpu_links["swp1@sw-egg-backend-plane4-leaf01--eth7@gpu-egg-001"]: Creating...
netris_link.ew_gpu_links["swp20@sw-egg-backend-plane2-leaf07--eth4@gpu-egg-079"]: Creation complete after 0s [id=3909489491]
netris_link.ew_gpu_links["swp15@sw-egg-backend-plane1-leaf03--eth1@gpu-egg-059"]: Creating...
netris_link.oob_switch_links["swp18@sw-egg-oob-mgmt02--eth11@gpu-egg-058"]: Creation complete after 0s [id=4034533650]
netris_link.ew_gpu_links["swp26@sw-egg-backend-plane4-leaf06--eth8@gpu-egg-102"]: Creating...
netris_link.ew_gpu_links["swp2@sw-egg-backend-plane4-leaf01--eth8@gpu-egg-001"]: Creation complete after 0s [id=4105356655]
netris_link.ew_gpu_links["swp22@sw-egg-backend-plane2-leaf01--eth4@gpu-egg-081"]: Creating...
netris_link.ew_gpu_links["swp24@sw-egg-backend-plane3-leaf05--eth6@gpu-egg-093"]: Creation complete after 0s [id=3976891410]
netris_link.ew_gpu_links["swp4@sw-egg-backend-plane1-leaf01--eth2@gpu-egg-009"]: Creating...
netris_link.ew_gpu_links["swp13@sw-egg-backend-plane3-leaf01--eth5@gpu-egg-049"]: Creation complete after 0s [id=4091685598]
netris_link.ew_gpu_links["swp17@sw-egg-backend-plane4-leaf06--eth7@gpu-egg-070"]: Creating...
netris_link.ew_gpu_links["swp25@sw-egg-backend-plane2-leaf03--eth3@gpu-egg-099"]: Creation complete after 0s [id=3865666029]
netris_link.ew_gpu_links["swp16@sw-egg-backend-plane3-leaf05--eth6@gpu-egg-061"]: Creation complete after 0s [id=3992871464]
netris_link.ew_gpu_links["swp17@sw-egg-backend-plane3-leaf03--eth5@gpu-egg-067"]: Creation complete after 0s [id=4129131075]
netris_link.ew_gpu_links["swp13@sw-egg-backend-plane4-leaf02--eth7@gpu-egg-050"]: Creation complete after 0s [id=3841962036]
netris_link.ew_gpu_links["swp19@sw-egg-backend-plane4-leaf05--eth7@gpu-egg-077"]: Creating...
netris_link.ew_gpu_links["swp24@sw-egg-backend-plane3-leaf06--eth6@gpu-egg-094"]: Creating...
netris_link.ew_gpu_links["swp20@sw-egg-backend-plane3-leaf03--eth6@gpu-egg-075"]: Creating...
netris_link.ew_gpu_links["swp29@sw-egg-backend-plane1-leaf06--eth1@gpu-egg-118"]: Creating...
netris_link.ew_gpu_links["swp1@sw-egg-backend-plane4-leaf01--eth7@gpu-egg-001"]: Creation complete after 0s [id=4105175431]
netris_link.ew_gpu_links["swp25@sw-egg-backend-plane4-leaf07--eth7@gpu-egg-103"]: Creating...
netris_link.ew_gpu_links["swp15@sw-egg-backend-plane1-leaf03--eth1@gpu-egg-059"]: Creation complete after 0s [id=3862412921]
netris_link.ew_gpu_links["swp30@sw-egg-backend-plane3-leaf03--eth6@gpu-egg-115"]: Creating...
netris_link.ew_gpu_links["swp26@sw-egg-backend-plane4-leaf06--eth8@gpu-egg-102"]: Creation complete after 0s [id=4127132543]
netris_link.ew_gpu_links["swp12@sw-egg-backend-plane4-leaf05--eth8@gpu-egg-045"]: Creating...
netris_link.ew_gpu_links["swp4@sw-egg-backend-plane1-leaf01--eth2@gpu-egg-009"]: Creation complete after 0s [id=4014885091]
netris_link.ew_gpu_links["swp7@sw-egg-backend-plane3-leaf05--eth5@gpu-egg-029"]: Creating...
netris_link.ew_gpu_links["swp22@sw-egg-backend-plane2-leaf01--eth4@gpu-egg-081"]: Creation complete after 0s [id=3912054057]
netris_link.ew_gpu_links["swp22@sw-egg-backend-plane1-leaf08--eth2@gpu-egg-088"]: Creating...
netris_link.ew_gpu_links["swp17@sw-egg-backend-plane4-leaf06--eth7@gpu-egg-070"]: Creation complete after 0s [id=4032826466]
netris_link.ew_gpu_links["swp30@sw-egg-backend-plane1-leaf07--eth2@gpu-egg-119"]: Creating...
netris_link.ew_gpu_links["swp29@sw-egg-backend-plane1-leaf06--eth1@gpu-egg-118"]: Creation complete after 0s [id=3807065815]
netris_link.ew_gpu_links["swp20@sw-egg-backend-plane2-leaf03--eth4@gpu-egg-075"]: Creating...
netris_link.ew_gpu_links["swp20@sw-egg-backend-plane3-leaf03--eth6@gpu-egg-075"]: Creation complete after 0s [id=4114513077]
netris_link.ew_gpu_links["swp3@sw-egg-backend-plane3-leaf08--eth5@gpu-egg-016"]: Creating...
netris_link.ew_gpu_links["swp24@sw-egg-backend-plane3-leaf06--eth6@gpu-egg-094"]: Creation complete after 0s [id=3852751153]
netris_link.ew_gpu_links["swp19@sw-egg-backend-plane4-leaf05--eth7@gpu-egg-077"]: Creation complete after 0s [id=3923385004]
netris_link.ew_gpu_links["swp3@sw-egg-backend-plane2-leaf05--eth3@gpu-egg-013"]: Creating...
netris_link.ew_gpu_links["swp27@sw-egg-backend-plane2-leaf03--eth3@gpu-egg-107"]: Creating...
netris_link.ew_gpu_links["swp25@sw-egg-backend-plane4-leaf07--eth7@gpu-egg-103"]: Creation complete after 0s [id=3954805029]
netris_link.ew_gpu_links["swp25@sw-egg-backend-plane3-leaf07--eth5@gpu-egg-103"]: Creating...
netris_link.ew_gpu_links["swp30@sw-egg-backend-plane3-leaf03--eth6@gpu-egg-115"]: Creation complete after 0s [id=4095485072]
netris_link.ew_gpu_links["swp30@sw-egg-backend-plane3-leaf08--eth6@gpu-egg-120"]: Creating...
netris_link.ew_gpu_links["swp12@sw-egg-backend-plane4-leaf05--eth8@gpu-egg-045"]: Creation complete after 0s [id=3937482269]
netris_link.ew_gpu_links["swp18@sw-egg-backend-plane3-leaf03--eth6@gpu-egg-067"]: Creating...
netris_link.ew_gpu_links["swp22@sw-egg-backend-plane1-leaf08--eth2@gpu-egg-088"]: Creation complete after 0s [id=4102457451]
netris_link.ew_gpu_links["swp21@sw-egg-backend-plane2-leaf03--eth3@gpu-egg-083"]: Creating...
netris_link.ew_gpu_links["swp30@sw-egg-backend-plane1-leaf07--eth2@gpu-egg-119"]: Creation complete after 0s [id=4084813255]
netris_link.ew_gpu_links["swp5@sw-egg-backend-plane1-leaf04--eth1@gpu-egg-020"]: Creating...
netris_link.ew_gpu_links["swp7@sw-egg-backend-plane3-leaf05--eth5@gpu-egg-029"]: Creation complete after 0s [id=3992960837]
netris_link.ew_gpu_links["swp14@sw-egg-backend-plane4-leaf03--eth8@gpu-egg-051"]: Creating...
netris_link.ew_gpu_links["swp20@sw-egg-backend-plane2-leaf03--eth4@gpu-egg-075"]: Creation complete after 0s [id=3876929074]
netris_link.ew_gpu_links["swp2@sw-egg-backend-plane4-leaf08--eth8@gpu-egg-008"]: Creating...
netris_link.ew_gpu_links["swp27@sw-egg-backend-plane2-leaf03--eth3@gpu-egg-107"]: Creation complete after 0s [id=3847486252]
netris_link.ew_gpu_links["swp26@sw-egg-backend-plane1-leaf01--eth2@gpu-egg-097"]: Creating...
netris_link.ew_gpu_links["swp3@sw-egg-backend-plane3-leaf08--eth5@gpu-egg-016"]: Creation complete after 0s [id=3939878151]
netris_link.ew_gpu_links["swp20@sw-egg-backend-plane1-leaf02--eth2@gpu-egg-074"]: Creating...
netris_link.ew_gpu_links["swp25@sw-egg-backend-plane3-leaf07--eth5@gpu-egg-103"]: Creation complete after 1s [id=4027529822]
netris_link.ew_gpu_links["swp18@sw-egg-backend-plane3-leaf03--eth6@gpu-egg-067"]: Creation complete after 1s [id=4129312827]
netris_link.ew_gpu_links["swp3@sw-egg-backend-plane2-leaf05--eth3@gpu-egg-013"]: Creation complete after 1s [id=3888031828]
netris_link.ew_gpu_links["swp30@sw-egg-backend-plane3-leaf08--eth6@gpu-egg-120"]: Creation complete after 1s [id=3874815356]
netris_link.ew_gpu_links["swp25@sw-egg-backend-plane4-leaf05--eth7@gpu-egg-101"]: Creating...
netris_link.ew_gpu_links["swp19@sw-egg-backend-plane3-leaf02--eth5@gpu-egg-074"]: Creating...
netris_link.ew_gpu_links["swp29@sw-egg-backend-plane2-leaf06--eth3@gpu-egg-118"]: Creating...
netris_link.ew_gpu_links["swp16@sw-egg-backend-plane1-leaf06--eth2@gpu-egg-062"]: Creating...
netris_link.ew_gpu_links["swp5@sw-egg-backend-plane1-leaf04--eth1@gpu-egg-020"]: Creation complete after 1s [id=3960231652]
netris_link.ew_gpu_links["swp8@sw-egg-backend-plane2-leaf03--eth4@gpu-egg-027"]: Creating...
netris_link.ew_gpu_links["swp14@sw-egg-backend-plane4-leaf03--eth8@gpu-egg-051"]: Creation complete after 1s [id=3946449555]
netris_link.ew_gpu_links["swp15@sw-egg-backend-plane1-leaf06--eth1@gpu-egg-062"]: Creating...
netris_link.ew_gpu_links["swp21@sw-egg-backend-plane2-leaf03--eth3@gpu-egg-083"]: Creation complete after 1s [id=3824799930]
netris_link.ew_gpu_links["swp15@sw-egg-backend-plane2-leaf06--eth3@gpu-egg-062"]: Creating...
netris_link.ew_gpu_links["swp20@sw-egg-backend-plane1-leaf02--eth2@gpu-egg-074"]: Creation complete after 1s [id=4181915479]
netris_link.ew_gpu_links["swp7@sw-egg-backend-plane2-leaf01--eth3@gpu-egg-025"]: Creating...
netris_link.ew_gpu_links["swp26@sw-egg-backend-plane1-leaf01--eth2@gpu-egg-097"]: Creation complete after 1s [id=4027709452]
netris_link.ew_gpu_links["swp18@sw-egg-backend-plane1-leaf03--eth2@gpu-egg-067"]: Creating...
netris_link.ew_gpu_links["swp2@sw-egg-backend-plane4-leaf08--eth8@gpu-egg-008"]: Creation complete after 1s [id=4023403132]
netris_link.ew_gpu_links["swp17@sw-egg-backend-plane2-leaf05--eth3@gpu-egg-069"]: Creating...
netris_link.ew_gpu_links["swp29@sw-egg-backend-plane2-leaf06--eth3@gpu-egg-118"]: Creation complete after 0s [id=4046848536]
netris_link.ew_gpu_links["swp14@sw-egg-backend-plane2-leaf06--eth4@gpu-egg-054"]: Creating...
netris_link.ew_gpu_links["swp25@sw-egg-backend-plane4-leaf05--eth7@gpu-egg-101"]: Creation complete after 0s [id=3872439360]
netris_link.ew_gpu_links["swp16@sw-egg-backend-plane1-leaf03--eth2@gpu-egg-059"]: Creating...
netris_link.ew_gpu_links["swp19@sw-egg-backend-plane3-leaf02--eth5@gpu-egg-074"]: Creation complete after 0s [id=3965485191]
netris_link.ew_gpu_links["swp15@sw-egg-backend-plane1-leaf01--eth1@gpu-egg-057"]: Creating...
netris_link.ew_gpu_links["swp16@sw-egg-backend-plane1-leaf06--eth2@gpu-egg-062"]: Creation complete after 0s [id=3921082504]
netris_link.ew_gpu_links["swp23@sw-egg-backend-plane3-leaf02--eth5@gpu-egg-090"]: Creating...
netris_link.ew_gpu_links["swp8@sw-egg-backend-plane2-leaf03--eth4@gpu-egg-027"]: Creation complete after 0s [id=3886533185]
netris_link.ew_gpu_links["swp27@sw-egg-backend-plane4-leaf07--eth7@gpu-egg-111"]: Creating...
netris_link.ew_gpu_links["swp15@sw-egg-backend-plane1-leaf06--eth1@gpu-egg-062"]: Creation complete after 0s [id=3920905394]
netris_link.ew_gpu_links["swp29@sw-egg-backend-plane3-leaf08--eth5@gpu-egg-120"]: Creating...
netris_link.ew_gpu_links["swp7@sw-egg-backend-plane2-leaf01--eth3@gpu-egg-025"]: Creation complete after 0s [id=3917451657]
netris_link.ew_gpu_links["swp21@sw-egg-backend-plane1-leaf06--eth1@gpu-egg-086"]: Creating...
netris_link.ew_gpu_links["swp15@sw-egg-backend-plane2-leaf06--eth3@gpu-egg-062"]: Creation complete after 0s [id=4164192385]
netris_link.ew_gpu_links["swp12@sw-egg-backend-plane2-leaf07--eth4@gpu-egg-047"]: Creating...
netris_link.ew_gpu_links["swp17@sw-egg-backend-plane2-leaf05--eth3@gpu-egg-069"]: Creation complete after 0s [id=3956495651]
netris_link.ew_gpu_links["swp8@sw-egg-backend-plane1-leaf04--eth2@gpu-egg-028"]: Creating...
netris_link.ew_gpu_links["swp18@sw-egg-backend-plane1-leaf03--eth2@gpu-egg-067"]: Creation complete after 0s [id=3930740477]
netris_link.ew_gpu_links["swp31@sw-egg-backend-plane1-leaf06--eth1@gpu-egg-126"]: Creating...
netris_link.ew_gpu_links["swp16@sw-egg-backend-plane1-leaf03--eth2@gpu-egg-059"]: Creation complete after 0s [id=3862588705]
netris_link.ew_gpu_links["swp15@sw-egg-backend-plane1-leaf07--eth1@gpu-egg-063"]: Creating...
netris_link.ew_gpu_links["swp14@sw-egg-backend-plane2-leaf06--eth4@gpu-egg-054"]: Creation complete after 0s [id=4104178256]
netris_link.ew_gpu_links["swp14@sw-egg-backend-plane4-leaf05--eth8@gpu-egg-053"]: Creating...
netris_link.ew_gpu_links["swp23@sw-egg-backend-plane3-leaf02--eth5@gpu-egg-090"]: Creation complete after 0s [id=3937482002]
netris_link.ew_gpu_links["swp12@sw-egg-backend-plane4-leaf01--eth8@gpu-egg-041"]: Creating...
netris_link.ew_gpu_links["swp15@sw-egg-backend-plane1-leaf01--eth1@gpu-egg-057"]: Creation complete after 0s [id=3985279116]
netris_link.ew_gpu_links["swp13@sw-egg-backend-plane4-leaf07--eth7@gpu-egg-055"]: Creating...
netris_link.ew_gpu_links["swp27@sw-egg-backend-plane4-leaf07--eth7@gpu-egg-111"]: Creation complete after 0s [id=3945205717]
netris_link.ew_gpu_links["swp21@sw-egg-backend-plane2-leaf07--eth3@gpu-egg-087"]: Creating...
netris_link.ew_gpu_links["swp29@sw-egg-backend-plane3-leaf08--eth5@gpu-egg-120"]: Creation complete after 0s [id=3874639294]
netris_link.ew_gpu_links["swp12@sw-egg-backend-plane3-leaf05--eth6@gpu-egg-045"]: Creating...
netris_link.ew_gpu_links["swp21@sw-egg-backend-plane1-leaf06--eth1@gpu-egg-086"]: Creation complete after 0s [id=3864171569]
netris_link.ew_gpu_links["swp19@sw-egg-backend-plane4-leaf06--eth7@gpu-egg-078"]: Creating...
netris_link.ew_gpu_links["swp12@sw-egg-backend-plane2-leaf07--eth4@gpu-egg-047"]: Creation complete after 0s [id=3896148649]
netris_link.ew_gpu_links["swp17@sw-egg-backend-plane1-leaf08--eth1@gpu-egg-072"]: Creating...
netris_link.ew_gpu_links["swp8@sw-egg-backend-plane1-leaf04--eth2@gpu-egg-028"]: Creation complete after 0s [id=3943961851]
netris_link.ew_gpu_links["swp11@sw-egg-backend-plane2-leaf07--eth3@gpu-egg-047"]: Creating...
netris_link.ew_gpu_links["swp15@sw-egg-backend-plane1-leaf07--eth1@gpu-egg-063"]: Creation complete after 0s [id=3981262340]
netris_link.ew_gpu_links["swp28@sw-egg-backend-plane2-leaf05--eth4@gpu-egg-109"]: Creating...
netris_link.ew_gpu_links["swp14@sw-egg-backend-plane4-leaf05--eth8@gpu-egg-053"]: Creation complete after 0s [id=3936683634]
netris_link.ew_gpu_links["swp12@sw-egg-backend-plane4-leaf01--eth8@gpu-egg-041"]: Creation complete after 0s [id=3995909957]
netris_link.ew_gpu_links["swp31@sw-egg-backend-plane1-leaf06--eth1@gpu-egg-126"]: Creation complete after 0s [id=3814923218]
netris_link.ew_gpu_links["swp13@sw-egg-backend-plane4-leaf07--eth7@gpu-egg-055"]: Creation complete after 0s [id=3984119270]
netris_link.ew_gpu_links["swp3@sw-egg-backend-plane1-leaf07--eth1@gpu-egg-015"]: Creating...
netris_link.ew_gpu_links["swp31@sw-egg-backend-plane4-leaf05--eth7@gpu-egg-125"]: Creating...
netris_link.ew_gpu_links["swp21@sw-egg-backend-plane2-leaf06--eth3@gpu-egg-086"]: Creating...
netris_link.ew_gpu_links["swp13@sw-egg-backend-plane4-leaf03--eth7@gpu-egg-051"]: Creating...
netris_link.ew_gpu_links["swp12@sw-egg-backend-plane3-leaf05--eth6@gpu-egg-045"]: Creation complete after 0s [id=4067568012]
netris_link.ew_gpu_links["swp4@sw-egg-backend-plane2-leaf02--eth4@gpu-egg-010"]: Creating...
netris_link.ew_gpu_links["swp21@sw-egg-backend-plane2-leaf07--eth3@gpu-egg-087"]: Creation complete after 0s [id=3875519785]
netris_link.ew_gpu_links["swp1@sw-egg-backend-plane4-leaf04--eth7@gpu-egg-004"]: Creating...
netris_link.ew_gpu_links["swp11@sw-egg-backend-plane2-leaf07--eth3@gpu-egg-047"]: Creation complete after 0s [id=3895972103]
netris_link.ew_gpu_links["swp14@sw-egg-backend-plane1-leaf08--eth2@gpu-egg-056"]: Creating...
netris_link.ew_gpu_links["swp17@sw-egg-backend-plane1-leaf08--eth1@gpu-egg-072"]: Creation complete after 0s [id=4027529510]
netris_link.ew_gpu_links["swp5@sw-egg-backend-plane2-leaf08--eth3@gpu-egg-024"]: Creating...
netris_link.ew_gpu_links["swp19@sw-egg-backend-plane4-leaf06--eth7@gpu-egg-078"]: Creation complete after 0s [id=4086530534]
netris_link.ew_gpu_links["swp24@sw-egg-backend-plane4-leaf08--eth8@gpu-egg-096"]: Creating...
netris_link.ew_gpu_links["swp28@sw-egg-backend-plane2-leaf05--eth4@gpu-egg-109"]: Creation complete after 0s [id=3912673641]
netris_link.ew_gpu_links["swp25@sw-egg-backend-plane3-leaf05--eth5@gpu-egg-101"]: Creating...
netris_link.ew_gpu_links["swp21@sw-egg-backend-plane2-leaf06--eth3@gpu-egg-086"]: Creation complete after 0s [id=4105718602]
netris_link.ew_gpu_links["swp1@sw-egg-backend-plane1-leaf01--eth1@gpu-egg-001"]: Creating...
netris_link.ew_gpu_links["swp31@sw-egg-backend-plane4-leaf05--eth7@gpu-egg-125"]: Creation complete after 0s [id=3858459120]
netris_link.ew_gpu_links["swp26@sw-egg-backend-plane4-leaf01--eth8@gpu-egg-097"]: Creating...
netris_link.ew_gpu_links["swp13@sw-egg-backend-plane4-leaf03--eth7@gpu-egg-051"]: Creation complete after 0s [id=3946271873]
netris_link.ew_gpu_links["swp2@sw-egg-backend-plane2-leaf03--eth4@gpu-egg-003"]: Creating...
netris_link.ew_gpu_links["swp3@sw-egg-backend-plane1-leaf07--eth1@gpu-egg-015"]: Creation complete after 0s [id=4005123341]
netris_link.ew_gpu_links["swp8@sw-egg-backend-plane4-leaf06--eth8@gpu-egg-030"]: Creating...
netris_link.ew_gpu_links["swp4@sw-egg-backend-plane2-leaf02--eth4@gpu-egg-010"]: Creation complete after 0s [id=4033185661]
netris_link.ew_gpu_links["swp6@sw-egg-backend-plane2-leaf04--eth4@gpu-egg-020"]: Creating...
netris_link.ew_gpu_links["swp1@sw-egg-backend-plane4-leaf04--eth7@gpu-egg-004"]: Creation complete after 0s [id=4174602162]
netris_link.ew_gpu_links["swp7@sw-egg-backend-plane2-leaf05--eth3@gpu-egg-029"]: Creating...
netris_link.ew_gpu_links["swp5@sw-egg-backend-plane2-leaf08--eth3@gpu-egg-024"]: Creation complete after 0s [id=3919488228]
netris_link.ew_gpu_links["swp2@sw-egg-backend-plane1-leaf08--eth2@gpu-egg-008"]: Creating...
netris_link.ew_gpu_links["swp24@sw-egg-backend-plane4-leaf08--eth8@gpu-egg-096"]: Creation complete after 0s [id=3953648876]
netris_link.ew_gpu_links["swp14@sw-egg-backend-plane4-leaf01--eth8@gpu-egg-049"]: Creating...
netris_link.ew_gpu_links["swp14@sw-egg-backend-plane1-leaf08--eth2@gpu-egg-056"]: Creation complete after 0s [id=4106715894]
netris_link.ew_gpu_links["swp17@sw-egg-backend-plane4-leaf02--eth7@gpu-egg-066"]: Creating...
netris_link.ew_gpu_links["swp25@sw-egg-backend-plane3-leaf05--eth5@gpu-egg-101"]: Creation complete after 0s [id=4001454959]
netris_link.ew_gpu_links["swp12@sw-egg-backend-plane3-leaf02--eth6@gpu-egg-042"]: Creating...
netris_link.ew_gpu_links["swp26@sw-egg-backend-plane4-leaf01--eth8@gpu-egg-097"]: Creation complete after 0s [id=4062788593]
netris_link.ew_gpu_links["swp3@sw-egg-backend-plane3-leaf07--eth5@gpu-egg-015"]: Creating...
netris_link.ew_gpu_links["swp8@sw-egg-backend-plane4-leaf06--eth8@gpu-egg-030"]: Creation complete after 0s [id=4074696005]
netris_link.ew_gpu_links["swp25@sw-egg-backend-plane1-leaf07--eth1@gpu-egg-103"]: Creating...
netris_link.ew_gpu_links["swp2@sw-egg-backend-plane2-leaf03--eth4@gpu-egg-003"]: Creation complete after 0s [id=3843452146]
netris_link.ew_gpu_links["swp25@sw-egg-backend-plane1-leaf02--eth1@gpu-egg-098"]: Creating...
netris_link.ew_gpu_links["swp1@sw-egg-backend-plane1-leaf01--eth1@gpu-egg-001"]: Creation complete after 0s [id=4069913380]
netris_link.ew_gpu_links["swp5@sw-egg-backend-plane2-leaf02--eth3@gpu-egg-018"]: Creating...
netris_link.ew_gpu_links["swp7@sw-egg-backend-plane2-leaf05--eth3@gpu-egg-029"]: Creation complete after 0s [id=3880628022]
netris_link.ew_gpu_links["swp20@sw-egg-backend-plane1-leaf04--eth2@gpu-egg-076"]: Creating...
netris_link.ew_gpu_links["swp6@sw-egg-backend-plane2-leaf04--eth4@gpu-egg-020"]: Creation complete after 0s [id=3971987905]
netris_link.ew_gpu_links["swp19@sw-egg-backend-plane3-leaf05--eth5@gpu-egg-077"]: Creating...
netris_link.ew_gpu_links["swp2@sw-egg-backend-plane1-leaf08--eth2@gpu-egg-008"]: Creation complete after 0s [id=4119595235]
netris_link.ew_gpu_links["swp26@sw-egg-backend-plane3-leaf01--eth6@gpu-egg-097"]: Creating...
netris_link.ew_gpu_links["swp14@sw-egg-backend-plane4-leaf01--eth8@gpu-egg-049"]: Creation complete after 0s [id=4109435263]
netris_link.ew_gpu_links["swp24@sw-egg-backend-plane2-leaf02--eth4@gpu-egg-090"]: Creating...
netris_link.ew_gpu_links["swp17@sw-egg-backend-plane4-leaf02--eth7@gpu-egg-066"]: Creation complete after 0s [id=3856790599]
netris_link.ew_gpu_links["swp19@sw-egg-backend-plane3-leaf08--eth5@gpu-egg-080"]: Creating...
netris_link.ew_gpu_links["swp12@sw-egg-backend-plane3-leaf02--eth6@gpu-egg-042"]: Creation complete after 0s [id=3872439117]
netris_link.ew_gpu_links["swp17@sw-egg-backend-plane1-leaf06--eth1@gpu-egg-070"]: Creating...
netris_link.ew_gpu_links["swp5@sw-egg-backend-plane2-leaf02--eth3@gpu-egg-018"]: Creation complete after 1s [id=4120593640]
netris_link.ew_gpu_links["swp3@sw-egg-backend-plane3-leaf07--eth5@gpu-egg-015"]: Creation complete after 1s [id=3994033095]
netris_link.ew_gpu_links["swp25@sw-egg-backend-plane1-leaf07--eth1@gpu-egg-103"]: Creation complete after 1s [id=4038666444]
netris_link.ew_gpu_links["swp25@sw-egg-backend-plane1-leaf02--eth1@gpu-egg-098"]: Creation complete after 1s [id=4168208549]
netris_link.ew_gpu_links["swp19@sw-egg-backend-plane1-leaf07--eth1@gpu-egg-079"]: Creating...
netris_link.ew_gpu_links["swp7@sw-egg-backend-plane4-leaf02--eth7@gpu-egg-026"]: Creating...
netris_link.ew_gpu_links["swp19@sw-egg-backend-plane1-leaf05--eth1@gpu-egg-077"]: Creating...
netris_link.ew_gpu_links["swp1@sw-egg-backend-plane1-leaf04--eth1@gpu-egg-004"]: Creating...
netris_link.ew_gpu_links["swp20@sw-egg-backend-plane1-leaf04--eth2@gpu-egg-076"]: Creation complete after 1s [id=4024569037]
netris_link.ew_gpu_links["swp9@sw-egg-backend-plane3-leaf04--eth5@gpu-egg-036"]: Creating...
netris_link.ew_gpu_links["swp19@sw-egg-backend-plane3-leaf05--eth5@gpu-egg-077"]: Creation complete after 1s [id=4053239561]
netris_link.ew_gpu_links["swp23@sw-egg-backend-plane3-leaf03--eth5@gpu-egg-091"]: Creating...
netris_link.ew_gpu_links["swp26@sw-egg-backend-plane3-leaf01--eth6@gpu-egg-097"]: Creation complete after 1s [id=4045319958]
netris_link.ew_gpu_links["swp25@sw-egg-backend-plane2-leaf04--eth3@gpu-egg-100"]: Creating...
netris_link.ew_gpu_links["swp19@sw-egg-backend-plane3-leaf08--eth5@gpu-egg-080"]: Creation complete after 1s [id=3904274000]
netris_link.ew_gpu_links["swp26@sw-egg-backend-plane2-leaf08--eth4@gpu-egg-104"]: Creating...
netris_link.ew_gpu_links["swp17@sw-egg-backend-plane1-leaf06--eth1@gpu-egg-070"]: Creation complete after 1s [id=3825237435]
netris_link.ew_gpu_links["swp18@sw-egg-backend-plane2-leaf02--eth4@gpu-egg-066"]: Creating...
netris_link.ew_gpu_links["swp24@sw-egg-backend-plane2-leaf02--eth4@gpu-egg-090"]: Creation complete after 1s [id=4102457321]
netris_link.ew_gpu_links["swp12@sw-egg-backend-plane2-leaf02--eth4@gpu-egg-042"]: Creating...
netris_link.ew_gpu_links["swp7@sw-egg-backend-plane4-leaf02--eth7@gpu-egg-026"]: Creation complete after 0s [id=3908252397]
netris_link.ew_gpu_links["swp32@sw-egg-backend-plane3-leaf01--eth6@gpu-egg-121"]: Creating...
netris_link.ew_gpu_links["swp1@sw-egg-backend-plane1-leaf04--eth1@gpu-egg-004"]: Creation complete after 0s [id=4027709781]
netris_link.ew_gpu_links["swp32@sw-egg-backend-plane3-leaf03--eth6@gpu-egg-123"]: Creating...
netris_link.ew_gpu_links["swp19@sw-egg-backend-plane1-leaf07--eth1@gpu-egg-079"]: Creation complete after 0s [id=4033185966]
netris_link.ew_gpu_links["swp23@sw-egg-backend-plane1-leaf06--eth1@gpu-egg-094"]: Creating...
netris_link.ew_gpu_links["swp19@sw-egg-backend-plane1-leaf05--eth1@gpu-egg-077"]: Creation complete after 0s [id=4014079127]
netris_link.ew_gpu_links["swp17@sw-egg-backend-plane2-leaf04--eth3@gpu-egg-068"]: Creating...
netris_link.ew_gpu_links["swp9@sw-egg-backend-plane3-leaf04--eth5@gpu-egg-036"]: Creation complete after 0s [id=3863292276]
netris_link.ew_gpu_links["swp28@sw-egg-backend-plane3-leaf02--eth6@gpu-egg-106"]: Creating...
netris_link.ew_gpu_links["swp23@sw-egg-backend-plane3-leaf03--eth5@gpu-egg-091"]: Creation complete after 0s [id=4175790397]
netris_link.ew_gpu_links["swp28@sw-egg-backend-plane1-leaf02--eth2@gpu-egg-106"]: Creating...
netris_link.ew_gpu_links["swp25@sw-egg-backend-plane2-leaf04--eth3@gpu-egg-100"]: Creation complete after 0s [id=3979478292]
netris_link.ew_gpu_links["swp13@sw-egg-backend-plane2-leaf07--eth3@gpu-egg-055"]: Creating...
netris_link.ew_gpu_links["swp26@sw-egg-backend-plane2-leaf08--eth4@gpu-egg-104"]: Creation complete after 0s [id=3911700691]
netris_link.ew_gpu_links["swp31@sw-egg-backend-plane1-leaf08--eth1@gpu-egg-128"]: Creating...
netris_link.ew_gpu_links["swp18@sw-egg-backend-plane2-leaf02--eth4@gpu-egg-066"]: Creation complete after 0s [id=4076050161]
netris_link.ew_gpu_links["swp19@sw-egg-backend-plane2-leaf03--eth3@gpu-egg-075"]: Creating...
netris_link.ew_gpu_links["swp12@sw-egg-backend-plane2-leaf02--eth4@gpu-egg-042"]: Creation complete after 0s [id=4035880508]
netris_link.ew_gpu_links["swp18@sw-egg-backend-plane2-leaf04--eth4@gpu-egg-068"]: Creating...
netris_link.ew_gpu_links["swp32@sw-egg-backend-plane3-leaf01--eth6@gpu-egg-121"]: Creation complete after 0s [id=3995552547]
netris_link.ew_gpu_links["swp23@sw-egg-backend-plane3-leaf04--eth5@gpu-egg-092"]: Creating...
netris_link.ew_gpu_links["swp32@sw-egg-backend-plane3-leaf03--eth6@gpu-egg-123"]: Creation complete after 0s [id=4160633841]
netris_link.ew_gpu_links["swp21@sw-egg-backend-plane4-leaf03--eth7@gpu-egg-083"]: Creating...
netris_link.ew_gpu_links["swp23@sw-egg-backend-plane1-leaf06--eth1@gpu-egg-094"]: Creation complete after 0s [id=3819991179]
netris_link.ew_gpu_links["swp5@sw-egg-backend-plane4-leaf06--eth7@gpu-egg-022"]: Creating...
netris_link.ew_gpu_links["swp17@sw-egg-backend-plane2-leaf04--eth3@gpu-egg-068"]: Creation complete after 0s [id=4012197419]
netris_link.ew_gpu_links["swp30@sw-egg-backend-plane4-leaf01--eth8@gpu-egg-113"]: Creating...
netris_link.ew_gpu_links["swp28@sw-egg-backend-plane3-leaf02--eth6@gpu-egg-106"]: Creation complete after 0s [id=3901005371]
netris_link.ew_gpu_links["swp12@sw-egg-backend-plane3-leaf04--eth6@gpu-egg-044"]: Creating...
netris_link.ew_gpu_links["swp28@sw-egg-backend-plane1-leaf02--eth2@gpu-egg-106"]: Creation complete after 0s [id=4115510861]
netris_link.ew_gpu_links["swp7@sw-egg-backend-plane1-leaf08--eth1@gpu-egg-032"]: Creating...
netris_link.ew_gpu_links["swp13@sw-egg-backend-plane2-leaf07--eth3@gpu-egg-055"]: Creation complete after 0s [id=3943873864]
netris_link.ew_gpu_links["swp12@sw-egg-backend-plane4-leaf07--eth8@gpu-egg-047"]: Creating...
netris_link.ew_gpu_links["swp31@sw-egg-backend-plane1-leaf08--eth1@gpu-egg-128"]: Creation complete after 0s [id=4006286712]
netris_link.ew_gpu_links["swp15@sw-egg-backend-plane2-leaf04--eth3@gpu-egg-060"]: Creating...
netris_link.ew_gpu_links["swp23@sw-egg-backend-plane3-leaf04--eth5@gpu-egg-092"]: Creation complete after 0s [id=3850030536]
netris_link.ew_gpu_links["swp19@sw-egg-backend-plane2-leaf03--eth3@gpu-egg-075"]: Creation complete after 0s [id=3876752964]
netris_link.ew_gpu_links["swp18@sw-egg-backend-plane2-leaf04--eth4@gpu-egg-068"]: Creation complete after 0s [id=4012376579]
netris_link.ew_gpu_links["swp25@sw-egg-backend-plane4-leaf03--eth7@gpu-egg-099"]: Creating...
netris_link.ew_gpu_links["swp27@sw-egg-backend-plane4-leaf06--eth7@gpu-egg-110"]: Creating...
netris_link.ew_gpu_links["swp7@sw-egg-backend-plane4-leaf07--eth7@gpu-egg-031"]: Creating...
netris_link.ew_gpu_links["swp21@sw-egg-backend-plane4-leaf03--eth7@gpu-egg-083"]: Creation complete after 0s [id=3898267196]
netris_link.ew_gpu_links["swp26@sw-egg-backend-plane2-leaf05--eth4@gpu-egg-101"]: Creating...
netris_link.ew_gpu_links["swp30@sw-egg-backend-plane4-leaf01--eth8@gpu-egg-113"]: Creation complete after 0s [id=3995641751]
netris_link.ew_gpu_links["swp18@sw-egg-backend-plane4-leaf06--eth8@gpu-egg-070"]: Creating...
netris_link.ew_gpu_links["swp5@sw-egg-backend-plane4-leaf06--eth7@gpu-egg-022"]: Creation complete after 0s [id=4128132013]
netris_link.ew_gpu_links["swp26@sw-egg-backend-plane1-leaf06--eth2@gpu-egg-102"]: Creating...
netris_link.ew_gpu_links["swp12@sw-egg-backend-plane3-leaf04--eth6@gpu-egg-044"]: Creation complete after 0s [id=3926751932]
netris_link.ew_gpu_links["swp10@sw-egg-backend-plane2-leaf01--eth4@gpu-egg-033"]: Creating...
netris_link.ew_gpu_links["swp7@sw-egg-backend-plane1-leaf08--eth1@gpu-egg-032"]: Creation complete after 0s [id=4011838495]
netris_link.ew_gpu_links["swp11@sw-egg-backend-plane4-leaf06--eth7@gpu-egg-046"]: Creating...
netris_link.ew_gpu_links["swp12@sw-egg-backend-plane4-leaf07--eth8@gpu-egg-047"]: Creation complete after 0s [id=3936150427]
netris_link.ew_gpu_links["swp12@sw-egg-backend-plane1-leaf07--eth2@gpu-egg-047"]: Creating...
netris_link.ew_gpu_links["swp15@sw-egg-backend-plane2-leaf04--eth3@gpu-egg-060"]: Creation complete after 0s [id=4041633289]
netris_link.ew_gpu_links["swp15@sw-egg-backend-plane3-leaf05--eth5@gpu-egg-061"]: Creating...
netris_link.ew_gpu_links["swp27@sw-egg-backend-plane4-leaf06--eth7@gpu-egg-110"]: Creation complete after 0s [id=4110160422]
netris_link.ew_gpu_links["swp2@sw-egg-backend-plane2-leaf08--eth4@gpu-egg-008"]: Creating...
netris_link.ew_gpu_links["swp7@sw-egg-backend-plane4-leaf07--eth7@gpu-egg-031"]: Creation complete after 0s [id=4023941436]
netris_link.ew_gpu_links["swp16@sw-egg-backend-plane4-leaf05--eth8@gpu-egg-061"]: Creating...
netris_link.ew_gpu_links["swp25@sw-egg-backend-plane4-leaf03--eth7@gpu-egg-099"]: Creation complete after 0s [id=3939522871]
netris_link.ew_gpu_links["swp26@sw-egg-backend-plane4-leaf07--eth8@gpu-egg-103"]: Creating...
netris_link.ew_gpu_links["swp26@sw-egg-backend-plane2-leaf05--eth4@gpu-egg-101"]: Creation complete after 0s [id=3889178262]
netris_link.ew_gpu_links["swp1@sw-egg-backend-plane3-leaf01--eth5@gpu-egg-001"]: Creating...
netris_link.ew_gpu_links["swp18@sw-egg-backend-plane4-leaf06--eth8@gpu-egg-070"]: Creation complete after 0s [id=4033006086]
netris_link.ew_gpu_links["swp19@sw-egg-backend-plane3-leaf03--eth5@gpu-egg-075"]: Creating...
netris_link.ew_gpu_links["swp26@sw-egg-backend-plane1-leaf06--eth2@gpu-egg-102"]: Creation complete after 0s [id=3917098464]
netris_link.ew_gpu_links["swp1@sw-egg-backend-plane2-leaf08--eth3@gpu-egg-008"]: Creating...
netris_link.ew_gpu_links["swp10@sw-egg-backend-plane2-leaf01--eth4@gpu-egg-033"]: Creation complete after 0s [id=3947071609]
netris_link.ew_gpu_links["swp31@sw-egg-backend-plane3-leaf07--eth5@gpu-egg-127"]: Creating...
netris_link.ew_gpu_links["swp11@sw-egg-backend-plane4-leaf06--eth7@gpu-egg-046"]: Creation complete after 0s [id=4109707118]
netris_link.ew_gpu_links["swp6@sw-egg-backend-plane3-leaf02--eth6@gpu-egg-018"]: Creating...
netris_link.ew_gpu_links["swp12@sw-egg-backend-plane1-leaf07--eth2@gpu-egg-047"]: Creation complete after 0s [id=4019814862]
netris_link.ew_gpu_links["swp4@sw-egg-backend-plane3-leaf01--eth6@gpu-egg-009"]: Creating...
netris_link.ew_gpu_links["swp15@sw-egg-backend-plane3-leaf05--eth5@gpu-egg-061"]: Creation complete after 0s [id=3992692740]
netris_link.ew_gpu_links["swp4@sw-egg-backend-plane3-leaf04--eth6@gpu-egg-012"]: Creating...
netris_link.ew_gpu_links["swp2@sw-egg-backend-plane2-leaf08--eth4@gpu-egg-008"]: Creation complete after 0s [id=3954450018]
netris_link.ew_gpu_links["swp5@sw-egg-backend-plane2-leaf01--eth3@gpu-egg-017"]: Creating...
netris_link.ew_gpu_links["swp16@sw-egg-backend-plane4-leaf05--eth8@gpu-egg-061"]: Creation complete after 0s [id=3863995449]
netris_link.ew_gpu_links["swp5@sw-egg-backend-plane4-leaf04--eth7@gpu-egg-020"]: Creating...
netris_link.ew_gpu_links["swp1@sw-egg-backend-plane3-leaf01--eth5@gpu-egg-001"]: Creation complete after 0s [id=4087615810]
netris_link.ew_gpu_links["swp27@sw-egg-backend-plane4-leaf08--eth7@gpu-egg-112"]: Creating...
netris_link.ew_gpu_links["swp26@sw-egg-backend-plane4-leaf07--eth8@gpu-egg-103"]: Creation complete after 0s [id=3954982903]
netris_link.ew_gpu_links["swp21@sw-egg-backend-plane1-leaf01--eth1@gpu-egg-081"]: Creating...
netris_link.ew_gpu_links["swp19@sw-egg-backend-plane3-leaf03--eth5@gpu-egg-075"]: Creation complete after 0s [id=4114331651]
netris_link.ew_gpu_links["swp4@sw-egg-backend-plane2-leaf03--eth4@gpu-egg-011"]: Creating...
netris_link.ew_gpu_links["swp31@sw-egg-backend-plane3-leaf07--eth5@gpu-egg-127"]: Creation complete after 0s [id=4031030846]
netris_link.ew_gpu_links["swp17@sw-egg-backend-plane2-leaf03--eth3@gpu-egg-067"]: Creating...
netris_link.ew_gpu_links["swp1@sw-egg-backend-plane2-leaf08--eth3@gpu-egg-008"]: Creation complete after 0s [id=3954272156]
netris_link.ew_gpu_links["swp30@sw-egg-backend-plane4-leaf04--eth8@gpu-egg-116"]: Creating...
netris_link.ew_gpu_links["swp6@sw-egg-backend-plane3-leaf02--eth6@gpu-egg-018"]: Creation complete after 0s [id=3955606093]
netris_link.ew_gpu_links["swp12@sw-egg-backend-plane2-leaf04--eth4@gpu-egg-044"]: Creating...
netris_link.ew_gpu_links["swp4@sw-egg-backend-plane3-leaf01--eth6@gpu-egg-009"]: Creation complete after 1s [id=4032467569]
netris_link.ew_gpu_links["swp5@sw-egg-backend-plane2-leaf01--eth3@gpu-egg-017"]: Creation complete after 1s [id=3962190479]
netris_link.ew_gpu_links["swp20@sw-egg-backend-plane1-leaf06--eth2@gpu-egg-078"]: Creating...
netris_link.ew_gpu_links["swp10@sw-egg-backend-plane4-leaf08--eth8@gpu-egg-040"]: Creating...
netris_link.ew_gpu_links["swp4@sw-egg-backend-plane3-leaf04--eth6@gpu-egg-012"]: Creation complete after 1s [id=3938724820]
netris_link.ew_gpu_links["swp23@sw-egg-backend-plane1-leaf04--eth1@gpu-egg-092"]: Creating...
netris_link.ew_gpu_links["swp5@sw-egg-backend-plane4-leaf04--eth7@gpu-egg-020"]: Creation complete after 1s [id=4105899423]
netris_link.ew_gpu_links["swp17@sw-egg-backend-plane2-leaf03--eth3@gpu-egg-067"]: Creation complete after 1s [id=3891119134]
netris_link.ew_gpu_links["swp21@sw-egg-backend-plane1-leaf03--eth1@gpu-egg-083"]: Creating...
netris_link.ew_gpu_links["swp25@sw-egg-backend-plane4-leaf01--eth7@gpu-egg-097"]: Creating...
netris_link.ew_gpu_links["swp21@sw-egg-backend-plane1-leaf01--eth1@gpu-egg-081"]: Creation complete after 1s [id=3995642144]
netris_link.ew_gpu_links["swp4@sw-egg-backend-plane2-leaf03--eth4@gpu-egg-011"]: Creation complete after 1s [id=3893942619]
netris_link.ew_gpu_links["swp30@sw-egg-backend-plane2-leaf01--eth4@gpu-egg-113"]: Creating...
netris_link.ew_gpu_links["swp23@sw-egg-backend-plane1-leaf01--eth1@gpu-egg-089"]: Creating...
netris_link.ew_gpu_links["swp27@sw-egg-backend-plane4-leaf08--eth7@gpu-egg-112"]: Creation complete after 1s [id=3924535757]
netris_link.ew_gpu_links["swp30@sw-egg-backend-plane4-leaf04--eth8@gpu-egg-116"]: Creation complete after 1s [id=4116236519]
netris_link.ew_gpu_links["swp2@sw-egg-backend-plane2-leaf06--eth4@gpu-egg-006"]: Creating...
netris_link.ew_gpu_links["swp5@sw-egg-backend-plane4-leaf08--eth7@gpu-egg-024"]: Creating...
netris_link.ew_gpu_links["swp12@sw-egg-backend-plane2-leaf04--eth4@gpu-egg-044"]: Creation complete after 0s [id=4052339365]
netris_link.ew_gpu_links["swp23@sw-egg-backend-plane2-leaf07--eth3@gpu-egg-095"]: Creating...
netris_link.ew_gpu_links["swp20@sw-egg-backend-plane1-leaf06--eth2@gpu-egg-078"]: Creation complete after 0s [id=3877721799]
netris_link.ew_gpu_links["swp4@sw-egg-backend-plane2-leaf05--eth4@gpu-egg-013"]: Creating...
netris_link.ew_gpu_links["swp10@sw-egg-backend-plane4-leaf08--eth8@gpu-egg-040"]: Creation complete after 0s [id=3915327250]
netris_link.ew_gpu_links["swp31@sw-egg-backend-plane2-leaf05--eth3@gpu-egg-125"]: Creating...
netris_link.ew_gpu_links["swp23@sw-egg-backend-plane1-leaf04--eth1@gpu-egg-092"]: Creation complete after 0s [id=3962812982]
netris_link.ew_gpu_links["swp20@sw-egg-backend-plane1-leaf08--eth2@gpu-egg-080"]: Creating...
netris_link.ew_gpu_links["swp21@sw-egg-backend-plane1-leaf03--eth1@gpu-egg-083"]: Creation complete after 0s [id=3863907215]
netris_link.ew_gpu_links["swp29@sw-egg-backend-plane1-leaf04--eth1@gpu-egg-116"]: Creating...
netris_link.ew_gpu_links["swp30@sw-egg-backend-plane2-leaf01--eth4@gpu-egg-113"]: Creation complete after 0s [id=3877456717]
netris_link.ew_gpu_links["swp25@sw-egg-backend-plane2-leaf06--eth3@gpu-egg-102"]: Creating...
netris_link.ew_gpu_links["swp23@sw-egg-backend-plane1-leaf01--eth1@gpu-egg-089"]: Creation complete after 0s [id=4076863378]
netris_link.ew_gpu_links["swp23@sw-egg-backend-plane2-leaf08--eth3@gpu-egg-096"]: Creating...
netris_link.ew_gpu_links["swp25@sw-egg-backend-plane4-leaf01--eth7@gpu-egg-097"]: Creation complete after 0s [id=4062608311]
netris_link.ew_gpu_links["swp17@sw-egg-backend-plane2-leaf01--eth3@gpu-egg-065"]: Creating...
netris_link.ew_gpu_links["swp5@sw-egg-backend-plane4-leaf08--eth7@gpu-egg-024"]: Creation complete after 0s [id=3988137174]
netris_link.ew_gpu_links["swp21@sw-egg-backend-plane2-leaf04--eth3@gpu-egg-084"]: Creating...
netris_link.ew_gpu_links["swp2@sw-egg-backend-plane2-leaf06--eth4@gpu-egg-006"]: Creation complete after 0s [id=4132039746]
netris_link.ew_gpu_links["swp29@sw-egg-backend-plane3-leaf01--eth5@gpu-egg-113"]: Creating...
netris_link.ew_gpu_links["swp23@sw-egg-backend-plane2-leaf07--eth3@gpu-egg-095"]: Creation complete after 0s [id=3873759173]
netris_link.ew_gpu_links["swp8@sw-egg-backend-plane1-leaf02--eth2@gpu-egg-026"]: Creating...
netris_link.ew_gpu_links["swp4@sw-egg-backend-plane2-leaf05--eth4@gpu-egg-013"]: Creation complete after 0s [id=3888208194]
netris_link.ew_gpu_links["swp18@sw-egg-backend-plane4-leaf08--eth8@gpu-egg-072"]: Creating...
netris_link.ew_gpu_links["swp31@sw-egg-backend-plane2-leaf05--eth3@gpu-egg-125"]: Creation complete after 0s [id=3874991742]
netris_link.ew_gpu_links["swp24@sw-egg-backend-plane1-leaf05--eth2@gpu-egg-093"]: Creating...
netris_link.ew_gpu_links["swp20@sw-egg-backend-plane1-leaf08--eth2@gpu-egg-080"]: Creation complete after 0s [id=4033814492]
netris_link.ew_gpu_links["swp23@sw-egg-backend-plane2-leaf06--eth3@gpu-egg-094"]: Creating...
netris_link.ew_gpu_links["swp29@sw-egg-backend-plane1-leaf04--eth1@gpu-egg-116"]: Creation complete after 0s [id=3970205620]
netris_link.ew_gpu_links["swp28@sw-egg-backend-plane4-leaf01--eth8@gpu-egg-105"]: Creating...
netris_link.ew_gpu_links["swp25@sw-egg-backend-plane2-leaf06--eth3@gpu-egg-102"]: Creation complete after 0s [id=4160086665]
netris_link.ew_gpu_links["swp32@sw-egg-backend-plane3-leaf02--eth6@gpu-egg-122"]: Creating...
netris_link.ew_gpu_links["swp23@sw-egg-backend-plane2-leaf08--eth3@gpu-egg-096"]: Creation complete after 0s [id=3885122394]
netris_link.ew_gpu_links["swp1@sw-egg-backend-plane4-leaf08--eth7@gpu-egg-008"]: Creating...
netris_link.ew_gpu_links["swp17@sw-egg-backend-plane2-leaf01--eth3@gpu-egg-065"]: Creation complete after 0s [id=4000561302]
netris_link.ew_gpu_links["swp11@sw-egg-backend-plane1-leaf08--eth1@gpu-egg-048"]: Creating...
netris_link.ew_gpu_links["swp21@sw-egg-backend-plane2-leaf04--eth3@gpu-egg-084"]: Creation complete after 0s [id=4025376406]
netris_link.ew_gpu_links["swp32@sw-egg-backend-plane4-leaf08--eth8@gpu-egg-128"]: Creating...
netris_link.ew_gpu_links["swp8@sw-egg-backend-plane1-leaf02--eth2@gpu-egg-026"]: Creation complete after 0s [id=4179812302]
netris_link.ew_gpu_links["swp4@sw-egg-backend-plane2-leaf08--eth4@gpu-egg-016"]: Creating...
netris_link.ew_gpu_links["swp29@sw-egg-backend-plane3-leaf01--eth5@gpu-egg-113"]: Creation complete after 0s [id=3978139830]
netris_link.ew_gpu_links["swp15@sw-egg-backend-plane3-leaf01--eth5@gpu-egg-057"]: Creating...
netris_link.ew_gpu_links["swp18@sw-egg-backend-plane4-leaf08--eth8@gpu-egg-072"]: Creation complete after 0s [id=3932602097]
netris_link.ew_gpu_links["swp16@sw-egg-backend-plane1-leaf07--eth2@gpu-egg-063"]: Creating...
netris_link.ew_gpu_links["swp24@sw-egg-backend-plane1-leaf05--eth2@gpu-egg-093"]: Creation complete after 0s [id=3938102448]
netris_link.ew_gpu_links["swp23@sw-egg-backend-plane2-leaf06--eth3@gpu-egg-094"]: Creation complete after 0s [id=4060174388]
netris_link.ew_gpu_links["swp28@sw-egg-backend-plane4-leaf01--eth8@gpu-egg-105"]: Creation complete after 0s [id=4050088439]
netris_link.ew_gpu_links["swp5@sw-egg-backend-plane2-leaf03--eth3@gpu-egg-019"]: Creating...
netris_link.ew_gpu_links["swp32@sw-egg-backend-plane4-leaf05--eth8@gpu-egg-125"]: Creating...
netris_link.ew_gpu_links["swp9@sw-egg-backend-plane3-leaf07--eth5@gpu-egg-039"]: Creating...
netris_link.ew_gpu_links["swp32@sw-egg-backend-plane3-leaf02--eth6@gpu-egg-122"]: Creation complete after 0s [id=3948138173]
netris_link.ew_gpu_links["swp5@sw-egg-backend-plane2-leaf07--eth3@gpu-egg-023"]: Creating...
netris_link.ew_gpu_links["swp1@sw-egg-backend-plane4-leaf08--eth7@gpu-egg-008"]: Creation complete after 0s [id=4023223726]
netris_link.ew_gpu_links["swp12@sw-egg-backend-plane4-leaf06--eth8@gpu-egg-046"]: Creating...
netris_link.ew_gpu_links["swp11@sw-egg-backend-plane1-leaf08--eth1@gpu-egg-048"]: Creation complete after 0s [id=4090418967]
netris_link.ew_gpu_links["swp12@sw-egg-backend-plane1-leaf01--eth2@gpu-egg-041"]: Creating...
netris_link.ew_gpu_links["swp32@sw-egg-backend-plane4-leaf08--eth8@gpu-egg-128"]: Creation complete after 0s [id=3911611467]
netris_link.ew_gpu_links["swp20@sw-egg-backend-plane3-leaf01--eth6@gpu-egg-073"]: Creating...
netris_link.ew_gpu_links["swp4@sw-egg-backend-plane2-leaf08--eth4@gpu-egg-016"]: Creation complete after 0s [id=3905865158]
netris_link.ew_gpu_links["swp26@sw-egg-backend-plane3-leaf08--eth6@gpu-egg-104"]: Creating...
netris_link.ew_gpu_links["swp16@sw-egg-backend-plane1-leaf07--eth2@gpu-egg-063"]: Creation complete after 0s [id=3981440808]
netris_link.ew_gpu_links["swp4@sw-egg-backend-plane1-leaf05--eth2@gpu-egg-013"]: Creating...
netris_link.ew_gpu_links["swp15@sw-egg-backend-plane3-leaf01--eth5@gpu-egg-057"]: Creation complete after 0s [id=4002796718]
netris_link.ew_gpu_links["swp22@sw-egg-backend-plane3-leaf07--eth6@gpu-egg-087"]: Creating...
netris_link.ew_gpu_links["swp32@sw-egg-backend-plane4-leaf05--eth8@gpu-egg-125"]: Creation complete after 0s [id=3858634814]
netris_link.ew_gpu_links["swp30@sw-egg-backend-plane2-leaf04--eth4@gpu-egg-116"]: Creating...
netris_link.ew_gpu_links["swp5@sw-egg-backend-plane2-leaf03--eth3@gpu-egg-019"]: Creation complete after 0s [id=3821477093]
netris_link.ew_gpu_links["swp26@sw-egg-backend-plane3-leaf07--eth6@gpu-egg-103"]: Creating...
netris_link.ew_gpu_links["swp9@sw-egg-backend-plane3-leaf07--eth5@gpu-egg-039"]: Creation complete after 0s [id=4049818714]
netris_link.ew_gpu_links["swp24@sw-egg-backend-plane2-leaf07--eth4@gpu-egg-095"]: Creating...
netris_link.ew_gpu_links["swp5@sw-egg-backend-plane2-leaf07--eth3@gpu-egg-023"]: Creation complete after 0s [id=3962724806]
netris_link.ew_gpu_links["swp22@sw-egg-backend-plane3-leaf04--eth6@gpu-egg-084"]: Creating...
netris_link.ew_gpu_links["swp12@sw-egg-backend-plane4-leaf06--eth8@gpu-egg-046"]: Creation complete after 0s [id=4109888442]
netris_link.ew_gpu_links["swp29@sw-egg-backend-plane4-leaf03--eth7@gpu-egg-115"]: Creating...
netris_link.ew_gpu_links["swp12@sw-egg-backend-plane1-leaf01--eth2@gpu-egg-041"]: Creation complete after 0s [id=3961121366]
netris_link.ew_gpu_links["swp9@sw-egg-backend-plane4-leaf04--eth7@gpu-egg-036"]: Creating...
netris_link.ew_gpu_links["swp20@sw-egg-backend-plane3-leaf01--eth6@gpu-egg-073"]: Creation complete after 0s [id=4072530013]
netris_link.ew_gpu_links["swp25@sw-egg-backend-plane4-leaf06--eth7@gpu-egg-102"]: Creating...
netris_link.ew_gpu_links["swp26@sw-egg-backend-plane3-leaf08--eth6@gpu-egg-104"]: Creation complete after 0s [id=3945916698]
netris_link.ew_gpu_links["swp10@sw-egg-backend-plane1-leaf07--eth2@gpu-egg-039"]: Creating...
netris_link.ew_gpu_links["swp4@sw-egg-backend-plane1-leaf05--eth2@gpu-egg-013"]: Creation complete after 0s [id=3961744947]
netris_link.ew_gpu_links["swp14@sw-egg-backend-plane1-leaf01--eth2@gpu-egg-049"]: Creating...
netris_link.ew_gpu_links["swp22@sw-egg-backend-plane3-leaf07--eth6@gpu-egg-087"]: Creation complete after 0s [id=3987957786]
netris_link.ew_gpu_links["swp29@sw-egg-backend-plane4-leaf01--eth7@gpu-egg-113"]: Creating...
netris_link.ew_gpu_links["swp30@sw-egg-backend-plane2-leaf04--eth4@gpu-egg-116"]: Creation complete after 0s [id=3981976657]
netris_link.ew_gpu_links["swp7@sw-egg-backend-plane4-leaf06--eth7@gpu-egg-030"]: Creating...
netris_link.ew_gpu_links["swp24@sw-egg-backend-plane2-leaf07--eth4@gpu-egg-095"]: Creation complete after 0s [id=3873935215]
netris_link.ew_gpu_links["swp10@sw-egg-backend-plane2-leaf08--eth4@gpu-egg-040"]: Creating...
netris_link.ew_gpu_links["swp26@sw-egg-backend-plane3-leaf07--eth6@gpu-egg-103"]: Creation complete after 0s [id=4027709324]
netris_link.ew_gpu_links["swp6@sw-egg-backend-plane2-leaf05--eth4@gpu-egg-021"]: Creating...
netris_link.ew_gpu_links["swp22@sw-egg-backend-plane3-leaf04--eth6@gpu-egg-084"]: Creation complete after 1s [id=3900387415]
netris_link.ew_gpu_links["swp29@sw-egg-backend-plane1-leaf07--eth1@gpu-egg-119"]: Creating...
netris_link.ew_gpu_links["swp29@sw-egg-backend-plane4-leaf03--eth7@gpu-egg-115"]: Creation complete after 1s [id=3932070177]
netris_link.ew_gpu_links["swp22@sw-egg-backend-plane4-leaf07--eth8@gpu-egg-087"]: Creating...
netris_link.ew_gpu_links["swp25@sw-egg-backend-plane4-leaf06--eth7@gpu-egg-102"]: Creation complete after 1s [id=4126950839]
netris_link.ew_gpu_links["swp30@sw-egg-backend-plane3-leaf05--eth6@gpu-egg-117"]: Creating...
netris_link.ew_gpu_links["swp29@sw-egg-backend-plane4-leaf01--eth7@gpu-egg-113"]: Creation complete after 1s [id=3995462965]
netris_link.ew_gpu_links["swp7@sw-egg-backend-plane4-leaf06--eth7@gpu-egg-030"]: Creation complete after 1s [id=4074515459]
netris_link.ew_gpu_links["swp14@sw-egg-backend-plane1-leaf01--eth2@gpu-egg-049"]: Creation complete after 1s [id=4074154882]
netris_link.ew_gpu_links["swp9@sw-egg-backend-plane4-leaf04--eth7@gpu-egg-036"]: Creation complete after 1s [id=4122227129]
netris_link.ew_gpu_links["swp6@sw-egg-backend-plane2-leaf05--eth4@gpu-egg-021"]: Creation complete after 1s [id=3901005457]
netris_link.ew_gpu_links["swp10@sw-egg-backend-plane2-leaf08--eth4@gpu-egg-040"]: Creation complete after 1s [id=3847310572]
netris_link.ew_gpu_links["swp10@sw-egg-backend-plane1-leaf07--eth2@gpu-egg-039"]: Creation complete after 1s [id=4061166334]
netris_link.ew_gpu_links["swp14@sw-egg-backend-plane2-leaf08--eth4@gpu-egg-056"]: Creating...
netris_link.ew_gpu_links["swp24@sw-egg-backend-plane1-leaf03--eth2@gpu-egg-091"]: Creating...
netris_link.ew_gpu_links["swp30@sw-egg-backend-plane4-leaf07--eth8@gpu-egg-119"]: Creating...
netris_link.ew_gpu_links["swp28@sw-egg-backend-plane3-leaf01--eth6@gpu-egg-105"]: Creating...
netris_link.ew_gpu_links["swp22@sw-egg-backend-plane4-leaf08--eth8@gpu-egg-088"]: Creating...
netris_link.ew_gpu_links["swp7@sw-egg-backend-plane1-leaf02--eth1@gpu-egg-026"]: Creating...
netris_link.ew_gpu_links["swp27@sw-egg-backend-plane2-leaf02--eth3@gpu-egg-106"]: Creating...
netris_link.ew_gpu_links["swp29@sw-egg-backend-plane1-leaf07--eth1@gpu-egg-119"]: Creation complete after 0s [id=4084632485]
netris_link.ew_gpu_links["swp23@sw-egg-backend-plane4-leaf07--eth7@gpu-egg-095"]: Creating...
netris_link.ew_gpu_links["swp22@sw-egg-backend-plane4-leaf07--eth8@gpu-egg-087"]: Creation complete after 0s [id=3915592781]
netris_link.ew_gpu_links["swp32@sw-egg-backend-plane3-leaf07--eth6@gpu-egg-127"]: Creating...
netris_link.ew_gpu_links["swp30@sw-egg-backend-plane3-leaf05--eth6@gpu-egg-117"]: Creation complete after 0s [id=4044420775]
netris_link.ew_gpu_links["swp14@sw-egg-backend-plane3-leaf07--eth6@gpu-egg-055"]: Creating...
netris_link.ew_gpu_links["swp7@sw-egg-backend-plane1-leaf02--eth1@gpu-egg-026"]: Creation complete after 0s [id=4179629442]
netris_link.ew_gpu_links["swp1@sw-egg-backend-plane4-leaf02--eth7@gpu-egg-002"]: Creating...
netris_link.ew_gpu_links["swp24@sw-egg-backend-plane1-leaf03--eth2@gpu-egg-091"]: Creation complete after 0s [id=3976268279]
netris_link.ew_gpu_links["swp2@sw-egg-backend-plane3-leaf07--eth6@gpu-egg-007"]: Creating...
netris_link.ew_gpu_links["swp30@sw-egg-backend-plane4-leaf07--eth8@gpu-egg-119"]: Creation complete after 0s [id=4000471584]
netris_link.ew_gpu_links["swp28@sw-egg-backend-plane3-leaf07--eth6@gpu-egg-111"]: Creating...
netris_link.ew_gpu_links["swp14@sw-egg-backend-plane2-leaf08--eth4@gpu-egg-056"]: Creation complete after 0s [id=3941831673]
netris_link.ew_gpu_links["swp22@sw-egg-backend-plane4-leaf08--eth8@gpu-egg-088"]: Creation complete after 0s [id=4006466822]
netris_link.ew_gpu_links["swp20@sw-egg-backend-plane3-leaf06--eth6@gpu-egg-078"]: Creating...
netris_link.ew_gpu_links["swp14@sw-egg-backend-plane2-leaf04--eth4@gpu-egg-052"]: Creating...
netris_link.ew_gpu_links["swp27@sw-egg-backend-plane2-leaf02--eth3@gpu-egg-106"]: Creation complete after 0s [id=4064861942]
netris_link.ew_gpu_links["swp31@sw-egg-backend-plane4-leaf02--eth7@gpu-egg-122"]: Creating...
netris_link.ew_gpu_links["swp28@sw-egg-backend-plane3-leaf01--eth6@gpu-egg-105"]: Creation complete after 0s [id=4032647158]
netris_link.ew_gpu_links["swp24@sw-egg-backend-plane3-leaf02--eth6@gpu-egg-090"]: Creating...
netris_link.ew_gpu_links["swp23@sw-egg-backend-plane4-leaf07--eth7@gpu-egg-095"]: Creation complete after 0s [id=3913646143]
netris_link.ew_gpu_links["swp3@sw-egg-backend-plane3-leaf01--eth5@gpu-egg-009"]: Creating...
netris_link.ew_gpu_links["swp32@sw-egg-backend-plane3-leaf07--eth6@gpu-egg-127"]: Creation complete after 0s [id=4031210426]
netris_link.ew_gpu_links["swp12@sw-egg-backend-plane2-leaf01--eth4@gpu-egg-041"]: Creating...
netris_link.ew_gpu_links["swp14@sw-egg-backend-plane3-leaf07--eth6@gpu-egg-055"]: Creation complete after 0s [id=4057292029]
netris_link.ew_gpu_links["swp28@sw-egg-backend-plane1-leaf08--eth2@gpu-egg-112"]: Creating...
netris_link.ew_gpu_links["swp1@sw-egg-backend-plane4-leaf02--eth7@gpu-egg-002"]: Creation complete after 0s [id=3886357103]
netris_link.ew_gpu_links["swp30@sw-egg-backend-plane2-leaf05--eth4@gpu-egg-117"]: Creating...
netris_link.ew_gpu_links["swp2@sw-egg-backend-plane3-leaf07--eth6@gpu-egg-007"]: Creation complete after 0s [id=4011749245]
netris_link.ew_gpu_links["swp28@sw-egg-backend-plane1-leaf03--eth2@gpu-egg-107"]: Creating...
netris_link.ew_gpu_links["swp28@sw-egg-backend-plane3-leaf07--eth6@gpu-egg-111"]: Creation complete after 0s [id=4018021884]
netris_link.ew_gpu_links["swp27@sw-egg-backend-plane3-leaf06--eth5@gpu-egg-110"]: Creating...
netris_link.ew_gpu_links["swp31@sw-egg-backend-plane4-leaf02--eth7@gpu-egg-122"]: Creation complete after 0s [id=3892883910]
netris_link.ew_gpu_links["swp15@sw-egg-backend-plane1-leaf08--eth1@gpu-egg-064"]: Creating...
netris_link.ew_gpu_links["swp20@sw-egg-backend-plane3-leaf06--eth6@gpu-egg-078"]: Creation complete after 0s [id=3910550989]
netris_link.ew_gpu_links["swp26@sw-egg-backend-plane1-leaf05--eth2@gpu-egg-101"]: Creating...
netris_link.ew_gpu_links["swp14@sw-egg-backend-plane2-leaf04--eth4@gpu-egg-052"]: Creation complete after 0s [id=4030761803]
netris_link.ew_gpu_links["swp29@sw-egg-backend-plane4-leaf04--eth7@gpu-egg-116"]: Creating...
netris_link.ew_gpu_links["swp24@sw-egg-backend-plane3-leaf02--eth6@gpu-egg-090"]: Creation complete after 0s [id=3937659486]
netris_link.ew_gpu_links["swp23@sw-egg-backend-plane2-leaf02--eth3@gpu-egg-090"]: Creating...
netris_link.ew_gpu_links["swp3@sw-egg-backend-plane3-leaf01--eth5@gpu-egg-009"]: Creation complete after 0s [id=4032287961]
netris_link.ew_gpu_links["swp14@sw-egg-backend-plane3-leaf08--eth6@gpu-egg-056"]: Creating...
netris_link.ew_gpu_links["swp28@sw-egg-backend-plane1-leaf08--eth2@gpu-egg-112"]: Creation complete after 0s [id=4019724990]
netris_link.ew_gpu_links["swp5@sw-egg-backend-plane1-leaf05--eth1@gpu-egg-021"]: Creating...
netris_link.ew_gpu_links["swp27@sw-egg-backend-plane3-leaf06--eth5@gpu-egg-110"]: Creation complete after 0s [id=3933489835]
netris_link.ew_gpu_links["swp12@sw-egg-backend-plane2-leaf01--eth4@gpu-egg-041"]: Creation complete after 0s [id=3877720927]
netris_link.ew_gpu_links["swp28@sw-egg-backend-plane1-leaf03--eth2@gpu-egg-107"]: Creation complete after 0s [id=3886885387]
netris_link.ew_gpu_links["swp30@sw-egg-backend-plane2-leaf05--eth4@gpu-egg-117"]: Creation complete after 0s [id=3931361276]
netris_link.ew_gpu_links["swp15@sw-egg-backend-plane1-leaf08--eth1@gpu-egg-064"]: Creation complete after 0s [id=4092770962]
netris_link.ew_gpu_links["swp25@sw-egg-backend-plane3-leaf08--eth5@gpu-egg-104"]: Creating...
netris_link.ew_gpu_links["swp32@sw-egg-backend-plane1-leaf05--eth2@gpu-egg-125"]: Creating...
netris_link.ew_gpu_links["swp19@sw-egg-backend-plane2-leaf07--eth3@gpu-egg-079"]: Creating...
netris_link.ew_gpu_links["swp19@sw-egg-backend-plane2-leaf02--eth3@gpu-egg-074"]: Creating...
netris_link.ew_gpu_links["swp12@sw-egg-backend-plane1-leaf04--eth2@gpu-egg-044"]: Creating...
netris_link.ew_gpu_links["swp29@sw-egg-backend-plane4-leaf04--eth7@gpu-egg-116"]: Creation complete after 0s [id=4116055055]
netris_link.ew_gpu_links["swp8@sw-egg-backend-plane4-leaf04--eth8@gpu-egg-028"]: Creating...
netris_link.ew_gpu_links["swp26@sw-egg-backend-plane1-leaf05--eth2@gpu-egg-101"]: Creation complete after 0s [id=3962724145]
netris_link.ew_gpu_links["swp1@sw-egg-backend-plane2-leaf05--eth3@gpu-egg-005"]: Creating...
netris_link.ew_gpu_links["swp23@sw-egg-backend-plane2-leaf02--eth3@gpu-egg-090"]: Creation complete after 0s [id=4102276161]
netris_link.ew_gpu_links["swp9@sw-egg-backend-plane1-leaf01--eth1@gpu-egg-033"]: Creating...
netris_link.ew_gpu_links["swp14@sw-egg-backend-plane3-leaf08--eth6@gpu-egg-056"]: Creation complete after 0s [id=3976178920]
netris_link.ew_gpu_links["swp5@sw-egg-backend-plane1-leaf06--eth1@gpu-egg-022"]: Creating...
netris_link.ew_gpu_links["swp5@sw-egg-backend-plane1-leaf05--eth1@gpu-egg-021"]: Creation complete after 0s [id=3974484244]
netris_link.ew_gpu_links["swp7@sw-egg-backend-plane1-leaf03--eth1@gpu-egg-027"]: Creating...
netris_link.ew_gpu_links["swp32@sw-egg-backend-plane1-leaf05--eth2@gpu-egg-125"]: Creation complete after 0s [id=3948581725]
netris_link.ew_gpu_links["swp23@sw-egg-backend-plane4-leaf03--eth7@gpu-egg-091"]: Creating...
netris_link.ew_gpu_links["swp25@sw-egg-backend-plane3-leaf08--eth5@gpu-egg-104"]: Creation complete after 0s [id=3945739028]
netris_link.ew_gpu_links["swp29@sw-egg-backend-plane4-leaf02--eth7@gpu-egg-114"]: Creating...
netris_link.ew_gpu_links["swp19@sw-egg-backend-plane2-leaf02--eth3@gpu-egg-074"]: Creation complete after 0s [id=4130858320]
netris_link.ew_gpu_links["swp13@sw-egg-backend-plane1-leaf07--eth1@gpu-egg-055"]: Creating...
netris_link.ew_gpu_links["swp19@sw-egg-backend-plane2-leaf07--eth3@gpu-egg-079"]: Creation complete after 0s [id=3909312643]
netris_link.ew_gpu_links["swp31@sw-egg-backend-plane3-leaf06--eth5@gpu-egg-126"]: Creating...
netris_link.ew_gpu_links["swp12@sw-egg-backend-plane1-leaf04--eth2@gpu-egg-044"]: Creation complete after 0s [id=4040644498]
netris_link.ew_gpu_links["swp11@sw-egg-backend-plane3-leaf08--eth5@gpu-egg-048"]: Creating...
netris_link.ew_gpu_links["swp1@sw-egg-backend-plane2-leaf05--eth3@gpu-egg-005"]: Creation complete after 0s [id=3881068533]
netris_link.ew_gpu_links["swp3@sw-egg-backend-plane2-leaf04--eth3@gpu-egg-012"]: Creating...
netris_link.ew_gpu_links["swp8@sw-egg-backend-plane4-leaf04--eth8@gpu-egg-028"]: Creation complete after 0s [id=4089332796]
netris_link.ew_gpu_links["swp4@sw-egg-backend-plane2-leaf07--eth4@gpu-egg-015"]: Creating...
netris_link.ew_gpu_links["swp9@sw-egg-backend-plane1-leaf01--eth1@gpu-egg-033"]: Creation complete after 0s [id=4031030996]
netris_link.ew_gpu_links["swp3@sw-egg-backend-plane4-leaf05--eth7@gpu-egg-013"]: Creating...
netris_link.ew_gpu_links["swp5@sw-egg-backend-plane1-leaf06--eth1@gpu-egg-022"]: Creation complete after 0s [id=3918072172]
netris_link.ew_gpu_links["swp1@sw-egg-backend-plane1-leaf03--eth1@gpu-egg-003"]: Creating...
netris_link.ew_gpu_links["swp7@sw-egg-backend-plane1-leaf03--eth1@gpu-egg-027"]: Creation complete after 0s [id=3925776788]
netris_link.ew_gpu_links["swp4@sw-egg-backend-plane4-leaf04--eth8@gpu-egg-012"]: Creating...
netris_link.ew_gpu_links["swp29@sw-egg-backend-plane4-leaf02--eth7@gpu-egg-114"]: Creation complete after 1s [id=3876224885]
netris_link.ew_gpu_links["swp12@sw-egg-backend-plane2-leaf03--eth4@gpu-egg-043"]: Creating...
netris_link.ew_gpu_links["swp23@sw-egg-backend-plane4-leaf03--eth7@gpu-egg-091"]: Creation complete after 1s [id=4010944038]
netris_link.ew_gpu_links["swp6@sw-egg-backend-plane4-leaf05--eth8@gpu-egg-021"]: Creating...
netris_link.ew_gpu_links["swp31@sw-egg-backend-plane3-leaf06--eth5@gpu-egg-126"]: Creation complete after 1s [id=3847486056]
netris_link.ew_gpu_links["swp6@sw-egg-backend-plane2-leaf06--eth4@gpu-egg-022"]: Creating...
netris_link.ew_gpu_links["swp13@sw-egg-backend-plane1-leaf07--eth1@gpu-egg-055"]: Creation complete after 1s [id=4068289287]
netris_link.ew_gpu_links["swp17@sw-egg-backend-plane3-leaf01--eth5@gpu-egg-065"]: Creating...
netris_link.ew_gpu_links["swp11@sw-egg-backend-plane3-leaf08--eth5@gpu-egg-048"]: Creation complete after 1s [id=3960143353]
netris_link.ew_gpu_links["swp17@sw-egg-backend-plane4-leaf03--eth7@gpu-egg-067"]: Creating...
netris_link.ew_gpu_links["swp3@sw-egg-backend-plane2-leaf04--eth3@gpu-egg-012"]: Creation complete after 1s [id=4064321743]
netris_link.ew_gpu_links["swp28@sw-egg-backend-plane2-leaf08--eth4@gpu-egg-112"]: Creating...
netris_link.ew_gpu_links["swp4@sw-egg-backend-plane2-leaf07--eth4@gpu-egg-015"]: Creation complete after 1s [id=3881861310]
netris_link.ew_gpu_links["swp9@sw-egg-backend-plane3-leaf06--eth5@gpu-egg-038"]: Creating...
netris_link.ew_gpu_links["swp3@sw-egg-backend-plane4-leaf05--eth7@gpu-egg-013"]: Creation complete after 1s [id=3871471382]
netris_link.ew_gpu_links["swp1@sw-egg-backend-plane4-leaf03--eth7@gpu-egg-003"]: Creating...
netris_link.ew_gpu_links["swp1@sw-egg-backend-plane1-leaf03--eth1@gpu-egg-003"]: Creation complete after 1s [id=3882478189]
netris_link.ew_gpu_links["swp6@sw-egg-backend-plane2-leaf02--eth4@gpu-egg-018"]: Creating...
netris_link.ew_gpu_links["swp4@sw-egg-backend-plane4-leaf04--eth8@gpu-egg-012"]: Creation complete after 1s [id=4200134565]
netris_link.ew_gpu_links["swp12@sw-egg-backend-plane2-leaf03--eth4@gpu-egg-043"]: Creation complete after 0s [id=3831800139]
netris_link.ew_gpu_links["swp6@sw-egg-backend-plane4-leaf05--eth8@gpu-egg-021"]: Creation complete after 0s [id=3884417375]
netris_link.ew_gpu_links["swp5@sw-egg-backend-plane3-leaf03--eth5@gpu-egg-019"]: Creating...
netris_link.ew_gpu_links["swp30@sw-egg-backend-plane4-leaf06--eth8@gpu-egg-118"]: Creating...
netris_link.ew_gpu_links["swp20@sw-egg-backend-plane3-leaf05--eth6@gpu-egg-077"]: Creating...
netris_link.ew_gpu_links["swp6@sw-egg-backend-plane2-leaf06--eth4@gpu-egg-022"]: Creation complete after 0s [id=4161455029]
netris_link.ew_gpu_links["swp29@sw-egg-backend-plane3-leaf02--eth5@gpu-egg-114"]: Creating...
netris_link.ew_gpu_links["swp17@sw-egg-backend-plane4-leaf03--eth7@gpu-egg-067"]: Creation complete after 0s [id=3965217580]
netris_link.ew_gpu_links["swp3@sw-egg-backend-plane4-leaf01--eth7@gpu-egg-009"]: Creating...
netris_link.ew_gpu_links["swp17@sw-egg-backend-plane3-leaf01--eth5@gpu-egg-065"]: Creation complete after 0s [id=4103001219]
netris_link.ew_gpu_links["swp11@sw-egg-backend-plane2-leaf03--eth3@gpu-egg-043"]: Creating...
netris_link.ew_gpu_links["swp9@sw-egg-backend-plane3-leaf06--eth5@gpu-egg-038"]: Creation complete after 0s [id=3939701058]
netris_link.ew_gpu_links["swp9@sw-egg-backend-plane4-leaf07--eth7@gpu-egg-039"]: Creating...
netris_link.ew_gpu_links["swp28@sw-egg-backend-plane2-leaf08--eth4@gpu-egg-112"]: Creation complete after 0s [id=3856614439]
netris_link.ew_gpu_links["swp22@sw-egg-backend-plane2-leaf02--eth4@gpu-egg-082"]: Creating...
netris_link.ew_gpu_links["swp1@sw-egg-backend-plane4-leaf03--eth7@gpu-egg-003"]: Creation complete after 0s [id=3916920460]
netris_link.ew_gpu_links["swp22@sw-egg-backend-plane3-leaf05--eth6@gpu-egg-085"]: Creating...
netris_link.ew_gpu_links["swp6@sw-egg-backend-plane2-leaf02--eth4@gpu-egg-018"]: Creation complete after 0s [id=4120775204]
netris_link.ew_gpu_links["swp31@sw-egg-backend-plane4-leaf08--eth7@gpu-egg-128"]: Creating...
netris_link.ew_gpu_links["swp20@sw-egg-backend-plane3-leaf05--eth6@gpu-egg-077"]: Creation complete after 0s [id=4053419635]
netris_link.ew_gpu_links["swp5@sw-egg-backend-plane3-leaf07--eth5@gpu-egg-023"]: Creating...
netris_link.ew_gpu_links["swp5@sw-egg-backend-plane3-leaf03--eth5@gpu-egg-019"]: Creation complete after 0s [id=4057381240]
netris_link.ew_gpu_links["swp13@sw-egg-backend-plane2-leaf08--eth3@gpu-egg-056"]: Creating...
netris_link.ew_gpu_links["swp30@sw-egg-backend-plane4-leaf06--eth8@gpu-egg-118"]: Creation complete after 0s [id=4014346914]
netris_link.ew_gpu_links["swp27@sw-egg-backend-plane2-leaf01--eth3@gpu-egg-105"]: Creating...
netris_link.ew_gpu_links["swp29@sw-egg-backend-plane3-leaf02--eth5@gpu-egg-114"]: Creation complete after 0s [id=3931183870]
netris_link.ew_gpu_links["swp9@sw-egg-backend-plane4-leaf01--eth7@gpu-egg-033"]: Creating...
netris_link.ew_gpu_links["swp3@sw-egg-backend-plane4-leaf01--eth7@gpu-egg-009"]: Creation complete after 0s [id=4049728466]
netris_link.ew_gpu_links["swp2@sw-egg-backend-plane4-leaf02--eth8@gpu-egg-002"]: Creating...
netris_link.ew_gpu_links["swp11@sw-egg-backend-plane2-leaf03--eth3@gpu-egg-043"]: Creation complete after 0s [id=3831625057]
netris_link.ew_gpu_links["swp1@sw-egg-backend-plane1-leaf08--eth1@gpu-egg-008"]: Creating...
netris_link.ew_gpu_links["swp9@sw-egg-backend-plane4-leaf07--eth7@gpu-egg-039"]: Creation complete after 0s [id=3976892049]
netris_link.ew_gpu_links["swp23@sw-egg-backend-plane2-leaf03--eth3@gpu-egg-091"]: Creating...
netris_link.ew_gpu_links["swp22@sw-egg-backend-plane3-leaf05--eth6@gpu-egg-085"]: Creation complete after 0s [id=4031839193]
netris_link.ew_gpu_links["swp15@sw-egg-backend-plane4-leaf04--eth7@gpu-egg-060"]: Creating...
netris_link.ew_gpu_links["swp22@sw-egg-backend-plane2-leaf02--eth4@gpu-egg-082"]: Creation complete after 0s [id=4065493130]
netris_link.ew_gpu_links["swp1@sw-egg-backend-plane1-leaf07--eth1@gpu-egg-007"]: Creating...
netris_link.ew_gpu_links["swp31@sw-egg-backend-plane4-leaf08--eth7@gpu-egg-128"]: Creation complete after 0s [id=3911434571]
netris_link.ew_gpu_links["swp13@sw-egg-backend-plane4-leaf08--eth7@gpu-egg-056"]: Creating...
netris_link.ew_gpu_links["swp5@sw-egg-backend-plane3-leaf07--eth5@gpu-egg-023"]: Creation complete after 0s [id=4076231203]
netris_link.ew_gpu_links["swp16@sw-egg-backend-plane2-leaf05--eth4@gpu-egg-061"]: Creating...
netris_link.ew_gpu_links["swp13@sw-egg-backend-plane2-leaf08--eth3@gpu-egg-056"]: Creation complete after 0s [id=3941654095]
netris_link.ew_gpu_links["swp5@sw-egg-backend-plane2-leaf05--eth3@gpu-egg-021"]: Creating...
netris_link.ew_gpu_links["swp27@sw-egg-backend-plane2-leaf01--eth3@gpu-egg-105"]: Creation complete after 0s [id=3930917545]
netris_link.ew_gpu_links["swp17@sw-egg-backend-plane1-leaf01--eth1@gpu-egg-065"]: Creating...
netris_link.ew_gpu_links["swp2@sw-egg-backend-plane4-leaf02--eth8@gpu-egg-002"]: Creation complete after 0s [id=3886533431]
netris_link.ew_gpu_links["swp13@sw-egg-backend-plane2-leaf02--eth3@gpu-egg-050"]: Creating...
netris_link.ew_gpu_links["swp9@sw-egg-backend-plane4-leaf01--eth7@gpu-egg-033"]: Creation complete after 0s [id=4066124567]
netris_link.ew_gpu_links["swp8@sw-egg-backend-plane4-leaf03--eth8@gpu-egg-027"]: Creating...
netris_link.ew_gpu_links["swp1@sw-egg-backend-plane1-leaf08--eth1@gpu-egg-008"]: Creation complete after 0s [id=4119413697]
netris_link.ew_gpu_links["swp31@sw-egg-backend-plane1-leaf01--eth1@gpu-egg-121"]: Creating...
netris_link.ew_gpu_links["swp23@sw-egg-backend-plane2-leaf03--eth3@gpu-egg-091"]: Creation complete after 0s [id=3936417560]
netris_link.ew_gpu_links["swp17@sw-egg-backend-plane4-leaf08--eth7@gpu-egg-072"]: Creating...
netris_link.ew_gpu_links["swp15@sw-egg-backend-plane4-leaf04--eth7@gpu-egg-060"]: Creation complete after 0s [id=4176886823]
netris_link.ew_gpu_links["swp28@sw-egg-backend-plane2-leaf04--eth4@gpu-egg-108"]: Creating...
netris_link.ew_gpu_links["swp1@sw-egg-backend-plane1-leaf07--eth1@gpu-egg-007"]: Creation complete after 0s [id=4022684649]
netris_link.ew_gpu_links["swp32@sw-egg-backend-plane4-leaf04--eth8@gpu-egg-124"]: Creating...
netris_link.ew_gpu_links["swp13@sw-egg-backend-plane4-leaf08--eth7@gpu-egg-056"]: Creation complete after 0s [id=4010496041]
netris_link.ew_gpu_links["swp22@sw-egg-backend-plane4-leaf02--eth8@gpu-egg-082"]: Creating...
netris_link.ew_gpu_links["swp31@sw-egg-backend-plane1-leaf01--eth1@gpu-egg-121"]: Creation complete after 0s [id=3977872429]
netris_link.ew_gpu_links["swp4@sw-egg-backend-plane4-leaf08--eth8@gpu-egg-016"]: Creating...
netris_link.ew_gpu_links["swp16@sw-egg-backend-plane2-leaf05--eth4@gpu-egg-061"]: Creation complete after 0s [id=3880539915]
netris_link.ew_gpu_links["swp2@sw-egg-backend-plane4-leaf04--eth8@gpu-egg-004"]: Creating...
netris_link.ew_gpu_links["swp17@sw-egg-backend-plane1-leaf01--eth1@gpu-egg-065"]: Creation complete after 0s [id=4085265469]
netris_link.ew_gpu_links["swp18@sw-egg-backend-plane3-leaf02--eth6@gpu-egg-066"]: Creating...
netris_link.ew_gpu_links["swp5@sw-egg-backend-plane2-leaf05--eth3@gpu-egg-021"]: Creation complete after 0s [id=3900828801]
netris_link.ew_gpu_links["swp13@sw-egg-backend-plane2-leaf02--eth3@gpu-egg-050"]: Creation complete after 0s [id=4060625282]
netris_link.ew_gpu_links["swp6@sw-egg-backend-plane1-leaf06--eth2@gpu-egg-022"]: Creating...
netris_link.ew_gpu_links["swp1@sw-egg-backend-plane3-leaf05--eth5@gpu-egg-005"]: Creating...
netris_link.ew_gpu_links["swp8@sw-egg-backend-plane4-leaf03--eth8@gpu-egg-027"]: Creation complete after 0s [id=3960588159]
netris_link.ew_gpu_links["swp22@sw-egg-backend-plane3-leaf08--eth6@gpu-egg-088"]: Creating...
netris_link.ew_gpu_links["swp17@sw-egg-backend-plane4-leaf08--eth7@gpu-egg-072"]: Creation complete after 0s [id=3932424727]
netris_link.ew_gpu_links["swp24@sw-egg-backend-plane3-leaf04--eth6@gpu-egg-092"]: Creating...
netris_link.ew_gpu_links["swp28@sw-egg-backend-plane2-leaf04--eth4@gpu-egg-108"]: Creation complete after 0s [id=4006376853]
netris_link.ew_gpu_links["swp16@sw-egg-backend-plane3-leaf04--eth6@gpu-egg-060"]: Creating...
netris_link.ew_gpu_links["swp32@sw-egg-backend-plane4-leaf04--eth8@gpu-egg-124"]: Creation complete after 0s [id=4137404567]
netris_link.ew_gpu_links["swp12@sw-egg-backend-plane3-leaf06--eth6@gpu-egg-046"]: Creating...
netris_link.ew_gpu_links["swp22@sw-egg-backend-plane4-leaf02--eth8@gpu-egg-082"]: Creation complete after 0s [id=3846697044]
netris_link.ew_gpu_links["swp12@sw-egg-backend-plane3-leaf03--eth6@gpu-egg-043"]: Creating...
netris_link.ew_gpu_links["swp4@sw-egg-backend-plane4-leaf08--eth8@gpu-egg-016"]: Creation complete after 0s [id=3974395216]
netris_link.ew_gpu_links["swp6@sw-egg-backend-plane1-leaf08--eth2@gpu-egg-024"]: Creating...
netris_link.ew_gpu_links["swp2@sw-egg-backend-plane4-leaf04--eth8@gpu-egg-004"]: Creation complete after 0s [id=4174784912]
netris_link.ew_gpu_links["swp8@sw-egg-backend-plane3-leaf02--eth6@gpu-egg-026"]: Creating...
netris_link.ew_gpu_links["swp18@sw-egg-backend-plane3-leaf02--eth6@gpu-egg-066"]: Creation complete after 1s [id=3911789022]
netris_link.ew_gpu_links["swp2@sw-egg-backend-plane2-leaf04--eth4@gpu-egg-004"]: Creating...
netris_link.ew_gpu_links["swp6@sw-egg-backend-plane1-leaf06--eth2@gpu-egg-022"]: Creation complete after 1s [id=3918249218]
netris_link.ew_gpu_links["swp3@sw-egg-backend-plane2-leaf03--eth3@gpu-egg-011"]: Creating...
netris_link.ew_gpu_links["swp1@sw-egg-backend-plane3-leaf05--eth5@gpu-egg-005"]: Creation complete after 1s [id=3993407678]
netris_link.ew_gpu_links["swp22@sw-egg-backend-plane3-leaf08--eth6@gpu-egg-088"]: Creation complete after 1s [id=3971988721]
netris_link.ew_gpu_links["swp25@sw-egg-backend-plane4-leaf04--eth7@gpu-egg-100"]: Creating...
netris_link.ew_gpu_links["swp12@sw-egg-backend-plane2-leaf06--eth4@gpu-egg-046"]: Creating...
netris_link.ew_gpu_links["swp24@sw-egg-backend-plane3-leaf04--eth6@gpu-egg-092"]: Creation complete after 1s [id=3850206038]
netris_link.ew_gpu_links["swp2@sw-egg-backend-plane3-leaf04--eth6@gpu-egg-004"]: Creating...
netris_link.ew_gpu_links["swp16@sw-egg-backend-plane3-leaf04--eth6@gpu-egg-060"]: Creation complete after 1s [id=3916390174]
netris_link.ew_gpu_links["swp20@sw-egg-backend-plane4-leaf06--eth8@gpu-egg-078"]: Creating...
netris_link.ew_gpu_links["swp12@sw-egg-backend-plane3-leaf06--eth6@gpu-egg-046"]: Creation complete after 1s [id=3933223765]
netris_link.ew_gpu_links["swp30@sw-egg-backend-plane1-leaf05--eth2@gpu-egg-117"]: Creating...
netris_link.ew_gpu_links["swp12@sw-egg-backend-plane3-leaf03--eth6@gpu-egg-043"]: Creation complete after 1s [id=4068017930]
netris_link.ew_gpu_links["swp1@sw-egg-backend-plane4-leaf06--eth7@gpu-egg-006"]: Creating...
netris_link.ew_gpu_links["swp6@sw-egg-backend-plane1-leaf08--eth2@gpu-egg-024"]: Creation complete after 1s [id=4084090027]
netris_link.ew_gpu_links["swp9@sw-egg-backend-plane3-leaf02--eth5@gpu-egg-034"]: Creating...
netris_link.ew_gpu_links["swp8@sw-egg-backend-plane3-leaf02--eth6@gpu-egg-026"]: Creation complete after 1s [id=3963615236]
netris_link.ew_gpu_links["swp32@sw-egg-backend-plane2-leaf02--eth4@gpu-egg-122"]: Creating...
netris_link.ew_gpu_links["swp3@sw-egg-backend-plane2-leaf03--eth3@gpu-egg-011"]: Creation complete after 0s [id=3893766123]
netris_link.ew_gpu_links["swp7@sw-egg-backend-plane1-leaf04--eth1@gpu-egg-028"]: Creating...
netris_link.ew_gpu_links["swp20@sw-egg-backend-plane4-leaf06--eth8@gpu-egg-078"]: Creation complete after 0s [id=4086711346]
netris_link.ew_gpu_links["swp12@sw-egg-backend-plane2-leaf06--eth4@gpu-egg-046"]: Creation complete after 0s [id=4142955836]
netris_link.ew_gpu_links["swp1@sw-egg-backend-plane4-leaf06--eth7@gpu-egg-006"]: Creation complete after 0s [id=4098834948]
netris_link.ew_gpu_links["swp25@sw-egg-backend-plane4-leaf04--eth7@gpu-egg-100"]: Creation complete after 0s [id=4113696378]
netris_link.ew_gpu_links["swp2@sw-egg-backend-plane2-leaf04--eth4@gpu-egg-004"]: Creation complete after 0s [id=4039565694]
netris_link.ew_gpu_links["swp30@sw-egg-backend-plane1-leaf05--eth2@gpu-egg-117"]: Creation complete after 0s [id=4005303069]
netris_link.ew_gpu_links["swp2@sw-egg-backend-plane3-leaf04--eth6@gpu-egg-004"]: Creation complete after 0s [id=3914177913]
netris_link.ew_gpu_links["swp21@sw-egg-backend-plane2-leaf02--eth3@gpu-egg-082"]: Creating...
netris_link.ew_gpu_links["swp2@sw-egg-backend-plane4-leaf07--eth8@gpu-egg-007"]: Creating...
netris_link.ew_gpu_links["swp13@sw-egg-backend-plane4-leaf04--eth7@gpu-egg-052"]: Creating...
netris_link.ew_gpu_links["swp24@sw-egg-backend-plane4-leaf04--eth8@gpu-egg-092"]: Creating...
netris_link.ew_gpu_links["swp27@sw-egg-backend-plane1-leaf03--eth1@gpu-egg-107"]: Creating...
netris_link.ew_gpu_links["swp8@sw-egg-backend-plane2-leaf04--eth4@gpu-egg-028"]: Creating...
netris_link.ew_gpu_links["swp15@sw-egg-backend-plane4-leaf07--eth7@gpu-egg-063"]: Creating...
netris_link.ew_gpu_links["swp9@sw-egg-backend-plane3-leaf02--eth5@gpu-egg-034"]: Creation complete after 0s [id=3908959095]
netris_link.ew_gpu_links["swp30@sw-egg-backend-plane4-leaf05--eth8@gpu-egg-117"]: Creating...
netris_link.ew_gpu_links["swp32@sw-egg-backend-plane2-leaf02--eth4@gpu-egg-122"]: Creation complete after 0s [id=4113152892]
netris_link.ew_gpu_links["swp26@sw-egg-backend-plane3-leaf03--eth6@gpu-egg-099"]: Creating...
netris_link.ew_gpu_links["swp7@sw-egg-backend-plane1-leaf04--eth1@gpu-egg-028"]: Creation complete after 0s [id=3943784225]
netris_link.ew_gpu_links["swp8@sw-egg-backend-plane3-leaf06--eth6@gpu-egg-030"]: Creating...
netris_link.ew_gpu_links["swp13@sw-egg-backend-plane4-leaf04--eth7@gpu-egg-052"]: Creation complete after 0s [id=4165652251]
netris_link.ew_gpu_links["swp24@sw-egg-backend-plane4-leaf03--eth8@gpu-egg-091"]: Creating...
netris_link.ew_gpu_links["swp24@sw-egg-backend-plane4-leaf04--eth8@gpu-egg-092"]: Creation complete after 0s [id=4108709089]
netris_link.ew_gpu_links["swp3@sw-egg-backend-plane2-leaf08--eth3@gpu-egg-016"]: Creating...
netris_link.ew_gpu_links["swp8@sw-egg-backend-plane2-leaf04--eth4@gpu-egg-028"]: Creation complete after 0s [id=3955516058]
netris_link.ew_gpu_links["swp26@sw-egg-backend-plane1-leaf03--eth2@gpu-egg-099"]: Creating...
netris_link.ew_gpu_links["swp27@sw-egg-backend-plane1-leaf03--eth1@gpu-egg-107"]: Creation complete after 0s [id=3886709051]
netris_link.ew_gpu_links["swp9@sw-egg-backend-plane2-leaf04--eth3@gpu-egg-036"]: Creating...
netris_link.ew_gpu_links["swp21@sw-egg-backend-plane2-leaf02--eth3@gpu-egg-082"]: Creation complete after 0s [id=4065312788]
netris_link.ew_gpu_links["swp23@sw-egg-backend-plane2-leaf05--eth3@gpu-egg-093"]: Creating...
netris_link.ew_gpu_links["swp2@sw-egg-backend-plane4-leaf07--eth8@gpu-egg-007"]: Creation complete after 0s [id=3939167716]
netris_link.ew_gpu_links["swp18@sw-egg-backend-plane2-leaf07--eth4@gpu-egg-071"]: Creating...
netris_link.ew_gpu_links["swp30@sw-egg-backend-plane4-leaf05--eth8@gpu-egg-117"]: Creation complete after 0s [id=3914708710]
netris_link.ew_gpu_links["swp27@sw-egg-backend-plane1-leaf07--eth1@gpu-egg-111"]: Creating...
netris_link.ew_gpu_links["swp15@sw-egg-backend-plane4-leaf07--eth7@gpu-egg-063"]: Creation complete after 0s [id=3898002183]
netris_link.ew_gpu_links["swp2@sw-egg-backend-plane4-leaf06--eth8@gpu-egg-006"]: Creating...
netris_link.ew_gpu_links["swp26@sw-egg-backend-plane3-leaf03--eth6@gpu-egg-099"]: Creation complete after 0s [id=4103090982]
netris_link.ew_gpu_links["swp32@sw-egg-backend-plane4-leaf03--eth8@gpu-egg-123"]: Creating...
netris_link.ew_gpu_links["swp8@sw-egg-backend-plane3-leaf06--eth6@gpu-egg-030"]: Creation complete after 0s [id=3898797658]
netris_link.ew_gpu_links["swp11@sw-egg-backend-plane1-leaf07--eth1@gpu-egg-047"]: Creating...
netris_link.ew_gpu_links["swp24@sw-egg-backend-plane4-leaf03--eth8@gpu-egg-091"]: Creation complete after 0s [id=4011123170]
netris_link.ew_gpu_links["swp9@sw-egg-backend-plane4-leaf03--eth7@gpu-egg-035"]: Creating...
netris_link.ew_gpu_links["swp3@sw-egg-backend-plane2-leaf08--eth3@gpu-egg-016"]: Creation complete after 0s [id=3905688392]
netris_link.ew_gpu_links["swp31@sw-egg-backend-plane1-leaf03--eth1@gpu-egg-123"]: Creating...
netris_link.ew_gpu_links["swp26@sw-egg-backend-plane1-leaf03--eth2@gpu-egg-099"]: Creation complete after 0s [id=3905157900]
netris_link.ew_gpu_links["swp9@sw-egg-backend-plane3-leaf05--eth5@gpu-egg-037"]: Creating...
netris_link.ew_gpu_links["swp9@sw-egg-backend-plane2-leaf04--eth3@gpu-egg-036"]: Creation complete after 0s [id=3987868795]
netris_link.ew_gpu_links["swp4@sw-egg-backend-plane3-leaf03--eth6@gpu-egg-011"]: Creating...
netris_link.ew_gpu_links["swp23@sw-egg-backend-plane2-leaf05--eth3@gpu-egg-093"]: Creation complete after 0s [id=3864610641]
netris_link.ew_gpu_links["swp16@sw-egg-backend-plane4-leaf01--eth8@gpu-egg-057"]: Creating...
netris_link.ew_gpu_links["swp18@sw-egg-backend-plane2-leaf07--eth4@gpu-egg-071"]: Creation complete after 0s [id=3863731339]
netris_link.ew_gpu_links["swp30@sw-egg-backend-plane2-leaf02--eth4@gpu-egg-114"]: Creating...
netris_link.ew_gpu_links["swp2@sw-egg-backend-plane4-leaf06--eth8@gpu-egg-006"]: Creation complete after 0s [id=4099016032]
netris_link.ew_gpu_links["swp2@sw-egg-backend-plane4-leaf05--eth8@gpu-egg-005"]: Creating...
netris_link.ew_gpu_links["swp27@sw-egg-backend-plane1-leaf07--eth1@gpu-egg-111"]: Creation complete after 0s [id=4028965828]
netris_link.ew_gpu_links["swp12@sw-egg-backend-plane2-leaf08--eth4@gpu-egg-048"]: Creating...
netris_link.ew_gpu_links["swp11@sw-egg-backend-plane1-leaf07--eth1@gpu-egg-047"]: Creation complete after 0s [id=4019635536]
netris_link.ew_gpu_links["swp20@sw-egg-backend-plane4-leaf07--eth8@gpu-egg-079"]: Creating...
netris_link.ew_gpu_links["swp32@sw-egg-backend-plane4-leaf03--eth8@gpu-egg-123"]: Creation complete after 0s [id=3996089934]
netris_link.ew_gpu_links["swp15@sw-egg-backend-plane3-leaf03--eth5@gpu-egg-059"]: Creating...
netris_link.ew_gpu_links["swp9@sw-egg-backend-plane4-leaf03--eth7@gpu-egg-035"]: Creation complete after 0s [id=3962546433]
netris_link.ew_gpu_links["swp9@sw-egg-backend-plane3-leaf05--eth5@gpu-egg-037"]: Creation complete after 0s [id=3973503136]
netris_link.ew_gpu_links["swp4@sw-egg-backend-plane3-leaf03--eth6@gpu-egg-011"]: Creation complete after 0s [id=4132039616]
netris_link.ew_gpu_links["swp16@sw-egg-backend-plane4-leaf01--eth8@gpu-egg-057"]: Creation complete after 0s [id=4020352735]
netris_link.ew_gpu_links["swp31@sw-egg-backend-plane1-leaf03--eth1@gpu-egg-123"]: Creation complete after 0s [id=3961122547]
netris_link.ew_gpu_links["swp9@sw-egg-backend-plane2-leaf07--eth3@gpu-egg-039"]: Creating...
netris_link.ew_gpu_links["swp21@sw-egg-backend-plane4-leaf06--eth7@gpu-egg-086"]: Creating...
netris_link.ew_gpu_links["swp23@sw-egg-backend-plane3-leaf08--eth5@gpu-egg-096"]: Creating...
netris_link.ew_gpu_links["swp15@sw-egg-backend-plane1-leaf05--eth1@gpu-egg-061"]: Creating...
netris_link.ew_gpu_links["swp14@sw-egg-backend-plane1-leaf03--eth2@gpu-egg-051"]: Creating...
netris_link.ew_gpu_links["swp30@sw-egg-backend-plane2-leaf02--eth4@gpu-egg-114"]: Creation complete after 0s [id=4096028549]
netris_link.ew_gpu_links["swp31@sw-egg-backend-plane3-leaf02--eth5@gpu-egg-122"]: Creating...
netris_link.ew_gpu_links["swp20@sw-egg-backend-plane4-leaf07--eth8@gpu-egg-079"]: Creation complete after 0s [id=3949559521]
netris_link.ew_gpu_links["swp5@sw-egg-backend-plane4-leaf01--eth7@gpu-egg-017"]: Creating...
netris_link.ew_gpu_links["swp12@sw-egg-backend-plane2-leaf08--eth4@gpu-egg-048"]: Creation complete after 0s [id=3926042808]
netris_link.ew_gpu_links["swp20@sw-egg-backend-plane4-leaf08--eth8@gpu-egg-080"]: Creating...
netris_link.ew_gpu_links["swp2@sw-egg-backend-plane4-leaf05--eth8@gpu-egg-005"]: Creation complete after 0s [id=3864698771]
netris_link.ew_gpu_links["swp24@sw-egg-backend-plane3-leaf01--eth6@gpu-egg-089"]: Creating...
netris_link.ew_gpu_links["swp15@sw-egg-backend-plane3-leaf03--eth5@gpu-egg-059"]: Creation complete after 0s [id=4059273183]
netris_link.ew_gpu_links["swp27@sw-egg-backend-plane3-leaf03--eth5@gpu-egg-107"]: Creating...
netris_link.ew_gpu_links["swp15@sw-egg-backend-plane1-leaf05--eth1@gpu-egg-061"]: Creation complete after 0s [id=3953826606]
netris_link.ew_gpu_links["swp1@sw-egg-backend-plane1-leaf02--eth1@gpu-egg-002"]: Creating...
netris_link.ew_gpu_links["swp23@sw-egg-backend-plane3-leaf08--eth5@gpu-egg-096"]: Creation complete after 0s [id=3919222215]
netris_link.ew_gpu_links["swp28@sw-egg-backend-plane1-leaf01--eth2@gpu-egg-105"]: Creating...
netris_link.ew_gpu_links["swp21@sw-egg-backend-plane4-leaf06--eth7@gpu-egg-086"]: Creation complete after 0s [id=4072800448]
netris_link.ew_gpu_links["swp26@sw-egg-backend-plane1-leaf07--eth2@gpu-egg-103"]: Creating...
netris_link.ew_gpu_links["swp9@sw-egg-backend-plane2-leaf07--eth3@gpu-egg-039"]: Creation complete after 0s [id=3936683255]
netris_link.ew_gpu_links["swp13@sw-egg-backend-plane1-leaf03--eth1@gpu-egg-051"]: Creating...
netris_link.ew_gpu_links["swp14@sw-egg-backend-plane1-leaf03--eth2@gpu-egg-051"]: Creation complete after 0s [id=3911877414]
netris_link.ew_gpu_links["swp26@sw-egg-backend-plane2-leaf07--eth4@gpu-egg-103"]: Creating...
netris_link.ew_gpu_links["swp31@sw-egg-backend-plane3-leaf02--eth5@gpu-egg-122"]: Creation complete after 0s [id=3947960453]
netris_link.ew_gpu_links["swp9@sw-egg-backend-plane2-leaf06--eth3@gpu-egg-038"]: Creating...
netris_link.ew_gpu_links["swp5@sw-egg-backend-plane4-leaf01--eth7@gpu-egg-017"]: Creation complete after 1s [id=4081650237]
netris_link.ew_gpu_links["swp26@sw-egg-backend-plane1-leaf02--eth2@gpu-egg-098"]: Creating...
netris_link.ew_gpu_links["swp20@sw-egg-backend-plane4-leaf08--eth8@gpu-egg-080"]: Creation complete after 1s [id=3938635089]
netris_link.ew_gpu_links["swp10@sw-egg-backend-plane4-leaf07--eth8@gpu-egg-039"]: Creating...
netris_link.ew_gpu_links["swp27@sw-egg-backend-plane3-leaf03--eth5@gpu-egg-107"]: Creation complete after 1s [id=4084179825]
netris_link.ew_gpu_links["swp24@sw-egg-backend-plane3-leaf01--eth6@gpu-egg-089"]: Creation complete after 1s [id=4094761890]
netris_link.ew_gpu_links["swp18@sw-egg-backend-plane2-leaf03--eth4@gpu-egg-067"]: Creating...
netris_link.ew_gpu_links["swp2@sw-egg-backend-plane1-leaf06--eth2@gpu-egg-006"]: Creating...
netris_link.ew_gpu_links["swp1@sw-egg-backend-plane1-leaf02--eth1@gpu-egg-002"]: Creation complete after 1s [id=4156985684]
netris_link.ew_gpu_links["swp31@sw-egg-backend-plane2-leaf03--eth3@gpu-egg-123"]: Creating...
netris_link.ew_gpu_links["swp26@sw-egg-backend-plane1-leaf07--eth2@gpu-egg-103"]: Creation complete after 1s [id=4038846194]
netris_link.ew_gpu_links["swp3@sw-egg-backend-plane1-leaf03--eth1@gpu-egg-011"]: Creating...
netris_link.ew_gpu_links["swp28@sw-egg-backend-plane1-leaf01--eth2@gpu-egg-105"]: Creation complete after 1s [id=4015064288]
netris_link.ew_gpu_links["swp11@sw-egg-backend-plane2-leaf06--eth3@gpu-egg-046"]: Creating...
netris_link.ew_gpu_links["swp13@sw-egg-backend-plane1-leaf03--eth1@gpu-egg-051"]: Creation complete after 1s [id=3911700512]
netris_link.ew_gpu_links["swp10@sw-egg-backend-plane2-leaf03--eth4@gpu-egg-035"]: Creating...
netris_link.ew_gpu_links["swp26@sw-egg-backend-plane2-leaf07--eth4@gpu-egg-103"]: Creation complete after 1s [id=3914885301]
netris_link.ew_gpu_links["swp5@sw-egg-backend-plane4-leaf07--eth7@gpu-egg-023"]: Creating...
netris_link.ew_gpu_links["swp9@sw-egg-backend-plane2-leaf06--eth3@gpu-egg-038"]: Creation complete after 1s [id=4149603511]
netris_link.ew_gpu_links["swp15@sw-egg-backend-plane4-leaf05--eth7@gpu-egg-061"]: Creating...
netris_link.ew_gpu_links["swp26@sw-egg-backend-plane1-leaf02--eth2@gpu-egg-098"]: Creation complete after 0s [id=4168391159]
netris_link.ew_gpu_links["swp21@sw-egg-backend-plane3-leaf05--eth5@gpu-egg-085"]: Creating...
netris_link.ew_gpu_links["swp10@sw-egg-backend-plane4-leaf07--eth8@gpu-egg-039"]: Creation complete after 0s [id=3977070419]
netris_link.ew_gpu_links["swp11@sw-egg-backend-plane1-leaf03--eth1@gpu-egg-043"]: Creating...
netris_link.ew_gpu_links["swp18@sw-egg-backend-plane2-leaf03--eth4@gpu-egg-067"]: Creation complete after 0s [id=3891295570]
netris_link.ew_gpu_links["swp14@sw-egg-backend-plane2-leaf03--eth4@gpu-egg-051"]: Creating...
netris_link.ew_gpu_links["swp2@sw-egg-backend-plane1-leaf06--eth2@gpu-egg-006"]: Creation complete after 0s [id=3889707973]
netris_link.ew_gpu_links["swp14@sw-egg-backend-plane2-leaf05--eth4@gpu-egg-053"]: Creating...
netris_link.ew_gpu_links["swp5@sw-egg-backend-plane4-leaf07--eth7@gpu-egg-023"]: Creation complete after 0s [id=4003066036]
netris_link.ew_gpu_links["swp3@sw-egg-backend-plane1-leaf03--eth1@gpu-egg-011"]: Creation complete after 0s [id=3933223518]
netris_link.ew_gpu_links["swp31@sw-egg-backend-plane2-leaf03--eth3@gpu-egg-123"]: Creation complete after 0s [id=3921525108]
netris_link.ew_gpu_links["swp11@sw-egg-backend-plane2-leaf06--eth3@gpu-egg-046"]: Creation complete after 0s [id=4142773784]
netris_link.ew_gpu_links["swp10@sw-egg-backend-plane2-leaf03--eth4@gpu-egg-035"]: Creation complete after 0s [id=3888649443]
netris_link.ew_gpu_links["swp15@sw-egg-backend-plane4-leaf05--eth7@gpu-egg-061"]: Creation complete after 0s [id=3863819633]
netris_link.ew_gpu_links["swp9@sw-egg-backend-plane2-leaf05--eth3@gpu-egg-037"]: Creating...
netris_link.ew_gpu_links["swp6@sw-egg-backend-plane1-leaf02--eth2@gpu-egg-018"]: Creating...
netris_link.ew_gpu_links["swp16@sw-egg-backend-plane4-leaf06--eth8@gpu-egg-062"]: Creating...
netris_link.ew_gpu_links["swp32@sw-egg-backend-plane3-leaf04--eth6@gpu-egg-124"]: Creating...
netris_link.ew_gpu_links["swp23@sw-egg-backend-plane2-leaf04--eth3@gpu-egg-092"]: Creating...
netris_link.ew_gpu_links["swp1@sw-egg-backend-plane4-leaf07--eth7@gpu-egg-007"]: Creating...
netris_link.ew_gpu_links["swp21@sw-egg-backend-plane3-leaf05--eth5@gpu-egg-085"]: Creation complete after 0s [id=4031659599]
netris_link.ew_gpu_links["swp9@sw-egg-backend-plane4-leaf06--eth7@gpu-egg-038"]: Creating...
netris_link.ew_gpu_links["swp14@sw-egg-backend-plane2-leaf03--eth4@gpu-egg-051"]: Creation complete after 0s [id=3872527505]
netris_link.ew_gpu_links["swp20@sw-egg-backend-plane2-leaf04--eth4@gpu-egg-076"]: Creating...
netris_link.ew_gpu_links["swp11@sw-egg-backend-plane1-leaf03--eth1@gpu-egg-043"]: Creation complete after 0s [id=3870767130]
netris_link.ew_gpu_links["swp32@sw-egg-backend-plane3-leaf08--eth6@gpu-egg-128"]: Creating...
netris_link.ew_gpu_links["swp23@sw-egg-backend-plane2-leaf04--eth3@gpu-egg-092"]: Creation complete after 0s [id=3974394749]
netris_link.ew_gpu_links["swp7@sw-egg-backend-plane3-leaf06--eth5@gpu-egg-030"]: Creating...
netris_link.ew_gpu_links["swp16@sw-egg-backend-plane4-leaf06--eth8@gpu-egg-062"]: Creation complete after 0s [id=4131221973]
netris_link.ew_gpu_links["swp24@sw-egg-backend-plane1-leaf02--eth2@gpu-egg-090"]: Creating...
netris_link.ew_gpu_links["swp32@sw-egg-backend-plane3-leaf04--eth6@gpu-egg-124"]: Creation complete after 0s [id=3877985748]
netris_link.ew_gpu_links["swp13@sw-egg-backend-plane1-leaf06--eth1@gpu-egg-054"]: Creating...
netris_link.ew_gpu_links["swp14@sw-egg-backend-plane2-leaf05--eth4@gpu-egg-053"]: Creation complete after 0s [id=3953382824]
netris_link.ew_gpu_links["swp29@sw-egg-backend-plane4-leaf08--eth7@gpu-egg-120"]: Creating...
netris_link.ew_gpu_links["swp9@sw-egg-backend-plane2-leaf05--eth3@gpu-egg-037"]: Creation complete after 0s [id=3861446309]
netris_link.ew_gpu_links["swp25@sw-egg-backend-plane1-leaf03--eth1@gpu-egg-099"]: Creating...
netris_link.ew_gpu_links["swp1@sw-egg-backend-plane4-leaf07--eth7@gpu-egg-007"]: Creation complete after 0s [id=3938990198]
netris_link.ew_gpu_links["swp6@sw-egg-backend-plane2-leaf08--eth4@gpu-egg-024"]: Creating...
netris_link.ew_gpu_links["swp6@sw-egg-backend-plane1-leaf02--eth2@gpu-egg-018"]: Creation complete after 0s [id=4171587519]
netris_link.ew_gpu_links["swp7@sw-egg-backend-plane2-leaf04--eth3@gpu-egg-028"]: Creating...
netris_link.ew_gpu_links["swp9@sw-egg-backend-plane4-leaf06--eth7@gpu-egg-038"]: Creation complete after 0s [id=4116509545]
netris_link.ew_gpu_links["swp23@sw-egg-backend-plane4-leaf04--eth7@gpu-egg-092"]: Creating...
netris_link.ew_gpu_links["swp32@sw-egg-backend-plane3-leaf08--eth6@gpu-egg-128"]: Creation complete after 0s [id=3877544842]
netris_link.ew_gpu_links["swp6@sw-egg-backend-plane2-leaf03--eth4@gpu-egg-019"]: Creating...
netris_link.ew_gpu_links["swp20@sw-egg-backend-plane2-leaf04--eth4@gpu-egg-076"]: Creation complete after 0s [id=4036240634]
netris_link.ew_gpu_links["swp15@sw-egg-backend-plane4-leaf01--eth7@gpu-egg-057"]: Creating...
netris_link.ew_gpu_links["swp7@sw-egg-backend-plane3-leaf06--eth5@gpu-egg-030"]: Creation complete after 0s [id=3898621052]
netris_link.ew_gpu_links["swp10@sw-egg-backend-plane3-leaf01--eth6@gpu-egg-033"]: Creating...
netris_link.ew_gpu_links["swp13@sw-egg-backend-plane1-leaf06--eth1@gpu-egg-054"]: Creation complete after 0s [id=3862501439]
netris_link.ew_gpu_links["swp22@sw-egg-backend-plane3-leaf02--eth6@gpu-egg-082"]: Creating...
netris_link.ew_gpu_links["swp25@sw-egg-backend-plane1-leaf03--eth1@gpu-egg-099"]: Creation complete after 0s [id=3904981150]
netris_link.ew_gpu_links["swp14@sw-egg-backend-plane1-leaf06--eth2@gpu-egg-054"]: Creating...
netris_link.ew_gpu_links["swp29@sw-egg-backend-plane4-leaf08--eth7@gpu-egg-120"]: Creation complete after 0s [id=3908693181]
netris_link.ew_gpu_links["swp21@sw-egg-backend-plane1-leaf08--eth1@gpu-egg-088"]: Creating...
netris_link.ew_gpu_links["swp24@sw-egg-backend-plane1-leaf02--eth2@gpu-egg-090"]: Creation complete after 0s [id=4153156920]
netris_link.ew_gpu_links["swp23@sw-egg-backend-plane4-leaf04--eth7@gpu-egg-092"]: Creation complete after 0s [id=4108527791]
netris_link.ew_gpu_links["swp6@sw-egg-backend-plane2-leaf03--eth4@gpu-egg-019"]: Creation complete after 0s [id=3821651943]
netris_link.ew_gpu_links["swp6@sw-egg-backend-plane2-leaf08--eth4@gpu-egg-024"]: Creation complete after 0s [id=3919665306]
netris_link.ew_gpu_links["swp7@sw-egg-backend-plane2-leaf04--eth3@gpu-egg-028"]: Creation complete after 0s [id=3955338172]
netris_link.ew_gpu_links["swp9@sw-egg-backend-plane1-leaf02--eth1@gpu-egg-034"]: Creating...
netris_link.ew_gpu_links["swp10@sw-egg-backend-plane2-leaf07--eth4@gpu-egg-039"]: Creating...
netris_link.ew_gpu_links["swp2@sw-egg-backend-plane3-leaf03--eth6@gpu-egg-003"]: Creating...
netris_link.ew_gpu_links["swp30@sw-egg-backend-plane1-leaf01--eth2@gpu-egg-113"]: Creating...
netris_link.ew_gpu_links["swp12@sw-egg-backend-plane4-leaf02--eth8@gpu-egg-042"]: Creating...
netris_link.ew_gpu_links["swp15@sw-egg-backend-plane4-leaf01--eth7@gpu-egg-057"]: Creation complete after 0s [id=4020173397]
netris_link.ew_gpu_links["swp29@sw-egg-backend-plane4-leaf07--eth7@gpu-egg-119"]: Creating...
netris_link.ew_gpu_links["swp10@sw-egg-backend-plane3-leaf01--eth6@gpu-egg-033"]: Creation complete after 0s [id=4048828726]
netris_link.ew_gpu_links["swp5@sw-egg-backend-plane1-leaf03--eth1@gpu-egg-019"]: Creating...
netris_link.ew_gpu_links["swp22@sw-egg-backend-plane3-leaf02--eth6@gpu-egg-082"]: Creation complete after 0s [id=3901447037]
netris_link.ew_gpu_links["swp26@sw-egg-backend-plane2-leaf03--eth4@gpu-egg-099"]: Creating...
netris_link.ew_gpu_links["swp14@sw-egg-backend-plane1-leaf06--eth2@gpu-egg-054"]: Creation complete after 1s [id=3862677225]
netris_link.ew_gpu_links["swp3@sw-egg-backend-plane1-leaf01--eth1@gpu-egg-009"]: Creating...
netris_link.ew_gpu_links["swp21@sw-egg-backend-plane1-leaf08--eth1@gpu-egg-088"]: Creation complete after 1s [id=4102276291]
netris_link.ew_gpu_links["swp8@sw-egg-backend-plane3-leaf04--eth6@gpu-egg-028"]: Creating...
netris_link.ew_gpu_links["swp10@sw-egg-backend-plane2-leaf07--eth4@gpu-egg-039"]: Creation complete after 1s [id=3936860721]
netris_link.ew_gpu_links["swp10@sw-egg-backend-plane2-leaf05--eth4@gpu-egg-037"]: Creating...
netris_link.ew_gpu_links["swp2@sw-egg-backend-plane3-leaf03--eth6@gpu-egg-003"]: Creation complete after 1s [id=4080023451]
netris_link.ew_gpu_links["swp6@sw-egg-backend-plane3-leaf06--eth6@gpu-egg-022"]: Creating...
netris_link.ew_gpu_links["swp30@sw-egg-backend-plane1-leaf01--eth2@gpu-egg-113"]: Creation complete after 1s [id=3960854330]
netris_link.ew_gpu_links["swp18@sw-egg-backend-plane4-leaf01--eth8@gpu-egg-065"]: Creating...
netris_link.ew_gpu_links["swp9@sw-egg-backend-plane1-leaf02--eth1@gpu-egg-034"]: Creation complete after 1s [id=4123680225]
netris_link.ew_gpu_links["swp17@sw-egg-backend-plane1-leaf05--eth1@gpu-egg-069"]: Creating...
netris_link.ew_gpu_links["swp12@sw-egg-backend-plane4-leaf02--eth8@gpu-egg-042"]: Creation complete after 1s [id=3817893762]
netris_link.ew_gpu_links["swp10@sw-egg-backend-plane1-leaf04--eth2@gpu-egg-036"]: Creating...
netris_link.ew_gpu_links["swp29@sw-egg-backend-plane4-leaf07--eth7@gpu-egg-119"]: Creation complete after 1s [id=4000292690]
netris_link.ew_gpu_links["swp19@sw-egg-backend-plane4-leaf02--eth7@gpu-egg-074"]: Creating...
netris_link.ew_gpu_links["swp5@sw-egg-backend-plane1-leaf03--eth1@gpu-egg-019"]: Creation complete after 1s [id=3860567430]
netris_link.ew_gpu_links["swp30@sw-egg-backend-plane3-leaf01--eth6@gpu-egg-113"]: Creating...
netris_link.ew_gpu_links["swp26@sw-egg-backend-plane2-leaf03--eth4@gpu-egg-099"]: Creation complete after 1s [id=3865841887]
netris_link.ew_gpu_links["swp22@sw-egg-backend-plane3-leaf06--eth6@gpu-egg-086"]: Creating...
netris_link.ew_gpu_links["swp3@sw-egg-backend-plane1-leaf01--eth1@gpu-egg-009"]: Creation complete after 0s [id=4014705875]
netris_link.ew_gpu_links["swp6@sw-egg-backend-plane2-leaf01--eth4@gpu-egg-017"]: Creating...
netris_link.ew_gpu_links["swp8@sw-egg-backend-plane3-leaf04--eth6@gpu-egg-028"]: Creation complete after 0s [id=3831449917]
netris_link.ew_gpu_links["swp22@sw-egg-backend-plane1-leaf05--eth2@gpu-egg-085"]: Creating...
netris_link.ew_gpu_links["swp10@sw-egg-backend-plane2-leaf05--eth4@gpu-egg-037"]: Creation complete after 0s [id=3861622071]
netris_link.ew_gpu_links["swp11@sw-egg-backend-plane2-leaf08--eth3@gpu-egg-048"]: Creating...
netris_link.ew_gpu_links["swp18@sw-egg-backend-plane4-leaf01--eth8@gpu-egg-065"]: Creation complete after 0s [id=4120775384]
netris_link.ew_gpu_links["swp9@sw-egg-backend-plane1-leaf03--eth1@gpu-egg-035"]: Creating...
netris_link.ew_gpu_links["swp6@sw-egg-backend-plane3-leaf06--eth6@gpu-egg-022"]: Creation complete after 0s [id=3951249156]
netris_link.ew_gpu_links["swp16@sw-egg-backend-plane1-leaf02--eth2@gpu-egg-058"]: Creating...
netris_link.ew_gpu_links["swp10@sw-egg-backend-plane1-leaf04--eth2@gpu-egg-036"]: Creation complete after 0s [id=3976445754]
netris_link.ew_gpu_links["swp18@sw-egg-backend-plane1-leaf04--eth2@gpu-egg-068"]: Creating...
netris_link.ew_gpu_links["swp17@sw-egg-backend-plane1-leaf05--eth1@gpu-egg-069"]: Creation complete after 0s [id=4030672334]
netris_link.ew_gpu_links["swp19@sw-egg-backend-plane2-leaf01--eth3@gpu-egg-073"]: Creating...
netris_link.ew_gpu_links["swp19@sw-egg-backend-plane4-leaf02--eth7@gpu-egg-074"]: Creation complete after 0s [id=3910286114]
netris_link.ew_gpu_links["swp4@sw-egg-backend-plane1-leaf03--eth2@gpu-egg-011"]: Creating...
netris_link.ew_gpu_links["swp30@sw-egg-backend-plane3-leaf01--eth6@gpu-egg-113"]: Creation complete after 0s [id=3978318228]
netris_link.ew_gpu_links["swp20@sw-egg-backend-plane3-leaf02--eth6@gpu-egg-074"]: Creating...
netris_link.ew_gpu_links["swp22@sw-egg-backend-plane3-leaf06--eth6@gpu-egg-086"]: Creation complete after 0s [id=3897120039]
netris_link.ew_gpu_links["swp27@sw-egg-backend-plane1-leaf01--eth1@gpu-egg-105"]: Creating...
netris_link.ew_gpu_links["swp22@sw-egg-backend-plane1-leaf05--eth2@gpu-egg-085"]: Creation complete after 0s [id=3992782527]
netris_link.ew_gpu_links["swp6@sw-egg-backend-plane2-leaf01--eth4@gpu-egg-017"]: Creation complete after 0s [id=3962368519]
netris_link.ew_gpu_links["swp11@sw-egg-backend-plane2-leaf08--eth3@gpu-egg-048"]: Creation complete after 0s [id=3925865586]
netris_link.ew_gpu_links["swp31@sw-egg-backend-plane3-leaf04--eth5@gpu-egg-124"]: Creating...
netris_link.ew_gpu_links["swp24@sw-egg-backend-plane1-leaf08--eth2@gpu-egg-096"]: Creating...
netris_link.ew_gpu_links["swp19@sw-egg-backend-plane1-leaf02--eth1@gpu-egg-074"]: Creating...
netris_link.ew_gpu_links["swp16@sw-egg-backend-plane1-leaf02--eth2@gpu-egg-058"]: Creation complete after 0s [id=4146415343]
netris_link.ew_gpu_links["swp9@sw-egg-backend-plane4-leaf05--eth7@gpu-egg-037"]: Creating...
netris_link.ew_gpu_links["swp19@sw-egg-backend-plane2-leaf01--eth3@gpu-egg-073"]: Creation complete after 0s [id=3970295380]
netris_link.ew_gpu_links["swp14@sw-egg-backend-plane4-leaf04--eth8@gpu-egg-052"]: Creating...
netris_link.ew_gpu_links["swp9@sw-egg-backend-plane1-leaf03--eth1@gpu-egg-035"]: Creation complete after 0s [id=3927903702]
netris_link.ew_gpu_links["swp7@sw-egg-backend-plane1-leaf01--eth1@gpu-egg-025"]: Creating...
netris_link.ew_gpu_links["swp18@sw-egg-backend-plane1-leaf04--eth2@gpu-egg-068"]: Creation complete after 0s [id=4000739562]
netris_link.ew_gpu_links["swp15@sw-egg-backend-plane3-leaf04--eth5@gpu-egg-060"]: Creating...
netris_link.ew_gpu_links["swp20@sw-egg-backend-plane3-leaf02--eth6@gpu-egg-074"]: Creation complete after 0s [id=3965663305]
netris_link.ew_gpu_links["swp8@sw-egg-backend-plane1-leaf01--eth2@gpu-egg-025"]: Creating...
netris_link.ew_gpu_links["swp27@sw-egg-backend-plane1-leaf01--eth1@gpu-egg-105"]: Creation complete after 0s [id=4014885068]
netris_link.ew_gpu_links["swp25@sw-egg-backend-plane3-leaf03--eth5@gpu-egg-099"]: Creating...
netris_link.ew_gpu_links["swp4@sw-egg-backend-plane1-leaf03--eth2@gpu-egg-011"]: Creation complete after 0s [id=3933400906]
netris_link.ew_gpu_links["swp18@sw-egg-backend-plane1-leaf05--eth2@gpu-egg-069"]: Creating...
netris_link.ew_gpu_links["swp24@sw-egg-backend-plane1-leaf08--eth2@gpu-egg-096"]: Creation complete after 0s [id=4049008433]
netris_link.ew_gpu_links["swp10@sw-egg-backend-plane3-leaf08--eth6@gpu-egg-040"]: Creating...
netris_link.ew_gpu_links["swp19@sw-egg-backend-plane1-leaf02--eth1@gpu-egg-074"]: Creation complete after 0s [id=4181732573]
netris_link.ew_gpu_links["swp10@sw-egg-backend-plane1-leaf01--eth2@gpu-egg-033"]: Creating...
netris_link.ew_gpu_links["swp31@sw-egg-backend-plane3-leaf04--eth5@gpu-egg-124"]: Creation complete after 0s [id=3877809614]
netris_link.ew_gpu_links["swp28@sw-egg-backend-plane4-leaf08--eth8@gpu-egg-112"]: Creating...
netris_link.ew_gpu_links["swp9@sw-egg-backend-plane4-leaf05--eth7@gpu-egg-037"]: Creation complete after 0s [id=3844942639]
netris_link.ew_gpu_links["swp14@sw-egg-backend-plane4-leaf04--eth8@gpu-egg-052"]: Creation complete after 0s [id=4165834805]
netris_link.ew_gpu_links["swp21@sw-egg-backend-plane2-leaf08--eth3@gpu-egg-088"]: Creating...
netris_link.ew_gpu_links["swp9@sw-egg-backend-plane1-leaf06--eth1@gpu-egg-038"]: Creating...
netris_link.ew_gpu_links["swp7@sw-egg-backend-plane1-leaf01--eth1@gpu-egg-025"]: Creation complete after 0s [id=4001275996]
netris_link.ew_gpu_links["swp11@sw-egg-backend-plane3-leaf05--eth5@gpu-egg-045"]: Creating...
netris_link.ew_gpu_links["swp15@sw-egg-backend-plane3-leaf04--eth5@gpu-egg-060"]: Creation complete after 0s [id=3916213170]
netris_link.ew_gpu_links["swp21@sw-egg-backend-plane3-leaf03--eth5@gpu-egg-083"]: Creating...
netris_link.ew_gpu_links["swp8@sw-egg-backend-plane1-leaf01--eth2@gpu-egg-025"]: Creation complete after 0s [id=4001454912]
netris_link.ew_gpu_links["swp1@sw-egg-backend-plane2-leaf06--eth3@gpu-egg-006"]: Creating...
netris_link.ew_gpu_links["swp25@sw-egg-backend-plane3-leaf03--eth5@gpu-egg-099"]: Creation complete after 0s [id=4102909808]
netris_link.ew_gpu_links["swp16@sw-egg-backend-plane2-leaf04--eth4@gpu-egg-060"]: Creating...
netris_link.ew_gpu_links["swp10@sw-egg-backend-plane3-leaf08--eth6@gpu-egg-040"]: Creation complete after 0s [id=3881244413]
netris_link.ew_gpu_links["swp24@sw-egg-backend-plane2-leaf01--eth4@gpu-egg-089"]: Creating...
netris_link.ew_gpu_links["swp18@sw-egg-backend-plane1-leaf05--eth2@gpu-egg-069"]: Creation complete after 0s [id=4030851906]
netris_link.ew_gpu_links["swp26@sw-egg-backend-plane4-leaf04--eth8@gpu-egg-100"]: Creating...
netris_link.ew_gpu_links["swp10@sw-egg-backend-plane1-leaf01--eth2@gpu-egg-033"]: Creation complete after 0s [id=4031210576]
netris_link.ew_gpu_links["swp11@sw-egg-backend-plane4-leaf04--eth7@gpu-egg-044"]: Creating...
netris_link.ew_gpu_links["swp21@sw-egg-backend-plane2-leaf08--eth3@gpu-egg-088"]: Creation complete after 0s [id=3937482132]
netris_link.ew_gpu_links["swp28@sw-egg-backend-plane4-leaf08--eth8@gpu-egg-112"]: Creation complete after 0s [id=3924712949]
netris_link.ew_gpu_links["swp9@sw-egg-backend-plane1-leaf06--eth1@gpu-egg-038"]: Creation complete after 0s [id=3906749480]
netris_link.ew_gpu_links["swp11@sw-egg-backend-plane3-leaf05--eth5@gpu-egg-045"]: Creation complete after 0s [id=4067387624]
netris_link.ew_gpu_links["swp21@sw-egg-backend-plane3-leaf03--eth5@gpu-egg-083"]: Creation complete after 0s [id=4060805081]
netris_link.ew_gpu_links["swp16@sw-egg-backend-plane2-leaf04--eth4@gpu-egg-060"]: Creation complete after 0s [id=4041813105]
netris_link.ew_gpu_links["swp18@sw-egg-backend-plane1-leaf06--eth2@gpu-egg-070"]: Creating...
netris_link.ew_gpu_links["swp12@sw-egg-backend-plane4-leaf03--eth8@gpu-egg-043"]: Creating...
netris_link.ew_gpu_links["swp13@sw-egg-backend-plane3-leaf05--eth5@gpu-egg-053"]: Creating...
netris_link.ew_gpu_links["swp28@sw-egg-backend-plane3-leaf08--eth6@gpu-egg-112"]: Creating...
netris_link.ew_gpu_links["swp28@sw-egg-backend-plane1-leaf06--eth2@gpu-egg-110"]: Creating...
netris_link.ew_gpu_links["swp27@sw-egg-backend-plane2-leaf06--eth3@gpu-egg-110"]: Creating...
netris_link.ew_gpu_links["swp1@sw-egg-backend-plane2-leaf06--eth3@gpu-egg-006"]: Creation complete after 0s [id=4131857934]
netris_link.ew_gpu_links["swp10@sw-egg-backend-plane3-leaf04--eth6@gpu-egg-036"]: Creating...
netris_link.ew_gpu_links["swp24@sw-egg-backend-plane2-leaf01--eth4@gpu-egg-089"]: Creation complete after 0s [id=3992425531]
netris_link.ew_gpu_links["swp3@sw-egg-backend-plane1-leaf08--eth1@gpu-egg-016"]: Creating...
netris_link.ew_gpu_links["swp26@sw-egg-backend-plane4-leaf04--eth8@gpu-egg-100"]: Creation complete after 1s [id=4113877790]
netris_link.ew_gpu_links["swp2@sw-egg-backend-plane2-leaf01--eth4@gpu-egg-001"]: Creating...
netris_link.ew_gpu_links["swp18@sw-egg-backend-plane1-leaf06--eth2@gpu-egg-070"]: Creation complete after 1s [id=3825412371]
netris_link.ew_gpu_links["swp4@sw-egg-backend-plane4-leaf05--eth8@gpu-egg-013"]: Creating...
netris_link.ew_gpu_links["swp28@sw-egg-backend-plane3-leaf08--eth6@gpu-egg-112"]: Creation complete after 1s [id=3890589196]
netris_link.ew_gpu_links["swp27@sw-egg-backend-plane3-leaf02--eth5@gpu-egg-106"]: Creating...
netris_link.ew_gpu_links["swp10@sw-egg-backend-plane3-leaf04--eth6@gpu-egg-036"]: Creation complete after 1s [id=3863468080]
netris_link.ew_gpu_links["swp20@sw-egg-backend-plane1-leaf05--eth2@gpu-egg-077"]: Creating...
netris_link.ew_gpu_links["swp11@sw-egg-backend-plane4-leaf04--eth7@gpu-egg-044"]: Creation complete after 1s [id=4187587413]
netris_link.ew_gpu_links["swp22@sw-egg-backend-plane2-leaf07--eth4@gpu-egg-087"]: Creating...
netris_link.ew_gpu_links["swp12@sw-egg-backend-plane4-leaf03--eth8@gpu-egg-043"]: Creation complete after 1s [id=3905334285]
netris_link.ew_gpu_links["swp30@sw-egg-backend-plane2-leaf03--eth4@gpu-egg-115"]: Creating...
netris_link.ew_gpu_links["swp28@sw-egg-backend-plane1-leaf06--eth2@gpu-egg-110"]: Creation complete after 1s [id=3900740947]
netris_link.ew_gpu_links["swp18@sw-egg-backend-plane4-leaf07--eth8@gpu-egg-071"]: Creating...
netris_link.ew_gpu_links["swp27@sw-egg-backend-plane2-leaf06--eth3@gpu-egg-110"]: Creation complete after 1s [id=4143228908]
netris_link.ew_gpu_links["swp11@sw-egg-backend-plane4-leaf07--eth7@gpu-egg-047"]: Creating...
netris_link.ew_gpu_links["swp13@sw-egg-backend-plane3-leaf05--eth5@gpu-egg-053"]: Creation complete after 1s [id=4066575921]
netris_link.ew_gpu_links["swp10@sw-egg-backend-plane4-leaf03--eth8@gpu-egg-035"]: Creating...
netris_link.ew_gpu_links["swp2@sw-egg-backend-plane2-leaf01--eth4@gpu-egg-001"]: Creation complete after 0s [id=3985547913]
netris_link.ew_gpu_links["swp3@sw-egg-backend-plane1-leaf08--eth1@gpu-egg-016"]: Creation complete after 1s [id=4069822709]
netris_link.ew_gpu_links["swp22@sw-egg-backend-plane2-leaf04--eth4@gpu-egg-084"]: Creating...
netris_link.ew_gpu_links["swp4@sw-egg-backend-plane1-leaf06--eth2@gpu-egg-014"]: Creating...
netris_link.ew_gpu_links["swp4@sw-egg-backend-plane4-leaf05--eth8@gpu-egg-013"]: Creation complete after 0s [id=3871647372]
netris_link.ew_gpu_links["swp31@sw-egg-backend-plane1-leaf02--eth1@gpu-egg-122"]: Creating...
netris_link.ew_gpu_links["swp27@sw-egg-backend-plane3-leaf02--eth5@gpu-egg-106"]: Creation complete after 0s [id=3900828715]
netris_link.ew_gpu_links["swp24@sw-egg-backend-plane1-leaf04--eth2@gpu-egg-092"]: Creating...
netris_link.ew_gpu_links["swp20@sw-egg-backend-plane1-leaf05--eth2@gpu-egg-077"]: Creation complete after 0s [id=4014258329]
netris_link.ew_gpu_links["swp10@sw-egg-backend-plane3-leaf06--eth6@gpu-egg-038"]: Creating...
netris_link.ew_gpu_links["swp22@sw-egg-backend-plane2-leaf07--eth4@gpu-egg-087"]: Creation complete after 0s [id=3875695867]
netris_link.ew_gpu_links["swp19@sw-egg-backend-plane3-leaf01--eth5@gpu-egg-073"]: Creating...
netris_link.ew_gpu_links["swp18@sw-egg-backend-plane4-leaf07--eth8@gpu-egg-071"]: Creation complete after 0s [id=3903566781]
netris_link.ew_gpu_links["swp11@sw-egg-backend-plane3-leaf03--eth5@gpu-egg-043"]: Creating...
netris_link.ew_gpu_links["swp30@sw-egg-backend-plane2-leaf03--eth4@gpu-egg-115"]: Creation complete after 0s [id=3858459249]
netris_link.ew_gpu_links["swp25@sw-egg-backend-plane2-leaf07--eth3@gpu-egg-103"]: Creating...
netris_link.ew_gpu_links["swp11@sw-egg-backend-plane4-leaf07--eth7@gpu-egg-047"]: Creation complete after 0s [id=3935972977]
netris_link.ew_gpu_links["swp24@sw-egg-backend-plane1-leaf06--eth2@gpu-egg-094"]: Creating...
netris_link.ew_gpu_links["swp10@sw-egg-backend-plane4-leaf03--eth8@gpu-egg-035"]: Creation complete after 0s [id=3962724481]
netris_link.ew_gpu_links["swp17@sw-egg-backend-plane4-leaf01--eth7@gpu-egg-065"]: Creating...
netris_link.ew_gpu_links["swp22@sw-egg-backend-plane2-leaf04--eth4@gpu-egg-084"]: Creation complete after 0s [id=4025555860]
netris_link.ew_gpu_links["swp31@sw-egg-backend-plane1-leaf02--eth1@gpu-egg-122"]: Creation complete after 0s [id=4163735823]
netris_link.ew_gpu_links["swp4@sw-egg-backend-plane1-leaf06--eth2@gpu-egg-014"]: Creation complete after 0s [id=3869536048]
netris_link.ew_gpu_links["swp24@sw-egg-backend-plane1-leaf04--eth2@gpu-egg-092"]: Creation complete after 0s [id=3962991036]
netris_link.ew_gpu_links["swp10@sw-egg-backend-plane3-leaf02--eth6@gpu-egg-034"]: Creating...
netris_link.ew_gpu_links["swp11@sw-egg-backend-plane2-leaf04--eth3@gpu-egg-044"]: Creating...
netris_link.ew_gpu_links["swp26@sw-egg-backend-plane4-leaf03--eth8@gpu-egg-099"]: Creating...
netris_link.ew_gpu_links["swp18@sw-egg-backend-plane3-leaf01--eth6@gpu-egg-065"]: Creating...
netris_link.ew_gpu_links["swp10@sw-egg-backend-plane3-leaf06--eth6@gpu-egg-038"]: Creation complete after 0s [id=3939878592]
netris_link.ew_gpu_links["swp18@sw-egg-backend-plane3-leaf07--eth6@gpu-egg-071"]: Creating...
netris_link.ew_gpu_links["swp19@sw-egg-backend-plane3-leaf01--eth5@gpu-egg-073"]: Creation complete after 0s [id=4072349515]
netris_link.ew_gpu_links["swp7@sw-egg-backend-plane2-leaf02--eth3@gpu-egg-026"]: Creating...
netris_link.ew_gpu_links["swp25@sw-egg-backend-plane2-leaf07--eth3@gpu-egg-103"]: Creation complete after 0s [id=3914708331]
netris_link.ew_gpu_links["swp13@sw-egg-backend-plane2-leaf04--eth3@gpu-egg-052"]: Creating...
netris_link.ew_gpu_links["swp11@sw-egg-backend-plane3-leaf03--eth5@gpu-egg-043"]: Creation complete after 0s [id=4067837532]
netris_link.ew_gpu_links["swp4@sw-egg-backend-plane4-leaf07--eth8@gpu-egg-015"]: Creating...
netris_link.ew_gpu_links["swp24@sw-egg-backend-plane1-leaf06--eth2@gpu-egg-094"]: Creation complete after 0s [id=3820165995]
netris_link.ew_gpu_links["swp32@sw-egg-backend-plane4-leaf07--eth8@gpu-egg-127"]: Creating...
netris_link.ew_gpu_links["swp10@sw-egg-backend-plane3-leaf02--eth6@gpu-egg-034"]: Creation complete after 0s [id=3909135935]
netris_link.ew_gpu_links["swp4@sw-egg-backend-plane4-leaf02--eth8@gpu-egg-010"]: Creating...
netris_link.ew_gpu_links["swp17@sw-egg-backend-plane4-leaf01--eth7@gpu-egg-065"]: Creation complete after 0s [id=4120593820]
netris_link.ew_gpu_links["swp12@sw-egg-backend-plane3-leaf07--eth6@gpu-egg-047"]: Creating...
netris_link.ew_gpu_links["swp26@sw-egg-backend-plane4-leaf03--eth8@gpu-egg-099"]: Creation complete after 0s [id=3939700401]
netris_link.ew_gpu_links["swp12@sw-egg-backend-plane1-leaf05--eth2@gpu-egg-045"]: Creating...
netris_link.ew_gpu_links["swp18@sw-egg-backend-plane3-leaf01--eth6@gpu-egg-065"]: Creation complete after 0s [id=4103182395]
netris_link.ew_gpu_links["swp14@sw-egg-backend-plane3-leaf05--eth6@gpu-egg-053"]: Creating...
netris_link.ew_gpu_links["swp11@sw-egg-backend-plane2-leaf04--eth3@gpu-egg-044"]: Creation complete after 0s [id=4052159315]
netris_link.ew_gpu_links["swp7@sw-egg-backend-plane4-leaf03--eth7@gpu-egg-027"]: Creating...
netris_link.ew_gpu_links["swp18@sw-egg-backend-plane3-leaf07--eth6@gpu-egg-071"]: Creation complete after 0s [id=3975821082]
netris_link.ew_gpu_links["swp9@sw-egg-backend-plane2-leaf02--eth3@gpu-egg-034"]: Creating...
netris_link.ew_gpu_links["swp7@sw-egg-backend-plane2-leaf02--eth3@gpu-egg-026"]: Creation complete after 0s [id=4128768023]
netris_link.ew_gpu_links["swp24@sw-egg-backend-plane2-leaf05--eth4@gpu-egg-093"]: Creating...
netris_link.ew_gpu_links["swp13@sw-egg-backend-plane2-leaf04--eth3@gpu-egg-052"]: Creation complete after 0s [id=4030582233]
netris_link.ew_gpu_links["swp22@sw-egg-backend-plane2-leaf06--eth4@gpu-egg-086"]: Creating...
netris_link.ew_gpu_links["swp4@sw-egg-backend-plane4-leaf07--eth8@gpu-egg-015"]: Creation complete after 0s [id=3921789864]
netris_link.ew_gpu_links["swp5@sw-egg-backend-plane2-leaf04--eth3@gpu-egg-020"]: Creating...
netris_link.ew_gpu_links["swp12@sw-egg-backend-plane3-leaf07--eth6@gpu-egg-047"]: Creation complete after 0s [id=4008704280]
netris_link.ew_gpu_links["swp26@sw-egg-backend-plane3-leaf05--eth6@gpu-egg-101"]: Creating...
netris_link.ew_gpu_links["swp4@sw-egg-backend-plane4-leaf02--eth8@gpu-egg-010"]: Creation complete after 0s [id=3815272715]
netris_link.ew_gpu_links["swp10@sw-egg-backend-plane2-leaf06--eth4@gpu-egg-038"]: Creating...
netris_link.ew_gpu_links["swp32@sw-egg-backend-plane4-leaf07--eth8@gpu-egg-127"]: Creation complete after 0s [id=3958452259]
netris_link.ew_gpu_links["swp8@sw-egg-backend-plane2-leaf05--eth4@gpu-egg-029"]: Creating...
netris_link.ew_gpu_links["swp14@sw-egg-backend-plane3-leaf05--eth6@gpu-egg-053"]: Creation complete after 0s [id=4066756291]
netris_link.ew_gpu_links["swp28@sw-egg-backend-plane4-leaf07--eth8@gpu-egg-111"]: Creating...
netris_link.ew_gpu_links["swp12@sw-egg-backend-plane1-leaf05--eth2@gpu-egg-045"]: Creation complete after 0s [id=4028338254]
netris_link.ew_gpu_links["swp18@sw-egg-backend-plane2-leaf01--eth4@gpu-egg-065"]: Creating...
netris_link.ew_gpu_links["swp7@sw-egg-backend-plane4-leaf03--eth7@gpu-egg-027"]: Creation complete after 0s [id=3960410159]
netris_link.ew_gpu_links["swp6@sw-egg-backend-plane4-leaf08--eth8@gpu-egg-024"]: Creating...
netris_link.ew_gpu_links["swp9@sw-egg-backend-plane2-leaf02--eth3@gpu-egg-034"]: Creation complete after 0s [id=4073161418]
netris_link.ew_gpu_links["swp21@sw-egg-backend-plane3-leaf01--eth5@gpu-egg-081"]: Creating...
netris_link.ew_gpu_links["swp24@sw-egg-backend-plane2-leaf05--eth4@gpu-egg-093"]: Creation complete after 0s [id=3864786475]
netris_link.ew_gpu_links["swp24@sw-egg-backend-plane4-leaf02--eth8@gpu-egg-090"]: Creating...
netris_link.ew_gpu_links["swp22@sw-egg-backend-plane2-leaf06--eth4@gpu-egg-086"]: Creation complete after 0s [id=4105899838]
netris_link.ew_gpu_links["swp7@sw-egg-backend-plane3-leaf07--eth5@gpu-egg-031"]: Creating...
netris_link.ew_gpu_links["swp5@sw-egg-backend-plane2-leaf04--eth3@gpu-egg-020"]: Creation complete after 0s [id=3971809649]
netris_link.ew_gpu_links["swp3@sw-egg-backend-plane3-leaf05--eth5@gpu-egg-013"]: Creating...
netris_link.ew_gpu_links["swp26@sw-egg-backend-plane3-leaf05--eth6@gpu-egg-101"]: Creation complete after 0s [id=4001633879]
netris_link.ew_gpu_links["swp10@sw-egg-backend-plane2-leaf06--eth4@gpu-egg-038"]: Creation complete after 0s [id=4149785713]
netris_link.ew_gpu_links["swp3@sw-egg-backend-plane2-leaf01--eth3@gpu-egg-009"]: Creating...
netris_link.ew_gpu_links["swp21@sw-egg-backend-plane3-leaf04--eth5@gpu-egg-084"]: Creating...
netris_link.ew_gpu_links["swp28@sw-egg-backend-plane4-leaf07--eth8@gpu-egg-111"]: Creation complete after 0s [id=3945383375]
netris_link.ew_gpu_links["swp29@sw-egg-backend-plane2-leaf03--eth3@gpu-egg-115"]: Creating...
netris_link.ew_gpu_links["swp18@sw-egg-backend-plane2-leaf01--eth4@gpu-egg-065"]: Creation complete after 1s [id=4000740202]
netris_link.ew_gpu_links["swp2@sw-egg-backend-plane1-leaf01--eth2@gpu-egg-001"]: Creating...
netris_link.ew_gpu_links["swp8@sw-egg-backend-plane2-leaf05--eth4@gpu-egg-029"]: Creation complete after 1s [id=3880804220]
netris_link.ew_gpu_links["swp1@sw-egg-backend-plane3-leaf06--eth5@gpu-egg-006"]: Creating...
netris_link.ew_gpu_links["swp24@sw-egg-backend-plane4-leaf02--eth8@gpu-egg-090"]: Creation complete after 1s [id=3882655095]
netris_link.ew_gpu_links["swp26@sw-egg-backend-plane3-leaf02--eth6@gpu-egg-098"]: Creating...
netris_link.ew_gpu_links["swp6@sw-egg-backend-plane4-leaf08--eth8@gpu-egg-024"]: Creation complete after 1s [id=3988315796]
netris_link.ew_gpu_links["swp26@sw-egg-backend-plane2-leaf01--eth4@gpu-egg-097"]: Creating...
netris_link.ew_gpu_links["swp21@sw-egg-backend-plane3-leaf01--eth5@gpu-egg-081"]: Creation complete after 1s [id=4013182482]
netris_link.ew_gpu_links["swp13@sw-egg-backend-plane3-leaf07--eth5@gpu-egg-055"]: Creating...
netris_link.ew_gpu_links["swp7@sw-egg-backend-plane3-leaf07--eth5@gpu-egg-031"]: Creation complete after 1s [id=4097296265]
netris_link.ew_gpu_links["swp24@sw-egg-backend-plane2-leaf04--eth4@gpu-egg-092"]: Creating...
netris_link.ew_gpu_links["swp3@sw-egg-backend-plane3-leaf05--eth5@gpu-egg-013"]: Creation complete after 1s [id=4000470987]
netris_link.ew_gpu_links["swp7@sw-egg-backend-plane3-leaf08--eth5@gpu-egg-032"]: Creating...
netris_link.ew_gpu_links["swp3@sw-egg-backend-plane2-leaf01--eth3@gpu-egg-009"]: Creation complete after 1s [id=3930740236]
netris_link.ew_gpu_links["swp3@sw-egg-backend-plane3-leaf04--eth5@gpu-egg-012"]: Creating...
netris_link.ew_gpu_links["swp21@sw-egg-backend-plane3-leaf04--eth5@gpu-egg-084"]: Creation complete after 1s [id=3900210773]
netris_link.ew_gpu_links["swp6@sw-egg-backend-plane1-leaf07--eth2@gpu-egg-023"]: Creating...
netris_link.ew_gpu_links["swp2@sw-egg-backend-plane1-leaf01--eth2@gpu-egg-001"]: Creation complete after 0s [id=4070093824]
netris_link.ew_gpu_links["swp6@sw-egg-backend-plane4-leaf02--eth8@gpu-egg-018"]: Creating...
netris_link.ew_gpu_links["swp29@sw-egg-backend-plane2-leaf03--eth3@gpu-egg-115"]: Creation complete after 1s [id=3858283559]
netris_link.ew_gpu_links["swp30@sw-egg-backend-plane3-leaf04--eth6@gpu-egg-116"]: Creating...
netris_link.ew_gpu_links["swp1@sw-egg-backend-plane3-leaf06--eth5@gpu-egg-006"]: Creation complete after 0s [id=3922410611]
netris_link.ew_gpu_links["swp25@sw-egg-backend-plane4-leaf02--eth7@gpu-egg-098"]: Creating...
netris_link.ew_gpu_links["swp26@sw-egg-backend-plane3-leaf02--eth6@gpu-egg-098"]: Creation complete after 0s [id=3952493593]
netris_link.ew_gpu_links["swp18@sw-egg-backend-plane4-leaf04--eth8@gpu-egg-068"]: Creating...
netris_link.ew_gpu_links["swp26@sw-egg-backend-plane2-leaf01--eth4@gpu-egg-097"]: Creation complete after 0s [id=3943607223]
netris_link.ew_gpu_links["swp13@sw-egg-backend-plane3-leaf07--eth5@gpu-egg-055"]: Creation complete after 0s [id=4057111869]
netris_link.ew_gpu_links["swp24@sw-egg-backend-plane2-leaf04--eth4@gpu-egg-092"]: Creation complete after 0s [id=3974573063]
netris_link.ew_gpu_links["swp20@sw-egg-backend-plane2-leaf01--eth4@gpu-egg-073"]: Creating...
netris_link.ew_gpu_links["swp14@sw-egg-backend-plane3-leaf01--eth6@gpu-egg-049"]: Creating...
netris_link.ew_gpu_links["swp13@sw-egg-backend-plane1-leaf08--eth1@gpu-egg-056"]: Creating...
netris_link.ew_gpu_links["swp7@sw-egg-backend-plane3-leaf08--eth5@gpu-egg-032"]: Creation complete after 0s [id=3882830477]
netris_link.ew_gpu_links["swp29@sw-egg-backend-plane2-leaf05--eth3@gpu-egg-117"]: Creating...
netris_link.ew_gpu_links["swp6@sw-egg-backend-plane1-leaf07--eth2@gpu-egg-023"]: Creation complete after 0s [id=4087615741]
netris_link.ew_gpu_links["swp27@sw-egg-backend-plane3-leaf07--eth5@gpu-egg-111"]: Creating...
netris_link.ew_gpu_links["swp3@sw-egg-backend-plane3-leaf04--eth5@gpu-egg-012"]: Creation complete after 0s [id=3938547312]
netris_link.ew_gpu_links["swp4@sw-egg-backend-plane3-leaf06--eth6@gpu-egg-014"]: Creating...
netris_link.ew_gpu_links["swp6@sw-egg-backend-plane4-leaf02--eth8@gpu-egg-018"]: Creation complete after 0s [id=3900476058]
netris_link.ew_gpu_links["swp25@sw-egg-backend-plane3-leaf04--eth5@gpu-egg-100"]: Creating...
netris_link.ew_gpu_links["swp30@sw-egg-backend-plane3-leaf04--eth6@gpu-egg-116"]: Creation complete after 0s [id=3857492934]
netris_link.ew_gpu_links["swp15@sw-egg-backend-plane2-leaf01--eth3@gpu-egg-057"]: Creating...
netris_link.ew_gpu_links["swp18@sw-egg-backend-plane4-leaf04--eth8@gpu-egg-068"]: Creation complete after 0s [id=4147143721]
netris_link.ew_gpu_links["swp7@sw-egg-backend-plane4-leaf08--eth7@gpu-egg-032"]: Creating...
netris_link.ew_gpu_links["swp25@sw-egg-backend-plane4-leaf02--eth7@gpu-egg-098"]: Creation complete after 0s [id=3897208754]
netris_link.ew_gpu_links["swp20@sw-egg-backend-plane4-leaf03--eth8@gpu-egg-075"]: Creating...
netris_link.ew_gpu_links["swp20@sw-egg-backend-plane2-leaf01--eth4@gpu-egg-073"]: Creation complete after 0s [id=3970473602]
netris_link.ew_gpu_links["swp30@sw-egg-backend-plane3-leaf02--eth6@gpu-egg-114"]: Creating...
netris_link.ew_gpu_links["swp13@sw-egg-backend-plane1-leaf08--eth1@gpu-egg-056"]: Creation complete after 0s [id=4106534640]
netris_link.ew_gpu_links["swp31@sw-egg-backend-plane4-leaf06--eth7@gpu-egg-126"]: Creating...
netris_link.ew_gpu_links["swp14@sw-egg-backend-plane3-leaf01--eth6@gpu-egg-049"]: Creation complete after 0s [id=4091866524]
netris_link.ew_gpu_links["swp16@sw-egg-backend-plane3-leaf08--eth6@gpu-egg-064"]: Creating...
netris_link.ew_gpu_links["swp29@sw-egg-backend-plane2-leaf05--eth3@gpu-egg-117"]: Creation complete after 0s [id=3931183934]
netris_link.ew_gpu_links["swp29@sw-egg-backend-plane2-leaf01--eth3@gpu-egg-113"]: Creating...
netris_link.ew_gpu_links["swp27@sw-egg-backend-plane3-leaf07--eth5@gpu-egg-111"]: Creation complete after 0s [id=4017842598]
netris_link.ew_gpu_links["swp21@sw-egg-backend-plane4-leaf01--eth7@gpu-egg-081"]: Creating...
netris_link.ew_gpu_links["swp4@sw-egg-backend-plane3-leaf06--eth6@gpu-egg-014"]: Creation complete after 0s [id=3902330642]
netris_link.ew_gpu_links["swp17@sw-egg-backend-plane4-leaf05--eth7@gpu-egg-069"]: Creating...
netris_link.ew_gpu_links["swp15@sw-egg-backend-plane2-leaf01--eth3@gpu-egg-057"]: Creation complete after 0s [id=3901623395]
netris_link.ew_gpu_links["swp25@sw-egg-backend-plane3-leaf04--eth5@gpu-egg-100"]: Creation complete after 0s [id=3855033937]
netris_link.ew_gpu_links["swp2@sw-egg-backend-plane1-leaf07--eth2@gpu-egg-007"]: Creating...
netris_link.ew_gpu_links["swp1@sw-egg-backend-plane3-leaf08--eth5@gpu-egg-008"]: Creating...
netris_link.ew_gpu_links["swp7@sw-egg-backend-plane4-leaf08--eth7@gpu-egg-032"]: Creation complete after 0s [id=3916920262]
netris_link.ew_gpu_links["swp29@sw-egg-backend-plane3-leaf03--eth5@gpu-egg-115"]: Creating...
netris_link.ew_gpu_links["swp20@sw-egg-backend-plane4-leaf03--eth8@gpu-egg-075"]: Creation complete after 0s [id=3950892924]
netris_link.ew_gpu_links["swp5@sw-egg-backend-plane4-leaf05--eth7@gpu-egg-021"]: Creating...
netris_link.ew_gpu_links["swp30@sw-egg-backend-plane3-leaf02--eth6@gpu-egg-114"]: Creation complete after 0s [id=3931361212]
netris_link.ew_gpu_links["swp12@sw-egg-backend-plane1-leaf03--eth2@gpu-egg-043"]: Creating...
netris_link.ew_gpu_links["swp31@sw-egg-backend-plane4-leaf06--eth7@gpu-egg-126"]: Creation complete after 0s [id=4022235893]
netris_link.ew_gpu_links["swp3@sw-egg-backend-plane4-leaf07--eth7@gpu-egg-015"]: Creating...
netris_link.ew_gpu_links["swp16@sw-egg-backend-plane3-leaf08--eth6@gpu-egg-064"]: Creation complete after 0s [id=3962635642]
netris_link.ew_gpu_links["swp5@sw-egg-backend-plane1-leaf02--eth1@gpu-egg-018"]: Creating...
netris_link.ew_gpu_links["swp29@sw-egg-backend-plane2-leaf01--eth3@gpu-egg-113"]: Creation complete after 0s [id=3877280595]
netris_link.ew_gpu_links["swp28@sw-egg-backend-plane1-leaf07--eth2@gpu-egg-111"]: Creating...
netris_link.ew_gpu_links["swp17@sw-egg-backend-plane4-leaf05--eth7@gpu-egg-069"]: Creation complete after 0s [id=3939789881]
netris_link.ew_gpu_links["swp6@sw-egg-backend-plane4-leaf07--eth8@gpu-egg-023"]: Creating...
netris_link.ew_gpu_links["swp21@sw-egg-backend-plane4-leaf01--eth7@gpu-egg-081"]: Creation complete after 0s [id=4030581665]
netris_link.ew_gpu_links["swp19@sw-egg-backend-plane4-leaf03--eth7@gpu-egg-075"]: Creating...
netris_link.ew_gpu_links["swp1@sw-egg-backend-plane3-leaf08--eth5@gpu-egg-008"]: Creation complete after 0s [id=3988673443]
netris_link.ew_gpu_links["swp28@sw-egg-backend-plane3-leaf05--eth6@gpu-egg-109"]: Creating...
netris_link.ew_gpu_links["swp2@sw-egg-backend-plane1-leaf07--eth2@gpu-egg-007"]: Creation complete after 0s [id=4022864043]
netris_link.ew_gpu_links["swp27@sw-egg-backend-plane2-leaf05--eth3@gpu-egg-109"]: Creating...
netris_link.ew_gpu_links["swp29@sw-egg-backend-plane3-leaf03--eth5@gpu-egg-115"]: Creation complete after 0s [id=4095304066]
netris_link.ew_gpu_links["swp4@sw-egg-backend-plane1-leaf04--eth2@gpu-egg-012"]: Creating...
netris_link.ew_gpu_links["swp5@sw-egg-backend-plane4-leaf05--eth7@gpu-egg-021"]: Creation complete after 0s [id=3884241095]
netris_link.ew_gpu_links["swp10@sw-egg-backend-plane1-leaf02--eth2@gpu-egg-034"]: Creating...
netris_link.ew_gpu_links["swp12@sw-egg-backend-plane1-leaf03--eth2@gpu-egg-043"]: Creation complete after 0s [id=3870943104]
netris_link.ew_gpu_links["swp13@sw-egg-backend-plane2-leaf05--eth3@gpu-egg-053"]: Creating...
netris_link.ew_gpu_links["swp3@sw-egg-backend-plane4-leaf07--eth7@gpu-egg-015"]: Creation complete after 0s [id=3921612738]
netris_link.ew_gpu_links["swp3@sw-egg-backend-plane1-leaf02--eth1@gpu-egg-010"]: Creating...
netris_link.ew_gpu_links["swp28@sw-egg-backend-plane1-leaf07--eth2@gpu-egg-111"]: Creation complete after 0s [id=4029145362]
netris_link.ew_gpu_links["swp30@sw-egg-backend-plane1-leaf02--eth2@gpu-egg-114"]: Creating...
netris_link.ew_gpu_links["swp6@sw-egg-backend-plane4-leaf07--eth8@gpu-egg-023"]: Creation complete after 0s [id=4003244992]
netris_link.ew_gpu_links["swp1@sw-egg-backend-plane2-leaf07--eth3@gpu-egg-007"]: Creating...
netris_link.ew_gpu_links["swp5@sw-egg-backend-plane1-leaf02--eth1@gpu-egg-018"]: Creation complete after 0s [id=4171404839]
netris_link.ew_gpu_links["swp2@sw-egg-backend-plane1-leaf04--eth2@gpu-egg-004"]: Creating...
netris_link.ew_gpu_links["swp27@sw-egg-backend-plane2-leaf05--eth3@gpu-egg-109"]: Creation complete after 0s [id=3912496721]
netris_link.ew_gpu_links["swp15@sw-egg-backend-plane1-leaf04--eth1@gpu-egg-060"]: Creating...
netris_link.ew_gpu_links["swp19@sw-egg-backend-plane4-leaf03--eth7@gpu-egg-075"]: Creation complete after 0s [id=3950715142]
netris_link.ew_gpu_links["swp11@sw-egg-backend-plane1-leaf01--eth1@gpu-egg-041"]: Creating...
netris_link.ew_gpu_links["swp28@sw-egg-backend-plane3-leaf05--eth6@gpu-egg-109"]: Creation complete after 0s [id=4025466014]
netris_link.ew_gpu_links["swp23@sw-egg-backend-plane1-leaf08--eth1@gpu-egg-096"]: Creating...
netris_link.ew_gpu_links["swp4@sw-egg-backend-plane1-leaf04--eth2@gpu-egg-012"]: Creation complete after 0s [id=4052789646]
netris_link.ew_gpu_links["swp31@sw-egg-backend-plane2-leaf08--eth3@gpu-egg-128"]: Creating...
netris_link.ew_gpu_links["swp13@sw-egg-backend-plane2-leaf05--eth3@gpu-egg-053"]: Creation complete after 0s [id=3953204986]
netris_link.ew_gpu_links["swp10@sw-egg-backend-plane1-leaf02--eth2@gpu-egg-034"]: Creation complete after 0s [id=4123861857]
netris_link.ew_gpu_links["swp3@sw-egg-backend-plane1-leaf02--eth1@gpu-egg-010"]: Creation complete after 0s [id=4083275976]
netris_link.ew_gpu_links["swp1@sw-egg-backend-plane2-leaf07--eth3@gpu-egg-007"]: Creation complete after 0s [id=3898973956]
netris_link.ew_gpu_links["swp30@sw-egg-backend-plane1-leaf02--eth2@gpu-egg-114"]: Creation complete after 0s [id=4146688530]
netris_link.ew_gpu_links["swp27@sw-egg-backend-plane3-leaf05--eth5@gpu-egg-109"]: Creating...
netris_link.ew_gpu_links["swp13@sw-egg-backend-plane2-leaf03--eth3@gpu-egg-051"]: Creating...
netris_link.ew_gpu_links["swp19@sw-egg-backend-plane1-leaf01--eth1@gpu-egg-073"]: Creating...
netris_link.ew_gpu_links["swp8@sw-egg-backend-plane3-leaf08--eth6@gpu-egg-032"]: Creating...
netris_link.ew_gpu_links["swp28@sw-egg-backend-plane4-leaf02--eth8@gpu-egg-106"]: Creating...
netris_link.ew_gpu_links["swp2@sw-egg-backend-plane1-leaf04--eth2@gpu-egg-004"]: Creation complete after 1s [id=4027889287]
netris_link.ew_gpu_links["swp5@sw-egg-backend-plane3-leaf02--eth5@gpu-egg-018"]: Creating...
netris_link.ew_gpu_links["swp15@sw-egg-backend-plane1-leaf04--eth1@gpu-egg-060"]: Creation complete after 1s [id=4029953892]
netris_link.ew_gpu_links["swp31@sw-egg-backend-plane2-leaf04--eth3@gpu-egg-124"]: Creating...
netris_link.ew_gpu_links["swp23@sw-egg-backend-plane1-leaf08--eth1@gpu-egg-096"]: Creation complete after 1s [id=4048828457]
netris_link.ew_gpu_links["swp11@sw-egg-backend-plane3-leaf06--eth5@gpu-egg-046"]: Creating...
netris_link.ew_gpu_links["swp11@sw-egg-backend-plane1-leaf01--eth1@gpu-egg-041"]: Creation complete after 1s [id=3960943354]
netris_link.ew_gpu_links["swp31@sw-egg-backend-plane4-leaf01--eth7@gpu-egg-121"]: Creating...
netris_link.ew_gpu_links["swp31@sw-egg-backend-plane2-leaf08--eth3@gpu-egg-128"]: Creation complete after 1s [id=3843451861]
netris_link.ew_gpu_links["swp7@sw-egg-backend-plane4-leaf04--eth7@gpu-egg-028"]: Creating...
netris_link.ew_gpu_links["swp8@sw-egg-backend-plane3-leaf08--eth6@gpu-egg-032"]: Creation complete after 1s [id=3883006725]
netris_link.ew_gpu_links["swp24@sw-egg-backend-plane4-leaf06--eth8@gpu-egg-094"]: Creating...
netris_link.ew_gpu_links["swp27@sw-egg-backend-plane3-leaf05--eth5@gpu-egg-109"]: Creation complete after 1s [id=4025286562]
netris_link.ew_gpu_links["swp24@sw-egg-backend-plane1-leaf07--eth2@gpu-egg-095"]: Creating...
netris_link.ew_gpu_links["swp13@sw-egg-backend-plane2-leaf03--eth3@gpu-egg-051"]: Creation complete after 1s [id=3872351495]
netris_link.ew_gpu_links["swp14@sw-egg-backend-plane2-leaf07--eth4@gpu-egg-055"]: Creating...
netris_link.ew_gpu_links["swp28@sw-egg-backend-plane4-leaf02--eth8@gpu-egg-106"]: Creation complete after 1s [id=3846258488]
netris_link.ew_gpu_links["swp1@sw-egg-backend-plane2-leaf04--eth3@gpu-egg-004"]: Creating...
netris_link.ew_gpu_links["swp19@sw-egg-backend-plane1-leaf01--eth1@gpu-egg-073"]: Creation complete after 1s [id=4054680209]
netris_link.ew_gpu_links["swp30@sw-egg-backend-plane2-leaf08--eth4@gpu-egg-120"]: Creating...
netris_link.ew_gpu_links["swp31@sw-egg-backend-plane2-leaf04--eth3@gpu-egg-124"]: Creation complete after 0s [id=4002618123]
netris_link.ew_gpu_links["swp5@sw-egg-backend-plane3-leaf02--eth5@gpu-egg-018"]: Creation complete after 0s [id=3955428205]
netris_link.ew_gpu_links["swp3@sw-egg-backend-plane3-leaf03--eth5@gpu-egg-011"]: Creating...
netris_link.ew_gpu_links["swp3@sw-egg-backend-plane4-leaf02--eth7@gpu-egg-010"]: Creating...
netris_link.ew_gpu_links["swp11@sw-egg-backend-plane3-leaf06--eth5@gpu-egg-046"]: Creation complete after 0s [id=3933046381]
netris_link.ew_gpu_links["swp31@sw-egg-backend-plane3-leaf08--eth5@gpu-egg-128"]: Creating...
netris_link.ew_gpu_links["swp31@sw-egg-backend-plane4-leaf01--eth7@gpu-egg-121"]: Creation complete after 0s [id=4012734340]
netris_link.ew_gpu_links["swp31@sw-egg-backend-plane1-leaf04--eth1@gpu-egg-124"]: Creating...
netris_link.ew_gpu_links["swp7@sw-egg-backend-plane4-leaf04--eth7@gpu-egg-028"]: Creation complete after 0s [id=4089151926]
netris_link.ew_gpu_links["swp32@sw-egg-backend-plane2-leaf01--eth4@gpu-egg-121"]: Creating...
netris_link.ew_gpu_links["swp24@sw-egg-backend-plane4-leaf06--eth8@gpu-egg-094"]: Creation complete after 0s [id=4027619190]
netris_link.ew_gpu_links["swp11@sw-egg-backend-plane1-leaf06--eth1@gpu-egg-046"]: Creating...
netris_link.ew_gpu_links["swp24@sw-egg-backend-plane1-leaf07--eth2@gpu-egg-095"]: Creation complete after 0s [id=3997251148]
netris_link.ew_gpu_links["swp16@sw-egg-backend-plane4-leaf03--eth8@gpu-egg-059"]: Creating...
netris_link.ew_gpu_links["swp14@sw-egg-backend-plane2-leaf07--eth4@gpu-egg-055"]: Creation complete after 0s [id=3944051492]
netris_link.ew_gpu_links["swp17@sw-egg-backend-plane2-leaf08--eth3@gpu-egg-072"]: Creating...
netris_link.ew_gpu_links["swp30@sw-egg-backend-plane2-leaf08--eth4@gpu-egg-120"]: Creation complete after 0s [id=3840909693]
netris_link.ew_gpu_links["swp6@sw-egg-backend-plane4-leaf01--eth8@gpu-egg-017"]: Creating...
netris_link.ew_gpu_links["swp1@sw-egg-backend-plane2-leaf04--eth3@gpu-egg-004"]: Creation complete after 0s [id=4039385928]
netris_link.ew_gpu_links["swp32@sw-egg-backend-plane2-leaf08--eth4@gpu-egg-128"]: Creating...
netris_link.ew_gpu_links["swp3@sw-egg-backend-plane3-leaf03--eth5@gpu-egg-011"]: Creation complete after 0s [id=4131857804]
netris_link.ew_gpu_links["swp7@sw-egg-backend-plane4-leaf05--eth7@gpu-egg-029"]: Creating...
netris_link.ew_gpu_links["swp3@sw-egg-backend-plane4-leaf02--eth7@gpu-egg-010"]: Creation complete after 0s [id=3815098011]
netris_link.ew_gpu_links["swp5@sw-egg-backend-plane4-leaf02--eth7@gpu-egg-018"]: Creating...
netris_link.ew_gpu_links["swp31@sw-egg-backend-plane1-leaf04--eth1@gpu-egg-124"]: Creation complete after 0s [id=3990995276]
netris_link.ew_gpu_links["swp27@sw-egg-backend-plane3-leaf01--eth5@gpu-egg-105"]: Creating...
netris_link.ew_gpu_links["swp31@sw-egg-backend-plane3-leaf08--eth5@gpu-egg-128"]: Creation complete after 0s [id=3877368718]
netris_link.ew_gpu_links["swp1@sw-egg-backend-plane1-leaf06--eth1@gpu-egg-006"]: Creating...
netris_link.ew_gpu_links["swp11@sw-egg-backend-plane1-leaf06--eth1@gpu-egg-046"]: Creation complete after 0s [id=3900122703]
netris_link.ew_gpu_links["swp12@sw-egg-backend-plane1-leaf06--eth2@gpu-egg-046"]: Creating...
netris_link.ew_gpu_links["swp17@sw-egg-backend-plane2-leaf08--eth3@gpu-egg-072"]: Creation complete after 0s [id=3864259053]
netris_link.ew_gpu_links["swp16@sw-egg-backend-plane4-leaf03--eth8@gpu-egg-059"]: Creation complete after 0s [id=3896942836]
netris_link.ew_gpu_links["swp6@sw-egg-backend-plane4-leaf01--eth8@gpu-egg-017"]: Creation complete after 0s [id=4081830941]
netris_link.ew_gpu_links["swp32@sw-egg-backend-plane2-leaf01--eth4@gpu-egg-121"]: Creation complete after 0s [id=3894471402]
netris_link.ew_gpu_links["swp3@sw-egg-backend-plane1-leaf06--eth1@gpu-egg-014"]: Creating...
netris_link.ew_gpu_links["swp23@sw-egg-backend-plane4-leaf01--eth7@gpu-egg-089"]: Creating...
netris_link.ew_gpu_links["swp8@sw-egg-backend-plane1-leaf06--eth2@gpu-egg-030"]: Creating...
netris_link.ew_gpu_links["swp24@sw-egg-backend-plane2-leaf06--eth4@gpu-egg-094"]: Creating...
netris_link.ew_gpu_links["swp32@sw-egg-backend-plane2-leaf08--eth4@gpu-egg-128"]: Creation complete after 0s [id=3843627213]
netris_link.ew_gpu_links["swp27@sw-egg-backend-plane2-leaf07--eth3@gpu-egg-111"]: Creating...
netris_link.ew_gpu_links["swp7@sw-egg-backend-plane4-leaf05--eth7@gpu-egg-029"]: Creation complete after 0s [id=3864083368]
netris_link.ew_gpu_links["swp30@sw-egg-backend-plane3-leaf06--eth6@gpu-egg-118"]: Creating...
netris_link.ew_gpu_links["swp1@sw-egg-backend-plane1-leaf06--eth1@gpu-egg-006"]: Creation complete after 0s [id=3889531573]
netris_link.ew_gpu_links["swp18@sw-egg-backend-plane1-leaf07--eth2@gpu-egg-071"]: Creating...
netris_link.ew_gpu_links["swp5@sw-egg-backend-plane4-leaf02--eth7@gpu-egg-018"]: Creation complete after 0s [id=3900299414]
netris_link.ew_gpu_links["swp9@sw-egg-backend-plane3-leaf01--eth5@gpu-egg-033"]: Creating...
netris_link.ew_gpu_links["swp27@sw-egg-backend-plane3-leaf01--eth5@gpu-egg-105"]: Creation complete after 0s [id=4032467546]
netris_link.ew_gpu_links["swp10@sw-egg-backend-plane3-leaf07--eth6@gpu-egg-039"]: Creating...
netris_link.ew_gpu_links["swp12@sw-egg-backend-plane1-leaf06--eth2@gpu-egg-046"]: Creation complete after 0s [id=3900299343]
netris_link.ew_gpu_links["swp11@sw-egg-backend-plane3-leaf02--eth5@gpu-egg-042"]: Creating...
netris_link.ew_gpu_links["swp3@sw-egg-backend-plane1-leaf06--eth1@gpu-egg-014"]: Creation complete after 0s [id=3869360106]
netris_link.ew_gpu_links["swp21@sw-egg-backend-plane3-leaf07--eth5@gpu-egg-087"]: Creating...
netris_link.ew_gpu_links["swp8@sw-egg-backend-plane1-leaf06--eth2@gpu-egg-030"]: Creation complete after 0s [id=3866017944]
netris_link.ew_gpu_links["swp4@sw-egg-backend-plane4-leaf01--eth8@gpu-egg-009"]: Creating...
netris_link.ew_gpu_links["swp24@sw-egg-backend-plane2-leaf06--eth4@gpu-egg-094"]: Creation complete after 0s [id=4060354616]
netris_link.ew_gpu_links["swp22@sw-egg-backend-plane1-leaf07--eth2@gpu-egg-087"]: Creating...
netris_link.ew_gpu_links["swp23@sw-egg-backend-plane4-leaf01--eth7@gpu-egg-089"]: Creation complete after 0s [id=4112155459]
netris_link.ew_gpu_links["swp20@sw-egg-backend-plane2-leaf02--eth4@gpu-egg-074"]: Creating...
netris_link.ew_gpu_links["swp27@sw-egg-backend-plane2-leaf07--eth3@gpu-egg-111"]: Creation complete after 0s [id=3905157835]
netris_link.ew_gpu_links["swp21@sw-egg-backend-plane4-leaf08--eth7@gpu-egg-088"]: Creating...
netris_link.ew_gpu_links["swp30@sw-egg-backend-plane3-leaf06--eth6@gpu-egg-118"]: Creation complete after 0s [id=3839770437]
netris_link.ew_gpu_links["swp5@sw-egg-backend-plane3-leaf06--eth5@gpu-egg-022"]: Creating...
netris_link.ew_gpu_links["swp18@sw-egg-backend-plane1-leaf07--eth2@gpu-egg-071"]: Creation complete after 0s [id=3986886032]
netris_link.ew_gpu_links["swp31@sw-egg-backend-plane4-leaf07--eth7@gpu-egg-127"]: Creating...
netris_link.ew_gpu_links["swp9@sw-egg-backend-plane3-leaf01--eth5@gpu-egg-033"]: Creation complete after 0s [id=4048648754]
netris_link.ew_gpu_links["swp13@sw-egg-backend-plane1-leaf01--eth1@gpu-egg-049"]: Creating...
netris_link.ew_gpu_links["swp10@sw-egg-backend-plane3-leaf07--eth6@gpu-egg-039"]: Creation complete after 0s [id=4049998712]
netris_link.ew_gpu_links["swp23@sw-egg-backend-plane3-leaf07--eth5@gpu-egg-095"]: Creating...
netris_link.ew_gpu_links["swp11@sw-egg-backend-plane3-leaf02--eth5@gpu-egg-042"]: Creation complete after 0s [id=3872263109]
netris_link.ew_gpu_links["swp16@sw-egg-backend-plane2-leaf06--eth4@gpu-egg-062"]: Creating...
netris_link.ew_gpu_links["swp21@sw-egg-backend-plane3-leaf07--eth5@gpu-egg-087"]: Creation complete after 0s [id=3987779172]
netris_link.ew_gpu_links["swp14@sw-egg-backend-plane2-leaf02--eth4@gpu-egg-050"]: Creating...
netris_link.ew_gpu_links["swp4@sw-egg-backend-plane4-leaf01--eth8@gpu-egg-009"]: Creation complete after 0s [id=4049908462]
netris_link.ew_gpu_links["swp4@sw-egg-backend-plane1-leaf02--eth2@gpu-egg-010"]: Creating...
netris_link.ew_gpu_links["swp22@sw-egg-backend-plane1-leaf07--eth2@gpu-egg-087"]: Creation complete after 0s [id=3999039600]
netris_link.ew_gpu_links["swp4@sw-egg-backend-plane3-leaf08--eth6@gpu-egg-016"]: Creating...
netris_link.ew_gpu_links["swp21@sw-egg-backend-plane4-leaf08--eth7@gpu-egg-088"]: Creation complete after 0s [id=4006287794]
netris_link.ew_gpu_links["swp24@sw-egg-backend-plane2-leaf03--eth4@gpu-egg-091"]: Creating...
netris_link.ew_gpu_links["swp5@sw-egg-backend-plane3-leaf06--eth5@gpu-egg-022"]: Creation complete after 0s [id=3951071366]
netris_link.ew_gpu_links["swp11@sw-egg-backend-plane3-leaf07--eth5@gpu-egg-047"]: Creating...
netris_link.ew_gpu_links["swp20@sw-egg-backend-plane2-leaf02--eth4@gpu-egg-074"]: Creation complete after 0s [id=4131040110]
netris_link.ew_gpu_links["swp22@sw-egg-backend-plane3-leaf01--eth6@gpu-egg-081"]: Creating...
netris_link.ew_gpu_links["swp31@sw-egg-backend-plane4-leaf07--eth7@gpu-egg-127"]: Creation complete after 0s [id=3958274307]
netris_link.ew_gpu_links["swp16@sw-egg-backend-plane3-leaf02--eth6@gpu-egg-058"]: Creating...
netris_link.ew_gpu_links["swp13@sw-egg-backend-plane1-leaf01--eth1@gpu-egg-049"]: Creation complete after 0s [id=4073974348]
netris_link.ew_gpu_links["swp25@sw-egg-backend-plane1-leaf08--eth1@gpu-egg-104"]: Creating...
netris_link.ew_gpu_links["swp14@sw-egg-backend-plane2-leaf02--eth4@gpu-egg-050"]: Creation complete after 1s [id=4060805520]
netris_link.ew_gpu_links["swp23@sw-egg-backend-plane3-leaf07--eth5@gpu-egg-095"]: Creation complete after 1s [id=3985993240]
netris_link.ew_gpu_links["swp4@sw-egg-backend-plane3-leaf08--eth6@gpu-egg-016"]: Creation complete after 1s [id=3940055689]
netris_link.ew_gpu_links["swp16@sw-egg-backend-plane2-leaf06--eth4@gpu-egg-062"]: Creation complete after 1s [id=4164374907]
netris_link.ew_gpu_links["swp4@sw-egg-backend-plane1-leaf02--eth2@gpu-egg-010"]: Creation complete after 1s [id=4083456716]
netris_link.ew_gpu_links["swp2@sw-egg-backend-plane3-leaf08--eth6@gpu-egg-008"]: Creating...
netris_link.ew_gpu_links["swp30@sw-egg-backend-plane1-leaf04--eth2@gpu-egg-116"]: Creating...
netris_link.ew_gpu_links["swp9@sw-egg-backend-plane3-leaf08--eth5@gpu-egg-040"]: Creating...
netris_link.ew_gpu_links["swp12@sw-egg-backend-plane1-leaf02--eth2@gpu-egg-042"]: Creating...
netris_link.ew_gpu_links["swp3@sw-egg-backend-plane4-leaf06--eth7@gpu-egg-014"]: Creating...
netris_link.ew_gpu_links["swp24@sw-egg-backend-plane2-leaf03--eth4@gpu-egg-091"]: Creation complete after 1s [id=3936595020]
netris_link.ew_gpu_links["swp4@sw-egg-backend-plane2-leaf01--eth4@gpu-egg-009"]: Creating...
netris_link.ew_gpu_links["swp11@sw-egg-backend-plane3-leaf07--eth5@gpu-egg-047"]: Creation complete after 1s [id=4008525202]
netris_link.ew_gpu_links["swp27@sw-egg-backend-plane4-leaf03--eth7@gpu-egg-107"]: Creating...
netris_link.ew_gpu_links["swp16@sw-egg-backend-plane3-leaf02--eth6@gpu-egg-058"]: Creation complete after 1s [id=3931095213]
netris_link.ew_gpu_links["swp4@sw-egg-backend-plane3-leaf02--eth6@gpu-egg-010"]: Creating...
netris_link.ew_gpu_links["swp22@sw-egg-backend-plane3-leaf01--eth6@gpu-egg-081"]: Creation complete after 1s [id=4013361664]
netris_link.ew_gpu_links["swp32@sw-egg-backend-plane2-leaf07--eth4@gpu-egg-127"]: Creating...
netris_link.ew_gpu_links["swp25@sw-egg-backend-plane1-leaf08--eth1@gpu-egg-104"]: Creation complete after 1s [id=4075779418]
netris_link.ew_gpu_links["swp19@sw-egg-backend-plane4-leaf04--eth7@gpu-egg-076"]: Creating...
netris_link.ew_gpu_links["swp9@sw-egg-backend-plane3-leaf08--eth5@gpu-egg-040"]: Creation complete after 0s [id=3881068205]
netris_link.ew_gpu_links["swp31@sw-egg-backend-plane1-leaf07--eth1@gpu-egg-127"]: Creating...
netris_link.ew_gpu_links["swp30@sw-egg-backend-plane1-leaf04--eth2@gpu-egg-116"]: Creation complete after 0s [id=3970383840]
netris_link.ew_gpu_links["swp3@sw-egg-backend-plane4-leaf06--eth7@gpu-egg-014"]: Creation complete after 0s [id=4078127163]
netris_link.ew_gpu_links["swp7@sw-egg-backend-plane1-leaf07--eth1@gpu-egg-031"]: Creating...
netris_link.ew_gpu_links["swp17@sw-egg-backend-plane1-leaf07--eth1@gpu-egg-071"]: Creating...
netris_link.ew_gpu_links["swp2@sw-egg-backend-plane3-leaf08--eth6@gpu-egg-008"]: Creation complete after 0s [id=3988852077]
netris_link.ew_gpu_links["swp30@sw-egg-backend-plane4-leaf03--eth8@gpu-egg-115"]: Creating...
netris_link.ew_gpu_links["swp12@sw-egg-backend-plane1-leaf02--eth2@gpu-egg-042"]: Creation complete after 0s [id=4086168303]
netris_link.ew_gpu_links["swp6@sw-egg-backend-plane1-leaf04--eth2@gpu-egg-020"]: Creating...
netris_link.ew_gpu_links["swp4@sw-egg-backend-plane2-leaf01--eth4@gpu-egg-009"]: Creation complete after 0s [id=3930917568]
netris_link.ew_gpu_links["swp9@sw-egg-backend-plane2-leaf03--eth3@gpu-egg-035"]: Creating...
netris_link.ew_gpu_links["swp27@sw-egg-backend-plane4-leaf03--eth7@gpu-egg-107"]: Creation complete after 0s [id=3921170042]
netris_link.ew_gpu_links["swp21@sw-egg-backend-plane1-leaf05--eth1@gpu-egg-085"]: Creating...
netris_link.ew_gpu_links["swp4@sw-egg-backend-plane3-leaf02--eth6@gpu-egg-010"]: Creation complete after 0s [id=3869799410]
netris_link.ew_gpu_links["swp28@sw-egg-backend-plane3-leaf04--eth6@gpu-egg-108"]: Creating...
netris_link.ew_gpu_links["swp32@sw-egg-backend-plane2-leaf07--eth4@gpu-egg-127"]: Creation complete after 0s [id=3918337029]
netris_link.ew_gpu_links["swp31@sw-egg-backend-plane4-leaf04--eth7@gpu-egg-124"]: Creating...
netris_link.ew_gpu_links["swp31@sw-egg-backend-plane1-leaf07--eth1@gpu-egg-127"]: Creation complete after 0s [id=4042172304]
netris_link.ew_gpu_links["swp8@sw-egg-backend-plane2-leaf06--eth4@gpu-egg-030"]: Creating...
netris_link.ew_gpu_links["swp19@sw-egg-backend-plane4-leaf04--eth7@gpu-egg-076"]: Creation complete after 0s [id=4171221972]
netris_link.ew_gpu_links["swp15@sw-egg-backend-plane4-leaf08--eth7@gpu-egg-064"]: Creating...
netris_link.ew_gpu_links["swp17@sw-egg-backend-plane1-leaf07--eth1@gpu-egg-071"]: Creation complete after 0s [id=3986707442]
netris_link.ew_gpu_links["swp14@sw-egg-backend-plane3-leaf06--eth6@gpu-egg-054"]: Creating...
netris_link.ew_gpu_links["swp6@sw-egg-backend-plane1-leaf04--eth2@gpu-egg-020"]: Creation complete after 0s [id=3960409648]
netris_link.ew_gpu_links["swp32@sw-egg-backend-plane2-leaf05--eth4@gpu-egg-125"]: Creating...
netris_link.ew_gpu_links["swp30@sw-egg-backend-plane4-leaf03--eth8@gpu-egg-115"]: Creation complete after 0s [id=3932247539]
netris_link.ew_gpu_links["swp16@sw-egg-backend-plane2-leaf03--eth4@gpu-egg-059"]: Creating...
netris_link.ew_gpu_links["swp7@sw-egg-backend-plane1-leaf07--eth1@gpu-egg-031"]: Creation complete after 0s [id=4108528863]
netris_link.ew_gpu_links["swp26@sw-egg-backend-plane2-leaf06--eth4@gpu-egg-102"]: Creating...
netris_link.ew_gpu_links["swp9@sw-egg-backend-plane2-leaf03--eth3@gpu-egg-035"]: Creation complete after 0s [id=3888473067]
netris_link.ew_gpu_links["swp17@sw-egg-backend-plane1-leaf03--eth1@gpu-egg-067"]: Creating...
netris_link.ew_gpu_links["swp28@sw-egg-backend-plane3-leaf04--eth6@gpu-egg-108"]: Creation complete after 0s [id=3881509292]
netris_link.ew_gpu_links["swp10@sw-egg-backend-plane4-leaf02--eth8@gpu-egg-034"]: Creating...
netris_link.ew_gpu_links["swp31@sw-egg-backend-plane4-leaf04--eth7@gpu-egg-124"]: Creation complete after 0s [id=4137222637]
netris_link.ew_gpu_links["swp17@sw-egg-backend-plane2-leaf02--eth3@gpu-egg-066"]: Creating...
netris_link.ew_gpu_links["swp8@sw-egg-backend-plane2-leaf06--eth4@gpu-egg-030"]: Creation complete after 0s [id=4107621803]
netris_link.ew_gpu_links["swp6@sw-egg-backend-plane1-leaf05--eth2@gpu-egg-021"]: Creating...
netris_link.ew_gpu_links["swp21@sw-egg-backend-plane1-leaf05--eth1@gpu-egg-085"]: Creation complete after 0s [id=3992603805]
netris_link.ew_gpu_links["swp19@sw-egg-backend-plane2-leaf08--eth3@gpu-egg-080"]: Creating...
netris_link.ew_gpu_links["swp15@sw-egg-backend-plane4-leaf08--eth7@gpu-egg-064"]: Creation complete after 0s [id=3996894395]
netris_link.ew_gpu_links["swp10@sw-egg-backend-plane4-leaf05--eth8@gpu-egg-037"]: Creating...
netris_link.ew_gpu_links["swp14@sw-egg-backend-plane3-leaf06--eth6@gpu-egg-054"]: Creation complete after 0s [id=3895442803]
netris_link.ew_gpu_links["swp11@sw-egg-backend-plane3-leaf01--eth5@gpu-egg-041"]: Creating...
netris_link.ew_gpu_links["swp16@sw-egg-backend-plane2-leaf03--eth4@gpu-egg-059"]: Creation complete after 0s [id=3823488110]
netris_link.ew_gpu_links["swp3@sw-egg-backend-plane2-leaf06--eth3@gpu-egg-014"]: Creating...
netris_link.ew_gpu_links["swp32@sw-egg-backend-plane2-leaf05--eth4@gpu-egg-125"]: Creation complete after 0s [id=3875167812]
netris_link.ew_gpu_links["swp15@sw-egg-backend-plane2-leaf02--eth3@gpu-egg-058"]: Creating...
netris_link.ew_gpu_links["swp26@sw-egg-backend-plane2-leaf06--eth4@gpu-egg-102"]: Creation complete after 0s [id=4160269097]
netris_link.ew_gpu_links["swp5@sw-egg-backend-plane1-leaf07--eth1@gpu-egg-023"]: Creating...
netris_link.ew_gpu_links["swp17@sw-egg-backend-plane1-leaf03--eth1@gpu-egg-067"]: Creation complete after 0s [id=3930563149]
netris_link.ew_gpu_links["swp20@sw-egg-backend-plane3-leaf08--eth6@gpu-egg-080"]: Creating...
netris_link.ew_gpu_links["swp10@sw-egg-backend-plane4-leaf02--eth8@gpu-egg-034"]: Creation complete after 0s [id=3854331828]
netris_link.ew_gpu_links["swp22@sw-egg-backend-plane2-leaf08--eth4@gpu-egg-088"]: Creating...
netris_link.ew_gpu_links["swp6@sw-egg-backend-plane1-leaf05--eth2@gpu-egg-021"]: Creation complete after 0s [id=3974662560]
netris_link.ew_gpu_links["swp1@sw-egg-backend-plane3-leaf04--eth5@gpu-egg-004"]: Creating...
netris_link.ew_gpu_links["swp17@sw-egg-backend-plane2-leaf02--eth3@gpu-egg-066"]: Creation complete after 0s [id=4075869585]
netris_link.ew_gpu_links["swp9@sw-egg-backend-plane4-leaf08--eth7@gpu-egg-040"]: Creating...
netris_link.ew_gpu_links["swp19@sw-egg-backend-plane2-leaf08--eth3@gpu-egg-080"]: Creation complete after 0s [id=3870239413]
netris_link.ew_gpu_links["swp20@sw-egg-backend-plane3-leaf04--eth6@gpu-egg-076"]: Creating...
netris_link.ew_gpu_links["swp10@sw-egg-backend-plane4-leaf05--eth8@gpu-egg-037"]: Creation complete after 0s [id=3845118025]
netris_link.ew_gpu_links["swp18@sw-egg-backend-plane1-leaf01--eth2@gpu-egg-065"]: Creating...
netris_link.ew_gpu_links["swp11@sw-egg-backend-plane3-leaf01--eth5@gpu-egg-041"]: Creation complete after 0s [id=3978407448]
netris_link.ew_gpu_links["swp15@sw-egg-backend-plane3-leaf08--eth5@gpu-egg-064"]: Creating...
netris_link.ew_gpu_links["swp15@sw-egg-backend-plane2-leaf02--eth3@gpu-egg-058"]: Creation complete after 0s [id=4095576024]
netris_link.ew_gpu_links["swp22@sw-egg-backend-plane2-leaf05--eth4@gpu-egg-085"]: Creating...
netris_link.ew_gpu_links["swp3@sw-egg-backend-plane2-leaf06--eth3@gpu-egg-014"]: Creation complete after 0s [id=4111066793]
netris_link.ew_gpu_links["swp17@sw-egg-backend-plane1-leaf04--eth1@gpu-egg-068"]: Creating...
netris_link.ew_gpu_links["swp5@sw-egg-backend-plane1-leaf07--eth1@gpu-egg-023"]: Creation complete after 0s [id=4087434909]
netris_link.ew_gpu_links["swp13@sw-egg-backend-plane4-leaf05--eth7@gpu-egg-053"]: Creating...
netris_link.ew_gpu_links["swp20@sw-egg-backend-plane3-leaf08--eth6@gpu-egg-080"]: Creation complete after 0s [id=3904450734]
netris_link.ew_gpu_links["swp19@sw-egg-backend-plane3-leaf04--eth5@gpu-egg-076"]: Creating...
netris_link.ew_gpu_links["swp22@sw-egg-backend-plane2-leaf08--eth4@gpu-egg-088"]: Creation complete after 0s [id=3937659616]
netris_link.ew_gpu_links["swp17@sw-egg-backend-plane2-leaf06--eth3@gpu-egg-070"]: Creating...
netris_link.ew_gpu_links["swp1@sw-egg-backend-plane3-leaf04--eth5@gpu-egg-004"]: Creation complete after 0s [id=3914000959]
netris_link.ew_gpu_links["swp11@sw-egg-backend-plane4-leaf02--eth7@gpu-egg-042"]: Creating...
netris_link.ew_gpu_links["swp9@sw-egg-backend-plane4-leaf08--eth7@gpu-egg-040"]: Creation complete after 0s [id=3915150270]
netris_link.ew_gpu_links["swp20@sw-egg-backend-plane3-leaf07--eth6@gpu-egg-079"]: Creating...
netris_link.ew_gpu_links["swp20@sw-egg-backend-plane3-leaf04--eth6@gpu-egg-076"]: Creation complete after 0s [id=3910904875]
netris_link.ew_gpu_links["swp19@sw-egg-backend-plane2-leaf06--eth3@gpu-egg-078"]: Creating...
netris_link.ew_gpu_links["swp18@sw-egg-backend-plane1-leaf01--eth2@gpu-egg-065"]: Creation complete after 0s [id=4085446253]
netris_link.ew_gpu_links["swp26@sw-egg-backend-plane2-leaf02--eth4@gpu-egg-098"]: Creating...
netris_link.ew_gpu_links["swp15@sw-egg-backend-plane3-leaf08--eth5@gpu-egg-064"]: Creation complete after 0s [id=3962457596]
netris_link.ew_gpu_links["swp12@sw-egg-backend-plane3-leaf01--eth6@gpu-egg-041"]: Creating...
netris_link.ew_gpu_links["swp17@sw-egg-backend-plane1-leaf04--eth1@gpu-egg-068"]: Creation complete after 1s [id=4000560662]
netris_link.ew_gpu_links["swp13@sw-egg-backend-plane4-leaf05--eth7@gpu-egg-053"]: Creation complete after 1s [id=3936506172]
netris_link.ew_gpu_links["swp22@sw-egg-backend-plane2-leaf05--eth4@gpu-egg-085"]: Creation complete after 1s [id=3918956934]
netris_link.ew_gpu_links["swp7@sw-egg-backend-plane2-leaf07--eth3@gpu-egg-031"]: Creating...
netris_link.ew_gpu_links["swp30@sw-egg-backend-plane2-leaf07--eth4@gpu-egg-119"]: Creating...
netris_link.ew_gpu_links["swp15@sw-egg-backend-plane4-leaf03--eth7@gpu-egg-059"]: Creating...
netris_link.ew_gpu_links["swp17@sw-egg-backend-plane2-leaf06--eth3@gpu-egg-070"]: Creation complete after 1s [id=4065583004]
netris_link.ew_gpu_links["swp14@sw-egg-backend-plane1-leaf04--eth2@gpu-egg-052"]: Creating...
netris_link.ew_gpu_links["swp19@sw-egg-backend-plane3-leaf04--eth5@gpu-egg-076"]: Creation complete after 1s [id=3910727995]
netris_link.ew_gpu_links["swp13@sw-egg-backend-plane4-leaf01--eth7@gpu-egg-049"]: Creating...
netris_link.ew_gpu_links["swp11@sw-egg-backend-plane4-leaf02--eth7@gpu-egg-042"]: Creation complete after 1s [id=3817718998]
netris_link.ew_gpu_links["swp22@sw-egg-backend-plane1-leaf03--eth2@gpu-egg-083"]: Creating...
netris_link.ew_gpu_links["swp20@sw-egg-backend-plane3-leaf07--eth6@gpu-egg-079"]: Creation complete after 1s [id=4022236288]
netris_link.ew_gpu_links["swp3@sw-egg-backend-plane1-leaf04--eth1@gpu-egg-012"]: Creating...
netris_link.ew_gpu_links["swp26@sw-egg-backend-plane2-leaf02--eth4@gpu-egg-098"]: Creation complete after 1s [id=4117598374]
netris_link.ew_gpu_links["swp14@sw-egg-backend-plane4-leaf06--eth8@gpu-egg-054"]: Creating...
netris_link.ew_gpu_links["swp19@sw-egg-backend-plane2-leaf06--eth3@gpu-egg-078"]: Creation complete after 1s [id=4119504016]
netris_link.ew_gpu_links["swp4@sw-egg-backend-plane2-leaf04--eth4@gpu-egg-012"]: Creating...
netris_link.ew_gpu_links["swp12@sw-egg-backend-plane3-leaf01--eth6@gpu-egg-041"]: Creation complete after 1s [id=3978585852]
netris_link.ew_gpu_links["swp32@sw-egg-backend-plane1-leaf02--eth2@gpu-egg-122"]: Creating...
netris_link.ew_gpu_links["swp15@sw-egg-backend-plane4-leaf03--eth7@gpu-egg-059"]: Creation complete after 0s [id=3896766272]
netris_link.ew_gpu_links["swp26@sw-egg-backend-plane4-leaf05--eth8@gpu-egg-101"]: Creating...
netris_link.ew_gpu_links["swp7@sw-egg-backend-plane2-leaf07--eth3@gpu-egg-031"]: Creation complete after 0s [id=3983494890]
netris_link.ew_gpu_links["swp27@sw-egg-backend-plane3-leaf08--eth5@gpu-egg-112"]: Creating...
netris_link.ew_gpu_links["swp30@sw-egg-backend-plane2-leaf07--eth4@gpu-egg-119"]: Creation complete after 0s [id=3960143462]
netris_link.ew_gpu_links["swp29@sw-egg-backend-plane1-leaf05--eth1@gpu-egg-117"]: Creating...
netris_link.ew_gpu_links["swp13@sw-egg-backend-plane4-leaf01--eth7@gpu-egg-049"]: Creation complete after 0s [id=4109253949]
netris_link.ew_gpu_links["swp2@sw-egg-backend-plane4-leaf03--eth8@gpu-egg-003"]: Creating...
netris_link.ew_gpu_links["swp14@sw-egg-backend-plane1-leaf04--eth2@gpu-egg-052"]: Creation complete after 0s [id=4019098136]
netris_link.ew_gpu_links["swp26@sw-egg-backend-plane3-leaf06--eth6@gpu-egg-102"]: Creating...
netris_link.ew_gpu_links["swp3@sw-egg-backend-plane1-leaf04--eth1@gpu-egg-012"]: Creation complete after 0s [id=4052609586]
netris_link.ew_gpu_links["swp30@sw-egg-backend-plane1-leaf06--eth2@gpu-egg-118"]: Creating...
netris_link.ew_gpu_links["swp22@sw-egg-backend-plane1-leaf03--eth2@gpu-egg-083"]: Creation complete after 0s [id=3864083033]
netris_link.ew_gpu_links["swp23@sw-egg-backend-plane2-leaf01--eth3@gpu-egg-089"]: Creating...
netris_link.ew_gpu_links["swp4@sw-egg-backend-plane2-leaf04--eth4@gpu-egg-012"]: Creation complete after 0s [id=4064502063]
netris_link.ew_gpu_links["swp30@sw-egg-backend-plane4-leaf08--eth8@gpu-egg-120"]: Creating...
netris_link.ew_gpu_links["swp14@sw-egg-backend-plane4-leaf06--eth8@gpu-egg-054"]: Creation complete after 0s [id=4071266290]
netris_link.ew_gpu_links["swp18@sw-egg-backend-plane3-leaf04--eth6@gpu-egg-068"]: Creating...
netris_link.ew_gpu_links["swp32@sw-egg-backend-plane1-leaf02--eth2@gpu-egg-122"]: Creation complete after 0s [id=4163918335]
netris_link.ew_gpu_links["swp1@sw-egg-backend-plane1-leaf05--eth1@gpu-egg-005"]: Creating...
netris_link.ew_gpu_links["swp26@sw-egg-backend-plane4-leaf05--eth8@gpu-egg-101"]: Creation complete after 0s [id=3872615372]
netris_link.ew_gpu_links["swp11@sw-egg-backend-plane2-leaf05--eth3@gpu-egg-045"]: Creating...
netris_link.ew_gpu_links["swp29@sw-egg-backend-plane1-leaf05--eth1@gpu-egg-117"]: Creation complete after 0s [id=4005124067]
netris_link.ew_gpu_links["swp27@sw-egg-backend-plane1-leaf04--eth1@gpu-egg-108"]: Creating...
netris_link.ew_gpu_links["swp27@sw-egg-backend-plane3-leaf08--eth5@gpu-egg-112"]: Creation complete after 0s [id=3890412776]
netris_link.ew_gpu_links["swp12@sw-egg-backend-plane1-leaf08--eth2@gpu-egg-048"]: Creating...
netris_link.ew_gpu_links["swp26@sw-egg-backend-plane3-leaf06--eth6@gpu-egg-102"]: Creation complete after 0s [id=3950093566]
netris_link.ew_gpu_links["swp24@sw-egg-backend-plane1-leaf01--eth2@gpu-egg-089"]: Creating...
netris_link.ew_gpu_links["swp2@sw-egg-backend-plane4-leaf03--eth8@gpu-egg-003"]: Creation complete after 0s [id=3917097480]
netris_link.ew_gpu_links["swp12@sw-egg-backend-plane3-leaf08--eth6@gpu-egg-048"]: Creating...
netris_link.ew_gpu_links["swp23@sw-egg-backend-plane2-leaf01--eth3@gpu-egg-089"]: Creation complete after 0s [id=3992246817]
netris_link.ew_gpu_links["swp31@sw-egg-backend-plane2-leaf06--eth3@gpu-egg-126"]: Creating...
netris_link.ew_gpu_links["swp30@sw-egg-backend-plane1-leaf06--eth2@gpu-egg-118"]: Creation complete after 0s [id=3807240335]
netris_link.ew_gpu_links["swp1@sw-egg-backend-plane2-leaf02--eth3@gpu-egg-002"]: Creating...
netris_link.ew_gpu_links["swp30@sw-egg-backend-plane4-leaf08--eth8@gpu-egg-120"]: Creation complete after 0s [id=3908870015]
netris_link.ew_gpu_links["swp4@sw-egg-backend-plane4-leaf03--eth8@gpu-egg-011"]: Creating...
netris_link.ew_gpu_links["swp1@sw-egg-backend-plane1-leaf05--eth1@gpu-egg-005"]: Creation complete after 0s [id=3954538056]
netris_link.ew_gpu_links["swp11@sw-egg-backend-plane2-leaf05--eth3@gpu-egg-045"]: Creation complete after 0s [id=3954005295]
netris_link.ew_gpu_links["swp12@sw-egg-backend-plane1-leaf08--eth2@gpu-egg-048"]: Creation complete after 0s [id=4090599865]
netris_link.ew_gpu_links["swp18@sw-egg-backend-plane3-leaf04--eth6@gpu-egg-068"]: Creation complete after 0s [id=3887414816]
netris_link.ew_gpu_links["swp27@sw-egg-backend-plane1-leaf04--eth1@gpu-egg-108"]: Creation complete after 0s [id=3994569780]
netris_link.ew_gpu_links["swp3@sw-egg-backend-plane3-leaf02--eth5@gpu-egg-010"]: Creating...
netris_link.ew_gpu_links["swp6@sw-egg-backend-plane3-leaf01--eth6@gpu-egg-017"]: Creating...
netris_link.ew_gpu_links["swp17@sw-egg-backend-plane3-leaf05--eth5@gpu-egg-069"]: Creating...
netris_link.ew_gpu_links["swp22@sw-egg-backend-plane3-leaf03--eth6@gpu-egg-083"]: Creating...
netris_link.ew_gpu_links["swp24@sw-egg-backend-plane4-leaf05--eth8@gpu-egg-093"]: Creating...
netris_link.ew_gpu_links["swp24@sw-egg-backend-plane1-leaf01--eth2@gpu-egg-089"]: Creation complete after 0s [id=4077043976]
netris_link.ew_gpu_links["swp29@sw-egg-backend-plane2-leaf07--eth3@gpu-egg-119"]: Creating...
netris_link.ew_gpu_links["swp12@sw-egg-backend-plane3-leaf08--eth6@gpu-egg-048"]: Creation complete after 0s [id=3960321347]
netris_link.ew_gpu_links["swp13@sw-egg-backend-plane4-leaf06--eth7@gpu-egg-054"]: Creating...
netris_link.ew_gpu_links["swp1@sw-egg-backend-plane2-leaf02--eth3@gpu-egg-002"]: Creation complete after 0s [id=4106262649]
netris_link.ew_gpu_links["swp23@sw-egg-backend-plane1-leaf02--eth1@gpu-egg-090"]: Creating...
netris_link.ew_gpu_links["swp31@sw-egg-backend-plane2-leaf06--eth3@gpu-egg-126"]: Creation complete after 0s [id=4054949479]
netris_link.ew_gpu_links["swp1@sw-egg-backend-plane2-leaf03--eth3@gpu-egg-003"]: Creating...
netris_link.ew_gpu_links["swp4@sw-egg-backend-plane4-leaf03--eth8@gpu-egg-011"]: Creation complete after 0s [id=3968067817]
netris_link.ew_gpu_links["swp28@sw-egg-backend-plane2-leaf06--eth4@gpu-egg-110"]: Creating...
netris_link.ew_gpu_links["swp22@sw-egg-backend-plane3-leaf03--eth6@gpu-egg-083"]: Creation complete after 0s [id=4060985323]
netris_link.ew_gpu_links["swp8@sw-egg-backend-plane4-leaf08--eth8@gpu-egg-032"]: Creating...
netris_link.ew_gpu_links["swp6@sw-egg-backend-plane3-leaf01--eth6@gpu-egg-017"]: Creation complete after 0s [id=4064321372]
netris_link.ew_gpu_links["swp4@sw-egg-backend-plane1-leaf08--eth2@gpu-egg-016"]: Creating...
netris_link.ew_gpu_links["swp24@sw-egg-backend-plane4-leaf05--eth8@gpu-egg-093"]: Creation complete after 0s [id=3848275661]
netris_link.ew_gpu_links["swp13@sw-egg-backend-plane3-leaf03--eth5@gpu-egg-051"]: Creating...
netris_link.ew_gpu_links["swp29@sw-egg-backend-plane2-leaf07--eth3@gpu-egg-119"]: Creation complete after 0s [id=3959965472]
netris_link.ew_gpu_links["swp3@sw-egg-backend-plane3-leaf02--eth5@gpu-egg-010"]: Creation complete after 0s [id=3869623462]
netris_link.ew_gpu_links["swp17@sw-egg-backend-plane3-leaf05--eth5@gpu-egg-069"]: Creation complete after 0s [id=4069913428]
netris_link.ew_gpu_links["swp8@sw-egg-backend-plane1-leaf03--eth2@gpu-egg-027"]: Creating...
netris_link.ew_gpu_links["swp9@sw-egg-backend-plane1-leaf07--eth1@gpu-egg-039"]: Creating...
netris_link.ew_gpu_links["swp31@sw-egg-backend-plane3-leaf01--eth5@gpu-egg-121"]: Creating...
netris_link.ew_gpu_links["swp13@sw-egg-backend-plane4-leaf06--eth7@gpu-egg-054"]: Creation complete after 0s [id=4071085820]
netris_link.ew_gpu_links["swp18@sw-egg-backend-plane3-leaf06--eth6@gpu-egg-070"]: Creating...
netris_link.ew_gpu_links["swp28@sw-egg-backend-plane2-leaf06--eth4@gpu-egg-110"]: Creation complete after 0s [id=4143410970]
netris_link.ew_gpu_links["swp8@sw-egg-backend-plane1-leaf07--eth2@gpu-egg-031"]: Creating...
netris_link.ew_gpu_links["swp1@sw-egg-backend-plane2-leaf03--eth3@gpu-egg-003"]: Creation complete after 0s [id=3843276798]
netris_link.ew_gpu_links["swp6@sw-egg-backend-plane3-leaf04--eth6@gpu-egg-020"]: Creating...
netris_link.ew_gpu_links["swp13@sw-egg-backend-plane3-leaf03--eth5@gpu-egg-051"]: Creation complete after 0s [id=4109797282]
netris_link.ew_gpu_links["swp20@sw-egg-backend-plane2-leaf06--eth4@gpu-egg-078"]: Creating...
netris_link.ew_gpu_links["swp8@sw-egg-backend-plane4-leaf08--eth8@gpu-egg-032"]: Creation complete after 0s [id=3917097282]
netris_link.ew_gpu_links["swp10@sw-egg-backend-plane3-leaf03--eth6@gpu-egg-035"]: Creating...
netris_link.ew_gpu_links["swp23@sw-egg-backend-plane1-leaf02--eth1@gpu-egg-090"]: Creation complete after 0s [id=4152974644]
netris_link.ew_gpu_links["swp10@sw-egg-backend-plane4-leaf01--eth8@gpu-egg-033"]: Creating...
netris_link.ew_gpu_links["swp4@sw-egg-backend-plane1-leaf08--eth2@gpu-egg-016"]: Creation complete after 0s [id=4070003151]
netris_link.ew_gpu_links["swp17@sw-egg-backend-plane3-leaf06--eth5@gpu-egg-070"]: Creating...
netris_link.ew_gpu_links["swp8@sw-egg-backend-plane1-leaf03--eth2@gpu-egg-027"]: Creation complete after 0s [id=3925954008]
netris_link.ew_gpu_links["swp7@sw-egg-backend-plane3-leaf04--eth5@gpu-egg-028"]: Creating...
netris_link.ew_gpu_links["swp9@sw-egg-backend-plane1-leaf07--eth1@gpu-egg-039"]: Creation complete after 0s [id=4060986088]
netris_link.ew_gpu_links["swp28@sw-egg-backend-plane1-leaf04--eth2@gpu-egg-108"]: Creating...
netris_link.ew_gpu_links["swp31@sw-egg-backend-plane3-leaf01--eth5@gpu-egg-121"]: Creation complete after 0s [id=3995373763]
netris_link.ew_gpu_links["swp18@sw-egg-backend-plane4-leaf05--eth8@gpu-egg-069"]: Creating...
netris_link.ew_gpu_links["swp20@sw-egg-backend-plane2-leaf06--eth4@gpu-egg-078"]: Creation complete after 1s [id=4119685556]
netris_link.ew_gpu_links["swp6@sw-egg-backend-plane3-leaf04--eth6@gpu-egg-020"]: Creation complete after 1s [id=3847661654]
netris_link.ew_gpu_links["swp18@sw-egg-backend-plane3-leaf06--eth6@gpu-egg-070"]: Creation complete after 1s [id=3858019849]
netris_link.ew_gpu_links["swp8@sw-egg-backend-plane1-leaf07--eth2@gpu-egg-031"]: Creation complete after 1s [id=4108710161]
netris_link.ew_gpu_links["swp1@sw-egg-backend-plane2-leaf01--eth3@gpu-egg-001"]: Creating...
netris_link.ew_gpu_links["swp26@sw-egg-backend-plane2-leaf04--eth4@gpu-egg-100"]: Creating...
netris_link.ew_gpu_links["swp14@sw-egg-backend-plane4-leaf07--eth8@gpu-egg-055"]: Creating...
netris_link.ew_gpu_links["swp12@sw-egg-backend-plane4-leaf08--eth8@gpu-egg-048"]: Creating...
netris_link.ew_gpu_links["swp10@sw-egg-backend-plane3-leaf03--eth6@gpu-egg-035"]: Creation complete after 1s [id=4126586960]
netris_link.ew_gpu_links["swp22@sw-egg-backend-plane1-leaf06--eth2@gpu-egg-086"]: Creating...
netris_link.ew_gpu_links["swp28@sw-egg-backend-plane1-leaf04--eth2@gpu-egg-108"]: Creation complete after 1s [id=3994748546]
netris_link.ew_gpu_links["swp6@sw-egg-backend-plane4-leaf03--eth8@gpu-egg-019"]: Creating...
netris_link.ew_gpu_links["swp10@sw-egg-backend-plane4-leaf01--eth8@gpu-egg-033"]: Creation complete after 1s [id=4066304927]
netris_link.ew_gpu_links["swp31@sw-egg-backend-plane1-leaf05--eth1@gpu-egg-125"]: Creating...
netris_link.ew_gpu_links["swp18@sw-egg-backend-plane4-leaf05--eth8@gpu-egg-069"]: Creation complete after 1s [id=3939967417]
netris_link.ew_gpu_links["swp22@sw-egg-backend-plane4-leaf06--eth8@gpu-egg-086"]: Creating...
netris_link.ew_gpu_links["swp7@sw-egg-backend-plane3-leaf04--eth5@gpu-egg-028"]: Creation complete after 1s [id=3831274843]
netris_link.ew_gpu_links["swp11@sw-egg-backend-plane1-leaf02--eth1@gpu-egg-042"]: Creating...
netris_link.ew_gpu_links["swp17@sw-egg-backend-plane3-leaf06--eth5@gpu-egg-070"]: Creation complete after 1s [id=3857844169]
netris_link.ew_gpu_links["swp28@sw-egg-backend-plane2-leaf02--eth4@gpu-egg-106"]: Creating...
netris_link.ew_gpu_links["swp14@sw-egg-backend-plane4-leaf07--eth8@gpu-egg-055"]: Creation complete after 0s [id=3984297802]
netris_link.ew_gpu_links["swp10@sw-egg-backend-plane4-leaf04--eth8@gpu-egg-036"]: Creating...
netris_link.ew_gpu_links["swp1@sw-egg-backend-plane2-leaf01--eth3@gpu-egg-001"]: Creation complete after 0s [id=3985369353]
netris_link.ew_gpu_links["swp21@sw-egg-backend-plane3-leaf08--eth5@gpu-egg-088"]: Creating...
netris_link.ew_gpu_links["swp26@sw-egg-backend-plane2-leaf04--eth4@gpu-egg-100"]: Creation complete after 0s [id=3979656720]
netris_link.ew_gpu_links["swp32@sw-egg-backend-plane1-leaf06--eth2@gpu-egg-126"]: Creating...
netris_link.ew_gpu_links["swp12@sw-egg-backend-plane4-leaf08--eth8@gpu-egg-048"]: Creation complete after 0s [id=3994748882]
netris_link.ew_gpu_links["swp21@sw-egg-backend-plane1-leaf04--eth1@gpu-egg-084"]: Creating...
netris_link.ew_gpu_links["swp22@sw-egg-backend-plane1-leaf06--eth2@gpu-egg-086"]: Creation complete after 0s [id=3864347393]
netris_link.ew_gpu_links["swp22@sw-egg-backend-plane4-leaf04--eth8@gpu-egg-084"]: Creating...
netris_link.ew_gpu_links["swp6@sw-egg-backend-plane4-leaf03--eth8@gpu-egg-019"]: Creation complete after 0s [id=3895089113]
netris_link.ew_gpu_links["swp15@sw-egg-backend-plane4-leaf06--eth7@gpu-egg-062"]: Creating...
netris_link.ew_gpu_links["swp31@sw-egg-backend-plane1-leaf05--eth1@gpu-egg-125"]: Creation complete after 0s [id=3948403995]
netris_link.ew_gpu_links["swp8@sw-egg-backend-plane4-leaf07--eth8@gpu-egg-031"]: Creating...
netris_link.ew_gpu_links["swp22@sw-egg-backend-plane4-leaf06--eth8@gpu-egg-086"]: Creation complete after 0s [id=4072980956]
netris_link.ew_gpu_links["swp19@sw-egg-backend-plane1-leaf06--eth1@gpu-egg-078"]: Creating...
netris_link.ew_gpu_links["swp11@sw-egg-backend-plane1-leaf02--eth1@gpu-egg-042"]: Creation complete after 0s [id=4085987503]
netris_link.ew_gpu_links["swp16@sw-egg-backend-plane3-leaf01--eth6@gpu-egg-057"]: Creating...
netris_link.ew_gpu_links["swp28@sw-egg-backend-plane2-leaf02--eth4@gpu-egg-106"]: Creation complete after 0s [id=4065042274]
netris_link.ew_gpu_links["swp20@sw-egg-backend-plane4-leaf01--eth8@gpu-egg-073"]: Creating...
netris_link.ew_gpu_links["swp32@sw-egg-backend-plane1-leaf06--eth2@gpu-egg-126"]: Creation complete after 0s [id=3815097918]
netris_link.ew_gpu_links["swp11@sw-egg-backend-plane1-leaf05--eth1@gpu-egg-045"]: Creating...
netris_link.ew_gpu_links["swp21@sw-egg-backend-plane3-leaf08--eth5@gpu-egg-088"]: Creation complete after 0s [id=3971810465]
netris_link.ew_gpu_links["swp14@sw-egg-backend-plane3-leaf02--eth6@gpu-egg-050"]: Creating...
netris_link.ew_gpu_links["swp10@sw-egg-backend-plane4-leaf04--eth8@gpu-egg-036"]: Creation complete after 0s [id=4122408729]
netris_link.ew_gpu_links["swp10@sw-egg-backend-plane3-leaf05--eth6@gpu-egg-037"]: Creating...
netris_link.ew_gpu_links["swp21@sw-egg-backend-plane1-leaf04--eth1@gpu-egg-084"]: Creation complete after 0s [id=4013720539]
netris_link.ew_gpu_links["swp8@sw-egg-backend-plane1-leaf08--eth2@gpu-egg-032"]: Creating...
netris_link.ew_gpu_links["swp22@sw-egg-backend-plane4-leaf04--eth8@gpu-egg-084"]: Creation complete after 0s [id=4160542326]
netris_link.ew_gpu_links["swp16@sw-egg-backend-plane2-leaf08--eth4@gpu-egg-064"]: Creating...
netris_link.ew_gpu_links["swp15@sw-egg-backend-plane4-leaf06--eth7@gpu-egg-062"]: Creation complete after 0s [id=4131040179]
netris_link.ew_gpu_links["swp29@sw-egg-backend-plane3-leaf07--eth5@gpu-egg-119"]: Creating...
netris_link.ew_gpu_links["swp8@sw-egg-backend-plane4-leaf07--eth8@gpu-egg-031"]: Creation complete after 0s [id=4024120858]
netris_link.ew_gpu_links["swp27@sw-egg-backend-plane2-leaf04--eth3@gpu-egg-108"]: Creating...
netris_link.ew_gpu_links["swp19@sw-egg-backend-plane1-leaf06--eth1@gpu-egg-078"]: Creation complete after 0s [id=3877545671]
netris_link.ew_gpu_links["swp3@sw-egg-backend-plane4-leaf04--eth7@gpu-egg-012"]: Creating...
netris_link.ew_gpu_links["swp20@sw-egg-backend-plane4-leaf01--eth8@gpu-egg-073"]: Creation complete after 0s [id=4090057236]
netris_link.ew_gpu_links["swp23@sw-egg-backend-plane4-leaf08--eth7@gpu-egg-096"]: Creating...
netris_link.ew_gpu_links["swp16@sw-egg-backend-plane3-leaf01--eth6@gpu-egg-057"]: Creation complete after 0s [id=4002975668]
netris_link.ew_gpu_links["swp25@sw-egg-backend-plane2-leaf02--eth3@gpu-egg-098"]: Creating...
netris_link.ew_gpu_links["swp11@sw-egg-backend-plane1-leaf05--eth1@gpu-egg-045"]: Creation complete after 0s [id=4028158738]
netris_link.ew_gpu_links["swp10@sw-egg-backend-plane3-leaf05--eth6@gpu-egg-037"]: Creation complete after 0s [id=3973681430]
netris_link.ew_gpu_links["swp14@sw-egg-backend-plane3-leaf02--eth6@gpu-egg-050"]: Creation complete after 0s [id=3896855003]
netris_link.ew_gpu_links["swp8@sw-egg-backend-plane1-leaf08--eth2@gpu-egg-032"]: Creation complete after 0s [id=4012017647]
netris_link.ew_gpu_links["swp23@sw-egg-backend-plane1-leaf03--eth1@gpu-egg-091"]: Creating...
netris_link.ew_gpu_links["swp10@sw-egg-backend-plane2-leaf02--eth4@gpu-egg-034"]: Creating...
netris_link.ew_gpu_links["swp32@sw-egg-backend-plane4-leaf06--eth8@gpu-egg-126"]: Creating...
netris_link.ew_gpu_links["swp6@sw-egg-backend-plane1-leaf03--eth2@gpu-egg-019"]: Creating...
netris_link.ew_gpu_links["swp27@sw-egg-backend-plane2-leaf04--eth3@gpu-egg-108"]: Creation complete after 0s [id=4006197827]
netris_link.ew_gpu_links["swp8@sw-egg-backend-plane4-leaf02--eth8@gpu-egg-026"]: Creating...
netris_link.ew_gpu_links["swp16@sw-egg-backend-plane2-leaf08--eth4@gpu-egg-064"]: Creation complete after 0s [id=3928347067]
netris_link.ew_gpu_links["swp13@sw-egg-backend-plane1-leaf04--eth1@gpu-egg-052"]: Creating...
netris_link.ew_gpu_links["swp29@sw-egg-backend-plane3-leaf07--eth5@gpu-egg-119"]: Creation complete after 0s [id=4073432623]
netris_link.ew_gpu_links["swp15@sw-egg-backend-plane1-leaf02--eth1@gpu-egg-058"]: Creating...
netris_link.ew_gpu_links["swp23@sw-egg-backend-plane4-leaf08--eth7@gpu-egg-096"]: Creation complete after 0s [id=3953471032]
netris_link.ew_gpu_links["swp18@sw-egg-backend-plane4-leaf02--eth8@gpu-egg-066"]: Creating...
netris_link.ew_gpu_links["swp25@sw-egg-backend-plane2-leaf02--eth3@gpu-egg-098"]: Creation complete after 0s [id=4117416880]
netris_link.ew_gpu_links["swp32@sw-egg-backend-plane1-leaf04--eth2@gpu-egg-124"]: Creating...
netris_link.ew_gpu_links["swp3@sw-egg-backend-plane4-leaf04--eth7@gpu-egg-012"]: Creation complete after 0s [id=4199951261]
netris_link.ew_gpu_links["swp23@sw-egg-backend-plane4-leaf02--eth7@gpu-egg-090"]: Creating...
netris_link.ew_gpu_links["swp32@sw-egg-backend-plane4-leaf06--eth8@gpu-egg-126"]: Creation complete after 0s [id=4022415277]
netris_link.ew_gpu_links["swp20@sw-egg-backend-plane4-leaf05--eth8@gpu-egg-077"]: Creating...
netris_link.ew_gpu_links["swp10@sw-egg-backend-plane2-leaf02--eth4@gpu-egg-034"]: Creation complete after 0s [id=4073341934]
netris_link.ew_gpu_links["swp11@sw-egg-backend-plane4-leaf03--eth7@gpu-egg-043"]: Creating...
netris_link.ew_gpu_links["swp6@sw-egg-backend-plane1-leaf03--eth2@gpu-egg-019"]: Creation complete after 0s [id=3860743172]
netris_link.ew_gpu_links["swp31@sw-egg-backend-plane2-leaf01--eth3@gpu-egg-121"]: Creating...
netris_link.ew_gpu_links["swp23@sw-egg-backend-plane1-leaf03--eth1@gpu-egg-091"]: Creation complete after 0s [id=3976089927]
netris_link.ew_gpu_links["swp17@sw-egg-backend-plane3-leaf07--eth5@gpu-egg-071"]: Creating...
netris_link.ew_gpu_links["swp8@sw-egg-backend-plane4-leaf02--eth8@gpu-egg-026"]: Creation complete after 0s [id=3908429221]
netris_link.ew_gpu_links["swp11@sw-egg-backend-plane2-leaf02--eth3@gpu-egg-042"]: Creating...
netris_link.ew_gpu_links["swp13@sw-egg-backend-plane1-leaf04--eth1@gpu-egg-052"]: Creation complete after 0s [id=4018918826]
netris_link.ew_gpu_links["swp19@sw-egg-backend-plane1-leaf04--eth1@gpu-egg-076"]: Creating...
netris_link.ew_gpu_links["swp15@sw-egg-backend-plane1-leaf02--eth1@gpu-egg-058"]: Creation complete after 0s [id=4146233215]
netris_link.ew_gpu_links["swp13@sw-egg-backend-plane3-leaf06--eth5@gpu-egg-054"]: Creating...
netris_link.ew_gpu_links["swp18@sw-egg-backend-plane4-leaf02--eth8@gpu-egg-066"]: Creation complete after 0s [id=3856966255]
netris_link.ew_gpu_links["swp19@sw-egg-backend-plane3-leaf06--eth5@gpu-egg-078"]: Creating...
netris_link.ew_gpu_links["swp32@sw-egg-backend-plane1-leaf04--eth2@gpu-egg-124"]: Creation complete after 0s [id=3991173962]
netris_link.ew_gpu_links["swp24@sw-egg-backend-plane3-leaf07--eth6@gpu-egg-095"]: Creating...
netris_link.ew_gpu_links["swp23@sw-egg-backend-plane4-leaf02--eth7@gpu-egg-090"]: Creation complete after 0s [id=3882478855]
netris_link.ew_gpu_links["swp15@sw-egg-backend-plane2-leaf07--eth3@gpu-egg-063"]: Creating...
netris_link.ew_gpu_links["swp11@sw-egg-backend-plane4-leaf03--eth7@gpu-egg-043"]: Creation complete after 0s [id=3905157531]
netris_link.ew_gpu_links["swp16@sw-egg-backend-plane4-leaf02--eth8@gpu-egg-058"]: Creating...
netris_link.ew_gpu_links["swp20@sw-egg-backend-plane4-leaf05--eth8@gpu-egg-077"]: Creation complete after 0s [id=3923562170]
netris_link.ew_gpu_links["swp29@sw-egg-backend-plane1-leaf02--eth1@gpu-egg-114"]: Creating...
netris_link.ew_gpu_links["swp31@sw-egg-backend-plane2-leaf01--eth3@gpu-egg-121"]: Creation complete after 0s [id=3894294894]
netris_link.ew_gpu_links["swp5@sw-egg-backend-plane3-leaf05--eth5@gpu-egg-021"]: Creating...
netris_link.ew_gpu_links["swp17@sw-egg-backend-plane3-leaf07--eth5@gpu-egg-071"]: Creation complete after 1s [id=3975642740]
netris_link.ew_gpu_links["swp5@sw-egg-backend-plane1-leaf08--eth1@gpu-egg-024"]: Creating...
netris_link.ew_gpu_links["swp19@sw-egg-backend-plane1-leaf04--eth1@gpu-egg-076"]: Creation complete after 1s [id=4024389605]
netris_link.ew_gpu_links["swp27@sw-egg-backend-plane3-leaf04--eth5@gpu-egg-108"]: Creating...
netris_link.ew_gpu_links["swp11@sw-egg-backend-plane2-leaf02--eth3@gpu-egg-042"]: Creation complete after 1s [id=4035700824]
netris_link.ew_gpu_links["swp17@sw-egg-backend-plane4-leaf07--eth7@gpu-egg-071"]: Creating...
netris_link.ew_gpu_links["swp13@sw-egg-backend-plane3-leaf06--eth5@gpu-egg-054"]: Creation complete after 1s [id=3895266273]
netris_link.ew_gpu_links["swp24@sw-egg-backend-plane3-leaf07--eth6@gpu-egg-095"]: Creation complete after 1s [id=3986171814]
netris_link.ew_gpu_links["swp19@sw-egg-backend-plane3-leaf06--eth5@gpu-egg-078"]: Creation complete after 1s [id=3910374117]
netris_link.ew_gpu_links["swp16@sw-egg-backend-plane4-leaf02--eth8@gpu-egg-058"]: Creation complete after 1s [id=3876136850]
netris_link.ew_gpu_links["swp5@sw-egg-backend-plane3-leaf05--eth5@gpu-egg-021"]: Creation complete after 1s [id=4013451530]
netris_link.ew_gpu_links["swp29@sw-egg-backend-plane1-leaf02--eth1@gpu-egg-114"]: Creation complete after 1s [id=4146506396]
netris_link.ew_gpu_links["swp15@sw-egg-backend-plane2-leaf07--eth3@gpu-egg-063"]: Creation complete after 1s [id=3858195217]
netris_link.ew_gpu_links["swp1@sw-egg-backend-plane3-leaf07--eth5@gpu-egg-007"]: Creating...
netris_link.ew_gpu_links["swp27@sw-egg-backend-plane4-leaf05--eth7@gpu-egg-109"]: Creating...
netris_link.ew_gpu_links["swp8@sw-egg-backend-plane3-leaf03--eth6@gpu-egg-027"]: Creating...
netris_link.ew_gpu_links["swp7@sw-egg-backend-plane3-leaf03--eth5@gpu-egg-027"]: Creating...
netris_link.ew_gpu_links["swp17@sw-egg-backend-plane3-leaf02--eth5@gpu-egg-066"]: Creating...
netris_link.ew_gpu_links["swp31@sw-egg-backend-plane2-leaf07--eth3@gpu-egg-127"]: Creating...
netris_link.ew_gpu_links["swp30@sw-egg-backend-plane1-leaf03--eth2@gpu-egg-115"]: Creating...
netris_link.ew_gpu_links["swp5@sw-egg-backend-plane1-leaf08--eth1@gpu-egg-024"]: Creation complete after 0s [id=4083909273]
netris_link.ew_gpu_links["swp21@sw-egg-backend-plane4-leaf07--eth7@gpu-egg-087"]: Creating...
netris_link.ew_gpu_links["swp17@sw-egg-backend-plane4-leaf07--eth7@gpu-egg-071"]: Creation complete after 0s [id=3903390067]
netris_link.ew_gpu_links["swp20@sw-egg-backend-plane1-leaf01--eth2@gpu-egg-073"]: Creating...
netris_link.ew_gpu_links["swp27@sw-egg-backend-plane3-leaf04--eth5@gpu-egg-108"]: Creation complete after 0s [id=3881333078]
netris_link.ew_gpu_links["swp32@sw-egg-backend-plane3-leaf05--eth6@gpu-egg-125"]: Creating...
netris_link.ew_gpu_links["swp17@sw-egg-backend-plane3-leaf02--eth5@gpu-egg-066"]: Creation complete after 0s [id=3911612122]
netris_link.ew_gpu_links["swp26@sw-egg-backend-plane1-leaf04--eth2@gpu-egg-100"]: Creating...
netris_link.ew_gpu_links["swp31@sw-egg-backend-plane2-leaf07--eth3@gpu-egg-127"]: Creation complete after 0s [id=3918159981]
netris_link.ew_gpu_links["swp25@sw-egg-backend-plane1-leaf05--eth1@gpu-egg-101"]: Creating...
netris_link.ew_gpu_links["swp27@sw-egg-backend-plane4-leaf05--eth7@gpu-egg-109"]: Creation complete after 0s [id=3895884199]
netris_link.ew_gpu_links["swp2@sw-egg-backend-plane3-leaf05--eth6@gpu-egg-005"]: Creating...
netris_link.ew_gpu_links["swp30@sw-egg-backend-plane1-leaf03--eth2@gpu-egg-115"]: Creation complete after 0s [id=3897737798]
netris_link.ew_gpu_links["swp3@sw-egg-backend-plane4-leaf03--eth7@gpu-egg-011"]: Creating...
netris_link.ew_gpu_links["swp7@sw-egg-backend-plane3-leaf03--eth5@gpu-egg-027"]: Creation complete after 0s [id=4124225266]
netris_link.ew_gpu_links["swp7@sw-egg-backend-plane3-leaf02--eth5@gpu-egg-026"]: Creating...
netris_link.ew_gpu_links["swp1@sw-egg-backend-plane3-leaf07--eth5@gpu-egg-007"]: Creation complete after 0s [id=4011570099]
netris_link.ew_gpu_links["swp17@sw-egg-backend-plane3-leaf08--eth5@gpu-egg-072"]: Creating...
netris_link.ew_gpu_links["swp8@sw-egg-backend-plane3-leaf03--eth6@gpu-egg-027"]: Creation complete after 0s [id=4124406910]
netris_link.ew_gpu_links["swp21@sw-egg-backend-plane4-leaf05--eth7@gpu-egg-085"]: Creating...
netris_link.ew_gpu_links["swp21@sw-egg-backend-plane4-leaf07--eth7@gpu-egg-087"]: Creation complete after 0s [id=3915415795]
netris_link.ew_gpu_links["swp3@sw-egg-backend-plane1-leaf05--eth1@gpu-egg-013"]: Creating...
netris_link.ew_gpu_links["swp20@sw-egg-backend-plane1-leaf01--eth2@gpu-egg-073"]: Creation complete after 0s [id=4054860315]
netris_link.ew_gpu_links["swp7@sw-egg-backend-plane2-leaf06--eth3@gpu-egg-030"]: Creating...
netris_link.ew_gpu_links["swp32@sw-egg-backend-plane3-leaf05--eth6@gpu-egg-125"]: Creation complete after 0s [id=3987422135]
netris_link.ew_gpu_links["swp14@sw-egg-backend-plane2-leaf01--eth4@gpu-egg-049"]: Creating...
netris_link.ew_gpu_links["swp26@sw-egg-backend-plane1-leaf04--eth2@gpu-egg-100"]: Creation complete after 0s [id=3968067283]
netris_link.ew_gpu_links["swp28@sw-egg-backend-plane2-leaf07--eth4@gpu-egg-111"]: Creating...
netris_link.ew_gpu_links["swp25@sw-egg-backend-plane1-leaf05--eth1@gpu-egg-101"]: Creation complete after 0s [id=3962546097]
netris_link.ew_gpu_links["swp2@sw-egg-backend-plane1-leaf05--eth2@gpu-egg-005"]: Creating...
netris_link.ew_gpu_links["swp2@sw-egg-backend-plane3-leaf05--eth6@gpu-egg-005"]: Creation complete after 0s [id=3993586418]
netris_link.ew_gpu_links["swp3@sw-egg-backend-plane3-leaf06--eth5@gpu-egg-014"]: Creating...
netris_link.ew_gpu_links["swp3@sw-egg-backend-plane4-leaf03--eth7@gpu-egg-011"]: Creation complete after 0s [id=3967889649]
netris_link.ew_gpu_links["swp13@sw-egg-backend-plane2-leaf01--eth3@gpu-egg-049"]: Creating...
netris_link.ew_gpu_links["swp7@sw-egg-backend-plane3-leaf02--eth5@gpu-egg-026"]: Creation complete after 0s [id=3963437168]
netris_link.ew_gpu_links["swp3@sw-egg-backend-plane2-leaf07--eth3@gpu-egg-015"]: Creating...
netris_link.ew_gpu_links["swp17@sw-egg-backend-plane3-leaf08--eth5@gpu-egg-072"]: Creation complete after 0s [id=3898267392]
netris_link.ew_gpu_links["swp21@sw-egg-backend-plane2-leaf01--eth3@gpu-egg-081"]: Creating...
netris_link.ew_gpu_links["swp21@sw-egg-backend-plane4-leaf05--eth7@gpu-egg-085"]: Creation complete after 0s [id=3902154002]
netris_link.ew_gpu_links["swp15@sw-egg-backend-plane4-leaf02--eth7@gpu-egg-058"]: Creating...
netris_link.ew_gpu_links["swp3@sw-egg-backend-plane1-leaf05--eth1@gpu-egg-013"]: Creation complete after 0s [id=3961566921]
netris_link.ew_gpu_links["swp29@sw-egg-backend-plane4-leaf05--eth7@gpu-egg-117"]: Creating...
netris_link.ew_gpu_links["swp7@sw-egg-backend-plane2-leaf06--eth3@gpu-egg-030"]: Creation complete after 0s [id=4107440529]
netris_link.ew_gpu_links["swp5@sw-egg-backend-plane4-leaf03--eth7@gpu-egg-019"]: Creating...
netris_link.ew_gpu_links["swp14@sw-egg-backend-plane2-leaf01--eth4@gpu-egg-049"]: Creation complete after 0s [id=3989566581]
netris_link.ew_gpu_links["swp28@sw-egg-backend-plane2-leaf07--eth4@gpu-egg-111"]: Creation complete after 0s [id=3905334589]
netris_link.ew_gpu_links["swp32@sw-egg-backend-plane1-leaf01--eth2@gpu-egg-121"]: Creating...
netris_link.ew_gpu_links["swp17@sw-egg-backend-plane1-leaf02--eth1@gpu-egg-066"]: Creating...
netris_link.ew_gpu_links["swp13@sw-egg-backend-plane2-leaf01--eth3@gpu-egg-049"]: Creation complete after 0s [id=3989387931]
netris_link.ew_gpu_links["swp16@sw-egg-backend-plane3-leaf06--eth6@gpu-egg-062"]: Creating...
netris_link.ew_gpu_links["swp2@sw-egg-backend-plane1-leaf05--eth2@gpu-egg-005"]: Creation complete after 0s [id=3954715924]
netris_link.ew_gpu_links["swp14@sw-egg-backend-plane1-leaf07--eth2@gpu-egg-055"]: Creating...
netris_link.ew_gpu_links["swp3@sw-egg-backend-plane3-leaf06--eth5@gpu-egg-014"]: Creation complete after 0s [id=3902153956]
netris_link.ew_gpu_links["swp7@sw-egg-backend-plane2-leaf03--eth3@gpu-egg-027"]: Creating...
netris_link.ew_gpu_links["swp15@sw-egg-backend-plane4-leaf02--eth7@gpu-egg-058"]: Creation complete after 0s [id=3875960758]
netris_link.ew_gpu_links["swp8@sw-egg-backend-plane3-leaf07--eth6@gpu-egg-031"]: Creating...
netris_link.ew_gpu_links["swp21@sw-egg-backend-plane2-leaf01--eth3@gpu-egg-081"]: Creation complete after 0s [id=3911877151]
netris_link.ew_gpu_links["swp16@sw-egg-backend-plane1-leaf01--eth2@gpu-egg-057"]: Creating...
netris_link.ew_gpu_links["swp29@sw-egg-backend-plane4-leaf05--eth7@gpu-egg-117"]: Creation complete after 0s [id=3914531744]
netris_link.ew_gpu_links["swp22@sw-egg-backend-plane1-leaf04--eth2@gpu-egg-084"]: Creating...
netris_link.ew_gpu_links["swp3@sw-egg-backend-plane2-leaf07--eth3@gpu-egg-015"]: Creation complete after 0s [id=3881685088]
netris_link.ew_gpu_links["swp13@sw-egg-backend-plane2-leaf06--eth3@gpu-egg-054"]: Creating...
netris_link.ew_gpu_links["swp5@sw-egg-backend-plane4-leaf03--eth7@gpu-egg-019"]: Creation complete after 0s [id=3894912591]
netris_link.ew_gpu_links["swp9@sw-egg-backend-plane4-leaf02--eth7@gpu-egg-034"]: Creating...
netris_link.ew_gpu_links["swp17@sw-egg-backend-plane1-leaf02--eth1@gpu-egg-066"]: Creation complete after 0s [id=4126405132]
netris_link.ew_gpu_links["swp16@sw-egg-backend-plane4-leaf04--eth8@gpu-egg-060"]: Creating...
netris_link.ew_gpu_links["swp32@sw-egg-backend-plane1-leaf01--eth2@gpu-egg-121"]: Creation complete after 0s [id=3978050821]
netris_link.ew_gpu_links["swp16@sw-egg-backend-plane3-leaf07--eth6@gpu-egg-063"]: Creating...
netris_link.ew_gpu_links["swp14@sw-egg-backend-plane1-leaf07--eth2@gpu-egg-055"]: Creation complete after 1s [id=4068469695]
netris_link.ew_gpu_links["swp14@sw-egg-backend-plane3-leaf04--eth6@gpu-egg-052"]: Creating...
netris_link.ew_gpu_links["swp16@sw-egg-backend-plane3-leaf06--eth6@gpu-egg-062"]: Creation complete after 1s [id=3954094346]
netris_link.ew_gpu_links["swp32@sw-egg-backend-plane4-leaf02--eth8@gpu-egg-122"]: Creating...
netris_link.ew_gpu_links["swp7@sw-egg-backend-plane2-leaf03--eth3@gpu-egg-027"]: Creation complete after 1s [id=3886356857]
netris_link.ew_gpu_links["swp8@sw-egg-backend-plane3-leaf05--eth6@gpu-egg-029"]: Creating...
netris_link.ew_gpu_links["swp16@sw-egg-backend-plane1-leaf01--eth2@gpu-egg-057"]: Creation complete after 1s [id=3985457674]
netris_link.ew_gpu_links["swp6@sw-egg-backend-plane4-leaf06--eth8@gpu-egg-022"]: Creating...
netris_link.ew_gpu_links["swp8@sw-egg-backend-plane3-leaf07--eth6@gpu-egg-031"]: Creation complete after 1s [id=4097477315]
netris_link.ew_gpu_links["swp17@sw-egg-backend-plane3-leaf04--eth5@gpu-egg-068"]: Creating...
netris_link.ew_gpu_links["swp13@sw-egg-backend-plane2-leaf06--eth3@gpu-egg-054"]: Creation complete after 1s [id=4103997058]
netris_link.ew_gpu_links["swp11@sw-egg-backend-plane3-leaf04--eth5@gpu-egg-044"]: Creating...
netris_link.ew_gpu_links["swp9@sw-egg-backend-plane4-leaf02--eth7@gpu-egg-034"]: Creation complete after 1s [id=3854156232]
netris_link.ew_gpu_links["swp24@sw-egg-backend-plane3-leaf03--eth6@gpu-egg-091"]: Creating...
netris_link.ew_gpu_links["swp22@sw-egg-backend-plane1-leaf04--eth2@gpu-egg-084"]: Creation complete after 1s [id=4013899733]
netris_link.ew_gpu_links["swp7@sw-egg-backend-plane4-leaf01--eth7@gpu-egg-025"]: Creating...
netris_link.ew_gpu_links["swp16@sw-egg-backend-plane4-leaf04--eth8@gpu-egg-060"]: Creation complete after 1s [id=4177069623]
netris_link.ew_gpu_links["swp8@sw-egg-backend-plane2-leaf02--eth4@gpu-egg-026"]: Creating...
netris_link.ew_gpu_links["swp16@sw-egg-backend-plane3-leaf07--eth6@gpu-egg-063"]: Creation complete after 1s [id=3970383422]
netris_link.ew_gpu_links["swp29@sw-egg-backend-plane1-leaf01--eth1@gpu-egg-113"]: Creating...
netris_link.ew_gpu_links["swp32@sw-egg-backend-plane4-leaf02--eth8@gpu-egg-122"]: Creation complete after 0s [id=3893060386]
netris_link.ew_gpu_links["swp14@sw-egg-backend-plane3-leaf04--eth6@gpu-egg-052"]: Creation complete after 0s [id=3905511810]
netris_link.ew_gpu_links["swp18@sw-egg-backend-plane1-leaf08--eth2@gpu-egg-072"]: Creating...
netris_link.ew_gpu_links["swp29@sw-egg-backend-plane3-leaf05--eth5@gpu-egg-117"]: Creating...
netris_link.ew_gpu_links["swp6@sw-egg-backend-plane4-leaf06--eth8@gpu-egg-022"]: Creation complete after 0s [id=4128313743]
netris_link.ew_gpu_links["swp20@sw-egg-backend-plane1-leaf03--eth2@gpu-egg-075"]: Creating...
netris_link.ew_gpu_links["swp8@sw-egg-backend-plane3-leaf05--eth6@gpu-egg-029"]: Creation complete after 0s [id=3993139567]
netris_link.ew_gpu_links["swp10@sw-egg-backend-plane1-leaf06--eth2@gpu-egg-038"]: Creating...
netris_link.ew_gpu_links["swp17@sw-egg-backend-plane3-leaf04--eth5@gpu-egg-068"]: Creation complete after 0s [id=3887238468]
netris_link.ew_gpu_links["swp23@sw-egg-backend-plane3-leaf05--eth5@gpu-egg-093"]: Creating...
netris_link.ew_gpu_links["swp7@sw-egg-backend-plane4-leaf01--eth7@gpu-egg-025"]: Creation complete after 0s [id=4036240087]
netris_link.ew_gpu_links["swp18@sw-egg-backend-plane2-leaf06--eth4@gpu-egg-070"]: Creating...
netris_link.ew_gpu_links["swp29@sw-egg-backend-plane1-leaf01--eth1@gpu-egg-113"]: Creation complete after 0s [id=3960676324]
netris_link.ew_gpu_links["swp16@sw-egg-backend-plane1-leaf08--eth2@gpu-egg-064"]: Creating...
netris_link.ew_gpu_links["swp8@sw-egg-backend-plane2-leaf02--eth4@gpu-egg-026"]: Creation complete after 0s [id=4128949767]
netris_link.ew_gpu_links["swp27@sw-egg-backend-plane1-leaf08--eth1@gpu-egg-112"]: Creating...
netris_link.ew_gpu_links["swp11@sw-egg-backend-plane3-leaf04--eth5@gpu-egg-044"]: Creation complete after 0s [id=3926574694]
netris_link.ew_gpu_links["swp6@sw-egg-backend-plane3-leaf05--eth6@gpu-egg-021"]: Creating...
netris_link.ew_gpu_links["swp24@sw-egg-backend-plane3-leaf03--eth6@gpu-egg-091"]: Creation complete after 0s [id=4175973173]
netris_link.ew_gpu_links["swp20@sw-egg-backend-plane4-leaf02--eth8@gpu-egg-074"]: Creating...
netris_link.ew_gpu_links["swp29@sw-egg-backend-plane3-leaf05--eth5@gpu-egg-117"]: Creation complete after 0s [id=4044240901]
netris_link.ew_gpu_links["swp12@sw-egg-backend-plane4-leaf04--eth8@gpu-egg-044"]: Creating...
netris_link.ew_gpu_links["swp18@sw-egg-backend-plane1-leaf08--eth2@gpu-egg-072"]: Creation complete after 0s [id=4027709012]
netris_link.ew_gpu_links["swp28@sw-egg-backend-plane2-leaf01--eth4@gpu-egg-105"]: Creating...
netris_link.ew_gpu_links["swp20@sw-egg-backend-plane1-leaf03--eth2@gpu-egg-075"]: Creation complete after 0s [id=3916301283]
netris_link.ew_gpu_links["swp6@sw-egg-backend-plane2-leaf07--eth4@gpu-egg-023"]: Creating...
netris_link.ew_gpu_links["swp10@sw-egg-backend-plane1-leaf06--eth2@gpu-egg-038"]: Creation complete after 0s [id=3906926270]
netris_link.ew_gpu_links["swp22@sw-egg-backend-plane4-leaf03--eth8@gpu-egg-083"]: Creating...
netris_link.ew_gpu_links["swp23@sw-egg-backend-plane3-leaf05--eth5@gpu-egg-093"]: Creation complete after 0s [id=3976713044]
netris_link.ew_gpu_links["swp13@sw-egg-backend-plane3-leaf08--eth5@gpu-egg-056"]: Creating...
netris_link.ew_gpu_links["swp16@sw-egg-backend-plane1-leaf08--eth2@gpu-egg-064"]: Creation complete after 0s [id=4092951912]
netris_link.ew_gpu_links["swp20@sw-egg-backend-plane1-leaf07--eth2@gpu-egg-079"]: Creating...
netris_link.ew_gpu_links["swp18@sw-egg-backend-plane2-leaf06--eth4@gpu-egg-070"]: Creation complete after 0s [id=4065763352]
netris_link.ew_gpu_links["swp4@sw-egg-backend-plane4-leaf06--eth8@gpu-egg-014"]: Creating...
netris_link.ew_gpu_links["swp27@sw-egg-backend-plane1-leaf08--eth1@gpu-egg-112"]: Creation complete after 0s [id=4019545666]
netris_link.ew_gpu_links["swp32@sw-egg-backend-plane2-leaf06--eth4@gpu-egg-126"]: Creating...
netris_link.ew_gpu_links["swp6@sw-egg-backend-plane3-leaf05--eth6@gpu-egg-021"]: Creation complete after 0s [id=4013630718]
netris_link.ew_gpu_links["swp14@sw-egg-backend-plane1-leaf05--eth2@gpu-egg-053"]: Creating...
netris_link.ew_gpu_links["swp20@sw-egg-backend-plane4-leaf02--eth8@gpu-egg-074"]: Creation complete after 0s [id=3910462984]
netris_link.ew_gpu_links["swp23@sw-egg-backend-plane4-leaf05--eth7@gpu-egg-093"]: Creating...
netris_link.ew_gpu_links["swp12@sw-egg-backend-plane4-leaf04--eth8@gpu-egg-044"]: Creation complete after 0s [id=4187770447]
netris_link.ew_gpu_links["swp30@sw-egg-backend-plane4-leaf02--eth8@gpu-egg-114"]: Creating...
netris_link.ew_gpu_links["swp28@sw-egg-backend-plane2-leaf01--eth4@gpu-egg-105"]: Creation complete after 0s [id=3931094881]
netris_link.ew_gpu_links["swp28@sw-egg-backend-plane3-leaf06--eth6@gpu-egg-110"]: Creating...
netris_link.ew_gpu_links["swp22@sw-egg-backend-plane4-leaf03--eth8@gpu-egg-083"]: Creation complete after 0s [id=3898443794]
netris_link.ew_gpu_links["swp21@sw-egg-backend-plane3-leaf02--eth5@gpu-egg-082"]: Creating...
netris_link.ew_gpu_links["swp6@sw-egg-backend-plane2-leaf07--eth4@gpu-egg-023"]: Creation complete after 0s [id=3962902858]
netris_link.ew_gpu_links["swp1@sw-egg-backend-plane4-leaf05--eth7@gpu-egg-005"]: Creating...
netris_link.ew_gpu_links["swp13@sw-egg-backend-plane3-leaf08--eth5@gpu-egg-056"]: Creation complete after 0s [id=3976000570]
netris_link.ew_gpu_links["swp21@sw-egg-backend-plane1-leaf07--eth1@gpu-egg-087"]: Creating...
netris_link.ew_gpu_links["swp32@sw-egg-backend-plane2-leaf06--eth4@gpu-egg-126"]: Creation complete after 0s [id=4055129591]
netris_link.ew_gpu_links["swp9@sw-egg-backend-plane1-leaf08--eth1@gpu-egg-040"]: Creating...
netris_link.ew_gpu_links["swp20@sw-egg-backend-plane1-leaf07--eth2@gpu-egg-079"]: Creation complete after 0s [id=4033365594]
netris_link.ew_gpu_links["swp31@sw-egg-backend-plane2-leaf02--eth3@gpu-egg-122"]: Creating...
netris_link.ew_gpu_links["swp4@sw-egg-backend-plane4-leaf06--eth8@gpu-egg-014"]: Creation complete after 0s [id=4078307789]
netris_link.ew_gpu_links["swp28@sw-egg-backend-plane3-leaf06--eth6@gpu-egg-110"]: Creation complete after 0s [id=3933667229]
netris_link.ew_gpu_links["swp30@sw-egg-backend-plane4-leaf02--eth8@gpu-egg-114"]: Creation complete after 0s [id=3876400983]
netris_link.ew_gpu_links["swp14@sw-egg-backend-plane1-leaf05--eth2@gpu-egg-053"]: Creation complete after 0s [id=4027530457]
netris_link.ew_gpu_links["swp23@sw-egg-backend-plane4-leaf05--eth7@gpu-egg-093"]: Creation complete after 0s [id=3848100203]
netris_link.ew_gpu_links["swp9@sw-egg-backend-plane3-leaf03--eth5@gpu-egg-035"]: Creating...
netris_link.ew_gpu_links["swp17@sw-egg-backend-plane2-leaf07--eth3@gpu-egg-071"]: Creating...
netris_link.ew_gpu_links["swp4@sw-egg-backend-plane2-leaf06--eth4@gpu-egg-014"]: Creating...
netris_link.ew_gpu_links["swp15@sw-egg-backend-plane2-leaf03--eth3@gpu-egg-059"]: Creating...
netris_link.ew_gpu_links["swp21@sw-egg-backend-plane4-leaf02--eth7@gpu-egg-082"]: Creating...
netris_link.ew_gpu_links["swp21@sw-egg-backend-plane1-leaf07--eth1@gpu-egg-087"]: Creation complete after 0s [id=3998860738]
netris_link.ew_gpu_links["swp8@sw-egg-backend-plane3-leaf01--eth6@gpu-egg-025"]: Creating...
netris_link.ew_gpu_links["swp21@sw-egg-backend-plane3-leaf02--eth5@gpu-egg-082"]: Creation complete after 0s [id=3901270371]
netris_link.ew_gpu_links["swp15@sw-egg-backend-plane2-leaf05--eth3@gpu-egg-061"]: Creating...
netris_link.ew_gpu_links["swp1@sw-egg-backend-plane4-leaf05--eth7@gpu-egg-005"]: Creation complete after 0s [id=3864522939]
netris_link.ew_gpu_links["swp32@sw-egg-backend-plane4-leaf01--eth8@gpu-egg-121"]: Creating...
netris_link.ew_gpu_links["swp9@sw-egg-backend-plane1-leaf08--eth1@gpu-egg-040"]: Creation complete after 0s [id=4010047183]
netris_link.ew_gpu_links["swp22@sw-egg-backend-plane4-leaf01--eth8@gpu-egg-081"]: Creating...
netris_link.ew_gpu_links["swp9@sw-egg-backend-plane3-leaf03--eth5@gpu-egg-035"]: Creation complete after 0s [id=4126405268]
netris_link.ew_gpu_links["swp21@sw-egg-backend-plane1-leaf02--eth1@gpu-egg-082"]: Creating...
netris_link.ew_gpu_links["swp31@sw-egg-backend-plane2-leaf02--eth3@gpu-egg-122"]: Creation complete after 0s [id=4112971496]
netris_link.ew_gpu_links["swp14@sw-egg-backend-plane1-leaf02--eth2@gpu-egg-050"]: Creating...
netris_link.ew_gpu_links["swp21@sw-egg-backend-plane4-leaf02--eth7@gpu-egg-082"]: Creation complete after 0s [id=3846521622]
netris_link.ew_gpu_links["swp23@sw-egg-backend-plane3-leaf01--eth5@gpu-egg-089"]: Creating...
netris_link.ew_gpu_links["swp4@sw-egg-backend-plane2-leaf06--eth4@gpu-egg-014"]: Creation complete after 0s [id=4111248147]
netris_link.ew_gpu_links["swp2@sw-egg-backend-plane2-leaf05--eth4@gpu-egg-005"]: Creating...
netris_link.ew_gpu_links["swp15@sw-egg-backend-plane2-leaf03--eth3@gpu-egg-059"]: Creation complete after 0s [id=3823313218]
netris_link.ew_gpu_links["swp17@sw-egg-backend-plane2-leaf07--eth3@gpu-egg-071"]: Creation complete after 0s [id=3863555529]
netris_link.ew_gpu_links["swp16@sw-egg-backend-plane4-leaf07--eth8@gpu-egg-063"]: Creating...
netris_link.ew_gpu_links["swp28@sw-egg-backend-plane3-leaf03--eth6@gpu-egg-107"]: Creating...
netris_link.ew_gpu_links["swp8@sw-egg-backend-plane3-leaf01--eth6@gpu-egg-025"]: Creation complete after 1s [id=4019007990]
netris_link.ew_gpu_links["swp8@sw-egg-backend-plane4-leaf05--eth8@gpu-egg-029"]: Creating...
netris_link.ew_gpu_links["swp15@sw-egg-backend-plane2-leaf05--eth3@gpu-egg-061"]: Creation complete after 1s [id=3880363723]
netris_link.ew_gpu_links["swp13@sw-egg-backend-plane3-leaf04--eth5@gpu-egg-052"]: Creating...
netris_link.ew_gpu_links["swp32@sw-egg-backend-plane4-leaf01--eth8@gpu-egg-121"]: Creation complete after 1s [id=4012913512]
netris_link.ew_gpu_links["swp32@sw-egg-backend-plane2-leaf04--eth4@gpu-egg-124"]: Creating...
netris_link.ew_gpu_links["swp22@sw-egg-backend-plane4-leaf01--eth8@gpu-egg-081"]: Creation complete after 1s [id=4030761235]
netris_link.ew_gpu_links["swp32@sw-egg-backend-plane1-leaf08--eth2@gpu-egg-128"]: Creating...
netris_link.ew_gpu_links["swp21@sw-egg-backend-plane1-leaf02--eth1@gpu-egg-082"]: Creation complete after 1s [id=4115783049]
netris_link.ew_gpu_links["swp8@sw-egg-backend-plane2-leaf01--eth4@gpu-egg-025"]: Creating...
netris_link.ew_gpu_links["swp14@sw-egg-backend-plane1-leaf02--eth2@gpu-egg-050"]: Creation complete after 1s [id=4111247881]
netris_link.ew_gpu_links["swp24@sw-egg-backend-plane4-leaf07--eth8@gpu-egg-095"]: Creating...
netris_link.ew_gpu_links["swp23@sw-egg-backend-plane3-leaf01--eth5@gpu-egg-089"]: Creation complete after 1s [id=4094580900]
netris_link.ew_gpu_links["swp5@sw-egg-backend-plane3-leaf08--eth5@gpu-egg-024"]: Creating...
netris_link.ew_gpu_links["swp2@sw-egg-backend-plane2-leaf05--eth4@gpu-egg-005"]: Creation complete after 1s [id=3881244741]
netris_link.ew_gpu_links["swp4@sw-egg-backend-plane1-leaf07--eth2@gpu-egg-015"]: Creating...
netris_link.ew_gpu_links["swp28@sw-egg-backend-plane3-leaf03--eth6@gpu-egg-107"]: Creation complete after 1s [id=4084360585]
netris_link.ew_gpu_links["swp24@sw-egg-backend-plane4-leaf01--eth8@gpu-egg-089"]: Creating...
netris_link.ew_gpu_links["swp16@sw-egg-backend-plane4-leaf07--eth8@gpu-egg-063"]: Creation complete after 1s [id=3898178775]
netris_link.ew_gpu_links["swp10@sw-egg-backend-plane2-leaf04--eth4@gpu-egg-036"]: Creating...
netris_link.ew_gpu_links["swp8@sw-egg-backend-plane4-leaf05--eth8@gpu-egg-029"]: Creation complete after 0s [id=3864259190]
netris_link.ew_gpu_links["swp25@sw-egg-backend-plane2-leaf05--eth3@gpu-egg-101"]: Creating...
netris_link.ew_gpu_links["swp13@sw-egg-backend-plane3-leaf04--eth5@gpu-egg-052"]: Creation complete after 0s [id=3905335052]
netris_link.ew_gpu_links["swp22@sw-egg-backend-plane1-leaf02--eth2@gpu-egg-082"]: Creating...
netris_link.ew_gpu_links["swp32@sw-egg-backend-plane2-leaf04--eth4@gpu-egg-124"]: Creation complete after 0s [id=4002797069]
netris_link.ew_gpu_links["swp22@sw-egg-backend-plane4-leaf05--eth8@gpu-egg-085"]: Creating...
netris_link.ew_gpu_links["swp24@sw-egg-backend-plane4-leaf07--eth8@gpu-egg-095"]: Creation complete after 0s [id=3913823089]
netris_link.ew_gpu_links["swp8@sw-egg-backend-plane2-leaf01--eth4@gpu-egg-025"]: Creation complete after 0s [id=3917628689]
netris_link.ew_gpu_links["swp5@sw-egg-backend-plane3-leaf08--eth5@gpu-egg-024"]: Creation complete after 0s [id=3953738203]
netris_link.ew_gpu_links["swp4@sw-egg-backend-plane1-leaf07--eth2@gpu-egg-015"]: Creation complete after 0s [id=4005302343]
netris_link.ew_gpu_links["swp32@sw-egg-backend-plane1-leaf08--eth2@gpu-egg-128"]: Creation complete after 0s [id=4006465740]
netris_link.ew_gpu_links["swp1@sw-egg-backend-plane3-leaf02--eth5@gpu-egg-002"]: Creating...
netris_link.ew_gpu_links["swp30@sw-egg-backend-plane2-leaf06--eth4@gpu-egg-118"]: Creating...
netris_link.ew_gpu_links["swp21@sw-egg-backend-plane4-leaf04--eth7@gpu-egg-084"]: Creating...
netris_link.ew_gpu_links["swp24@sw-egg-backend-plane3-leaf08--eth6@gpu-egg-096"]: Creating...
netris_link.ew_gpu_links["swp27@sw-egg-backend-plane1-leaf06--eth1@gpu-egg-110"]: Creating...
netris_link.ew_gpu_links["swp10@sw-egg-backend-plane2-leaf04--eth4@gpu-egg-036"]: Creation complete after 0s [id=3988047411]
netris_link.ew_gpu_links["swp2@sw-egg-backend-plane1-leaf02--eth2@gpu-egg-002"]: Creating...
netris_link.ew_gpu_links["swp24@sw-egg-backend-plane4-leaf01--eth8@gpu-egg-089"]: Creation complete after 0s [id=4112336837]
netris_link.ew_gpu_links["swp25@sw-egg-backend-plane3-leaf01--eth5@gpu-egg-097"]: Creating...
netris_link.ew_gpu_links["swp22@sw-egg-backend-plane1-leaf02--eth2@gpu-egg-082"]: Creation complete after 0s [id=4115964507]
netris_link.ew_gpu_links["swp16@sw-egg-backend-plane2-leaf01--eth4@gpu-egg-057"]: Creating...
netris_link.ew_gpu_links["swp25@sw-egg-backend-plane2-leaf05--eth3@gpu-egg-101"]: Creation complete after 0s [id=3889001874]
netris_link.ew_gpu_links["swp13@sw-egg-backend-plane3-leaf02--eth5@gpu-egg-050"]: Creating...
netris_link.ew_gpu_links["swp22@sw-egg-backend-plane4-leaf05--eth8@gpu-egg-085"]: Creation complete after 0s [id=3902330688]
netris_link.ew_gpu_links["swp10@sw-egg-backend-plane1-leaf05--eth2@gpu-egg-037"]: Creating...
netris_link.ew_gpu_links["swp21@sw-egg-backend-plane4-leaf04--eth7@gpu-egg-084"]: Creation complete after 0s [id=4160359888]
netris_link.ew_gpu_links["swp18@sw-egg-backend-plane2-leaf08--eth4@gpu-egg-072"]: Creating...
netris_link.ew_gpu_links["swp24@sw-egg-backend-plane3-leaf08--eth6@gpu-egg-096"]: Creation complete after 0s [id=3919399287]
netris_link.ew_gpu_links["swp8@sw-egg-backend-plane2-leaf08--eth4@gpu-egg-032"]: Creating...
netris_link.ew_gpu_links["swp30@sw-egg-backend-plane2-leaf06--eth4@gpu-egg-118"]: Creation complete after 0s [id=4047028468]
netris_link.ew_gpu_links["swp18@sw-egg-backend-plane3-leaf08--eth6@gpu-egg-072"]: Creating...
netris_link.ew_gpu_links["swp1@sw-egg-backend-plane3-leaf02--eth5@gpu-egg-002"]: Creation complete after 0s [id=3941387618]
netris_link.ew_gpu_links["swp20@sw-egg-backend-plane2-leaf08--eth4@gpu-egg-080"]: Creating...
netris_link.ew_gpu_links["swp2@sw-egg-backend-plane1-leaf02--eth2@gpu-egg-002"]: Creation complete after 0s [id=4157168048]
netris_link.ew_gpu_links["swp27@sw-egg-backend-plane1-leaf06--eth1@gpu-egg-110"]: Creation complete after 0s [id=3900564297]
netris_link.ew_gpu_links["swp18@sw-egg-backend-plane3-leaf05--eth6@gpu-egg-069"]: Creating...
netris_link.ew_gpu_links["swp17@sw-egg-backend-plane4-leaf04--eth7@gpu-egg-068"]: Creating...
netris_link.ew_gpu_links["swp25@sw-egg-backend-plane3-leaf01--eth5@gpu-egg-097"]: Creation complete after 0s [id=4045140064]
netris_link.ew_gpu_links["swp14@sw-egg-backend-plane4-leaf08--eth8@gpu-egg-056"]: Creating...
netris_link.ew_gpu_links["swp16@sw-egg-backend-plane2-leaf01--eth4@gpu-egg-057"]: Creation complete after 0s [id=3901800069]
netris_link.ew_gpu_links["swp19@sw-egg-backend-plane1-leaf03--eth1@gpu-egg-075"]: Creating...
netris_link.ew_gpu_links["swp13@sw-egg-backend-plane3-leaf02--eth5@gpu-egg-050"]: Creation complete after 0s [id=3896678441]
netris_link.ew_gpu_links["swp5@sw-egg-backend-plane3-leaf01--eth5@gpu-egg-017"]: Creating...
netris_link.ew_gpu_links["swp18@sw-egg-backend-plane2-leaf08--eth4@gpu-egg-072"]: Creation complete after 0s [id=3864434879]
netris_link.ew_gpu_links["swp7@sw-egg-backend-plane1-leaf05--eth1@gpu-egg-029"]: Creating...
netris_link.ew_gpu_links["swp18@sw-egg-backend-plane3-leaf08--eth6@gpu-egg-072"]: Creation complete after 0s [id=3898443990]
netris_link.ew_gpu_links["swp29@sw-egg-backend-plane2-leaf02--eth3@gpu-egg-114"]: Creating...
netris_link.ew_gpu_links["swp8@sw-egg-backend-plane2-leaf08--eth4@gpu-egg-032"]: Creation complete after 0s [id=3849065164]
netris_link.ew_gpu_links["swp13@sw-egg-backend-plane1-leaf05--eth1@gpu-egg-053"]: Creating...
netris_link.ew_gpu_links["swp10@sw-egg-backend-plane1-leaf05--eth2@gpu-egg-037"]: Creation complete after 0s [id=3934908164]
netris_link.ew_gpu_links["swp25@sw-egg-backend-plane1-leaf04--eth1@gpu-egg-100"]: Creating...
netris_link.ew_gpu_links["swp20@sw-egg-backend-plane2-leaf08--eth4@gpu-egg-080"]: Creation complete after 0s [id=3870415375]
netris_link.ew_gpu_links["swp16@sw-egg-backend-plane1-leaf05--eth2@gpu-egg-061"]: Creating...
netris_link.ew_gpu_links["swp18@sw-egg-backend-plane3-leaf05--eth6@gpu-egg-069"]: Creation complete after 0s [id=4070093872]
netris_link.ew_gpu_links["swp2@sw-egg-backend-plane2-leaf02--eth4@gpu-egg-002"]: Creating...
netris_link.ew_gpu_links["swp14@sw-egg-backend-plane4-leaf08--eth8@gpu-egg-056"]: Creation complete after 0s [id=4010675163]
netris_link.ew_gpu_links["swp18@sw-egg-backend-plane4-leaf03--eth8@gpu-egg-067"]: Creating...
netris_link.ew_gpu_links["swp17@sw-egg-backend-plane4-leaf04--eth7@gpu-egg-068"]: Creation complete after 0s [id=4146961577]
netris_link.ew_gpu_links["swp5@sw-egg-backend-plane3-leaf01--eth5@gpu-egg-017"]: Creation complete after 0s [id=4064141056]
netris_link.ew_gpu_links["swp7@sw-egg-backend-plane1-leaf05--eth1@gpu-egg-029"]: Creation complete after 0s [id=3954093395]
netris_link.ew_gpu_links["swp19@sw-egg-backend-plane1-leaf03--eth1@gpu-egg-075"]: Creation complete after 0s [id=3916124281]
netris_link.ew_gpu_links["swp10@sw-egg-backend-plane1-leaf03--eth2@gpu-egg-035"]: Creating...
netris_link.ew_gpu_links["swp5@sw-egg-backend-plane2-leaf06--eth3@gpu-egg-022"]: Creating...
netris_link.ew_gpu_links["swp26@sw-egg-backend-plane3-leaf04--eth6@gpu-egg-100"]: Creating...
netris_link.ew_gpu_links["swp29@sw-egg-backend-plane4-leaf06--eth7@gpu-egg-118"]: Creating...
netris_link.ew_gpu_links["swp29@sw-egg-backend-plane2-leaf02--eth3@gpu-egg-114"]: Creation complete after 0s [id=4095847531]
netris_link.ew_gpu_links["swp27@sw-egg-backend-plane4-leaf02--eth7@gpu-egg-106"]: Creating...
netris_link.ew_gpu_links["swp13@sw-egg-backend-plane1-leaf05--eth1@gpu-egg-053"]: Creation complete after 0s [id=4027350959]
netris_link.ew_gpu_links["swp29@sw-egg-backend-plane1-leaf08--eth1@gpu-egg-120"]: Creating...
netris_link.ew_gpu_links["swp25@sw-egg-backend-plane1-leaf04--eth1@gpu-egg-100"]: Creation complete after 0s [id=3967889115]
netris_link.ew_gpu_links["swp28@sw-egg-backend-plane4-leaf06--eth8@gpu-egg-110"]: Creating...
netris_link.ew_gpu_links["swp18@sw-egg-backend-plane4-leaf03--eth8@gpu-egg-067"]: Creation complete after 0s [id=3965395688]
netris_link.ew_gpu_links["swp8@sw-egg-backend-plane2-leaf07--eth4@gpu-egg-031"]: Creating...
netris_link.ew_gpu_links["swp16@sw-egg-backend-plane1-leaf05--eth2@gpu-egg-061"]: Creation complete after 0s [id=3954004458]
netris_link.ew_gpu_links["swp29@sw-egg-backend-plane3-leaf06--eth5@gpu-egg-118"]: Creating...
netris_link.ew_gpu_links["swp2@sw-egg-backend-plane2-leaf02--eth4@gpu-egg-002"]: Creation complete after 0s [id=4106443897]
netris_link.ew_gpu_links["swp20@sw-egg-backend-plane2-leaf05--eth4@gpu-egg-077"]: Creating...
netris_link.ew_gpu_links["swp10@sw-egg-backend-plane1-leaf03--eth2@gpu-egg-035"]: Creation complete after 0s [id=3928080970]
netris_link.ew_gpu_links["swp2@sw-egg-backend-plane3-leaf01--eth6@gpu-egg-001"]: Creating...
netris_link.ew_gpu_links["swp26@sw-egg-backend-plane3-leaf04--eth6@gpu-egg-100"]: Creation complete after 1s [id=3855209553]
netris_link.ew_gpu_links["swp5@sw-egg-backend-plane2-leaf06--eth3@gpu-egg-022"]: Creation complete after 1s [id=4161272571]
netris_link.ew_gpu_links["swp16@sw-egg-backend-plane3-leaf03--eth6@gpu-egg-059"]: Creating...
netris_link.ew_gpu_links["swp19@sw-egg-backend-plane1-leaf08--eth1@gpu-egg-080"]: Creating...
netris_link.ew_gpu_links["swp29@sw-egg-backend-plane4-leaf06--eth7@gpu-egg-118"]: Creation complete after 1s [id=4014167710]
netris_link.ew_gpu_links["swp25@sw-egg-backend-plane3-leaf06--eth5@gpu-egg-102"]: Creating...
netris_link.ew_gpu_links["swp27@sw-egg-backend-plane4-leaf02--eth7@gpu-egg-106"]: Creation complete after 1s [id=3846083076]
netris_link.ew_gpu_links["swp6@sw-egg-backend-plane1-leaf01--eth2@gpu-egg-017"]: Creating...
netris_link.ew_gpu_links["swp28@sw-egg-backend-plane4-leaf06--eth8@gpu-egg-110"]: Creation complete after 1s [id=4110341756]
netris_link.ew_gpu_links["swp4@sw-egg-backend-plane3-leaf05--eth6@gpu-egg-013"]: Creating...
netris_link.ew_gpu_links["swp29@sw-egg-backend-plane1-leaf08--eth1@gpu-egg-120"]: Creation complete after 1s [id=4003512276]
netris_link.ew_gpu_links["swp15@sw-egg-backend-plane3-leaf06--eth5@gpu-egg-062"]: Creating...
netris_link.ew_gpu_links["swp8@sw-egg-backend-plane2-leaf07--eth4@gpu-egg-031"]: Creation complete after 1s [id=3983673408]
netris_link.ew_gpu_links["swp6@sw-egg-backend-plane3-leaf07--eth6@gpu-egg-023"]: Creating...
netris_link.ew_gpu_links["swp29@sw-egg-backend-plane3-leaf06--eth5@gpu-egg-118"]: Creation complete after 1s [id=3839595173]
netris_link.ew_gpu_links["swp15@sw-egg-backend-plane2-leaf08--eth3@gpu-egg-064"]: Creating...
netris_link.ew_gpu_links["swp20@sw-egg-backend-plane2-leaf05--eth4@gpu-egg-077"]: Creation complete after 1s [id=3940233536]
netris_link.ew_gpu_links["swp32@sw-egg-backend-plane3-leaf06--eth6@gpu-egg-126"]: Creating...
netris_link.ew_gpu_links["swp2@sw-egg-backend-plane3-leaf01--eth6@gpu-egg-001"]: Creation complete after 1s [id=4087796646]
netris_link.ew_gpu_links["swp22@sw-egg-backend-plane1-leaf01--eth2@gpu-egg-081"]: Creating...
netris_link.ew_gpu_links["swp16@sw-egg-backend-plane3-leaf03--eth6@gpu-egg-059"]: Creation complete after 0s [id=4059453391]
netris_link.ew_gpu_links["swp10@sw-egg-backend-plane4-leaf06--eth8@gpu-egg-038"]: Creating...
netris_link.ew_gpu_links["swp6@sw-egg-backend-plane1-leaf01--eth2@gpu-egg-017"]: Creation complete after 0s [id=4046669510]
netris_link.ew_gpu_links["swp3@sw-egg-backend-plane2-leaf02--eth3@gpu-egg-010"]: Creating...
netris_link.ew_gpu_links["swp25@sw-egg-backend-plane3-leaf06--eth5@gpu-egg-102"]: Creation complete after 0s [id=3949915802]
netris_link.ew_gpu_links["swp13@sw-egg-backend-plane1-leaf02--eth1@gpu-egg-050"]: Creating...
netris_link.ew_gpu_links["swp19@sw-egg-backend-plane1-leaf08--eth1@gpu-egg-080"]: Creation complete after 0s [id=4033634854]
netris_link.ew_gpu_links["swp25@sw-egg-backend-plane2-leaf08--eth3@gpu-egg-104"]: Creating...
netris_link.ew_gpu_links["swp15@sw-egg-backend-plane3-leaf06--eth5@gpu-egg-062"]: Creation complete after 0s [id=3953916492]
netris_link.ew_gpu_links["swp26@sw-egg-backend-plane4-leaf02--eth8@gpu-egg-098"]: Creating...
netris_link.ew_gpu_links["swp32@sw-egg-backend-plane3-leaf06--eth6@gpu-egg-126"]: Creation complete after 0s [id=3847661500]
netris_link.ew_gpu_links["swp15@sw-egg-backend-plane2-leaf08--eth3@gpu-egg-064"]: Creation complete after 0s [id=3928169793]
netris_link.ew_gpu_links["swp4@sw-egg-backend-plane3-leaf05--eth6@gpu-egg-013"]: Creation complete after 0s [id=4000649885]
netris_link.ew_gpu_links["swp6@sw-egg-backend-plane3-leaf07--eth6@gpu-egg-023"]: Creation complete after 0s [id=4076411787]
netris_link.ew_gpu_links["swp5@sw-egg-backend-plane1-leaf01--eth1@gpu-egg-017"]: Creating...
netris_link.ew_gpu_links["swp29@sw-egg-backend-plane2-leaf08--eth3@gpu-egg-120"]: Creating...
netris_link.ew_gpu_links["swp16@sw-egg-backend-plane2-leaf02--eth4@gpu-egg-058"]: Creating...
netris_link.ew_gpu_links["swp28@sw-egg-backend-plane4-leaf05--eth8@gpu-egg-109"]: Creating...
netris_link.ew_gpu_links["swp22@sw-egg-backend-plane1-leaf01--eth2@gpu-egg-081"]: Creation complete after 0s [id=3995820934]
netris_link.ew_gpu_links["swp27@sw-egg-backend-plane4-leaf04--eth7@gpu-egg-108"]: Creating...
netris_link.ew_gpu_links["swp10@sw-egg-backend-plane4-leaf06--eth8@gpu-egg-038"]: Creation complete after 0s [id=4116691019]
netris_link.ew_gpu_links["swp2@sw-egg-backend-plane3-leaf06--eth6@gpu-egg-006"]: Creating...
netris_link.ew_gpu_links["swp3@sw-egg-backend-plane2-leaf02--eth3@gpu-egg-010"]: Creation complete after 0s [id=4033006037]
netris_link.ew_gpu_links["swp8@sw-egg-backend-plane4-leaf01--eth8@gpu-egg-025"]: Creating...
netris_link.ew_gpu_links["swp26@sw-egg-backend-plane4-leaf02--eth8@gpu-egg-098"]: Creation complete after 0s [id=3897385328]
netris_link.ew_gpu_links["swp30@sw-egg-backend-plane1-leaf08--eth2@gpu-egg-120"]: Creating...
netris_link.ew_gpu_links["swp13@sw-egg-backend-plane1-leaf02--eth1@gpu-egg-050"]: Creation complete after 0s [id=4111066527]
netris_link.ew_gpu_links["swp28@sw-egg-backend-plane1-leaf05--eth2@gpu-egg-109"]: Creating...
netris_link.ew_gpu_links["swp25@sw-egg-backend-plane2-leaf08--eth3@gpu-egg-104"]: Creation complete after 0s [id=3911523793]
netris_link.ew_gpu_links["swp32@sw-egg-backend-plane1-leaf07--eth2@gpu-egg-127"]: Creating...
netris_link.ew_gpu_links["swp29@sw-egg-backend-plane2-leaf08--eth3@gpu-egg-120"]: Creation complete after 0s [id=3840734403]
netris_link.ew_gpu_links["swp31@sw-egg-backend-plane3-leaf03--eth5@gpu-egg-123"]: Creating...
netris_link.ew_gpu_links["swp16@sw-egg-backend-plane2-leaf02--eth4@gpu-egg-058"]: Creation complete after 0s [id=4095757036]
netris_link.ew_gpu_links["swp22@sw-egg-backend-plane2-leaf03--eth4@gpu-egg-083"]: Creating...
netris_link.ew_gpu_links["swp28@sw-egg-backend-plane4-leaf05--eth8@gpu-egg-109"]: Creation complete after 0s [id=3896060743]
netris_link.ew_gpu_links["swp9@sw-egg-backend-plane1-leaf04--eth1@gpu-egg-036"]: Creating...
netris_link.ew_gpu_links["swp5@sw-egg-backend-plane1-leaf01--eth1@gpu-egg-017"]: Creation complete after 0s [id=4046489586]
netris_link.ew_gpu_links["swp28@sw-egg-backend-plane4-leaf04--eth8@gpu-egg-108"]: Creating...
netris_link.ew_gpu_links["swp27@sw-egg-backend-plane4-leaf04--eth7@gpu-egg-108"]: Creation complete after 0s [id=4140862021]
netris_link.ew_gpu_links["swp21@sw-egg-backend-plane2-leaf05--eth3@gpu-egg-085"]: Creating...
netris_link.ew_gpu_links["swp8@sw-egg-backend-plane4-leaf01--eth8@gpu-egg-025"]: Creation complete after 0s [id=4036419783]
netris_link.ew_gpu_links["swp9@sw-egg-backend-plane2-leaf01--eth3@gpu-egg-033"]: Creating...
netris_link.ew_gpu_links["swp2@sw-egg-backend-plane3-leaf06--eth6@gpu-egg-006"]: Creation complete after 0s [id=3922587755]
netris_link.ew_gpu_links["swp6@sw-egg-backend-plane4-leaf04--eth8@gpu-egg-020"]: Creating...
netris_link.ew_gpu_links["swp30@sw-egg-backend-plane1-leaf08--eth2@gpu-egg-120"]: Creation complete after 0s [id=4003691242]
netris_link.ew_gpu_links["swp11@sw-egg-backend-plane4-leaf08--eth7@gpu-egg-048"]: Creating...
netris_link.ew_gpu_links["swp28@sw-egg-backend-plane1-leaf05--eth2@gpu-egg-109"]: Creation complete after 0s [id=3986440304]
netris_link.ew_gpu_links["swp25@sw-egg-backend-plane1-leaf01--eth1@gpu-egg-097"]: Creating...
netris_link.ew_gpu_links["swp32@sw-egg-backend-plane1-leaf07--eth2@gpu-egg-127"]: Creation complete after 0s [id=4042352132]
netris_link.ew_gpu_links["swp25@sw-egg-backend-plane4-leaf08--eth7@gpu-egg-104"]: Creating...
netris_link.ew_gpu_links["swp28@sw-egg-backend-plane4-leaf04--eth8@gpu-egg-108"]: Creation complete after 0s [id=4141044031]
netris_link.ew_gpu_links["swp24@sw-egg-backend-plane2-leaf08--eth4@gpu-egg-096"]: Creating...
netris_link.ew_gpu_links["swp22@sw-egg-backend-plane2-leaf03--eth4@gpu-egg-083"]: Creation complete after 0s [id=3824974856]
netris_link.ew_gpu_links["swp11@sw-egg-backend-plane2-leaf01--eth3@gpu-egg-041"]: Creating...
netris_link.ew_gpu_links["swp31@sw-egg-backend-plane3-leaf03--eth5@gpu-egg-123"]: Creation complete after 0s [id=4160451401]
netris_link.ew_gpu_links["swp16@sw-egg-backend-plane1-leaf04--eth2@gpu-egg-060"]: Creating...
netris_link.ew_gpu_links["swp9@sw-egg-backend-plane1-leaf04--eth1@gpu-egg-036"]: Creation complete after 0s [id=3976267398]
netris_link.ew_gpu_links["swp29@sw-egg-backend-plane3-leaf04--eth5@gpu-egg-116"]: Creating...
netris_link.ew_gpu_links["swp21@sw-egg-backend-plane2-leaf05--eth3@gpu-egg-085"]: Creation complete after 0s [id=3918779872]
netris_link.ew_gpu_links["swp5@sw-egg-backend-plane3-leaf04--eth5@gpu-egg-020"]: Creating...
netris_link.ew_gpu_links["swp9@sw-egg-backend-plane2-leaf01--eth3@gpu-egg-033"]: Creation complete after 0s [id=3946893913]
netris_link.ew_gpu_links["swp31@sw-egg-backend-plane3-leaf05--eth5@gpu-egg-125"]: Creating...
netris_link.ew_gpu_links["swp6@sw-egg-backend-plane4-leaf04--eth8@gpu-egg-020"]: Creation complete after 0s [id=4106080663]
netris_link.ew_gpu_links["swp16@sw-egg-backend-plane4-leaf08--eth8@gpu-egg-064"]: Creating...
netris_link.ew_gpu_links["swp25@sw-egg-backend-plane1-leaf01--eth1@gpu-egg-097"]: Creation complete after 0s [id=4027529950]
netris_link.ew_switch_links["swp3@sw-egg-backend-plane2-spine02--swp59@sw-egg-backend-plane2-leaf01"]: Creating...
netris_link.ew_gpu_links["swp25@sw-egg-backend-plane4-leaf08--eth7@gpu-egg-104"]: Creation complete after 0s [id=3980103259]
netris_link.ew_switch_links["swp16@sw-egg-backend-plane4-spine01--swp56@sw-egg-backend-plane4-leaf02"]: Creating...
netris_link.ew_gpu_links["swp11@sw-egg-backend-plane4-leaf08--eth7@gpu-egg-048"]: Creation complete after 0s [id=3994570116]
netris_link.ew_switch_links["swp2@sw-egg-backend-plane1-spine02--swp58@sw-egg-backend-plane1-leaf01"]: Creating...
netris_link.ew_gpu_links["swp11@sw-egg-backend-plane2-leaf01--eth3@gpu-egg-041"]: Creation complete after 0s [id=3877544799]
netris_link.ew_gpu_links["swp24@sw-egg-backend-plane2-leaf08--eth4@gpu-egg-096"]: Creation complete after 0s [id=3885298694]
netris_link.ew_switch_links["swp62@sw-egg-backend-plane2-spine02--swp62@sw-egg-backend-plane2-leaf08"]: Creating...
netris_link.ew_switch_links["swp29@sw-egg-backend-plane1-spine02--swp61@sw-egg-backend-plane1-leaf04"]: Creating...
netris_link.ew_gpu_links["swp16@sw-egg-backend-plane4-leaf08--eth8@gpu-egg-064"]: Creation complete after 0s [id=3997073213]
netris_link.ew_switch_links["swp49@sw-egg-backend-plane2-spine02--swp57@sw-egg-backend-plane2-leaf07"]: Creating...
netris_link.ew_gpu_links["swp16@sw-egg-backend-plane1-leaf04--eth2@gpu-egg-060"]: Creation complete after 0s [id=4030133448]
netris_link.ew_switch_links["swp51@sw-egg-backend-plane1-spine02--swp59@sw-egg-backend-plane1-leaf07"]: Creating...
netris_link.ew_gpu_links["swp31@sw-egg-backend-plane3-leaf05--eth5@gpu-egg-125"]: Creation complete after 0s [id=3987243533]
netris_link.ew_switch_links["swp53@sw-egg-backend-plane2-spine02--swp61@sw-egg-backend-plane2-leaf07"]: Creating...
netris_link.ew_gpu_links["swp5@sw-egg-backend-plane3-leaf04--eth5@gpu-egg-020"]: Creation complete after 0s [id=3847486210]
netris_link.ew_switch_links["swp35@sw-egg-backend-plane2-spine02--swp59@sw-egg-backend-plane2-leaf05"]: Creating...
netris_link.ew_gpu_links["swp29@sw-egg-backend-plane3-leaf04--eth5@gpu-egg-116"]: Creation complete after 0s [id=3857317266]
netris_link.ew_switch_links["swp51@sw-egg-backend-plane3-spine02--swp59@sw-egg-backend-plane3-leaf07"]: Creating...
netris_link.ew_switch_links["swp3@sw-egg-backend-plane2-spine02--swp59@sw-egg-backend-plane2-leaf01"]: Creation complete after 0s [id=4098474180]
netris_link.ew_switch_links["swp41@sw-egg-backend-plane2-spine02--swp57@sw-egg-backend-plane2-leaf06"]: Creating...
netris_link.ew_switch_links["swp2@sw-egg-backend-plane1-spine02--swp58@sw-egg-backend-plane1-leaf01"]: Creation complete after 0s [id=4334828812]
netris_link.ew_switch_links["swp33@sw-egg-backend-plane4-spine02--swp57@sw-egg-backend-plane4-leaf05"]: Creating...
netris_link.ew_switch_links["swp16@sw-egg-backend-plane4-spine01--swp56@sw-egg-backend-plane4-leaf02"]: Creation complete after 0s [id=4060355872]
netris_link.ew_switch_links["swp37@sw-egg-backend-plane4-spine01--swp53@sw-egg-backend-plane4-leaf05"]: Creating...
netris_link.ew_switch_links["swp29@sw-egg-backend-plane1-spine02--swp61@sw-egg-backend-plane1-leaf04"]: Creation complete after 0s [id=4309353772]
netris_link.ew_switch_links["swp15@sw-egg-backend-plane4-spine01--swp55@sw-egg-backend-plane4-leaf02"]: Creating...
netris_link.ew_switch_links["swp62@sw-egg-backend-plane2-spine02--swp62@sw-egg-backend-plane2-leaf08"]: Creation complete after 0s [id=4063601144]
netris_link.ew_switch_links["swp51@sw-egg-backend-plane4-spine02--swp59@sw-egg-backend-plane4-leaf07"]: Creating...
netris_link.ew_switch_links["swp49@sw-egg-backend-plane2-spine02--swp57@sw-egg-backend-plane2-leaf07"]: Creation complete after 1s [id=4085085536]
netris_link.ew_switch_links["swp51@sw-egg-backend-plane1-spine01--swp51@sw-egg-backend-plane1-leaf07"]: Creating...
netris_link.ew_switch_links["swp51@sw-egg-backend-plane1-spine02--swp59@sw-egg-backend-plane1-leaf07"]: Creation complete after 1s [id=4363367700]
netris_link.ew_switch_links["swp53@sw-egg-backend-plane2-spine02--swp61@sw-egg-backend-plane2-leaf07"]: Creation complete after 1s [id=4085808680]
netris_link.ew_switch_links["swp34@sw-egg-backend-plane4-spine02--swp58@sw-egg-backend-plane4-leaf05"]: Creating...
netris_link.ew_switch_links["swp63@sw-egg-backend-plane2-spine02--swp63@sw-egg-backend-plane2-leaf08"]: Creating...
netris_link.ew_switch_links["swp35@sw-egg-backend-plane2-spine02--swp59@sw-egg-backend-plane2-leaf05"]: Creation complete after 1s [id=4066666900]
netris_link.ew_switch_links["swp25@sw-egg-backend-plane3-spine02--swp57@sw-egg-backend-plane3-leaf04"]: Creating...
netris_link.ew_switch_links["swp41@sw-egg-backend-plane2-spine02--swp57@sw-egg-backend-plane2-leaf06"]: Creation complete after 1s [id=4268603692]
netris_link.ew_switch_links["swp7@sw-egg-backend-plane2-spine01--swp55@sw-egg-backend-plane2-leaf01"]: Creating...
netris_link.ew_switch_links["swp51@sw-egg-backend-plane3-spine02--swp59@sw-egg-backend-plane3-leaf07"]: Creation complete after 1s [id=4182923716]
netris_link.ew_switch_links["swp31@sw-egg-backend-plane1-spine01--swp55@sw-egg-backend-plane1-leaf04"]: Creating...
netris_link.ew_switch_links["swp33@sw-egg-backend-plane4-spine02--swp57@sw-egg-backend-plane4-leaf05"]: Creation complete after 1s [id=4089424952]
netris_link.ew_switch_links["swp35@sw-egg-backend-plane2-spine01--swp51@sw-egg-backend-plane2-leaf05"]: Creating...
netris_link.ew_switch_links["swp37@sw-egg-backend-plane4-spine01--swp53@sw-egg-backend-plane4-leaf05"]: Creation complete after 1s [id=4095214932]
netris_link.ew_switch_links["swp41@sw-egg-backend-plane3-spine01--swp49@sw-egg-backend-plane3-leaf06"]: Creating...
netris_link.ew_switch_links["swp15@sw-egg-backend-plane4-spine01--swp55@sw-egg-backend-plane4-leaf02"]: Creation complete after 1s [id=4060175644]
netris_link.ew_switch_links["swp43@sw-egg-backend-plane4-spine02--swp59@sw-egg-backend-plane4-leaf06"]: Creating...
netris_link.ew_switch_links["swp51@sw-egg-backend-plane1-spine01--swp51@sw-egg-backend-plane1-leaf07"]: Creation complete after 0s [id=4135497496]
netris_link.ew_switch_links["swp23@sw-egg-backend-plane4-spine01--swp55@sw-egg-backend-plane4-leaf03"]: Creating...
netris_link.ew_switch_links["swp51@sw-egg-backend-plane4-spine02--swp59@sw-egg-backend-plane4-leaf07"]: Creation complete after 0s [id=4166840636]
netris_link.ew_switch_links["swp53@sw-egg-backend-plane1-spine01--swp53@sw-egg-backend-plane1-leaf07"]: Creating...
netris_link.ew_switch_links["swp34@sw-egg-backend-plane4-spine02--swp58@sw-egg-backend-plane4-leaf05"]: Creation complete after 0s [id=4089605828]
netris_link.ew_switch_links["swp53@sw-egg-backend-plane4-spine01--swp53@sw-egg-backend-plane4-leaf07"]: Creating...
netris_link.ew_switch_links["swp63@sw-egg-backend-plane2-spine02--swp63@sw-egg-backend-plane2-leaf08"]: Creation complete after 0s [id=4063781448]
netris_link.ew_switch_links["swp12@sw-egg-backend-plane4-spine01--swp52@sw-egg-backend-plane4-leaf02"]: Creating...
netris_link.ew_switch_links["swp25@sw-egg-backend-plane3-spine02--swp57@sw-egg-backend-plane3-leaf04"]: Creation complete after 0s [id=4025287572]
netris_link.ew_switch_links["swp6@sw-egg-backend-plane3-spine02--swp62@sw-egg-backend-plane3-leaf01"]: Creating...
netris_link.ew_switch_links["swp7@sw-egg-backend-plane2-spine01--swp55@sw-egg-backend-plane2-leaf01"]: Creation complete after 0s [id=4207837976]
netris_link.ew_switch_links["swp24@sw-egg-backend-plane1-spine01--swp56@sw-egg-backend-plane1-leaf03"]: Creating...
netris_link.ew_switch_links["swp31@sw-egg-backend-plane1-spine01--swp55@sw-egg-backend-plane1-leaf04"]: Creation complete after 0s [id=4083278796]
netris_link.ew_switch_links["swp19@sw-egg-backend-plane2-spine02--swp59@sw-egg-backend-plane2-leaf03"]: Creating...
netris_link.ew_switch_links["swp35@sw-egg-backend-plane2-spine01--swp51@sw-egg-backend-plane2-leaf05"]: Creation complete after 0s [id=4174877248]
netris_link.ew_switch_links["swp8@sw-egg-backend-plane4-spine02--swp64@sw-egg-backend-plane4-leaf01"]: Creating...
netris_link.ew_switch_links["swp41@sw-egg-backend-plane3-spine01--swp49@sw-egg-backend-plane3-leaf06"]: Creation complete after 0s [id=4083639120]
netris_link.ew_switch_links["swp26@sw-egg-backend-plane4-spine02--swp58@sw-egg-backend-plane4-leaf04"]: Creating...
netris_link.ew_switch_links["swp43@sw-egg-backend-plane4-spine02--swp59@sw-egg-backend-plane4-leaf06"]: Creation complete after 0s [id=4276368160]
netris_link.ew_switch_links["swp20@sw-egg-backend-plane2-spine02--swp60@sw-egg-backend-plane2-leaf03"]: Creating...
netris_link.ew_switch_links["swp53@sw-egg-backend-plane1-spine01--swp53@sw-egg-backend-plane1-leaf07"]: Creation complete after 0s [id=4135861284]
netris_link.ew_switch_links["swp23@sw-egg-backend-plane4-spine01--swp55@sw-egg-backend-plane4-leaf03"]: Creation complete after 0s [id=4158081416]
netris_link.ew_switch_links["swp32@sw-egg-backend-plane3-spine02--swp64@sw-egg-backend-plane3-leaf04"]: Creating...
netris_link.ew_switch_links["swp1@sw-egg-backend-plane2-spine01--swp49@sw-egg-backend-plane2-leaf01"]: Creating...
netris_link.ew_switch_links["swp12@sw-egg-backend-plane4-spine01--swp52@sw-egg-backend-plane4-leaf02"]: Creation complete after 0s [id=4059634984]
netris_link.ew_switch_links["swp39@sw-egg-backend-plane2-spine02--swp63@sw-egg-backend-plane2-leaf05"]: Creating...
netris_link.ew_switch_links["swp53@sw-egg-backend-plane4-spine01--swp53@sw-egg-backend-plane4-leaf07"]: Creation complete after 0s [id=4172319740]
netris_link.ew_switch_links["swp41@sw-egg-backend-plane2-spine01--swp49@sw-egg-backend-plane2-leaf06"]: Creating...
netris_link.ew_switch_links["swp6@sw-egg-backend-plane3-spine02--swp62@sw-egg-backend-plane3-leaf01"]: Creation complete after 0s [id=4184936244]
netris_link.ew_switch_links["swp44@sw-egg-backend-plane3-spine01--swp52@sw-egg-backend-plane3-leaf06"]: Creating...
netris_link.ew_switch_links["swp24@sw-egg-backend-plane1-spine01--swp56@sw-egg-backend-plane1-leaf03"]: Creation complete after 0s [id=4002172316]
netris_link.ew_switch_links["swp20@sw-egg-backend-plane4-spine02--swp60@sw-egg-backend-plane4-leaf03"]: Creating...
netris_link.ew_switch_links["swp19@sw-egg-backend-plane2-spine02--swp59@sw-egg-backend-plane2-leaf03"]: Creation complete after 0s [id=4036421036]
netris_link.ew_switch_links["swp52@sw-egg-backend-plane3-spine02--swp60@sw-egg-backend-plane3-leaf07"]: Creating...
netris_link.ew_switch_links["swp26@sw-egg-backend-plane4-spine02--swp58@sw-egg-backend-plane4-leaf04"]: Creation complete after 0s [id=4348994472]
netris_link.ew_switch_links["swp12@sw-egg-backend-plane1-spine01--swp52@sw-egg-backend-plane1-leaf02"]: Creating...
netris_link.ew_switch_links["swp8@sw-egg-backend-plane4-spine02--swp64@sw-egg-backend-plane4-leaf01"]: Creation complete after 0s [id=4261768600]
netris_link.ew_switch_links["swp11@sw-egg-backend-plane3-spine02--swp59@sw-egg-backend-plane3-leaf02"]: Creating...
netris_link.ew_switch_links["swp20@sw-egg-backend-plane2-spine02--swp60@sw-egg-backend-plane2-leaf03"]: Creation complete after 0s [id=4036600736]
netris_link.ew_switch_links["swp33@sw-egg-backend-plane3-spine02--swp57@sw-egg-backend-plane3-leaf05"]: Creating...
netris_link.ew_switch_links["swp1@sw-egg-backend-plane2-spine01--swp49@sw-egg-backend-plane2-leaf01"]: Creation complete after 0s [id=4206737204]
netris_link.ew_switch_links["swp40@sw-egg-backend-plane2-spine01--swp56@sw-egg-backend-plane2-leaf05"]: Creating...
netris_link.ew_switch_links["swp32@sw-egg-backend-plane3-spine02--swp64@sw-egg-backend-plane3-leaf04"]: Creation complete after 0s [id=4026543820]
netris_link.ew_switch_links["swp48@sw-egg-backend-plane1-spine02--swp64@sw-egg-backend-plane1-leaf06"]: Creating...
netris_link.ew_switch_links["swp39@sw-egg-backend-plane2-spine02--swp63@sw-egg-backend-plane2-leaf05"]: Creation complete after 0s [id=4067388412]
netris_link.ew_switch_links["swp63@sw-egg-backend-plane1-spine02--swp63@sw-egg-backend-plane1-leaf08"]: Creating...
netris_link.ew_switch_links["swp44@sw-egg-backend-plane3-spine01--swp52@sw-egg-backend-plane3-leaf06"]: Creation complete after 0s [id=4084181376]
netris_link.ew_switch_links["swp15@sw-egg-backend-plane2-spine01--swp55@sw-egg-backend-plane2-leaf02"]: Creating...
netris_link.ew_switch_links["swp41@sw-egg-backend-plane2-spine01--swp49@sw-egg-backend-plane2-leaf06"]: Creation complete after 0s [id=4379450744]
netris_link.ew_switch_links["swp37@sw-egg-backend-plane4-spine02--swp61@sw-egg-backend-plane4-leaf05"]: Creating...
netris_link.ew_switch_links["swp20@sw-egg-backend-plane4-spine02--swp60@sw-egg-backend-plane4-leaf03"]: Creation complete after 0s [id=4152429408]
netris_link.ew_switch_links["swp27@sw-egg-backend-plane1-spine02--swp59@sw-egg-backend-plane1-leaf04"]: Creating...
netris_link.ew_switch_links["swp52@sw-egg-backend-plane3-spine02--swp60@sw-egg-backend-plane3-leaf07"]: Creation complete after 0s [id=4183106648]
netris_link.ew_switch_links["swp50@sw-egg-backend-plane2-spine02--swp58@sw-egg-backend-plane2-leaf07"]: Creating...
netris_link.ew_switch_links["swp33@sw-egg-backend-plane3-spine02--swp57@sw-egg-backend-plane3-leaf05"]: Creation complete after 0s [id=4163555520]
netris_link.ew_switch_links["swp29@sw-egg-backend-plane3-spine01--swp53@sw-egg-backend-plane3-leaf04"]: Creating...
netris_link.ew_switch_links["swp11@sw-egg-backend-plane3-spine02--swp59@sw-egg-backend-plane3-leaf02"]: Creation complete after 0s [id=4052970472]
netris_link.ew_switch_links["swp21@sw-egg-backend-plane1-spine02--swp61@sw-egg-backend-plane1-leaf03"]: Creating...
netris_link.ew_switch_links["swp12@sw-egg-backend-plane1-spine01--swp52@sw-egg-backend-plane1-leaf02"]: Creation complete after 0s [id=4212428128]
netris_link.ew_switch_links["swp45@sw-egg-backend-plane3-spine01--swp53@sw-egg-backend-plane3-leaf06"]: Creating...
netris_link.ew_switch_links["swp48@sw-egg-backend-plane1-spine02--swp64@sw-egg-backend-plane1-leaf06"]: Creation complete after 0s [id=4171405180]
netris_link.ew_switch_links["swp37@sw-egg-backend-plane2-spine02--swp61@sw-egg-backend-plane2-leaf05"]: Creating...
netris_link.ew_switch_links["swp40@sw-egg-backend-plane2-spine01--swp56@sw-egg-backend-plane2-leaf05"]: Creation complete after 0s [id=4175791068]
netris_link.ew_switch_links["swp53@sw-egg-backend-plane3-spine01--swp53@sw-egg-backend-plane3-leaf07"]: Creating...
netris_link.ew_switch_links["swp63@sw-egg-backend-plane1-spine02--swp63@sw-egg-backend-plane1-leaf08"]: Creation complete after 0s [id=4382820160]
netris_link.ew_switch_links["swp3@sw-egg-backend-plane3-spine01--swp51@sw-egg-backend-plane3-leaf01"]: Creating...
netris_link.ew_switch_links["swp15@sw-egg-backend-plane2-spine01--swp55@sw-egg-backend-plane2-leaf02"]: Creation complete after 0s [id=4349180260]
netris_link.ew_switch_links["swp54@sw-egg-backend-plane4-spine02--swp62@sw-egg-backend-plane4-leaf07"]: Creating...
netris_link.ew_switch_links["swp37@sw-egg-backend-plane4-spine02--swp61@sw-egg-backend-plane4-leaf05"]: Creation complete after 0s [id=4090148480]
netris_link.ew_switch_links["swp27@sw-egg-backend-plane1-spine02--swp59@sw-egg-backend-plane1-leaf04"]: Creation complete after 0s [id=4308982432]
netris_link.ew_switch_links["swp32@sw-egg-backend-plane2-spine01--swp56@sw-egg-backend-plane2-leaf04"]: Creating...
netris_link.ew_switch_links["swp8@sw-egg-backend-plane1-spine02--swp64@sw-egg-backend-plane1-leaf01"]: Creating...
netris_link.ew_switch_links["swp29@sw-egg-backend-plane3-spine01--swp53@sw-egg-backend-plane3-leaf04"]: Creation complete after 0s [id=4071357584]
netris_link.ew_switch_links["swp63@sw-egg-backend-plane2-spine01--swp55@sw-egg-backend-plane2-leaf08"]: Creating...
netris_link.ew_switch_links["swp50@sw-egg-backend-plane2-spine02--swp58@sw-egg-backend-plane2-leaf07"]: Creation complete after 0s [id=4085266316]
netris_link.ew_switch_links["swp11@sw-egg-backend-plane2-spine01--swp51@sw-egg-backend-plane2-leaf02"]: Creating...
netris_link.ew_switch_links["swp37@sw-egg-backend-plane2-spine02--swp61@sw-egg-backend-plane2-leaf05"]: Creation complete after 1s [id=4067027648]
netris_link.ew_switch_links["swp32@sw-egg-backend-plane2-spine02--swp64@sw-egg-backend-plane2-leaf04"]: Creating...
netris_link.ew_switch_links["swp53@sw-egg-backend-plane3-spine01--swp53@sw-egg-backend-plane3-leaf07"]: Creation complete after 1s [id=4229516708]
netris_link.ew_switch_links["swp36@sw-egg-backend-plane2-spine01--swp52@sw-egg-backend-plane2-leaf05"]: Creating...
netris_link.ew_switch_links["swp45@sw-egg-backend-plane3-spine01--swp53@sw-egg-backend-plane3-leaf06"]: Creation complete after 1s [id=4084362136]
netris_link.ew_switch_links["swp6@sw-egg-backend-plane4-spine02--swp62@sw-egg-backend-plane4-leaf01"]: Creating...
netris_link.ew_switch_links["swp3@sw-egg-backend-plane3-spine01--swp51@sw-egg-backend-plane3-leaf01"]: Creation complete after 1s [id=4230620512]
netris_link.ew_switch_links["swp62@sw-egg-backend-plane1-spine01--swp54@sw-egg-backend-plane1-leaf08"]: Creating...
netris_link.ew_switch_links["swp21@sw-egg-backend-plane1-spine02--swp61@sw-egg-backend-plane1-leaf03"]: Creation complete after 1s [id=4225837288]
netris_link.ew_switch_links["swp16@sw-egg-backend-plane4-spine02--swp64@sw-egg-backend-plane4-leaf02"]: Creating...
netris_link.ew_switch_links["swp54@sw-egg-backend-plane4-spine02--swp62@sw-egg-backend-plane4-leaf07"]: Creation complete after 1s [id=4167388388]
netris_link.ew_switch_links["swp59@sw-egg-backend-plane2-spine01--swp51@sw-egg-backend-plane2-leaf08"]: Creating...
netris_link.ew_switch_links["swp8@sw-egg-backend-plane1-spine02--swp64@sw-egg-backend-plane1-leaf01"]: Creation complete after 1s [id=4335946216]
netris_link.ew_switch_links["swp35@sw-egg-backend-plane1-spine01--swp51@sw-egg-backend-plane1-leaf05"]: Creating...
netris_link.ew_switch_links["swp32@sw-egg-backend-plane2-spine01--swp56@sw-egg-backend-plane2-leaf04"]: Creation complete after 1s [id=4280992744]
netris_link.ew_switch_links["swp49@sw-egg-backend-plane1-spine02--swp57@sw-egg-backend-plane1-leaf07"]: Creating...
netris_link.ew_switch_links["swp11@sw-egg-backend-plane2-spine01--swp51@sw-egg-backend-plane2-leaf02"]: Creation complete after 1s [id=4348434172]
netris_link.ew_switch_links["swp42@sw-egg-backend-plane1-spine02--swp58@sw-egg-backend-plane1-leaf06"]: Creating...
netris_link.ew_switch_links["swp63@sw-egg-backend-plane2-spine01--swp55@sw-egg-backend-plane2-leaf08"]: Creation complete after 1s [id=4171953652]
netris_link.ew_switch_links["swp5@sw-egg-backend-plane4-spine02--swp61@sw-egg-backend-plane4-leaf01"]: Creating...
netris_link.ew_switch_links["swp32@sw-egg-backend-plane2-spine02--swp64@sw-egg-backend-plane2-leaf04"]: Creation complete after 0s [id=4171406828]
netris_link.ew_switch_links["swp43@sw-egg-backend-plane3-spine02--swp59@sw-egg-backend-plane3-leaf06"]: Creating...
netris_link.ew_switch_links["swp36@sw-egg-backend-plane2-spine01--swp52@sw-egg-backend-plane2-leaf05"]: Creation complete after 0s [id=4175060004]
netris_link.ew_switch_links["swp26@sw-egg-backend-plane1-spine01--swp50@sw-egg-backend-plane1-leaf04"]: Creating...
netris_link.ew_switch_links["swp6@sw-egg-backend-plane4-spine02--swp62@sw-egg-backend-plane4-leaf01"]: Creation complete after 0s [id=4261399316]
netris_link.ew_switch_links["swp25@sw-egg-backend-plane2-spine01--swp49@sw-egg-backend-plane2-leaf04"]: Creating...
netris_link.ew_switch_links["swp62@sw-egg-backend-plane1-spine01--swp54@sw-egg-backend-plane1-leaf08"]: Creation complete after 0s [id=4154253476]
netris_link.ew_switch_links["swp28@sw-egg-backend-plane2-spine01--swp52@sw-egg-backend-plane2-leaf04"]: Creating...
netris_link.ew_switch_links["swp16@sw-egg-backend-plane4-spine02--swp64@sw-egg-backend-plane4-leaf02"]: Creation complete after 0s [id=4055311036]
netris_link.ew_switch_links["swp14@sw-egg-backend-plane4-spine01--swp54@sw-egg-backend-plane4-leaf02"]: Creating...
netris_link.ew_switch_links["swp59@sw-egg-backend-plane2-spine01--swp51@sw-egg-backend-plane2-leaf08"]: Creation complete after 0s [id=4171222924]
netris_link.ew_switch_links["swp45@sw-egg-backend-plane4-spine02--swp61@sw-egg-backend-plane4-leaf06"]: Creating...
netris_link.ew_switch_links["swp49@sw-egg-backend-plane1-spine02--swp57@sw-egg-backend-plane1-leaf07"]: Creation complete after 0s [id=4362994040]
netris_link.ew_switch_links["swp59@sw-egg-backend-plane4-spine02--swp59@sw-egg-backend-plane4-leaf08"]: Creating...
netris_link.ew_switch_links["swp35@sw-egg-backend-plane1-spine01--swp51@sw-egg-backend-plane1-leaf05"]: Creation complete after 0s [id=4065946280]
netris_link.ew_switch_links["swp63@sw-egg-backend-plane4-spine02--swp63@sw-egg-backend-plane4-leaf08"]: Creating...
netris_link.ew_switch_links["swp5@sw-egg-backend-plane4-spine02--swp61@sw-egg-backend-plane4-leaf01"]: Creation complete after 0s [id=4261214680]
netris_link.ew_switch_links["swp47@sw-egg-backend-plane1-spine01--swp55@sw-egg-backend-plane1-leaf06"]: Creating...
netris_link.ew_switch_links["swp42@sw-egg-backend-plane1-spine02--swp58@sw-egg-backend-plane1-leaf06"]: Creation complete after 0s [id=4170309184]
netris_link.ew_switch_links["swp52@sw-egg-backend-plane2-spine02--swp60@sw-egg-backend-plane2-leaf07"]: Creating...
netris_link.ew_switch_links["swp43@sw-egg-backend-plane3-spine02--swp59@sw-egg-backend-plane3-leaf06"]: Creation complete after 0s [id=4038577880]
netris_link.ew_switch_links["swp16@sw-egg-backend-plane1-spine02--swp64@sw-egg-backend-plane1-leaf02"]: Creating...
netris_link.ew_switch_links["swp25@sw-egg-backend-plane2-spine01--swp49@sw-egg-backend-plane2-leaf04"]: Creation complete after 0s [id=4279697408]
netris_link.ew_switch_links["swp28@sw-egg-backend-plane2-spine01--swp52@sw-egg-backend-plane2-leaf04"]: Creation complete after 0s [id=4280252528]
netris_link.ew_switch_links["swp45@sw-egg-backend-plane4-spine02--swp61@sw-egg-backend-plane4-leaf06"]: Creation complete after 0s [id=4276738092]
netris_link.ew_switch_links["swp59@sw-egg-backend-plane4-spine02--swp59@sw-egg-backend-plane4-leaf08"]: Creation complete after 0s [id=4173416064]
netris_link.ew_switch_links["swp26@sw-egg-backend-plane1-spine01--swp50@sw-egg-backend-plane1-leaf04"]: Creation complete after 0s [id=4082375156]
netris_link.ew_switch_links["swp14@sw-egg-backend-plane4-spine01--swp54@sw-egg-backend-plane4-leaf02"]: Creation complete after 0s [id=4059995420]
netris_link.ew_switch_links["swp63@sw-egg-backend-plane4-spine02--swp63@sw-egg-backend-plane4-leaf08"]: Creation complete after 0s [id=4174146984]
netris_link.ew_switch_links["swp19@sw-egg-backend-plane1-spine02--swp59@sw-egg-backend-plane1-leaf03"]: Creating...
netris_link.ew_switch_links["swp60@sw-egg-backend-plane2-spine02--swp60@sw-egg-backend-plane2-leaf08"]: Creating...
netris_link.ew_switch_links["swp4@sw-egg-backend-plane1-spine01--swp52@sw-egg-backend-plane1-leaf01"]: Creating...
netris_link.ew_switch_links["swp5@sw-egg-backend-plane2-spine02--swp61@sw-egg-backend-plane2-leaf01"]: Creating...
netris_link.ew_switch_links["swp11@sw-egg-backend-plane4-spine02--swp59@sw-egg-backend-plane4-leaf02"]: Creating...
netris_link.ew_switch_links["swp22@sw-egg-backend-plane2-spine01--swp54@sw-egg-backend-plane2-leaf03"]: Creating...
netris_link.ew_switch_links["swp32@sw-egg-backend-plane3-spine01--swp56@sw-egg-backend-plane3-leaf04"]: Creating...
netris_link.ew_switch_links["swp47@sw-egg-backend-plane1-spine01--swp55@sw-egg-backend-plane1-leaf06"]: Creation complete after 0s [id=3948494060]
netris_link.ew_switch_links["swp16@sw-egg-backend-plane3-spine02--swp64@sw-egg-backend-plane3-leaf02"]: Creating...
netris_link.ew_switch_links["swp52@sw-egg-backend-plane2-spine02--swp60@sw-egg-backend-plane2-leaf07"]: Creation complete after 0s [id=4085627888]
netris_link.ew_switch_links["swp9@sw-egg-backend-plane3-spine01--swp49@sw-egg-backend-plane3-leaf02"]: Creating...
netris_link.ew_switch_links["swp16@sw-egg-backend-plane1-spine02--swp64@sw-egg-backend-plane1-leaf02"]: Creation complete after 0s [id=4443133860]
netris_link.ew_switch_links["swp54@sw-egg-backend-plane1-spine01--swp54@sw-egg-backend-plane1-leaf07"]: Creating...
netris_link.ew_switch_links["swp11@sw-egg-backend-plane4-spine02--swp59@sw-egg-backend-plane4-leaf02"]: Creation complete after 0s [id=4054410496]
netris_link.ew_switch_links["swp48@sw-egg-backend-plane3-spine01--swp56@sw-egg-backend-plane3-leaf06"]: Creating...
netris_link.ew_switch_links["swp5@sw-egg-backend-plane2-spine02--swp61@sw-egg-backend-plane2-leaf01"]: Creation complete after 0s [id=4098836336]
netris_link.ew_switch_links["swp19@sw-egg-backend-plane3-spine01--swp51@sw-egg-backend-plane3-leaf03"]: Creating...
netris_link.ew_switch_links["swp60@sw-egg-backend-plane2-spine02--swp60@sw-egg-backend-plane2-leaf08"]: Creation complete after 0s [id=4063240548]
netris_link.ew_switch_links["swp58@sw-egg-backend-plane4-spine02--swp58@sw-egg-backend-plane4-leaf08"]: Creating...
netris_link.ew_switch_links["swp32@sw-egg-backend-plane3-spine01--swp56@sw-egg-backend-plane3-leaf04"]: Creation complete after 0s [id=4071899024]
netris_link.ew_switch_links["swp11@sw-egg-backend-plane1-spine02--swp59@sw-egg-backend-plane1-leaf02"]: Creating...
netris_link.ew_switch_links["swp4@sw-egg-backend-plane1-spine01--swp52@sw-egg-backend-plane1-leaf01"]: Creation complete after 0s [id=4108077604]
netris_link.ew_switch_links["swp51@sw-egg-backend-plane2-spine01--swp51@sw-egg-backend-plane2-leaf07"]: Creating...
netris_link.ew_switch_links["swp22@sw-egg-backend-plane2-spine01--swp54@sw-egg-backend-plane2-leaf03"]: Creation complete after 0s [id=4144777136]
netris_link.ew_switch_links["swp21@sw-egg-backend-plane3-spine02--swp61@sw-egg-backend-plane3-leaf03"]: Creating...
netris_link.ew_switch_links["swp19@sw-egg-backend-plane1-spine02--swp59@sw-egg-backend-plane1-leaf03"]: Creation complete after 0s [id=4225469564]
netris_link.ew_switch_links["swp26@sw-egg-backend-plane2-spine02--swp58@sw-egg-backend-plane2-leaf04"]: Creating...
netris_link.ew_switch_links["swp16@sw-egg-backend-plane3-spine02--swp64@sw-egg-backend-plane3-leaf02"]: Creation complete after 0s [id=4053870852]
netris_link.ew_switch_links["swp46@sw-egg-backend-plane3-spine02--swp62@sw-egg-backend-plane3-leaf06"]: Creating...
netris_link.ew_switch_links["swp9@sw-egg-backend-plane3-spine01--swp49@sw-egg-backend-plane3-leaf02"]: Creation complete after 0s [id=4098111712]
netris_link.ew_switch_links["swp42@sw-egg-backend-plane3-spine02--swp58@sw-egg-backend-plane3-leaf06"]: Creating...
netris_link.ew_switch_links["swp48@sw-egg-backend-plane3-spine01--swp56@sw-egg-backend-plane3-leaf06"]: Creation complete after 0s [id=4084904440]
netris_link.ew_switch_links["swp57@sw-egg-backend-plane1-spine01--swp49@sw-egg-backend-plane1-leaf08"]: Creating...
netris_link.ew_switch_links["swp54@sw-egg-backend-plane1-spine01--swp54@sw-egg-backend-plane1-leaf07"]: Creation complete after 0s [id=4136043184]
netris_link.ew_switch_links["swp23@sw-egg-backend-plane1-spine02--swp63@sw-egg-backend-plane1-leaf03"]: Creating...
netris_link.ew_switch_links["swp58@sw-egg-backend-plane4-spine02--swp58@sw-egg-backend-plane4-leaf08"]: Creation complete after 0s [id=4173233344]
netris_link.ew_switch_links["swp39@sw-egg-backend-plane2-spine01--swp55@sw-egg-backend-plane2-leaf05"]: Creating...
netris_link.ew_switch_links["swp19@sw-egg-backend-plane3-spine01--swp51@sw-egg-backend-plane3-leaf03"]: Creation complete after 0s [id=4307498544]
netris_link.ew_switch_links["swp38@sw-egg-backend-plane3-spine02--swp62@sw-egg-backend-plane3-leaf05"]: Creating...
netris_link.ew_switch_links["swp11@sw-egg-backend-plane1-spine02--swp59@sw-egg-backend-plane1-leaf02"]: Creation complete after 0s [id=4442191240]
netris_link.ew_switch_links["swp36@sw-egg-backend-plane4-spine01--swp52@sw-egg-backend-plane4-leaf05"]: Creating...
netris_link.ew_switch_links["swp51@sw-egg-backend-plane2-spine01--swp51@sw-egg-backend-plane2-leaf07"]: Creation complete after 0s [id=4193905384]
netris_link.ew_switch_links["swp41@sw-egg-backend-plane4-spine02--swp57@sw-egg-backend-plane4-leaf06"]: Creating...
netris_link.ew_switch_links["swp21@sw-egg-backend-plane3-spine02--swp61@sw-egg-backend-plane3-leaf03"]: Creation complete after 0s [id=4261215304]
netris_link.ew_switch_links["swp44@sw-egg-backend-plane3-spine02--swp60@sw-egg-backend-plane3-leaf06"]: Creating...
netris_link.ew_switch_links["swp26@sw-egg-backend-plane2-spine02--swp58@sw-egg-backend-plane2-leaf04"]: Creation complete after 0s [id=4170310832]
netris_link.ew_switch_links["swp26@sw-egg-backend-plane3-spine02--swp58@sw-egg-backend-plane3-leaf04"]: Creating...
netris_link.ew_switch_links["swp46@sw-egg-backend-plane3-spine02--swp62@sw-egg-backend-plane3-leaf06"]: Creation complete after 0s [id=4039117136]
netris_link.ew_switch_links["swp37@sw-egg-backend-plane1-spine02--swp61@sw-egg-backend-plane1-leaf05"]: Creating...
netris_link.ew_switch_links["swp42@sw-egg-backend-plane3-spine02--swp58@sw-egg-backend-plane3-leaf06"]: Creation complete after 1s [id=4038398136]
netris_link.ew_switch_links["swp24@sw-egg-backend-plane4-spine02--swp64@sw-egg-backend-plane4-leaf03"]: Creating...
netris_link.ew_switch_links["swp23@sw-egg-backend-plane1-spine02--swp63@sw-egg-backend-plane1-leaf03"]: Creation complete after 1s [id=4226205028]
netris_link.ew_switch_links["swp30@sw-egg-backend-plane4-spine01--swp54@sw-egg-backend-plane4-leaf04"]: Creating...
netris_link.ew_switch_links["swp57@sw-egg-backend-plane1-spine01--swp49@sw-egg-backend-plane1-leaf08"]: Creation complete after 1s [id=4153342016]
netris_link.ew_switch_links["swp50@sw-egg-backend-plane1-spine02--swp58@sw-egg-backend-plane1-leaf07"]: Creating...
netris_link.ew_switch_links["swp39@sw-egg-backend-plane2-spine01--swp55@sw-egg-backend-plane2-leaf05"]: Creation complete after 1s [id=4175608296]
netris_link.ew_switch_links["swp44@sw-egg-backend-plane2-spine01--swp52@sw-egg-backend-plane2-leaf06"]: Creating...
netris_link.ew_switch_links["swp38@sw-egg-backend-plane3-spine02--swp62@sw-egg-backend-plane3-leaf05"]: Creation complete after 1s [id=4164468100]
netris_link.ew_switch_links["swp52@sw-egg-backend-plane4-spine02--swp60@sw-egg-backend-plane4-leaf07"]: Creating...
netris_link.ew_switch_links["swp36@sw-egg-backend-plane4-spine01--swp52@sw-egg-backend-plane4-leaf05"]: Creation complete after 1s [id=4095033932]
netris_link.ew_switch_links["swp6@sw-egg-backend-plane4-spine01--swp54@sw-egg-backend-plane4-leaf01"]: Creating...
netris_link.ew_switch_links["swp26@sw-egg-backend-plane3-spine02--swp58@sw-egg-backend-plane3-leaf04"]: Creation complete after 1s [id=4025467024]
netris_link.ew_switch_links["swp23@sw-egg-backend-plane2-spine01--swp55@sw-egg-backend-plane2-leaf03"]: Creating...
netris_link.ew_switch_links["swp41@sw-egg-backend-plane4-spine02--swp57@sw-egg-backend-plane4-leaf06"]: Creation complete after 1s [id=4275998244]
netris_link.ew_switch_links["swp64@sw-egg-backend-plane3-spine01--swp56@sw-egg-backend-plane3-leaf08"]: Creating...
netris_link.ew_switch_links["swp44@sw-egg-backend-plane3-spine02--swp60@sw-egg-backend-plane3-leaf06"]: Creation complete after 1s [id=4038757628]
netris_link.ew_switch_links["swp39@sw-egg-backend-plane3-spine01--swp55@sw-egg-backend-plane3-leaf05"]: Creating...
netris_link.ew_switch_links["swp37@sw-egg-backend-plane1-spine02--swp61@sw-egg-backend-plane1-leaf05"]: Creation complete after 1s [id=4292288592]
netris_link.ew_switch_links["swp1@sw-egg-backend-plane1-spine01--swp49@sw-egg-backend-plane1-leaf01"]: Creating...
netris_link.ew_switch_links["swp30@sw-egg-backend-plane4-spine01--swp54@sw-egg-backend-plane4-leaf04"]: Creation complete after 0s [id=4354965316]
netris_link.ew_switch_links["swp47@sw-egg-backend-plane2-spine01--swp55@sw-egg-backend-plane2-leaf06"]: Creating...
netris_link.ew_switch_links["swp24@sw-egg-backend-plane4-spine02--swp64@sw-egg-backend-plane4-leaf03"]: Creation complete after 0s [id=4153158488]
netris_link.ew_switch_links["swp39@sw-egg-backend-plane1-spine01--swp55@sw-egg-backend-plane1-leaf05"]: Creating...
netris_link.ew_switch_links["swp50@sw-egg-backend-plane1-spine02--swp58@sw-egg-backend-plane1-leaf07"]: Creation complete after 0s [id=4363180868]
netris_link.ew_switch_links["swp31@sw-egg-backend-plane1-spine02--swp63@sw-egg-backend-plane1-leaf04"]: Creating...
netris_link.ew_switch_links["swp44@sw-egg-backend-plane2-spine01--swp52@sw-egg-backend-plane2-leaf06"]: Creation complete after 0s [id=4380012296]
netris_link.ew_switch_links["swp49@sw-egg-backend-plane4-spine01--swp49@sw-egg-backend-plane4-leaf07"]: Creating...
netris_link.ew_switch_links["swp52@sw-egg-backend-plane4-spine02--swp60@sw-egg-backend-plane4-leaf07"]: Creation complete after 0s [id=4167023216]
netris_link.ew_switch_links["swp9@sw-egg-backend-plane2-spine01--swp49@sw-egg-backend-plane2-leaf02"]: Creating...
netris_link.ew_switch_links["swp6@sw-egg-backend-plane4-spine01--swp54@sw-egg-backend-plane4-leaf01"]: Creation complete after 0s [id=4266570712]
netris_link.ew_switch_links["swp22@sw-egg-backend-plane3-spine01--swp54@sw-egg-backend-plane3-leaf03"]: Creating...
netris_link.ew_switch_links["swp23@sw-egg-backend-plane2-spine01--swp55@sw-egg-backend-plane2-leaf03"]: Creation complete after 0s [id=4144959232]
netris_link.ew_switch_links["swp60@sw-egg-backend-plane3-spine01--swp52@sw-egg-backend-plane3-leaf08"]: Creating...
netris_link.ew_switch_links["swp64@sw-egg-backend-plane3-spine01--swp56@sw-egg-backend-plane3-leaf08"]: Creation complete after 0s [id=4126951872]
netris_link.ew_switch_links["swp55@sw-egg-backend-plane2-spine01--swp55@sw-egg-backend-plane2-leaf07"]: Creating...
netris_link.ew_switch_links["swp39@sw-egg-backend-plane3-spine01--swp55@sw-egg-backend-plane3-leaf05"]: Creation complete after 0s [id=4210774936]
netris_link.ew_switch_links["swp12@sw-egg-backend-plane3-spine01--swp52@sw-egg-backend-plane3-leaf02"]: Creating...
netris_link.ew_switch_links["swp1@sw-egg-backend-plane1-spine01--swp49@sw-egg-backend-plane1-leaf01"]: Creation complete after 0s [id=4107533764]
netris_link.ew_switch_links["swp44@sw-egg-backend-plane2-spine02--swp60@sw-egg-backend-plane2-leaf06"]: Creating...
netris_link.ew_switch_links["swp47@sw-egg-backend-plane2-spine01--swp55@sw-egg-backend-plane2-leaf06"]: Creation complete after 0s [id=4380573884]
netris_link.ew_switch_links["swp18@sw-egg-backend-plane4-spine02--swp58@sw-egg-backend-plane4-leaf03"]: Creating...
netris_link.ew_switch_links["swp31@sw-egg-backend-plane1-spine02--swp63@sw-egg-backend-plane1-leaf04"]: Creation complete after 0s [id=4309725128]
netris_link.ew_switch_links["swp5@sw-egg-backend-plane2-spine01--swp53@sw-egg-backend-plane2-leaf01"]: Creating...
netris_link.ew_switch_links["swp39@sw-egg-backend-plane1-spine01--swp55@sw-egg-backend-plane1-leaf05"]: Creation complete after 0s [id=4066667728]
netris_link.ew_switch_links["swp31@sw-egg-backend-plane4-spine02--swp63@sw-egg-backend-plane4-leaf04"]: Creating...
netris_link.ew_switch_links["swp49@sw-egg-backend-plane4-spine01--swp49@sw-egg-backend-plane4-leaf07"]: Creation complete after 0s [id=4171588980]
netris_link.ew_switch_links["swp4@sw-egg-backend-plane3-spine02--swp60@sw-egg-backend-plane3-leaf01"]: Creating...
netris_link.ew_switch_links["swp9@sw-egg-backend-plane2-spine01--swp49@sw-egg-backend-plane2-leaf02"]: Creation complete after 0s [id=4348061152]
netris_link.ew_switch_links["swp48@sw-egg-backend-plane1-spine01--swp56@sw-egg-backend-plane1-leaf06"]: Creating...
netris_link.ew_switch_links["swp60@sw-egg-backend-plane3-spine01--swp52@sw-egg-backend-plane3-leaf08"]: Creation complete after 0s [id=4126225096]
netris_link.ew_switch_links["swp22@sw-egg-backend-plane3-spine01--swp54@sw-egg-backend-plane3-leaf03"]: Creation complete after 0s [id=4308055464]
netris_link.ew_switch_links["swp55@sw-egg-backend-plane2-spine01--swp55@sw-egg-backend-plane2-leaf07"]: Creation complete after 0s [id=4194638096]
netris_link.ew_switch_links["swp44@sw-egg-backend-plane2-spine02--swp60@sw-egg-backend-plane2-leaf06"]: Creation complete after 0s [id=4269158092]
netris_link.ew_switch_links["swp12@sw-egg-backend-plane3-spine01--swp52@sw-egg-backend-plane3-leaf02"]: Creation complete after 0s [id=4098654928]
netris_link.ew_switch_links["swp11@sw-egg-backend-plane3-spine01--swp51@sw-egg-backend-plane3-leaf02"]: Creating...
netris_link.ew_switch_links["swp62@sw-egg-backend-plane3-spine02--swp62@sw-egg-backend-plane3-leaf08"]: Creating...
netris_link.ew_switch_links["swp1@sw-egg-backend-plane2-spine02--swp57@sw-egg-backend-plane2-leaf01"]: Creating...
netris_link.ew_switch_links["swp34@sw-egg-backend-plane1-spine01--swp50@sw-egg-backend-plane1-leaf05"]: Creating...
netris_link.ew_switch_links["swp41@sw-egg-backend-plane1-spine02--swp57@sw-egg-backend-plane1-leaf06"]: Creating...
netris_link.ew_switch_links["swp18@sw-egg-backend-plane4-spine02--swp58@sw-egg-backend-plane4-leaf03"]: Creation complete after 0s [id=4152064892]
netris_link.ew_switch_links["swp1@sw-egg-backend-plane3-spine02--swp57@sw-egg-backend-plane3-leaf01"]: Creating...
netris_link.ew_switch_links["swp5@sw-egg-backend-plane2-spine01--swp53@sw-egg-backend-plane2-leaf01"]: Creation complete after 0s [id=4207471036]
netris_link.ew_switch_links["swp63@sw-egg-backend-plane3-spine02--swp63@sw-egg-backend-plane3-leaf08"]: Creating...
netris_link.ew_switch_links["swp31@sw-egg-backend-plane4-spine02--swp63@sw-egg-backend-plane4-leaf04"]: Creation complete after 0s [id=4349927152]
netris_link.ew_switch_links["swp12@sw-egg-backend-plane2-spine01--swp52@sw-egg-backend-plane2-leaf02"]: Creating...
netris_link.ew_switch_links["swp4@sw-egg-backend-plane3-spine02--swp60@sw-egg-backend-plane3-leaf01"]: Creation complete after 0s [id=4184570304]
netris_link.ew_switch_links["swp56@sw-egg-backend-plane1-spine01--swp56@sw-egg-backend-plane1-leaf07"]: Creating...
netris_link.ew_switch_links["swp62@sw-egg-backend-plane3-spine02--swp62@sw-egg-backend-plane3-leaf08"]: Creation complete after 0s [id=4080928856]
netris_link.ew_switch_links["swp48@sw-egg-backend-plane2-spine01--swp56@sw-egg-backend-plane2-leaf06"]: Creating...
netris_link.ew_switch_links["swp41@sw-egg-backend-plane1-spine02--swp57@sw-egg-backend-plane1-leaf06"]: Creation complete after 0s [id=4170126532]
netris_link.ew_switch_links["swp26@sw-egg-backend-plane2-spine01--swp50@sw-egg-backend-plane2-leaf04"]: Creating...
netris_link.ew_switch_links["swp48@sw-egg-backend-plane1-spine01--swp56@sw-egg-backend-plane1-leaf06"]: Creation complete after 0s [id=3948671792]
netris_link.ew_switch_links["swp4@sw-egg-backend-plane4-spine02--swp60@sw-egg-backend-plane4-leaf01"]: Creating...
netris_link.ew_switch_links["swp11@sw-egg-backend-plane3-spine01--swp51@sw-egg-backend-plane3-leaf02"]: Creation complete after 0s [id=4098473852]
netris_link.ew_switch_links["swp54@sw-egg-backend-plane1-spine02--swp62@sw-egg-backend-plane1-leaf07"]: Creating...
netris_link.ew_switch_links["swp34@sw-egg-backend-plane1-spine01--swp50@sw-egg-backend-plane1-leaf05"]: Creation complete after 0s [id=4065765928]
netris_link.ew_switch_links["swp37@sw-egg-backend-plane3-spine01--swp53@sw-egg-backend-plane3-leaf05"]: Creating...
netris_link.ew_switch_links["swp1@sw-egg-backend-plane2-spine02--swp57@sw-egg-backend-plane2-leaf01"]: Creation complete after 0s [id=4098112040]
netris_link.ew_switch_links["swp18@sw-egg-backend-plane2-spine02--swp58@sw-egg-backend-plane2-leaf03"]: Creating...
netris_link.ew_switch_links["swp63@sw-egg-backend-plane3-spine02--swp63@sw-egg-backend-plane3-leaf08"]: Creation complete after 0s [id=4081109544]
netris_link.ew_switch_links["swp9@sw-egg-backend-plane4-spine01--swp49@sw-egg-backend-plane4-leaf02"]: Creating...
netris_link.ew_switch_links["swp1@sw-egg-backend-plane3-spine02--swp57@sw-egg-backend-plane3-leaf01"]: Creation complete after 0s [id=4184021424]
netris_link.ew_switch_links["swp14@sw-egg-backend-plane1-spine02--swp62@sw-egg-backend-plane1-leaf02"]: Creating...
netris_link.ew_switch_links["swp12@sw-egg-backend-plane2-spine01--swp52@sw-egg-backend-plane2-leaf02"]: Creation complete after 0s [id=4348620688]
netris_link.ew_switch_links["swp53@sw-egg-backend-plane2-spine01--swp53@sw-egg-backend-plane2-leaf07"]: Creating...
netris_link.ew_switch_links["swp56@sw-egg-backend-plane1-spine01--swp56@sw-egg-backend-plane1-leaf07"]: Creation complete after 0s [id=4136406996]
netris_link.ew_switch_links["swp60@sw-egg-backend-plane4-spine02--swp60@sw-egg-backend-plane4-leaf08"]: Creating...
netris_link.ew_switch_links["swp48@sw-egg-backend-plane2-spine01--swp56@sw-egg-backend-plane2-leaf06"]: Creation complete after 0s [id=4380761088]
netris_link.ew_switch_links["swp34@sw-egg-backend-plane3-spine02--swp58@sw-egg-backend-plane3-leaf05"]: Creating...
netris_link.ew_switch_links["swp26@sw-egg-backend-plane2-spine01--swp50@sw-egg-backend-plane2-leaf04"]: Creation complete after 0s [id=4279882444]
netris_link.ew_switch_links["swp25@sw-egg-backend-plane1-spine02--swp57@sw-egg-backend-plane1-leaf04"]: Creating...
netris_link.ew_switch_links["swp4@sw-egg-backend-plane4-spine02--swp60@sw-egg-backend-plane4-leaf01"]: Creation complete after 0s [id=4261030048]
netris_link.ew_switch_links["swp43@sw-egg-backend-plane2-spine02--swp59@sw-egg-backend-plane2-leaf06"]: Creating...
netris_link.ew_switch_links["swp54@sw-egg-backend-plane1-spine02--swp62@sw-egg-backend-plane1-leaf07"]: Creation complete after 0s [id=4363928220]
netris_link.ew_switch_links["swp16@sw-egg-backend-plane1-spine01--swp56@sw-egg-backend-plane1-leaf02"]: Creating...
netris_link.ew_switch_links["swp18@sw-egg-backend-plane2-spine02--swp58@sw-egg-backend-plane2-leaf03"]: Creation complete after 0s [id=4036241340]
netris_link.ew_switch_links["swp30@sw-egg-backend-plane4-spine02--swp62@sw-egg-backend-plane4-leaf04"]: Creating...
netris_link.ew_switch_links["swp37@sw-egg-backend-plane3-spine01--swp53@sw-egg-backend-plane3-leaf05"]: Creation complete after 0s [id=4210407868]
netris_link.ew_switch_links["swp9@sw-egg-backend-plane4-spine01--swp49@sw-egg-backend-plane4-leaf02"]: Creation complete after 0s [id=4059094360]
netris_link.ew_switch_links["swp35@sw-egg-backend-plane3-spine01--swp51@sw-egg-backend-plane3-leaf05"]: Creating...
netris_link.ew_switch_links["swp36@sw-egg-backend-plane3-spine01--swp52@sw-egg-backend-plane3-leaf05"]: Creating...
netris_link.ew_switch_links["swp14@sw-egg-backend-plane1-spine02--swp62@sw-egg-backend-plane1-leaf02"]: Creation complete after 0s [id=4442756800]
netris_link.ew_switch_links["swp42@sw-egg-backend-plane4-spine01--swp50@sw-egg-backend-plane4-leaf06"]: Creating...
netris_link.ew_switch_links["swp60@sw-egg-backend-plane4-spine02--swp60@sw-egg-backend-plane4-leaf08"]: Creation complete after 0s [id=4173598788]
netris_link.ew_switch_links["swp29@sw-egg-backend-plane3-spine02--swp61@sw-egg-backend-plane3-leaf04"]: Creating...
netris_link.ew_switch_links["swp53@sw-egg-backend-plane2-spine01--swp53@sw-egg-backend-plane2-leaf07"]: Creation complete after 0s [id=4194271732]
netris_link.ew_switch_links["swp34@sw-egg-backend-plane3-spine02--swp58@sw-egg-backend-plane3-leaf05"]: Creation complete after 0s [id=4163738028]
netris_link.ew_switch_links["swp2@sw-egg-backend-plane3-spine01--swp50@sw-egg-backend-plane3-leaf01"]: Creating...
netris_link.ew_switch_links["swp18@sw-egg-backend-plane1-spine02--swp58@sw-egg-backend-plane1-leaf03"]: Creating...
netris_link.ew_switch_links["swp43@sw-egg-backend-plane2-spine02--swp59@sw-egg-backend-plane2-leaf06"]: Creation complete after 1s [id=4268973288]
netris_link.ew_switch_links["swp55@sw-egg-backend-plane3-spine02--swp63@sw-egg-backend-plane3-leaf07"]: Creating...
netris_link.ew_switch_links["swp16@sw-egg-backend-plane1-spine01--swp56@sw-egg-backend-plane1-leaf02"]: Creation complete after 1s [id=4213162456]
netris_link.ew_switch_links["swp4@sw-egg-backend-plane2-spine02--swp60@sw-egg-backend-plane2-leaf01"]: Creating...
netris_link.ew_switch_links["swp25@sw-egg-backend-plane1-spine02--swp57@sw-egg-backend-plane1-leaf04"]: Creation complete after 1s [id=4308611108]
netris_link.ew_switch_links["swp44@sw-egg-backend-plane4-spine02--swp60@sw-egg-backend-plane4-leaf06"]: Creating...
netris_link.ew_switch_links["swp36@sw-egg-backend-plane3-spine01--swp52@sw-egg-backend-plane3-leaf05"]: Creation complete after 1s [id=4210224340]
netris_link.ew_switch_links["swp30@sw-egg-backend-plane1-spine02--swp62@sw-egg-backend-plane1-leaf04"]: Creating...
netris_link.ew_switch_links["swp29@sw-egg-backend-plane3-spine02--swp61@sw-egg-backend-plane3-leaf04"]: Creation complete after 1s [id=4026005404]
netris_link.ew_switch_links["swp9@sw-egg-backend-plane1-spine01--swp49@sw-egg-backend-plane1-leaf02"]: Creating...
netris_link.ew_switch_links["swp42@sw-egg-backend-plane4-spine01--swp50@sw-egg-backend-plane4-leaf06"]: Creation complete after 1s [id=4281363556]
netris_link.ew_switch_links["swp28@sw-egg-backend-plane3-spine02--swp60@sw-egg-backend-plane3-leaf04"]: Creating...
netris_link.ew_switch_links["swp35@sw-egg-backend-plane3-spine01--swp51@sw-egg-backend-plane3-leaf05"]: Creation complete after 1s [id=4210040816]
netris_link.ew_switch_links["swp57@sw-egg-backend-plane4-spine02--swp57@sw-egg-backend-plane4-leaf08"]: Creating...
netris_link.ew_switch_links["swp30@sw-egg-backend-plane4-spine02--swp62@sw-egg-backend-plane4-leaf04"]: Creation complete after 1s [id=4349740608]
netris_link.ew_switch_links["swp2@sw-egg-backend-plane2-spine01--swp50@sw-egg-backend-plane2-leaf01"]: Creating...
netris_link.ew_switch_links["swp18@sw-egg-backend-plane1-spine02--swp58@sw-egg-backend-plane1-leaf03"]: Creation complete after 1s [id=4225285708]
netris_link.ew_switch_links["swp59@sw-egg-backend-plane1-spine01--swp51@sw-egg-backend-plane1-leaf08"]: Creating...
netris_link.ew_switch_links["swp2@sw-egg-backend-plane3-spine01--swp50@sw-egg-backend-plane3-leaf01"]: Creation complete after 1s [id=4230436544]
netris_link.ew_switch_links["swp19@sw-egg-backend-plane4-spine02--swp59@sw-egg-backend-plane4-leaf03"]: Creating...
netris_link.ew_switch_links["swp55@sw-egg-backend-plane3-spine02--swp63@sw-egg-backend-plane3-leaf07"]: Creation complete after 0s [id=4183655468]
netris_link.ew_switch_links["swp3@sw-egg-backend-plane1-spine02--swp59@sw-egg-backend-plane1-leaf01"]: Creating...
netris_link.ew_switch_links["swp4@sw-egg-backend-plane2-spine02--swp60@sw-egg-backend-plane2-leaf01"]: Creation complete after 0s [id=4098655256]
netris_link.ew_switch_links["swp44@sw-egg-backend-plane4-spine02--swp60@sw-egg-backend-plane4-leaf06"]: Creation complete after 0s [id=4276553124]
netris_link.ew_switch_links["swp13@sw-egg-backend-plane3-spine01--swp53@sw-egg-backend-plane3-leaf02"]: Creating...
netris_link.ew_switch_links["swp64@sw-egg-backend-plane2-spine01--swp56@sw-egg-backend-plane2-leaf08"]: Creating...
netris_link.ew_switch_links["swp30@sw-egg-backend-plane1-spine02--swp62@sw-egg-backend-plane1-leaf04"]: Creation complete after 0s [id=4309539448]
netris_link.ew_switch_links["swp5@sw-egg-backend-plane4-spine01--swp53@sw-egg-backend-plane4-leaf01"]: Creating...
netris_link.ew_switch_links["swp9@sw-egg-backend-plane1-spine01--swp49@sw-egg-backend-plane1-leaf02"]: Creation complete after 0s [id=4211877424]
netris_link.ew_switch_links["swp62@sw-egg-backend-plane3-spine01--swp54@sw-egg-backend-plane3-leaf08"]: Creating...
netris_link.ew_switch_links["swp28@sw-egg-backend-plane3-spine02--swp60@sw-egg-backend-plane3-leaf04"]: Creation complete after 0s [id=4025825940]
netris_link.ew_switch_links["swp17@sw-egg-backend-plane3-spine01--swp49@sw-egg-backend-plane3-leaf03"]: Creating...
netris_link.ew_switch_links["swp57@sw-egg-backend-plane4-spine02--swp57@sw-egg-backend-plane4-leaf08"]: Creation complete after 0s [id=4173050628]
netris_link.ew_switch_links["swp54@sw-egg-backend-plane2-spine01--swp54@sw-egg-backend-plane2-leaf07"]: Creating...
netris_link.ew_switch_links["swp2@sw-egg-backend-plane2-spine01--swp50@sw-egg-backend-plane2-leaf01"]: Creation complete after 0s [id=4206920656]
netris_link.ew_switch_links["swp10@sw-egg-backend-plane4-spine02--swp58@sw-egg-backend-plane4-leaf02"]: Creating...
netris_link.ew_switch_links["swp59@sw-egg-backend-plane1-spine01--swp51@sw-egg-backend-plane1-leaf08"]: Creation complete after 0s [id=4153706588]
netris_link.ew_switch_links["swp27@sw-egg-backend-plane3-spine02--swp59@sw-egg-backend-plane3-leaf04"]: Creating...
netris_link.ew_switch_links["swp19@sw-egg-backend-plane4-spine02--swp59@sw-egg-backend-plane4-leaf03"]: Creation complete after 0s [id=4152247148]
netris_link.ew_switch_links["swp53@sw-egg-backend-plane3-spine02--swp61@sw-egg-backend-plane3-leaf07"]: Creating...
netris_link.ew_switch_links["swp3@sw-egg-backend-plane1-spine02--swp59@sw-egg-backend-plane1-leaf01"]: Creation complete after 0s [id=4335015036]
netris_link.ew_switch_links["swp14@sw-egg-backend-plane2-spine01--swp54@sw-egg-backend-plane2-leaf02"]: Creating...
netris_link.ew_switch_links["swp13@sw-egg-backend-plane3-spine01--swp53@sw-egg-backend-plane3-leaf02"]: Creation complete after 0s [id=4098836008]
netris_link.ew_switch_links["swp50@sw-egg-backend-plane4-spine02--swp58@sw-egg-backend-plane4-leaf07"]: Creating...
netris_link.ew_switch_links["swp64@sw-egg-backend-plane2-spine01--swp56@sw-egg-backend-plane2-leaf08"]: Creation complete after 0s [id=4172136344]
netris_link.ew_switch_links["swp30@sw-egg-backend-plane1-spine01--swp54@sw-egg-backend-plane1-leaf04"]: Creating...
netris_link.ew_switch_links["swp5@sw-egg-backend-plane4-spine01--swp53@sw-egg-backend-plane4-leaf01"]: Creation complete after 0s [id=4266385964]
netris_link.ew_switch_links["swp17@sw-egg-backend-plane1-spine01--swp49@sw-egg-backend-plane1-leaf03"]: Creating...
netris_link.ew_switch_links["swp62@sw-egg-backend-plane3-spine01--swp54@sw-egg-backend-plane3-leaf08"]: Creation complete after 0s [id=4126588476]
netris_link.ew_switch_links["swp12@sw-egg-backend-plane4-spine02--swp60@sw-egg-backend-plane4-leaf02"]: Creating...
netris_link.ew_switch_links["swp17@sw-egg-backend-plane3-spine01--swp49@sw-egg-backend-plane3-leaf03"]: Creation complete after 0s [id=4307127284]
netris_link.ew_switch_links["swp4@sw-egg-backend-plane2-spine01--swp52@sw-egg-backend-plane2-leaf01"]: Creating...
netris_link.ew_switch_links["swp54@sw-egg-backend-plane2-spine01--swp54@sw-egg-backend-plane2-leaf07"]: Creation complete after 0s [id=4194454912]
netris_link.ew_switch_links["swp57@sw-egg-backend-plane3-spine01--swp49@sw-egg-backend-plane3-leaf08"]: Creating...
netris_link.ew_switch_links["swp53@sw-egg-backend-plane3-spine02--swp61@sw-egg-backend-plane3-leaf07"]: Creation complete after 0s [id=4183289584]
netris_link.ew_switch_links["swp33@sw-egg-backend-plane2-spine01--swp49@sw-egg-backend-plane2-leaf05"]: Creating...
netris_link.ew_switch_links["swp10@sw-egg-backend-plane4-spine02--swp58@sw-egg-backend-plane4-leaf02"]: Creation complete after 0s [id=4054230400]
netris_link.ew_switch_links["swp19@sw-egg-backend-plane4-spine01--swp51@sw-egg-backend-plane4-leaf03"]: Creating...
netris_link.ew_switch_links["swp27@sw-egg-backend-plane3-spine02--swp59@sw-egg-backend-plane3-leaf04"]: Creation complete after 0s [id=4025646480]
netris_link.ew_switch_links["swp3@sw-egg-backend-plane4-spine01--swp51@sw-egg-backend-plane4-leaf01"]: Creating...
netris_link.ew_switch_links["swp50@sw-egg-backend-plane4-spine02--swp58@sw-egg-backend-plane4-leaf07"]: Creation complete after 0s [id=4166658060]
netris_link.ew_switch_links["swp30@sw-egg-backend-plane1-spine01--swp54@sw-egg-backend-plane1-leaf04"]: Creation complete after 0s [id=4083098060]
netris_link.ew_switch_links["swp17@sw-egg-backend-plane1-spine01--swp49@sw-egg-backend-plane1-leaf03"]: Creation complete after 0s [id=4000919876]
netris_link.ew_switch_links["swp14@sw-egg-backend-plane2-spine01--swp54@sw-egg-backend-plane2-leaf02"]: Creation complete after 0s [id=4348993732]
netris_link.ew_switch_links["swp25@sw-egg-backend-plane4-spine02--swp57@sw-egg-backend-plane4-leaf04"]: Creating...
netris_link.ew_switch_links["swp55@sw-egg-backend-plane4-spine01--swp55@sw-egg-backend-plane4-leaf07"]: Creating...
netris_link.ew_switch_links["swp39@sw-egg-backend-plane1-spine02--swp63@sw-egg-backend-plane1-leaf05"]: Creating...
netris_link.ew_switch_links["swp55@sw-egg-backend-plane1-spine01--swp55@sw-egg-backend-plane1-leaf07"]: Creating...
netris_link.ew_switch_links["swp4@sw-egg-backend-plane2-spine01--swp52@sw-egg-backend-plane2-leaf01"]: Creation complete after 0s [id=4207287572]
netris_link.ew_switch_links["swp38@sw-egg-backend-plane2-spine01--swp54@sw-egg-backend-plane2-leaf05"]: Creating...
netris_link.ew_switch_links["swp12@sw-egg-backend-plane4-spine02--swp60@sw-egg-backend-plane4-leaf02"]: Creation complete after 0s [id=4054590596]
netris_link.ew_switch_links["swp5@sw-egg-backend-plane1-spine01--swp53@sw-egg-backend-plane1-leaf01"]: Creating...
netris_link.ew_switch_links["swp57@sw-egg-backend-plane3-spine01--swp49@sw-egg-backend-plane3-leaf08"]: Creation complete after 0s [id=4125680056]
netris_link.ew_switch_links["swp46@sw-egg-backend-plane1-spine01--swp54@sw-egg-backend-plane1-leaf06"]: Creating...
netris_link.ew_switch_links["swp33@sw-egg-backend-plane2-spine01--swp49@sw-egg-backend-plane2-leaf05"]: Creation complete after 0s [id=4174511748]
netris_link.ew_switch_links["swp59@sw-egg-backend-plane4-spine01--swp51@sw-egg-backend-plane4-leaf08"]: Creating...
netris_link.ew_switch_links["swp19@sw-egg-backend-plane4-spine01--swp51@sw-egg-backend-plane4-leaf03"]: Creation complete after 0s [id=4157351904]
netris_link.ew_switch_links["swp54@sw-egg-backend-plane3-spine01--swp54@sw-egg-backend-plane3-leaf07"]: Creating...
netris_link.ew_switch_links["swp3@sw-egg-backend-plane4-spine01--swp51@sw-egg-backend-plane4-leaf01"]: Creation complete after 0s [id=4266016480]
netris_link.ew_switch_links["swp45@sw-egg-backend-plane3-spine02--swp61@sw-egg-backend-plane3-leaf06"]: Creating...
netris_link.ew_switch_links["swp55@sw-egg-backend-plane1-spine01--swp55@sw-egg-backend-plane1-leaf07"]: Creation complete after 0s [id=4136225088]
netris_link.ew_switch_links["swp8@sw-egg-backend-plane3-spine01--swp56@sw-egg-backend-plane3-leaf01"]: Creating...
netris_link.ew_switch_links["swp55@sw-egg-backend-plane4-spine01--swp55@sw-egg-backend-plane4-leaf07"]: Creation complete after 0s [id=4172685144]
netris_link.ew_switch_links["swp10@sw-egg-backend-plane1-spine02--swp58@sw-egg-backend-plane1-leaf02"]: Creating...
netris_link.ew_switch_links["swp39@sw-egg-backend-plane1-spine02--swp63@sw-egg-backend-plane1-leaf05"]: Creation complete after 0s [id=4292659212]
netris_link.ew_switch_links["swp43@sw-egg-backend-plane1-spine02--swp59@sw-egg-backend-plane1-leaf06"]: Creating...
netris_link.ew_switch_links["swp25@sw-egg-backend-plane4-spine02--swp57@sw-egg-backend-plane4-leaf04"]: Creation complete after 0s [id=4348807948]
netris_link.ew_switch_links["swp33@sw-egg-backend-plane1-spine01--swp49@sw-egg-backend-plane1-leaf05"]: Creating...
netris_link.ew_switch_links["swp38@sw-egg-backend-plane2-spine01--swp54@sw-egg-backend-plane2-leaf05"]: Creation complete after 0s [id=4175425528]
netris_link.ew_switch_links["swp58@sw-egg-backend-plane4-spine01--swp50@sw-egg-backend-plane4-leaf08"]: Creating...
netris_link.ew_switch_links["swp5@sw-egg-backend-plane1-spine01--swp53@sw-egg-backend-plane1-leaf01"]: Creation complete after 0s [id=4108258892]
netris_link.ew_switch_links["swp62@sw-egg-backend-plane1-spine02--swp62@sw-egg-backend-plane1-leaf08"]: Creating...
netris_link.ew_switch_links["swp46@sw-egg-backend-plane1-spine01--swp54@sw-egg-backend-plane1-leaf06"]: Creation complete after 0s [id=3948316332]
netris_link.ew_switch_links["swp26@sw-egg-backend-plane1-spine02--swp58@sw-egg-backend-plane1-leaf04"]: Creating...
netris_link.ew_switch_links["swp59@sw-egg-backend-plane4-spine01--swp51@sw-egg-backend-plane4-leaf08"]: Creation complete after 0s [id=4178533812]
netris_link.ew_switch_links["swp45@sw-egg-backend-plane4-spine01--swp53@sw-egg-backend-plane4-leaf06"]: Creating...
netris_link.ew_switch_links["swp54@sw-egg-backend-plane3-spine01--swp54@sw-egg-backend-plane3-leaf07"]: Creation complete after 0s [id=4229700656]
netris_link.ew_switch_links["swp48@sw-egg-backend-plane4-spine01--swp56@sw-egg-backend-plane4-leaf06"]: Creating...
netris_link.ew_switch_links["swp10@sw-egg-backend-plane1-spine02--swp58@sw-egg-backend-plane1-leaf02"]: Creation complete after 0s [id=4442002728]
netris_link.ew_switch_links["swp22@sw-egg-backend-plane1-spine02--swp62@sw-egg-backend-plane1-leaf03"]: Creating...
netris_link.ew_switch_links["swp45@sw-egg-backend-plane3-spine02--swp61@sw-egg-backend-plane3-leaf06"]: Creation complete after 0s [id=4038937380]
netris_link.ew_switch_links["swp63@sw-egg-backend-plane1-spine01--swp55@sw-egg-backend-plane1-leaf08"]: Creating...
netris_link.ew_switch_links["swp43@sw-egg-backend-plane1-spine02--swp59@sw-egg-backend-plane1-leaf06"]: Creation complete after 0s [id=4170491840]
netris_link.ew_switch_links["swp56@sw-egg-backend-plane1-spine02--swp64@sw-egg-backend-plane1-leaf07"]: Creating...
netris_link.ew_switch_links["swp8@sw-egg-backend-plane3-spine01--swp56@sw-egg-backend-plane3-leaf01"]: Creation complete after 0s [id=4231540412]
netris_link.ew_switch_links["swp23@sw-egg-backend-plane3-spine01--swp55@sw-egg-backend-plane3-leaf03"]: Creating...
netris_link.ew_switch_links["swp33@sw-egg-backend-plane1-spine01--swp49@sw-egg-backend-plane1-leaf05"]: Creation complete after 0s [id=4065585580]
netris_link.ew_switch_links["swp23@sw-egg-backend-plane4-spine02--swp63@sw-egg-backend-plane4-leaf03"]: Creating...
netris_link.ew_switch_links["swp58@sw-egg-backend-plane4-spine01--swp50@sw-egg-backend-plane4-leaf08"]: Creation complete after 0s [id=4178350980]
netris_link.ew_switch_links["swp7@sw-egg-backend-plane3-spine01--swp55@sw-egg-backend-plane3-leaf01"]: Creating...
netris_link.ew_switch_links["swp62@sw-egg-backend-plane1-spine02--swp62@sw-egg-backend-plane1-leaf08"]: Creation complete after 0s [id=4382632912]
netris_link.ew_switch_links["swp34@sw-egg-backend-plane1-spine02--swp58@sw-egg-backend-plane1-leaf05"]: Creating...
netris_link.ew_switch_links["swp26@sw-egg-backend-plane1-spine02--swp58@sw-egg-backend-plane1-leaf04"]: Creation complete after 0s [id=4308796768]
netris_link.ew_switch_links["swp46@sw-egg-backend-plane2-spine02--swp62@sw-egg-backend-plane2-leaf06"]: Creating...
netris_link.ew_switch_links["swp45@sw-egg-backend-plane4-spine01--swp53@sw-egg-backend-plane4-leaf06"]: Creation complete after 0s [id=4281918784]
netris_link.ew_switch_links["swp47@sw-egg-backend-plane3-spine01--swp55@sw-egg-backend-plane3-leaf06"]: Creating...
netris_link.ew_switch_links["swp48@sw-egg-backend-plane4-spine01--swp56@sw-egg-backend-plane4-leaf06"]: Creation complete after 1s [id=4282474048]
netris_link.ew_switch_links["swp22@sw-egg-backend-plane1-spine02--swp62@sw-egg-backend-plane1-leaf03"]: Creation complete after 1s [id=4226021156]
netris_link.ew_switch_links["swp23@sw-egg-backend-plane3-spine01--swp55@sw-egg-backend-plane3-leaf03"]: Creation complete after 1s [id=4308241112]
netris_link.ew_switch_links["swp63@sw-egg-backend-plane1-spine01--swp55@sw-egg-backend-plane1-leaf08"]: Creation complete after 1s [id=4154435780]
netris_link.ew_switch_links["swp56@sw-egg-backend-plane1-spine02--swp64@sw-egg-backend-plane1-leaf07"]: Creation complete after 1s [id=4364301920]
netris_link.ew_switch_links["swp20@sw-egg-backend-plane1-spine02--swp60@sw-egg-backend-plane1-leaf03"]: Creating...
netris_link.ew_switch_links["swp9@sw-egg-backend-plane3-spine02--swp57@sw-egg-backend-plane3-leaf02"]: Creating...
netris_link.ew_switch_links["swp40@sw-egg-backend-plane4-spine02--swp64@sw-egg-backend-plane4-leaf05"]: Creating...
netris_link.ew_switch_links["swp2@sw-egg-backend-plane4-spine01--swp50@sw-egg-backend-plane4-leaf01"]: Creating...
netris_link.ew_switch_links["swp17@sw-egg-backend-plane3-spine02--swp57@sw-egg-backend-plane3-leaf03"]: Creating...
netris_link.ew_switch_links["swp23@sw-egg-backend-plane4-spine02--swp63@sw-egg-backend-plane4-leaf03"]: Creation complete after 1s [id=4152976212]
netris_link.ew_switch_links["swp48@sw-egg-backend-plane4-spine02--swp64@sw-egg-backend-plane4-leaf06"]: Creating...
netris_link.ew_switch_links["swp46@sw-egg-backend-plane2-spine02--swp62@sw-egg-backend-plane2-leaf06"]: Creation complete after 1s [id=4269527712]
netris_link.ew_switch_links["swp25@sw-egg-backend-plane4-spine01--swp49@sw-egg-backend-plane4-leaf04"]: Creating...
netris_link.ew_switch_links["swp34@sw-egg-backend-plane1-spine02--swp58@sw-egg-backend-plane1-leaf05"]: Creation complete after 1s [id=4291732692]
netris_link.ew_switch_links["swp16@sw-egg-backend-plane2-spine01--swp56@sw-egg-backend-plane2-leaf02"]: Creating...
netris_link.ew_switch_links["swp7@sw-egg-backend-plane3-spine01--swp55@sw-egg-backend-plane3-leaf01"]: Creation complete after 1s [id=4231356424]
netris_link.ew_switch_links["swp61@sw-egg-backend-plane4-spine02--swp61@sw-egg-backend-plane4-leaf08"]: Creating...
netris_link.ew_switch_links["swp47@sw-egg-backend-plane3-spine01--swp55@sw-egg-backend-plane3-leaf06"]: Creation complete after 1s [id=4084723668]
netris_link.ew_switch_links["swp54@sw-egg-backend-plane2-spine02--swp62@sw-egg-backend-plane2-leaf07"]: Creating...
netris_link.ew_switch_links["swp2@sw-egg-backend-plane4-spine01--swp50@sw-egg-backend-plane4-leaf01"]: Creation complete after 0s [id=4265831744]
netris_link.ew_switch_links["swp41@sw-egg-backend-plane4-spine01--swp49@sw-egg-backend-plane4-leaf06"]: Creating...
netris_link.ew_switch_links["swp20@sw-egg-backend-plane1-spine02--swp60@sw-egg-backend-plane1-leaf03"]: Creation complete after 0s [id=4225653424]
netris_link.ew_switch_links["swp51@sw-egg-backend-plane3-spine01--swp51@sw-egg-backend-plane3-leaf07"]: Creating...
netris_link.ew_switch_links["swp9@sw-egg-backend-plane3-spine02--swp57@sw-egg-backend-plane3-leaf02"]: Creation complete after 0s [id=4052610348]
netris_link.ew_switch_links["swp64@sw-egg-backend-plane1-spine01--swp56@sw-egg-backend-plane1-leaf08"]: Creating...
netris_link.ew_switch_links["swp40@sw-egg-backend-plane4-spine02--swp64@sw-egg-backend-plane4-leaf05"]: Creation complete after 0s [id=4090691168]
netris_link.ew_switch_links["swp34@sw-egg-backend-plane4-spine01--swp50@sw-egg-backend-plane4-leaf05"]: Creating...
netris_link.ew_switch_links["swp17@sw-egg-backend-plane3-spine02--swp57@sw-egg-backend-plane3-leaf03"]: Creation complete after 0s [id=4260476800]
netris_link.ew_switch_links["swp13@sw-egg-backend-plane2-spine01--swp53@sw-egg-backend-plane2-leaf02"]: Creating...
netris_link.ew_switch_links["swp48@sw-egg-backend-plane4-spine02--swp64@sw-egg-backend-plane4-leaf06"]: Creation complete after 0s [id=4277293020]
netris_link.ew_switch_links["swp24@sw-egg-backend-plane3-spine02--swp64@sw-egg-backend-plane3-leaf03"]: Creating...
netris_link.ew_switch_links["swp25@sw-egg-backend-plane4-spine01--swp49@sw-egg-backend-plane4-leaf04"]: Creation complete after 0s [id=4354032096]
netris_link.ew_switch_links["swp56@sw-egg-backend-plane2-spine01--swp56@sw-egg-backend-plane2-leaf07"]: Creating...
netris_link.ew_switch_links["swp16@sw-egg-backend-plane2-spine01--swp56@sw-egg-backend-plane2-leaf02"]: Creation complete after 0s [id=4349366792]
netris_link.ew_switch_links["swp1@sw-egg-backend-plane4-spine02--swp57@sw-egg-backend-plane4-leaf01"]: Creating...
netris_link.ew_switch_links["swp61@sw-egg-backend-plane4-spine02--swp61@sw-egg-backend-plane4-leaf08"]: Creation complete after 0s [id=4173781516]
netris_link.ew_switch_links["swp27@sw-egg-backend-plane2-spine01--swp51@sw-egg-backend-plane2-leaf04"]: Creating...
netris_link.ew_switch_links["swp54@sw-egg-backend-plane2-spine02--swp62@sw-egg-backend-plane2-leaf07"]: Creation complete after 0s [id=4085989476]
netris_link.ew_switch_links["swp38@sw-egg-backend-plane3-spine01--swp54@sw-egg-backend-plane3-leaf05"]: Creating...
netris_link.ew_switch_links["swp41@sw-egg-backend-plane4-spine01--swp49@sw-egg-backend-plane4-leaf06"]: Creation complete after 0s [id=4281178488]
netris_link.ew_switch_links["swp16@sw-egg-backend-plane3-spine01--swp56@sw-egg-backend-plane3-leaf02"]: Creating...
netris_link.ew_switch_links["swp51@sw-egg-backend-plane3-spine01--swp51@sw-egg-backend-plane3-leaf07"]: Creation complete after 0s [id=4229148824]
netris_link.ew_switch_links["swp23@sw-egg-backend-plane1-spine01--swp55@sw-egg-backend-plane1-leaf03"]: Creating...
netris_link.ew_switch_links["swp64@sw-egg-backend-plane1-spine01--swp56@sw-egg-backend-plane1-leaf08"]: Creation complete after 0s [id=4154618088]
netris_link.ew_switch_links["swp62@sw-egg-backend-plane4-spine01--swp54@sw-egg-backend-plane4-leaf08"]: Creating...
netris_link.ew_switch_links["swp34@sw-egg-backend-plane4-spine01--swp50@sw-egg-backend-plane4-leaf05"]: Creation complete after 0s [id=4094671944]
netris_link.ew_switch_links["swp42@sw-egg-backend-plane3-spine01--swp50@sw-egg-backend-plane3-leaf06"]: Creating...
netris_link.ew_switch_links["swp13@sw-egg-backend-plane2-spine01--swp53@sw-egg-backend-plane2-leaf02"]: Creation complete after 0s [id=4348807208]
netris_link.ew_switch_links["swp1@sw-egg-backend-plane3-spine01--swp49@sw-egg-backend-plane3-leaf01"]: Creating...
netris_link.ew_switch_links["swp24@sw-egg-backend-plane3-spine02--swp64@sw-egg-backend-plane3-leaf03"]: Creation complete after 0s [id=4261769224]
netris_link.ew_switch_links["swp18@sw-egg-backend-plane4-spine01--swp50@sw-egg-backend-plane4-leaf03"]: Creating...
netris_link.ew_switch_links["swp1@sw-egg-backend-plane4-spine02--swp57@sw-egg-backend-plane4-leaf01"]: Creation complete after 0s [id=4260476176]
netris_link.ew_switch_links["swp6@sw-egg-backend-plane1-spine02--swp62@sw-egg-backend-plane1-leaf01"]: Creating...
netris_link.ew_switch_links["swp56@sw-egg-backend-plane2-spine01--swp56@sw-egg-backend-plane2-leaf07"]: Creation complete after 0s [id=4194821284]
netris_link.ew_switch_links["swp36@sw-egg-backend-plane3-spine02--swp60@sw-egg-backend-plane3-leaf05"]: Creating...
netris_link.ew_switch_links["swp27@sw-egg-backend-plane2-spine01--swp51@sw-egg-backend-plane2-leaf04"]: Creation complete after 0s [id=4280067484]
netris_link.ew_switch_links["swp11@sw-egg-backend-plane4-spine01--swp51@sw-egg-backend-plane4-leaf02"]: Creating...
netris_link.ew_switch_links["swp16@sw-egg-backend-plane3-spine01--swp56@sw-egg-backend-plane3-leaf02"]: Creation complete after 0s [id=4099379272]
netris_link.ew_switch_links["swp50@sw-egg-backend-plane3-spine02--swp58@sw-egg-backend-plane3-leaf07"]: Creating...
netris_link.ew_switch_links["swp38@sw-egg-backend-plane3-spine01--swp54@sw-egg-backend-plane3-leaf05"]: Creation complete after 0s [id=4210591400]
netris_link.ew_switch_links["swp13@sw-egg-backend-plane1-spine01--swp53@sw-egg-backend-plane1-leaf02"]: Creating...
netris_link.ew_switch_links["swp23@sw-egg-backend-plane1-spine01--swp55@sw-egg-backend-plane1-leaf03"]: Creation complete after 0s [id=4001993384]
netris_link.ew_switch_links["swp60@sw-egg-backend-plane4-spine01--swp52@sw-egg-backend-plane4-leaf08"]: Creating...
netris_link.ew_switch_links["swp62@sw-egg-backend-plane4-spine01--swp54@sw-egg-backend-plane4-leaf08"]: Creation complete after 0s [id=4179082332]
netris_link.ew_switch_links["swp61@sw-egg-backend-plane3-spine02--swp61@sw-egg-backend-plane3-leaf08"]: Creating...
netris_link.ew_switch_links["swp1@sw-egg-backend-plane3-spine01--swp49@sw-egg-backend-plane3-leaf01"]: Creation complete after 0s [id=4230252580]
netris_link.ew_switch_links["swp18@sw-egg-backend-plane4-spine01--swp50@sw-egg-backend-plane4-leaf03"]: Creation complete after 0s [id=4157169536]
netris_link.ew_switch_links["swp42@sw-egg-backend-plane3-spine01--swp50@sw-egg-backend-plane3-leaf06"]: Creation complete after 0s [id=4083819868]
netris_link.ew_switch_links["swp10@sw-egg-backend-plane1-spine01--swp50@sw-egg-backend-plane1-leaf02"]: Creating...
netris_link.ew_switch_links["swp29@sw-egg-backend-plane1-spine01--swp53@sw-egg-backend-plane1-leaf04"]: Creating...
netris_link.ew_switch_links["swp10@sw-egg-backend-plane4-spine01--swp50@sw-egg-backend-plane4-leaf02"]: Creating...
netris_link.ew_switch_links["swp36@sw-egg-backend-plane3-spine02--swp60@sw-egg-backend-plane3-leaf05"]: Creation complete after 0s [id=4164103056]
netris_link.ew_switch_links["swp63@sw-egg-backend-plane4-spine01--swp55@sw-egg-backend-plane4-leaf08"]: Creating...
netris_link.ew_switch_links["swp11@sw-egg-backend-plane4-spine01--swp51@sw-egg-backend-plane4-leaf02"]: Creation complete after 0s [id=4059454772]
netris_link.ew_switch_links["swp36@sw-egg-backend-plane2-spine02--swp60@sw-egg-backend-plane2-leaf05"]: Creating...
netris_link.ew_switch_links["swp6@sw-egg-backend-plane1-spine02--swp62@sw-egg-backend-plane1-leaf01"]: Creation complete after 0s [id=4335573732]
netris_link.ew_switch_links["swp28@sw-egg-backend-plane4-spine01--swp52@sw-egg-backend-plane4-leaf04"]: Creating...
netris_link.ew_switch_links["swp13@sw-egg-backend-plane1-spine01--swp53@sw-egg-backend-plane1-leaf02"]: Creation complete after 0s [id=4212611704]
netris_link.ew_switch_links["swp60@sw-egg-backend-plane4-spine01--swp52@sw-egg-backend-plane4-leaf08"]: Creation complete after 0s [id=4178716648]
netris_link.ew_switch_links["swp15@sw-egg-backend-plane3-spine02--swp63@sw-egg-backend-plane3-leaf02"]: Creating...
netris_link.ew_switch_links["swp36@sw-egg-backend-plane1-spine02--swp60@sw-egg-backend-plane1-leaf05"]: Creating...
netris_link.ew_switch_links["swp50@sw-egg-backend-plane3-spine02--swp58@sw-egg-backend-plane3-leaf07"]: Creation complete after 0s [id=4182740788]
netris_link.ew_switch_links["swp12@sw-egg-backend-plane1-spine02--swp60@sw-egg-backend-plane1-leaf02"]: Creating...
netris_link.ew_switch_links["swp61@sw-egg-backend-plane3-spine02--swp61@sw-egg-backend-plane3-leaf08"]: Creation complete after 0s [id=4080748172]
netris_link.ew_switch_links["swp12@sw-egg-backend-plane3-spine02--swp60@sw-egg-backend-plane3-leaf02"]: Creating...
netris_link.ew_switch_links["swp29@sw-egg-backend-plane1-spine01--swp53@sw-egg-backend-plane1-leaf04"]: Creation complete after 0s [id=4082917328]
netris_link.ew_switch_links["swp40@sw-egg-backend-plane1-spine02--swp64@sw-egg-backend-plane1-leaf05"]: Creating...
netris_link.ew_switch_links["swp10@sw-egg-backend-plane1-spine01--swp50@sw-egg-backend-plane1-leaf02"]: Creation complete after 0s [id=4212060988]
netris_link.ew_switch_links["swp59@sw-egg-backend-plane2-spine02--swp59@sw-egg-backend-plane2-leaf08"]: Creating...
netris_link.ew_switch_links["swp10@sw-egg-backend-plane4-spine01--swp50@sw-egg-backend-plane4-leaf02"]: Creation complete after 0s [id=4059274564]
netris_link.ew_switch_links["swp64@sw-egg-backend-plane1-spine02--swp64@sw-egg-backend-plane1-leaf08"]: Creating...
netris_link.ew_switch_links["swp63@sw-egg-backend-plane4-spine01--swp55@sw-egg-backend-plane4-leaf08"]: Creation complete after 0s [id=4179265180]
netris_link.ew_switch_links["swp15@sw-egg-backend-plane1-spine01--swp55@sw-egg-backend-plane1-leaf02"]: Creating...
netris_link.ew_switch_links["swp36@sw-egg-backend-plane2-spine02--swp60@sw-egg-backend-plane2-leaf05"]: Creation complete after 0s [id=4066847272]
netris_link.ew_switch_links["swp13@sw-egg-backend-plane1-spine02--swp61@sw-egg-backend-plane1-leaf02"]: Creating...
netris_link.ew_switch_links["swp28@sw-egg-backend-plane4-spine01--swp52@sw-egg-backend-plane4-leaf04"]: Creation complete after 0s [id=4354592016]
netris_link.ew_switch_links["swp11@sw-egg-backend-plane1-spine01--swp51@sw-egg-backend-plane1-leaf02"]: Creating...
netris_link.ew_switch_links["swp15@sw-egg-backend-plane3-spine02--swp63@sw-egg-backend-plane3-leaf02"]: Creation complete after 0s [id=4053690768]
netris_link.ew_switch_links["swp11@sw-egg-backend-plane2-spine02--swp59@sw-egg-backend-plane2-leaf02"]: Creating...
netris_link.ew_switch_links["swp36@sw-egg-backend-plane1-spine02--swp60@sw-egg-backend-plane1-leaf05"]: Creation complete after 0s [id=4292103288]
netris_link.ew_switch_links["swp24@sw-egg-backend-plane4-spine01--swp56@sw-egg-backend-plane4-leaf03"]: Creating...
netris_link.ew_switch_links["swp12@sw-egg-backend-plane1-spine02--swp60@sw-egg-backend-plane1-leaf02"]: Creation complete after 0s [id=4442379756]
netris_link.ew_switch_links["swp5@sw-egg-backend-plane3-spine01--swp53@sw-egg-backend-plane3-leaf01"]: Creating...
netris_link.ew_switch_links["swp40@sw-egg-backend-plane1-spine02--swp64@sw-egg-backend-plane1-leaf05"]: Creation complete after 0s [id=4292844528]
netris_link.ew_switch_links["swp54@sw-egg-backend-plane4-spine01--swp54@sw-egg-backend-plane4-leaf07"]: Creating...
netris_link.ew_switch_links["swp12@sw-egg-backend-plane3-spine02--swp60@sw-egg-backend-plane3-leaf02"]: Creation complete after 0s [id=4053150540]
netris_link.ew_switch_links["swp39@sw-egg-backend-plane4-spine02--swp63@sw-egg-backend-plane4-leaf05"]: Creating...
netris_link.ew_switch_links["swp59@sw-egg-backend-plane2-spine02--swp59@sw-egg-backend-plane2-leaf08"]: Creation complete after 0s [id=4063060256]
netris_link.ew_switch_links["swp23@sw-egg-backend-plane3-spine02--swp63@sw-egg-backend-plane3-leaf03"]: Creating...
netris_link.ew_switch_links["swp64@sw-egg-backend-plane1-spine02--swp64@sw-egg-backend-plane1-leaf08"]: Creation complete after 0s [id=4383007412]
netris_link.ew_switch_links["swp13@sw-egg-backend-plane4-spine01--swp53@sw-egg-backend-plane4-leaf02"]: Creating...
netris_link.ew_switch_links["swp13@sw-egg-backend-plane1-spine02--swp61@sw-egg-backend-plane1-leaf02"]: Creation complete after 0s [id=4442568276]
netris_link.ew_switch_links["swp36@sw-egg-backend-plane4-spine02--swp60@sw-egg-backend-plane4-leaf05"]: Creating...
netris_link.ew_switch_links["swp15@sw-egg-backend-plane1-spine01--swp55@sw-egg-backend-plane1-leaf02"]: Creation complete after 0s [id=4212978868]
netris_link.ew_switch_links["swp33@sw-egg-backend-plane4-spine01--swp49@sw-egg-backend-plane4-leaf05"]: Creating...
netris_link.ew_switch_links["swp11@sw-egg-backend-plane2-spine02--swp59@sw-egg-backend-plane2-leaf02"]: Creation complete after 0s [id=4237982864]
netris_link.ew_switch_links["swp21@sw-egg-backend-plane4-spine02--swp61@sw-egg-backend-plane4-leaf03"]: Creating...
netris_link.ew_switch_links["swp5@sw-egg-backend-plane3-spine01--swp53@sw-egg-backend-plane3-leaf01"]: Creation complete after 1s [id=4230988460]
netris_link.ew_switch_links["swp54@sw-egg-backend-plane4-spine01--swp54@sw-egg-backend-plane4-leaf07"]: Creation complete after 1s [id=4172502440]
netris_link.ew_switch_links["swp24@sw-egg-backend-plane4-spine01--swp56@sw-egg-backend-plane4-leaf03"]: Creation complete after 1s [id=4158263804]
netris_link.ew_switch_links["swp11@sw-egg-backend-plane1-spine01--swp51@sw-egg-backend-plane1-leaf02"]: Creation complete after 1s [id=4212244556]
netris_link.ew_switch_links["swp59@sw-egg-backend-plane1-spine02--swp59@sw-egg-backend-plane1-leaf08"]: Creating...
netris_link.ew_switch_links["swp21@sw-egg-backend-plane4-spine01--swp53@sw-egg-backend-plane4-leaf03"]: Creating...
netris_link.ew_switch_links["swp55@sw-egg-backend-plane3-spine01--swp55@sw-egg-backend-plane3-leaf07"]: Creating...
netris_link.ew_switch_links["swp46@sw-egg-backend-plane4-spine02--swp62@sw-egg-backend-plane4-leaf06"]: Creating...
netris_link.ew_switch_links["swp13@sw-egg-backend-plane4-spine01--swp53@sw-egg-backend-plane4-leaf02"]: Creation complete after 1s [id=4059815200]
netris_link.ew_switch_links["swp61@sw-egg-backend-plane1-spine02--swp61@sw-egg-backend-plane1-leaf08"]: Creating...
netris_link.ew_switch_links["swp23@sw-egg-backend-plane3-spine02--swp63@sw-egg-backend-plane3-leaf03"]: Creation complete after 1s [id=4261584580]
netris_link.ew_switch_links["swp34@sw-egg-backend-plane2-spine01--swp50@sw-egg-backend-plane2-leaf05"]: Creating...
netris_link.ew_switch_links["swp39@sw-egg-backend-plane4-spine02--swp63@sw-egg-backend-plane4-leaf05"]: Creation complete after 1s [id=4090510268]
netris_link.ew_switch_links["swp52@sw-egg-backend-plane1-spine02--swp60@sw-egg-backend-plane1-leaf07"]: Creating...
netris_link.ew_switch_links["swp21@sw-egg-backend-plane4-spine02--swp61@sw-egg-backend-plane4-leaf03"]: Creation complete after 1s [id=4152611672]
netris_link.ew_switch_links["swp22@sw-egg-backend-plane1-spine01--swp54@sw-egg-backend-plane1-leaf03"]: Creating...
netris_link.ew_switch_links["swp33@sw-egg-backend-plane4-spine01--swp49@sw-egg-backend-plane4-leaf05"]: Creation complete after 1s [id=4094490956]
netris_link.ew_switch_links["swp59@sw-egg-backend-plane3-spine01--swp51@sw-egg-backend-plane3-leaf08"]: Creating...
netris_link.ew_switch_links["swp36@sw-egg-backend-plane4-spine02--swp60@sw-egg-backend-plane4-leaf05"]: Creation complete after 1s [id=4089967592]
netris_link.ew_switch_links["swp52@sw-egg-backend-plane1-spine01--swp52@sw-egg-backend-plane1-leaf07"]: Creating...
netris_link.ew_switch_links["swp46@sw-egg-backend-plane4-spine02--swp62@sw-egg-backend-plane4-leaf06"]: Creation complete after 0s [id=4276923064]
netris_link.ew_switch_links["swp64@sw-egg-backend-plane3-spine02--swp64@sw-egg-backend-plane3-leaf08"]: Creating...
netris_link.ew_switch_links["swp55@sw-egg-backend-plane3-spine01--swp55@sw-egg-backend-plane3-leaf07"]: Creation complete after 0s [id=4229884608]
netris_link.ew_switch_links["swp61@sw-egg-backend-plane2-spine02--swp61@sw-egg-backend-plane2-leaf08"]: Creating...
netris_link.ew_switch_links["swp21@sw-egg-backend-plane4-spine01--swp53@sw-egg-backend-plane4-leaf03"]: Creation complete after 0s [id=4157716652]
netris_link.ew_switch_links["swp38@sw-egg-backend-plane2-spine02--swp62@sw-egg-backend-plane2-leaf05"]: Creating...
netris_link.ew_switch_links["swp59@sw-egg-backend-plane1-spine02--swp59@sw-egg-backend-plane1-leaf08"]: Creation complete after 0s [id=4382071192]
netris_link.ew_switch_links["swp55@sw-egg-backend-plane2-spine02--swp63@sw-egg-backend-plane2-leaf07"]: Creating...
netris_link.ew_switch_links["swp61@sw-egg-backend-plane1-spine02--swp61@sw-egg-backend-plane1-leaf08"]: Creation complete after 0s [id=4382445668]
netris_link.ew_switch_links["swp27@sw-egg-backend-plane2-spine02--swp59@sw-egg-backend-plane2-leaf04"]: Creating...
netris_link.ew_switch_links["swp34@sw-egg-backend-plane2-spine01--swp50@sw-egg-backend-plane2-leaf05"]: Creation complete after 0s [id=4174694496]
netris_link.ew_switch_links["swp46@sw-egg-backend-plane3-spine01--swp54@sw-egg-backend-plane3-leaf06"]: Creating...
netris_link.ew_switch_links["swp52@sw-egg-backend-plane1-spine02--swp60@sw-egg-backend-plane1-leaf07"]: Creation complete after 0s [id=4363554536]
netris_link.ew_switch_links["swp42@sw-egg-backend-plane2-spine01--swp50@sw-egg-backend-plane2-leaf06"]: Creating...
netris_link.ew_switch_links["swp22@sw-egg-backend-plane1-spine01--swp54@sw-egg-backend-plane1-leaf03"]: Creation complete after 0s [id=4001814456]
netris_link.ew_switch_links["swp7@sw-egg-backend-plane4-spine01--swp55@sw-egg-backend-plane4-leaf01"]: Creating...
netris_link.ew_switch_links["swp52@sw-egg-backend-plane1-spine01--swp52@sw-egg-backend-plane1-leaf07"]: Creation complete after 0s [id=4135679388]
netris_link.ew_switch_links["swp59@sw-egg-backend-plane3-spine01--swp51@sw-egg-backend-plane3-leaf08"]: Creation complete after 0s [id=4126043412]
netris_link.ew_switch_links["swp43@sw-egg-backend-plane3-spine01--swp51@sw-egg-backend-plane3-leaf06"]: Creating...
netris_link.ew_switch_links["swp22@sw-egg-backend-plane4-spine02--swp62@sw-egg-backend-plane4-leaf03"]: Creating...
netris_link.ew_switch_links["swp64@sw-egg-backend-plane3-spine02--swp64@sw-egg-backend-plane3-leaf08"]: Creation complete after 0s [id=4081290236]
netris_link.ew_switch_links["swp55@sw-egg-backend-plane1-spine02--swp63@sw-egg-backend-plane1-leaf07"]: Creating...
netris_link.ew_switch_links["swp61@sw-egg-backend-plane2-spine02--swp61@sw-egg-backend-plane2-leaf08"]: Creation complete after 0s [id=4063420844]
netris_link.ew_switch_links["swp15@sw-egg-backend-plane1-spine02--swp63@sw-egg-backend-plane1-leaf02"]: Creating...
netris_link.ew_switch_links["swp38@sw-egg-backend-plane2-spine02--swp62@sw-egg-backend-plane2-leaf05"]: Creation complete after 0s [id=4067208028]
netris_link.ew_switch_links["swp8@sw-egg-backend-plane3-spine02--swp64@sw-egg-backend-plane3-leaf01"]: Creating...
netris_link.ew_switch_links["swp55@sw-egg-backend-plane2-spine02--swp63@sw-egg-backend-plane2-leaf07"]: Creation complete after 0s [id=4086170276]
netris_link.ew_switch_links["swp35@sw-egg-backend-plane4-spine01--swp51@sw-egg-backend-plane4-leaf05"]: Creating...
netris_link.ew_switch_links["swp27@sw-egg-backend-plane2-spine02--swp59@sw-egg-backend-plane2-leaf04"]: Creation complete after 0s [id=4170493488]
netris_link.ew_switch_links["swp60@sw-egg-backend-plane1-spine01--swp52@sw-egg-backend-plane1-leaf08"]: Creating...
netris_link.ew_switch_links["swp7@sw-egg-backend-plane4-spine01--swp55@sw-egg-backend-plane4-leaf01"]: Creation complete after 0s [id=4266755464]
netris_link.ew_switch_links["swp14@sw-egg-backend-plane4-spine02--swp62@sw-egg-backend-plane4-leaf02"]: Creating...
netris_link.ew_switch_links["swp42@sw-egg-backend-plane2-spine01--swp50@sw-egg-backend-plane2-leaf06"]: Creation complete after 0s [id=4379637924]
netris_link.ew_switch_links["swp28@sw-egg-backend-plane4-spine02--swp60@sw-egg-backend-plane4-leaf04"]: Creating...
netris_link.ew_switch_links["swp46@sw-egg-backend-plane3-spine01--swp54@sw-egg-backend-plane3-leaf06"]: Creation complete after 0s [id=4084542900]
netris_link.ew_switch_links["swp36@sw-egg-backend-plane1-spine01--swp52@sw-egg-backend-plane1-leaf05"]: Creating...
netris_link.ew_switch_links["swp22@sw-egg-backend-plane4-spine02--swp62@sw-egg-backend-plane4-leaf03"]: Creation complete after 0s [id=4152793940]
netris_link.ew_switch_links["swp46@sw-egg-backend-plane4-spine01--swp54@sw-egg-backend-plane4-leaf06"]: Creating...
netris_link.ew_switch_links["swp15@sw-egg-backend-plane1-spine02--swp63@sw-egg-backend-plane1-leaf02"]: Creation complete after 0s [id=4442945328]
netris_link.ew_switch_links["swp8@sw-egg-backend-plane3-spine02--swp64@sw-egg-backend-plane3-leaf01"]: Creation complete after 0s [id=4185302200]
netris_link.ew_switch_links["swp35@sw-egg-backend-plane4-spine01--swp51@sw-egg-backend-plane4-leaf05"]: Creation complete after 0s [id=4094852936]
netris_link.ew_switch_links["swp43@sw-egg-backend-plane3-spine01--swp51@sw-egg-backend-plane3-leaf06"]: Creation complete after 0s [id=4084000620]
netris_link.ew_switch_links["swp55@sw-egg-backend-plane1-spine02--swp63@sw-egg-backend-plane1-leaf07"]: Creation complete after 0s [id=4364115068]
netris_link.ew_switch_links["swp2@sw-egg-backend-plane3-spine02--swp58@sw-egg-backend-plane3-leaf01"]: Creating...
netris_link.ew_switch_links["swp28@sw-egg-backend-plane1-spine02--swp60@sw-egg-backend-plane1-leaf04"]: Creating...
netris_link.ew_switch_links["swp45@sw-egg-backend-plane2-spine02--swp61@sw-egg-backend-plane2-leaf06"]: Creating...
netris_link.ew_switch_links["swp21@sw-egg-backend-plane3-spine01--swp53@sw-egg-backend-plane3-leaf03"]: Creating...
netris_link.ew_switch_links["swp29@sw-egg-backend-plane4-spine01--swp53@sw-egg-backend-plane4-leaf04"]: Creating...
netris_link.ew_switch_links["swp60@sw-egg-backend-plane1-spine01--swp52@sw-egg-backend-plane1-leaf08"]: Creation complete after 0s [id=4153888880]
netris_link.ew_switch_links["swp59@sw-egg-backend-plane3-spine02--swp59@sw-egg-backend-plane3-leaf08"]: Creating...
netris_link.ew_switch_links["swp28@sw-egg-backend-plane4-spine02--swp60@sw-egg-backend-plane4-leaf04"]: Creation complete after 0s [id=4349367532]
netris_link.ew_switch_links["swp42@sw-egg-backend-plane4-spine02--swp58@sw-egg-backend-plane4-leaf06"]: Creating...
netris_link.ew_switch_links["swp14@sw-egg-backend-plane4-spine02--swp62@sw-egg-backend-plane4-leaf02"]: Creation complete after 0s [id=4054950808]
netris_link.ew_switch_links["swp7@sw-egg-backend-plane3-spine02--swp63@sw-egg-backend-plane3-leaf01"]: Creating...
netris_link.ew_switch_links["swp36@sw-egg-backend-plane1-spine01--swp52@sw-egg-backend-plane1-leaf05"]: Creation complete after 0s [id=4066126636]
netris_link.ew_switch_links["swp2@sw-egg-backend-plane4-spine02--swp58@sw-egg-backend-plane4-leaf01"]: Creating...
netris_link.ew_switch_links["swp46@sw-egg-backend-plane4-spine01--swp54@sw-egg-backend-plane4-leaf06"]: Creation complete after 0s [id=4282103868]
netris_link.ew_switch_links["swp31@sw-egg-backend-plane2-spine02--swp63@sw-egg-backend-plane2-leaf04"]: Creating...
netris_link.ew_switch_links["swp45@sw-egg-backend-plane2-spine02--swp61@sw-egg-backend-plane2-leaf06"]: Creation complete after 0s [id=4269342900]
netris_link.ew_switch_links["swp17@sw-egg-backend-plane1-spine02--swp57@sw-egg-backend-plane1-leaf03"]: Creating...
netris_link.ew_switch_links["swp28@sw-egg-backend-plane1-spine02--swp60@sw-egg-backend-plane1-leaf04"]: Creation complete after 0s [id=4309168100]
netris_link.ew_switch_links["swp64@sw-egg-backend-plane2-spine02--swp64@sw-egg-backend-plane2-leaf08"]: Creating...
netris_link.ew_switch_links["swp21@sw-egg-backend-plane3-spine01--swp53@sw-egg-backend-plane3-leaf03"]: Creation complete after 0s [id=4307869820]
netris_link.ew_switch_links["swp37@sw-egg-backend-plane2-spine01--swp53@sw-egg-backend-plane2-leaf05"]: Creating...
netris_link.ew_switch_links["swp2@sw-egg-backend-plane3-spine02--swp58@sw-egg-backend-plane3-leaf01"]: Creation complete after 0s [id=4184204380]
netris_link.ew_switch_links["swp32@sw-egg-backend-plane4-spine01--swp56@sw-egg-backend-plane4-leaf04"]: Creating...
netris_link.ew_switch_links["swp29@sw-egg-backend-plane4-spine01--swp53@sw-egg-backend-plane4-leaf04"]: Creation complete after 0s [id=4354778664]
netris_link.ew_switch_links["swp38@sw-egg-backend-plane4-spine01--swp54@sw-egg-backend-plane4-leaf05"]: Creating...
netris_link.ew_switch_links["swp42@sw-egg-backend-plane4-spine02--swp58@sw-egg-backend-plane4-leaf06"]: Creation complete after 0s [id=4276183200]
netris_link.ew_switch_links["swp15@sw-egg-backend-plane2-spine02--swp63@sw-egg-backend-plane2-leaf02"]: Creating...
netris_link.ew_switch_links["swp7@sw-egg-backend-plane3-spine02--swp63@sw-egg-backend-plane3-leaf01"]: Creation complete after 0s [id=4185119220]
netris_link.ew_switch_links["swp41@sw-egg-backend-plane1-spine01--swp49@sw-egg-backend-plane1-leaf06"]: Creating...
netris_link.ew_switch_links["swp2@sw-egg-backend-plane4-spine02--swp58@sw-egg-backend-plane4-leaf01"]: Creation complete after 0s [id=4260660796]
netris_link.ew_switch_links["swp47@sw-egg-backend-plane2-spine02--swp63@sw-egg-backend-plane2-leaf06"]: Creating...
netris_link.ew_switch_links["swp31@sw-egg-backend-plane2-spine02--swp63@sw-egg-backend-plane2-leaf04"]: Creation complete after 0s [id=4171224152]
netris_link.ew_switch_links["swp4@sw-egg-backend-plane1-spine02--swp60@sw-egg-backend-plane1-leaf01"]: Creating...
netris_link.ew_switch_links["swp59@sw-egg-backend-plane3-spine02--swp59@sw-egg-backend-plane3-leaf08"]: Creation complete after 0s [id=4080386816]
netris_link.ew_switch_links["swp28@sw-egg-backend-plane2-spine02--swp60@sw-egg-backend-plane2-leaf04"]: Creating...
netris_link.ew_switch_links["swp17@sw-egg-backend-plane1-spine02--swp57@sw-egg-backend-plane1-leaf03"]: Creation complete after 0s [id=4225101856]
netris_link.ew_switch_links["swp31@sw-egg-backend-plane3-spine02--swp63@sw-egg-backend-plane3-leaf04"]: Creating...
netris_link.ew_switch_links["swp64@sw-egg-backend-plane2-spine02--swp64@sw-egg-backend-plane2-leaf08"]: Creation complete after 0s [id=4063961756]
netris_link.ew_switch_links["swp19@sw-egg-backend-plane2-spine01--swp51@sw-egg-backend-plane2-leaf03"]: Creating...
netris_link.ew_switch_links["swp32@sw-egg-backend-plane4-spine01--swp56@sw-egg-backend-plane4-leaf04"]: Creation complete after 0s [id=4355338632]
netris_link.ew_switch_links["swp43@sw-egg-backend-plane1-spine01--swp51@sw-egg-backend-plane1-leaf06"]: Creating...
netris_link.ew_switch_links["swp37@sw-egg-backend-plane2-spine01--swp53@sw-egg-backend-plane2-leaf05"]: Creation complete after 0s [id=4175242764]
netris_link.ew_switch_links["swp18@sw-egg-backend-plane2-spine01--swp50@sw-egg-backend-plane2-leaf03"]: Creating...
netris_link.ew_switch_links["swp38@sw-egg-backend-plane4-spine01--swp54@sw-egg-backend-plane4-leaf05"]: Creation complete after 0s [id=4095395936]
netris_link.ew_switch_links["swp15@sw-egg-backend-plane3-spine01--swp55@sw-egg-backend-plane3-leaf02"]: Creating...
netris_link.ew_switch_links["swp15@sw-egg-backend-plane2-spine02--swp63@sw-egg-backend-plane2-leaf02"]: Creation complete after 1s [id=4238719416]
netris_link.ew_switch_links["swp28@sw-egg-backend-plane2-spine02--swp60@sw-egg-backend-plane2-leaf04"]: Creation complete after 1s [id=4170676148]
netris_link.ew_switch_links["swp4@sw-egg-backend-plane1-spine02--swp60@sw-egg-backend-plane1-leaf01"]: Creation complete after 1s [id=4335201264]
netris_link.ew_switch_links["swp41@sw-egg-backend-plane1-spine01--swp49@sw-egg-backend-plane1-leaf06"]: Creation complete after 1s [id=3947427752]
netris_link.ew_switch_links["swp31@sw-egg-backend-plane3-spine02--swp63@sw-egg-backend-plane3-leaf04"]: Creation complete after 1s [id=4026364344]
netris_link.ew_switch_links["swp19@sw-egg-backend-plane2-spine01--swp51@sw-egg-backend-plane2-leaf03"]: Creation complete after 1s [id=4144230872]
netris_link.ew_switch_links["swp47@sw-egg-backend-plane2-spine02--swp63@sw-egg-backend-plane2-leaf06"]: Creation complete after 1s [id=4269712528]
netris_link.ew_switch_links["swp45@sw-egg-backend-plane1-spine01--swp53@sw-egg-backend-plane1-leaf06"]: Creating...
netris_link.ew_switch_links["swp26@sw-egg-backend-plane3-spine01--swp50@sw-egg-backend-plane3-leaf04"]: Creating...
netris_link.ew_switch_links["swp60@sw-egg-backend-plane3-spine02--swp60@sw-egg-backend-plane3-leaf08"]: Creating...
netris_link.ew_switch_links["swp47@sw-egg-backend-plane4-spine01--swp55@sw-egg-backend-plane4-leaf06"]: Creating...
netris_link.ew_switch_links["swp22@sw-egg-backend-plane2-spine02--swp62@sw-egg-backend-plane2-leaf03"]: Creating...
netris_link.ew_switch_links["swp32@sw-egg-backend-plane1-spine02--swp64@sw-egg-backend-plane1-leaf04"]: Creating...
netris_link.ew_switch_links["swp18@sw-egg-backend-plane1-spine01--swp50@sw-egg-backend-plane1-leaf03"]: Creating...
netris_link.ew_switch_links["swp15@sw-egg-backend-plane3-spine01--swp55@sw-egg-backend-plane3-leaf02"]: Creation complete after 1s [id=4099198180]
netris_link.ew_switch_links["swp50@sw-egg-backend-plane3-spine01--swp50@sw-egg-backend-plane3-leaf07"]: Creating...
netris_link.ew_switch_links["swp43@sw-egg-backend-plane1-spine01--swp51@sw-egg-backend-plane1-leaf06"]: Creation complete after 1s [id=3947783172]
netris_link.ew_switch_links["swp3@sw-egg-backend-plane1-spine01--swp51@sw-egg-backend-plane1-leaf01"]: Creating...
netris_link.ew_switch_links["swp18@sw-egg-backend-plane2-spine01--swp50@sw-egg-backend-plane2-leaf03"]: Creation complete after 1s [id=4144048792]
netris_link.ew_switch_links["swp31@sw-egg-backend-plane4-spine01--swp55@sw-egg-backend-plane4-leaf04"]: Creating...
netris_link.ew_switch_links["swp60@sw-egg-backend-plane3-spine02--swp60@sw-egg-backend-plane3-leaf08"]: Creation complete after 0s [id=4080567492]
netris_link.ew_switch_links["swp38@sw-egg-backend-plane4-spine02--swp62@sw-egg-backend-plane4-leaf05"]: Creating...
netris_link.ew_switch_links["swp26@sw-egg-backend-plane3-spine01--swp50@sw-egg-backend-plane3-leaf04"]: Creation complete after 0s [id=4070816180]
netris_link.ew_switch_links["swp30@sw-egg-backend-plane3-spine02--swp62@sw-egg-backend-plane3-leaf04"]: Creating...
netris_link.ew_switch_links["swp22@sw-egg-backend-plane2-spine02--swp62@sw-egg-backend-plane2-leaf03"]: Creation complete after 0s [id=4036960148]
netris_link.ew_switch_links["swp56@sw-egg-backend-plane4-spine01--swp56@sw-egg-backend-plane4-leaf07"]: Creating...
netris_link.ew_switch_links["swp47@sw-egg-backend-plane4-spine01--swp55@sw-egg-backend-plane4-leaf06"]: Creation complete after 0s [id=4282288956]
netris_link.ew_switch_links["swp27@sw-egg-backend-plane4-spine01--swp51@sw-egg-backend-plane4-leaf04"]: Creating...
netris_link.ew_switch_links["swp45@sw-egg-backend-plane1-spine01--swp53@sw-egg-backend-plane1-leaf06"]: Creation complete after 0s [id=3948138608]
netris_link.ew_switch_links["swp9@sw-egg-backend-plane2-spine02--swp57@sw-egg-backend-plane2-leaf02"]: Creating...
netris_link.ew_switch_links["swp32@sw-egg-backend-plane1-spine02--swp64@sw-egg-backend-plane1-leaf04"]: Creation complete after 0s [id=4309910812]
netris_link.ew_switch_links["swp9@sw-egg-backend-plane4-spine02--swp57@sw-egg-backend-plane4-leaf02"]: Creating...
netris_link.ew_switch_links["swp18@sw-egg-backend-plane1-spine01--swp50@sw-egg-backend-plane1-leaf03"]: Creation complete after 0s [id=4001098784]
netris_link.ew_switch_links["swp63@sw-egg-backend-plane3-spine01--swp55@sw-egg-backend-plane3-leaf08"]: Creating...
netris_link.ew_switch_links["swp50@sw-egg-backend-plane3-spine01--swp50@sw-egg-backend-plane3-leaf07"]: Creation complete after 0s [id=4228964888]
netris_link.ew_switch_links["swp9@sw-egg-backend-plane1-spine02--swp57@sw-egg-backend-plane1-leaf02"]: Creating...
netris_link.ew_switch_links["swp3@sw-egg-backend-plane1-spine01--swp51@sw-egg-backend-plane1-leaf01"]: Creation complete after 0s [id=4107896320]
netris_link.ew_switch_links["swp56@sw-egg-backend-plane2-spine02--swp64@sw-egg-backend-plane2-leaf07"]: Creating...
netris_link.ew_switch_links["swp31@sw-egg-backend-plane4-spine01--swp55@sw-egg-backend-plane4-leaf04"]: Creation complete after 0s [id=4355151972]
netris_link.ew_switch_links["swp35@sw-egg-backend-plane4-spine02--swp59@sw-egg-backend-plane4-leaf05"]: Creating...
netris_link.ew_switch_links["swp38@sw-egg-backend-plane4-spine02--swp62@sw-egg-backend-plane4-leaf05"]: Creation complete after 0s [id=4090329372]
netris_link.ew_switch_links["swp14@sw-egg-backend-plane1-spine01--swp54@sw-egg-backend-plane1-leaf02"]: Creating...
netris_link.ew_switch_links["swp30@sw-egg-backend-plane3-spine02--swp62@sw-egg-backend-plane3-leaf04"]: Creation complete after 0s [id=4026184872]
netris_link.ew_switch_links["swp58@sw-egg-backend-plane2-spine02--swp58@sw-egg-backend-plane2-leaf08"]: Creating...
netris_link.ew_switch_links["swp27@sw-egg-backend-plane4-spine01--swp51@sw-egg-backend-plane4-leaf04"]: Creation complete after 0s [id=4354405372]
netris_link.ew_switch_links["swp40@sw-egg-backend-plane3-spine01--swp56@sw-egg-backend-plane3-leaf05"]: Creating...
netris_link.ew_switch_links["swp63@sw-egg-backend-plane3-spine01--swp55@sw-egg-backend-plane3-leaf08"]: Creation complete after 0s [id=4126770172]
netris_link.ew_switch_links["swp57@sw-egg-backend-plane4-spine01--swp49@sw-egg-backend-plane4-leaf08"]: Creating...
netris_link.ew_switch_links["swp9@sw-egg-backend-plane2-spine02--swp57@sw-egg-backend-plane2-leaf02"]: Creation complete after 0s [id=4237614612]
netris_link.ew_switch_links["swp58@sw-egg-backend-plane3-spine02--swp58@sw-egg-backend-plane3-leaf08"]: Creating...
netris_link.ew_switch_links["swp9@sw-egg-backend-plane4-spine02--swp57@sw-egg-backend-plane4-leaf02"]: Creation complete after 0s [id=4054050308]
netris_link.ew_switch_links["swp52@sw-egg-backend-plane2-spine01--swp52@sw-egg-backend-plane2-leaf07"]: Creating...
netris_link.ew_switch_links["swp56@sw-egg-backend-plane4-spine01--swp56@sw-egg-backend-plane4-leaf07"]: Creation complete after 0s [id=4172867852]
netris_link.ew_switch_links["swp25@sw-egg-backend-plane3-spine01--swp49@sw-egg-backend-plane3-leaf04"]: Creating...
netris_link.ew_switch_links["swp9@sw-egg-backend-plane1-spine02--swp57@sw-egg-backend-plane1-leaf02"]: Creation complete after 0s [id=4441814220]
netris_link.ew_switch_links["swp31@sw-egg-backend-plane3-spine01--swp55@sw-egg-backend-plane3-leaf04"]: Creating...
netris_link.ew_switch_links["swp35@sw-egg-backend-plane4-spine02--swp59@sw-egg-backend-plane4-leaf05"]: Creation complete after 0s [id=4089786708]
netris_link.ew_switch_links["swp56@sw-egg-backend-plane2-spine02--swp64@sw-egg-backend-plane2-leaf07"]: Creation complete after 0s [id=4086351080]
netris_link.ew_switch_links["swp14@sw-egg-backend-plane1-spine01--swp54@sw-egg-backend-plane1-leaf02"]: Creation complete after 0s [id=4212795284]
netris_link.ew_switch_links["swp58@sw-egg-backend-plane2-spine02--swp58@sw-egg-backend-plane2-leaf08"]: Creation complete after 0s [id=4062879968]
netris_link.ew_switch_links["swp39@sw-egg-backend-plane3-spine02--swp63@sw-egg-backend-plane3-leaf05"]: Creating...
netris_link.ew_switch_links["swp58@sw-egg-backend-plane1-spine02--swp58@sw-egg-backend-plane1-leaf08"]: Creating...
netris_link.ew_switch_links["swp53@sw-egg-backend-plane1-spine02--swp61@sw-egg-backend-plane1-leaf07"]: Creating...
netris_link.ew_switch_links["swp51@sw-egg-backend-plane4-spine01--swp51@sw-egg-backend-plane4-leaf07"]: Creating...
netris_link.ew_switch_links["swp58@sw-egg-backend-plane3-spine02--swp58@sw-egg-backend-plane3-leaf08"]: Creation complete after 0s [id=4080206144]
netris_link.ew_switch_links["swp44@sw-egg-backend-plane4-spine01--swp52@sw-egg-backend-plane4-leaf06"]: Creating...
netris_link.ew_switch_links["swp40@sw-egg-backend-plane3-spine01--swp56@sw-egg-backend-plane3-leaf05"]: Creation complete after 0s [id=4210958476]
netris_link.ew_switch_links["swp24@sw-egg-backend-plane2-spine02--swp64@sw-egg-backend-plane2-leaf03"]: Creating...
netris_link.ew_switch_links["swp57@sw-egg-backend-plane4-spine01--swp49@sw-egg-backend-plane4-leaf08"]: Creation complete after 0s [id=4178168152]
netris_link.ew_switch_links["swp60@sw-egg-backend-plane2-spine01--swp52@sw-egg-backend-plane2-leaf08"]: Creating...
netris_link.ew_switch_links["swp31@sw-egg-backend-plane3-spine01--swp55@sw-egg-backend-plane3-leaf04"]: Creation complete after 0s [id=4071718540]
netris_link.ew_switch_links["swp52@sw-egg-backend-plane3-spine01--swp52@sw-egg-backend-plane3-leaf07"]: Creating...
netris_link.ew_switch_links["swp25@sw-egg-backend-plane3-spine01--swp49@sw-egg-backend-plane3-leaf04"]: Creation complete after 0s [id=4070635720]
netris_link.ew_switch_links["swp3@sw-egg-backend-plane3-spine02--swp59@sw-egg-backend-plane3-leaf01"]: Creating...
netris_link.ew_switch_links["swp52@sw-egg-backend-plane2-spine01--swp52@sw-egg-backend-plane2-leaf07"]: Creation complete after 0s [id=4194088556]
netris_link.ew_switch_links["swp29@sw-egg-backend-plane4-spine02--swp61@sw-egg-backend-plane4-leaf04"]: Creating...
netris_link.ew_switch_links["swp53@sw-egg-backend-plane1-spine02--swp61@sw-egg-backend-plane1-leaf07"]: Creation complete after 0s [id=4363741376]
netris_link.ew_switch_links["swp61@sw-egg-backend-plane3-spine01--swp53@sw-egg-backend-plane3-leaf08"]: Creating...
netris_link.ew_switch_links["swp58@sw-egg-backend-plane1-spine02--swp58@sw-egg-backend-plane1-leaf08"]: Creation complete after 0s [id=4381883960]
netris_link.ew_switch_links["swp7@sw-egg-backend-plane4-spine02--swp63@sw-egg-backend-plane4-leaf01"]: Creating...
netris_link.ew_switch_links["swp39@sw-egg-backend-plane3-spine02--swp63@sw-egg-backend-plane3-leaf05"]: Creation complete after 0s [id=4164650628]
netris_link.ew_switch_links["swp29@sw-egg-backend-plane2-spine01--swp53@sw-egg-backend-plane2-leaf04"]: Creating...
netris_link.ew_switch_links["swp51@sw-egg-backend-plane4-spine01--swp51@sw-egg-backend-plane4-leaf07"]: Creation complete after 0s [id=4171954352]
netris_link.ew_switch_links["swp60@sw-egg-backend-plane1-spine02--swp60@sw-egg-backend-plane1-leaf08"]: Creating...
netris_link.ew_switch_links["swp44@sw-egg-backend-plane4-spine01--swp52@sw-egg-backend-plane4-leaf06"]: Creation complete after 0s [id=4281733704]
netris_link.ew_switch_links["swp18@sw-egg-backend-plane3-spine01--swp50@sw-egg-backend-plane3-leaf03"]: Creating...
netris_link.ew_switch_links["swp24@sw-egg-backend-plane2-spine02--swp64@sw-egg-backend-plane2-leaf03"]: Creation complete after 0s [id=4037319576]
netris_link.ew_switch_links["swp50@sw-egg-backend-plane4-spine01--swp50@sw-egg-backend-plane4-leaf07"]: Creating...
netris_link.ew_switch_links["swp60@sw-egg-backend-plane2-spine01--swp52@sw-egg-backend-plane2-leaf08"]: Creation complete after 0s [id=4171405600]
netris_link.ew_switch_links["swp27@sw-egg-backend-plane4-spine02--swp59@sw-egg-backend-plane4-leaf04"]: Creating...
netris_link.ew_switch_links["swp52@sw-egg-backend-plane3-spine01--swp52@sw-egg-backend-plane3-leaf07"]: Creation complete after 0s [id=4229332764]
netris_link.ew_switch_links["swp47@sw-egg-backend-plane3-spine02--swp63@sw-egg-backend-plane3-leaf06"]: Creating...
netris_link.ew_switch_links["swp61@sw-egg-backend-plane3-spine01--swp53@sw-egg-backend-plane3-leaf08"]: Creation complete after 0s [id=4126406784]
netris_link.ew_switch_links["swp47@sw-egg-backend-plane1-spine02--swp63@sw-egg-backend-plane1-leaf06"]: Creating...
netris_link.ew_switch_links["swp29@sw-egg-backend-plane4-spine02--swp61@sw-egg-backend-plane4-leaf04"]: Creation complete after 0s [id=4349554068]
netris_link.ew_switch_links["swp62@sw-egg-backend-plane2-spine01--swp54@sw-egg-backend-plane2-leaf08"]: Creating...
netris_link.ew_switch_links["swp7@sw-egg-backend-plane4-spine02--swp63@sw-egg-backend-plane4-leaf01"]: Creation complete after 0s [id=4261583956]
netris_link.ew_switch_links["swp49@sw-egg-backend-plane4-spine02--swp57@sw-egg-backend-plane4-leaf07"]: Creating...
netris_link.ew_switch_links["swp3@sw-egg-backend-plane3-spine02--swp59@sw-egg-backend-plane3-leaf01"]: Creation complete after 1s [id=4184387340]
netris_link.ew_switch_links["swp49@sw-egg-backend-plane1-spine01--swp49@sw-egg-backend-plane1-leaf07"]: Creating...
netris_link.ew_switch_links["swp29@sw-egg-backend-plane2-spine01--swp53@sw-egg-backend-plane2-leaf04"]: Creation complete after 1s [id=4280437576]
netris_link.ew_switch_links["swp6@sw-egg-backend-plane2-spine01--swp54@sw-egg-backend-plane2-leaf01"]: Creating...
netris_link.ew_switch_links["swp60@sw-egg-backend-plane1-spine02--swp60@sw-egg-backend-plane1-leaf08"]: Creation complete after 1s [id=4382258428]
netris_link.ew_switch_links["swp54@sw-egg-backend-plane3-spine02--swp62@sw-egg-backend-plane3-leaf07"]: Creating...
netris_link.ew_switch_links["swp18@sw-egg-backend-plane3-spine01--swp50@sw-egg-backend-plane3-leaf03"]: Creation complete after 1s [id=4307312912]
netris_link.ew_switch_links["swp16@sw-egg-backend-plane2-spine02--swp64@sw-egg-backend-plane2-leaf02"]: Creating...
netris_link.ew_switch_links["swp50@sw-egg-backend-plane4-spine01--swp50@sw-egg-backend-plane4-leaf07"]: Creation complete after 1s [id=4171771664]
netris_link.ew_switch_links["swp57@sw-egg-backend-plane3-spine02--swp57@sw-egg-backend-plane3-leaf08"]: Creating...
netris_link.ew_switch_links["swp27@sw-egg-backend-plane4-spine02--swp59@sw-egg-backend-plane4-leaf04"]: Creation complete after 1s [id=4349181000]
netris_link.ew_switch_links["swp45@sw-egg-backend-plane2-spine01--swp53@sw-egg-backend-plane2-leaf06"]: Creating...
netris_link.ew_switch_links["swp47@sw-egg-backend-plane3-spine02--swp63@sw-egg-backend-plane3-leaf06"]: Creation complete after 1s [id=4039296896]
netris_link.ew_switch_links["swp42@sw-egg-backend-plane2-spine02--swp58@sw-egg-backend-plane2-leaf06"]: Creating...
netris_link.ew_switch_links["swp47@sw-egg-backend-plane1-spine02--swp63@sw-egg-backend-plane1-leaf06"]: Creation complete after 1s [id=4171222504]
netris_link.ew_switch_links["swp30@sw-egg-backend-plane2-spine01--swp54@sw-egg-backend-plane2-leaf04"]: Creating...
netris_link.ew_switch_links["swp49@sw-egg-backend-plane4-spine02--swp57@sw-egg-backend-plane4-leaf07"]: Creation complete after 0s [id=4166475488]
netris_link.ew_switch_links["swp6@sw-egg-backend-plane2-spine01--swp54@sw-egg-backend-plane2-leaf01"]: Creation complete after 0s [id=4207654504]
netris_link.ew_switch_links["swp62@sw-egg-backend-plane2-spine01--swp54@sw-egg-backend-plane2-leaf08"]: Creation complete after 1s [id=4171770964]
netris_link.ew_switch_links["swp49@sw-egg-backend-plane1-spine01--swp49@sw-egg-backend-plane1-leaf07"]: Creation complete after 0s [id=4135133724]
netris_link.ew_switch_links["swp20@sw-egg-backend-plane4-spine01--swp52@sw-egg-backend-plane4-leaf03"]: Creating...
netris_link.ew_switch_links["swp3@sw-egg-backend-plane2-spine01--swp51@sw-egg-backend-plane2-leaf01"]: Creating...
netris_link.ew_switch_links["swp38@sw-egg-backend-plane1-spine01--swp54@sw-egg-backend-plane1-leaf05"]: Creating...
netris_link.ew_switch_links["swp35@sw-egg-backend-plane1-spine02--swp59@sw-egg-backend-plane1-leaf05"]: Creating...
netris_link.ew_switch_links["swp57@sw-egg-backend-plane3-spine02--swp57@sw-egg-backend-plane3-leaf08"]: Creation complete after 0s [id=4080025476]
netris_link.ew_switch_links["swp54@sw-egg-backend-plane3-spine02--swp62@sw-egg-backend-plane3-leaf07"]: Creation complete after 0s [id=4183472524]
netris_link.ew_switch_links["swp7@sw-egg-backend-plane2-spine02--swp63@sw-egg-backend-plane2-leaf01"]: Creating...
netris_link.ew_switch_links["swp58@sw-egg-backend-plane3-spine01--swp50@sw-egg-backend-plane3-leaf08"]: Creating...
netris_link.ew_switch_links["swp16@sw-egg-backend-plane2-spine02--swp64@sw-egg-backend-plane2-leaf02"]: Creation complete after 0s [id=4238903564]
netris_link.ew_switch_links["swp50@sw-egg-backend-plane1-spine01--swp50@sw-egg-backend-plane1-leaf07"]: Creating...
netris_link.ew_switch_links["swp30@sw-egg-backend-plane2-spine01--swp54@sw-egg-backend-plane2-leaf04"]: Creation complete after 0s [id=4280622628]
netris_link.ew_switch_links["swp47@sw-egg-backend-plane4-spine02--swp63@sw-egg-backend-plane4-leaf06"]: Creating...
netris_link.ew_switch_links["swp45@sw-egg-backend-plane2-spine01--swp53@sw-egg-backend-plane2-leaf06"]: Creation complete after 0s [id=4380199488]
netris_link.ew_switch_links["swp42@sw-egg-backend-plane2-spine02--swp58@sw-egg-backend-plane2-leaf06"]: Creation complete after 0s [id=4268788488]
netris_link.ew_switch_links["swp26@sw-egg-backend-plane4-spine01--swp50@sw-egg-backend-plane4-leaf04"]: Creating...
netris_link.ew_switch_links["swp46@sw-egg-backend-plane2-spine01--swp54@sw-egg-backend-plane2-leaf06"]: Creating...
netris_link.ew_switch_links["swp20@sw-egg-backend-plane4-spine01--swp52@sw-egg-backend-plane4-leaf03"]: Creation complete after 0s [id=4157534276]
netris_link.ew_switch_links["swp3@sw-egg-backend-plane4-spine02--swp59@sw-egg-backend-plane4-leaf01"]: Creating...
netris_link.ew_switch_links["swp35@sw-egg-backend-plane1-spine02--swp59@sw-egg-backend-plane1-leaf05"]: Creation complete after 0s [id=4291917988]
netris_link.ew_switch_links["swp28@sw-egg-backend-plane3-spine01--swp52@sw-egg-backend-plane3-leaf04"]: Creating...
netris_link.ew_switch_links["swp38@sw-egg-backend-plane1-spine01--swp54@sw-egg-backend-plane1-leaf05"]: Creation complete after 0s [id=4066487360]
netris_link.ew_switch_links["swp21@sw-egg-backend-plane1-spine01--swp53@sw-egg-backend-plane1-leaf03"]: Creating...
netris_link.ew_switch_links["swp3@sw-egg-backend-plane2-spine01--swp51@sw-egg-backend-plane2-leaf01"]: Creation complete after 0s [id=4207104112]
netris_link.ew_switch_links["swp49@sw-egg-backend-plane2-spine01--swp49@sw-egg-backend-plane2-leaf07"]: Creating...
netris_link.ew_switch_links["swp58@sw-egg-backend-plane3-spine01--swp50@sw-egg-backend-plane3-leaf08"]: Creation complete after 0s [id=4125861732]
netris_link.ew_switch_links["swp7@sw-egg-backend-plane1-spine02--swp63@sw-egg-backend-plane1-leaf01"]: Creating...
netris_link.ew_switch_links["swp7@sw-egg-backend-plane2-spine02--swp63@sw-egg-backend-plane2-leaf01"]: Creation complete after 0s [id=4099198508]
netris_link.ew_switch_links["swp29@sw-egg-backend-plane2-spine02--swp61@sw-egg-backend-plane2-leaf04"]: Creating...
netris_link.ew_switch_links["swp50@sw-egg-backend-plane1-spine01--swp50@sw-egg-backend-plane1-leaf07"]: Creation complete after 0s [id=4135315608]
netris_link.ew_switch_links["swp52@sw-egg-backend-plane4-spine01--swp52@sw-egg-backend-plane4-leaf07"]: Creating...
netris_link.ew_switch_links["swp47@sw-egg-backend-plane4-spine02--swp63@sw-egg-backend-plane4-leaf06"]: Creation complete after 0s [id=4277108040]
netris_link.ew_switch_links["swp28@sw-egg-backend-plane1-spine01--swp52@sw-egg-backend-plane1-leaf04"]: Creating...
netris_link.ew_switch_links["swp46@sw-egg-backend-plane2-spine01--swp54@sw-egg-backend-plane2-leaf06"]: Creation complete after 0s [id=4380386684]
netris_link.ew_switch_links["swp44@sw-egg-backend-plane1-spine01--swp52@sw-egg-backend-plane1-leaf06"]: Creating...
netris_link.ew_switch_links["swp26@sw-egg-backend-plane4-spine01--swp50@sw-egg-backend-plane4-leaf04"]: Creation complete after 0s [id=4354218732]
netris_link.ew_switch_links["swp3@sw-egg-backend-plane4-spine02--swp59@sw-egg-backend-plane4-leaf01"]: Creation complete after 0s [id=4260845420]
netris_link.ew_switch_links["swp44@sw-egg-backend-plane1-spine02--swp60@sw-egg-backend-plane1-leaf06"]: Creating...
netris_link.ew_switch_links["swp56@sw-egg-backend-plane3-spine02--swp64@sw-egg-backend-plane3-leaf07"]: Creating...
netris_link.ew_switch_links["swp49@sw-egg-backend-plane2-spine01--swp49@sw-egg-backend-plane2-leaf07"]: Creation complete after 0s [id=4193539052]
netris_link.ew_switch_links["swp27@sw-egg-backend-plane1-spine01--swp51@sw-egg-backend-plane1-leaf04"]: Creating...
netris_link.ew_switch_links["swp21@sw-egg-backend-plane1-spine01--swp53@sw-egg-backend-plane1-leaf03"]: Creation complete after 0s [id=4001635532]
netris_link.ew_switch_links["swp33@sw-egg-backend-plane3-spine01--swp49@sw-egg-backend-plane3-leaf05"]: Creating...
netris_link.ew_switch_links["swp28@sw-egg-backend-plane3-spine01--swp52@sw-egg-backend-plane3-leaf04"]: Creation complete after 0s [id=4071177112]
netris_link.ew_switch_links["swp6@sw-egg-backend-plane3-spine01--swp54@sw-egg-backend-plane3-leaf01"]: Creating...
netris_link.ew_switch_links["swp52@sw-egg-backend-plane4-spine01--swp52@sw-egg-backend-plane4-leaf07"]: Creation complete after 0s [id=4172137044]
netris_link.ew_switch_links["swp45@sw-egg-backend-plane1-spine02--swp61@sw-egg-backend-plane1-leaf06"]: Creating...
netris_link.ew_switch_links["swp7@sw-egg-backend-plane1-spine02--swp63@sw-egg-backend-plane1-leaf01"]: Creation complete after 0s [id=4335759972]
netris_link.ew_switch_links["swp24@sw-egg-backend-plane3-spine01--swp56@sw-egg-backend-plane3-leaf03"]: Creating...
netris_link.ew_switch_links["swp27@sw-egg-backend-plane1-spine01--swp51@sw-egg-backend-plane1-leaf04"]: Creation complete after 0s [id=4082555876]
netris_link.ew_switch_links["swp44@sw-egg-backend-plane1-spine01--swp52@sw-egg-backend-plane1-leaf06"]: Creation complete after 0s [id=3947960888]
netris_link.ew_switch_links["swp44@sw-egg-backend-plane1-spine02--swp60@sw-egg-backend-plane1-leaf06"]: Creation complete after 0s [id=4170674500]
netris_link.ew_switch_links["swp33@sw-egg-backend-plane3-spine01--swp49@sw-egg-backend-plane3-leaf05"]: Creation complete after 0s [id=4209673780]
netris_link.ew_switch_links["swp6@sw-egg-backend-plane3-spine01--swp54@sw-egg-backend-plane3-leaf01"]: Creation complete after 0s [id=4231172440]
netris_link.ew_switch_links["swp28@sw-egg-backend-plane1-spine01--swp52@sw-egg-backend-plane1-leaf04"]: Creation complete after 0s [id=4082736600]
netris_link.ew_switch_links["swp56@sw-egg-backend-plane3-spine02--swp64@sw-egg-backend-plane3-leaf07"]: Creation complete after 0s [id=4183838416]
netris_link.ew_switch_links["swp29@sw-egg-backend-plane2-spine02--swp61@sw-egg-backend-plane2-leaf04"]: Creation complete after 0s [id=4170858812]
netris_link.ew_switch_links["swp30@sw-egg-backend-plane3-spine01--swp54@sw-egg-backend-plane3-leaf04"]: Creating...
netris_link.ew_switch_links["swp14@sw-egg-backend-plane2-spine02--swp62@sw-egg-backend-plane2-leaf02"]: Creating...
netris_link.ew_switch_links["swp10@sw-egg-backend-plane3-spine01--swp50@sw-egg-backend-plane3-leaf02"]: Creating...
netris_link.ew_switch_links["swp32@sw-egg-backend-plane1-spine01--swp56@sw-egg-backend-plane1-leaf04"]: Creating...
netris_link.ew_switch_links["swp5@sw-egg-backend-plane1-spine02--swp61@sw-egg-backend-plane1-leaf01"]: Creating...
netris_link.ew_switch_links["swp31@sw-egg-backend-plane2-spine01--swp55@sw-egg-backend-plane2-leaf04"]: Creating...
netris_link.ew_switch_links["swp2@sw-egg-backend-plane2-spine02--swp58@sw-egg-backend-plane2-leaf01"]: Creating...
netris_link.ew_switch_links["swp50@sw-egg-backend-plane2-spine01--swp50@sw-egg-backend-plane2-leaf07"]: Creating...
netris_link.ew_switch_links["swp24@sw-egg-backend-plane3-spine01--swp56@sw-egg-backend-plane3-leaf03"]: Creation complete after 0s [id=4308426764]
netris_link.ew_switch_links["swp45@sw-egg-backend-plane1-spine02--swp61@sw-egg-backend-plane1-leaf06"]: Creation complete after 0s [id=4170857164]
netris_link.ew_switch_links["swp30@sw-egg-backend-plane3-spine01--swp54@sw-egg-backend-plane3-leaf04"]: Creation complete after 0s [id=4071538060]
netris_link.ew_switch_links["swp32@sw-egg-backend-plane1-spine01--swp56@sw-egg-backend-plane1-leaf04"]: Creation complete after 0s [id=4083459536]
netris_link.ew_switch_links["swp10@sw-egg-backend-plane3-spine01--swp50@sw-egg-backend-plane3-leaf02"]: Creation complete after 0s [id=4098292780]
netris_link.ew_switch_links["swp48@sw-egg-backend-plane2-spine02--swp64@sw-egg-backend-plane2-leaf06"]: Creating...
netris_link.ew_switch_links["swp64@sw-egg-backend-plane4-spine01--swp56@sw-egg-backend-plane4-leaf08"]: Creating...
netris_link.ew_switch_links["swp46@sw-egg-backend-plane1-spine02--swp62@sw-egg-backend-plane1-leaf06"]: Creating...
netris_link.ew_switch_links["swp51@sw-egg-backend-plane2-spine02--swp59@sw-egg-backend-plane2-leaf07"]: Creating...
netris_link.ew_switch_links["swp17@sw-egg-backend-plane2-spine02--swp57@sw-egg-backend-plane2-leaf03"]: Creating...
netris_link.ew_switch_links["swp50@sw-egg-backend-plane2-spine01--swp50@sw-egg-backend-plane2-leaf07"]: Creation complete after 0s [id=4193722216]
netris_link.ew_switch_links["swp13@sw-egg-backend-plane2-spine02--swp61@sw-egg-backend-plane2-leaf02"]: Creating...
netris_link.ew_switch_links["swp5@sw-egg-backend-plane1-spine02--swp61@sw-egg-backend-plane1-leaf01"]: Creation complete after 0s [id=4335387496]
netris_link.ew_switch_links["swp49@sw-egg-backend-plane3-spine02--swp57@sw-egg-backend-plane3-leaf07"]: Creating...
netris_link.ew_switch_links["swp31@sw-egg-backend-plane2-spine01--swp55@sw-egg-backend-plane2-leaf04"]: Creation complete after 0s [id=4280807684]
netris_link.ew_switch_links["swp57@sw-egg-backend-plane2-spine02--swp57@sw-egg-backend-plane2-leaf08"]: Creating...
netris_link.ew_switch_links["swp2@sw-egg-backend-plane2-spine02--swp58@sw-egg-backend-plane2-leaf01"]: Creation complete after 0s [id=4098293108]
netris_link.ew_switch_links["swp37@sw-egg-backend-plane1-spine01--swp53@sw-egg-backend-plane1-leaf05"]: Creating...
netris_link.ew_switch_links["swp14@sw-egg-backend-plane2-spine02--swp62@sw-egg-backend-plane2-leaf02"]: Creation complete after 0s [id=4238535272]
netris_link.ew_switch_links["swp15@sw-egg-backend-plane4-spine02--swp63@sw-egg-backend-plane4-leaf02"]: Creating...
netris_link.ew_switch_links["swp48@sw-egg-backend-plane2-spine02--swp64@sw-egg-backend-plane2-leaf06"]: Creation complete after 1s [id=4269897348]
netris_link.ew_switch_links["swp6@sw-egg-backend-plane2-spine02--swp62@sw-egg-backend-plane2-leaf01"]: Creating...
netris_link.ew_switch_links["swp46@sw-egg-backend-plane1-spine02--swp62@sw-egg-backend-plane1-leaf06"]: Creation complete after 1s [id=4171039832]
netris_link.ew_switch_links["swp43@sw-egg-backend-plane2-spine01--swp51@sw-egg-backend-plane2-leaf06"]: Creating...
netris_link.ew_switch_links["swp64@sw-egg-backend-plane4-spine01--swp56@sw-egg-backend-plane4-leaf08"]: Creation complete after 1s [id=4179448032]
netris_link.ew_switch_links["swp1@sw-egg-backend-plane1-spine02--swp57@sw-egg-backend-plane1-leaf01"]: Creating...
netris_link.ew_switch_links["swp13@sw-egg-backend-plane2-spine02--swp61@sw-egg-backend-plane2-leaf02"]: Creation complete after 1s [id=4238351132]
netris_link.ew_switch_links["swp19@sw-egg-backend-plane3-spine02--swp59@sw-egg-backend-plane3-leaf03"]: Creating...
netris_link.ew_switch_links["swp17@sw-egg-backend-plane2-spine02--swp57@sw-egg-backend-plane2-leaf03"]: Creation complete after 1s [id=4036061648]
netris_link.ew_switch_links["swp32@sw-egg-backend-plane4-spine02--swp64@sw-egg-backend-plane4-leaf04"]: Creating...
netris_link.ew_switch_links["swp51@sw-egg-backend-plane2-spine02--swp59@sw-egg-backend-plane2-leaf07"]: Creation complete after 1s [id=4085447100]
netris_link.ew_switch_links["swp24@sw-egg-backend-plane2-spine01--swp56@sw-egg-backend-plane2-leaf03"]: Creating...
netris_link.ew_switch_links["swp49@sw-egg-backend-plane3-spine02--swp57@sw-egg-backend-plane3-leaf07"]: Creation complete after 1s [id=4182557864]
netris_link.ew_switch_links["swp20@sw-egg-backend-plane3-spine01--swp52@sw-egg-backend-plane3-leaf03"]: Creating...
netris_link.ew_switch_links["swp15@sw-egg-backend-plane4-spine02--swp63@sw-egg-backend-plane4-leaf02"]: Creation complete after 1s [id=4055130920]
netris_link.ew_switch_links["swp57@sw-egg-backend-plane2-spine02--swp57@sw-egg-backend-plane2-leaf08"]: Creation complete after 1s [id=4062699684]
netris_link.ew_switch_links["swp37@sw-egg-backend-plane1-spine01--swp53@sw-egg-backend-plane1-leaf05"]: Creation complete after 1s [id=4066306996]
netris_link.ew_switch_links["swp17@sw-egg-backend-plane2-spine01--swp49@sw-egg-backend-plane2-leaf03"]: Creating...
netris_link.ew_switch_links["swp8@sw-egg-backend-plane4-spine01--swp56@sw-egg-backend-plane4-leaf01"]: Creating...
netris_link.ew_switch_links["swp43@sw-egg-backend-plane4-spine01--swp51@sw-egg-backend-plane4-leaf06"]: Creating...
netris_link.ew_switch_links["swp6@sw-egg-backend-plane2-spine02--swp62@sw-egg-backend-plane2-leaf01"]: Creation complete after 0s [id=4099017420]
netris_link.ew_switch_links["swp14@sw-egg-backend-plane3-spine02--swp62@sw-egg-backend-plane3-leaf02"]: Creating...
netris_link.ew_switch_links["swp43@sw-egg-backend-plane2-spine01--swp51@sw-egg-backend-plane2-leaf06"]: Creation complete after 0s [id=4379825108]
netris_link.ew_switch_links["swp18@sw-egg-backend-plane3-spine02--swp58@sw-egg-backend-plane3-leaf03"]: Creating...
netris_link.ew_switch_links["swp1@sw-egg-backend-plane1-spine02--swp57@sw-egg-backend-plane1-leaf01"]: Creation complete after 0s [id=4334642592]
netris_link.ew_switch_links["swp24@sw-egg-backend-plane1-spine02--swp64@sw-egg-backend-plane1-leaf03"]: Creating...
netris_link.ew_switch_links["swp19@sw-egg-backend-plane3-spine02--swp59@sw-egg-backend-plane3-leaf03"]: Creation complete after 0s [id=4260846044]
netris_link.ew_switch_links["swp55@sw-egg-backend-plane4-spine02--swp63@sw-egg-backend-plane4-leaf07"]: Creating...
netris_link.ew_switch_links["swp32@sw-egg-backend-plane4-spine02--swp64@sw-egg-backend-plane4-leaf04"]: Creation complete after 0s [id=4350113700]
netris_link.ew_switch_links["swp6@sw-egg-backend-plane1-spine01--swp54@sw-egg-backend-plane1-leaf01"]: Creating...
netris_link.ew_switch_links["swp24@sw-egg-backend-plane2-spine01--swp56@sw-egg-backend-plane2-leaf03"]: Creation complete after 0s [id=4145141332]
netris_link.ew_switch_links["swp17@sw-egg-backend-plane4-spine01--swp49@sw-egg-backend-plane4-leaf03"]: Creating...
netris_link.ew_switch_links["swp20@sw-egg-backend-plane3-spine01--swp52@sw-egg-backend-plane3-leaf03"]: Creation complete after 0s [id=4307684180]
netris_link.ew_switch_links["swp61@sw-egg-backend-plane4-spine01--swp53@sw-egg-backend-plane4-leaf08"]: Creating...
netris_link.ew_switch_links["swp17@sw-egg-backend-plane2-spine01--swp49@sw-egg-backend-plane2-leaf03"]: Creation complete after 0s [id=4143866716]
netris_link.ew_switch_links["swp53@sw-egg-backend-plane4-spine02--swp61@sw-egg-backend-plane4-leaf07"]: Creating...
netris_link.ew_switch_links["swp43@sw-egg-backend-plane4-spine01--swp51@sw-egg-backend-plane4-leaf06"]: Creation complete after 0s [id=4281548628]
netris_link.ew_switch_links["swp13@sw-egg-backend-plane4-spine02--swp61@sw-egg-backend-plane4-leaf02"]: Creating...
netris_link.ew_switch_links["swp8@sw-egg-backend-plane4-spine01--swp56@sw-egg-backend-plane4-leaf01"]: Creation complete after 0s [id=4266940220]
netris_link.ew_switch_links["swp35@sw-egg-backend-plane3-spine02--swp59@sw-egg-backend-plane3-leaf05"]: Creating...
netris_link.ew_switch_links["swp14@sw-egg-backend-plane3-spine02--swp62@sw-egg-backend-plane3-leaf02"]: Creation complete after 0s [id=4053510688]
netris_link.ew_switch_links["swp10@sw-egg-backend-plane3-spine02--swp58@sw-egg-backend-plane3-leaf02"]: Creating...
netris_link.ew_switch_links["swp18@sw-egg-backend-plane3-spine02--swp58@sw-egg-backend-plane3-leaf03"]: Creation complete after 0s [id=4260661420]
netris_link.ew_switch_links["swp40@sw-egg-backend-plane4-spine01--swp56@sw-egg-backend-plane4-leaf05"]: Creating...
netris_link.ew_switch_links["swp24@sw-egg-backend-plane1-spine02--swp64@sw-egg-backend-plane1-leaf03"]: Creation complete after 0s [id=4226388904]
netris_link.ew_switch_links["swp40@sw-egg-backend-plane1-spine01--swp56@sw-egg-backend-plane1-leaf05"]: Creating...
netris_link.ew_switch_links["swp55@sw-egg-backend-plane4-spine02--swp63@sw-egg-backend-plane4-leaf07"]: Creation complete after 0s [id=4167570980]
netris_link.ew_switch_links["swp23@sw-egg-backend-plane2-spine02--swp63@sw-egg-backend-plane2-leaf03"]: Creating...
netris_link.ew_switch_links["swp6@sw-egg-backend-plane1-spine01--swp54@sw-egg-backend-plane1-leaf01"]: Creation complete after 0s [id=4108440184]
netris_link.ew_switch_links["swp12@sw-egg-backend-plane2-spine02--swp60@sw-egg-backend-plane2-leaf02"]: Creating...
netris_link.ew_switch_links["swp17@sw-egg-backend-plane4-spine01--swp49@sw-egg-backend-plane4-leaf03"]: Creation complete after 0s [id=4156987172]
netris_link.ew_switch_links["swp8@sw-egg-backend-plane1-spine01--swp56@sw-egg-backend-plane1-leaf01"]: Creating...
netris_link.ew_switch_links["swp53@sw-egg-backend-plane4-spine02--swp61@sw-egg-backend-plane4-leaf07"]: Creation complete after 0s [id=4167205800]
netris_link.ew_switch_links["swp21@sw-egg-backend-plane2-spine02--swp61@sw-egg-backend-plane2-leaf03"]: Creating...
netris_link.ew_switch_links["swp13@sw-egg-backend-plane4-spine02--swp61@sw-egg-backend-plane4-leaf02"]: Creation complete after 0s [id=4054770700]
netris_link.ew_switch_links["swp57@sw-egg-backend-plane1-spine02--swp57@sw-egg-backend-plane1-leaf08"]: Creating...
netris_link.ew_switch_links["swp61@sw-egg-backend-plane4-spine01--swp53@sw-egg-backend-plane4-leaf08"]: Creation complete after 0s [id=4178899488]
netris_link.ew_switch_links["swp40@sw-egg-backend-plane3-spine02--swp64@sw-egg-backend-plane3-leaf05"]: Creating...
netris_link.ew_switch_links["swp35@sw-egg-backend-plane3-spine02--swp59@sw-egg-backend-plane3-leaf05"]: Creation complete after 0s [id=4163920540]
netris_link.ew_switch_links["swp19@sw-egg-backend-plane1-spine01--swp51@sw-egg-backend-plane1-leaf03"]: Creating...
netris_link.ew_switch_links["swp10@sw-egg-backend-plane3-spine02--swp58@sw-egg-backend-plane3-leaf02"]: Creation complete after 0s [id=4052790408]
netris_link.ew_switch_links["swp13@sw-egg-backend-plane3-spine02--swp61@sw-egg-backend-plane3-leaf02"]: Creating...
netris_link.ew_switch_links["swp40@sw-egg-backend-plane4-spine01--swp56@sw-egg-backend-plane4-leaf05"]: Creation complete after 0s [id=4095757956]
netris_link.ew_switch_links["swp21@sw-egg-backend-plane2-spine01--swp53@sw-egg-backend-plane2-leaf03"]: Creating...
netris_link.ew_switch_links["swp23@sw-egg-backend-plane2-spine02--swp63@sw-egg-backend-plane2-leaf03"]: Creation complete after 0s [id=4037139860]
netris_link.ew_switch_links["swp33@sw-egg-backend-plane1-spine02--swp57@sw-egg-backend-plane1-leaf05"]: Creating...
netris_link.ew_switch_links["swp40@sw-egg-backend-plane1-spine01--swp56@sw-egg-backend-plane1-leaf05"]: Creation complete after 0s [id=4066848100]
netris_link.ew_switch_links["swp61@sw-egg-backend-plane1-spine01--swp53@sw-egg-backend-plane1-leaf08"]: Creating...
netris_link.ew_switch_links["swp12@sw-egg-backend-plane2-spine02--swp60@sw-egg-backend-plane2-leaf02"]: Creation complete after 0s [id=4238166996]
netris_link.ew_switch_links["swp8@sw-egg-backend-plane1-spine01--swp56@sw-egg-backend-plane1-leaf01"]: Creation complete after 0s [id=4108802780]
netris_link.ew_switch_links["swp21@sw-egg-backend-plane2-spine02--swp61@sw-egg-backend-plane2-leaf03"]: Creation complete after 0s [id=4036780440]
netris_link.ew_switch_links["swp57@sw-egg-backend-plane1-spine02--swp57@sw-egg-backend-plane1-leaf08"]: Creation complete after 0s [id=4381696732]
netris_link.ew_switch_links["swp57@sw-egg-backend-plane2-spine01--swp49@sw-egg-backend-plane2-leaf08"]: Creating...
netris_link.ew_switch_links["swp1@sw-egg-backend-plane4-spine01--swp49@sw-egg-backend-plane4-leaf01"]: Creating...
netris_link.ew_switch_links["swp37@sw-egg-backend-plane3-spine02--swp61@sw-egg-backend-plane3-leaf05"]: Creating...
netris_link.ew_switch_links["swp20@sw-egg-backend-plane3-spine02--swp60@sw-egg-backend-plane3-leaf03"]: Creating...
netris_link.ew_switch_links["swp19@sw-egg-backend-plane1-spine01--swp51@sw-egg-backend-plane1-leaf03"]: Creation complete after 0s [id=4001277696]
netris_link.ew_switch_links["swp38@sw-egg-backend-plane1-spine02--swp62@sw-egg-backend-plane1-leaf05"]: Creating...
netris_link.ew_switch_links["swp13@sw-egg-backend-plane3-spine02--swp61@sw-egg-backend-plane3-leaf02"]: Creation complete after 0s [id=4053330612]
netris_link.ew_switch_links["swp20@sw-egg-backend-plane2-spine01--swp52@sw-egg-backend-plane2-leaf03"]: Creating...
netris_link.ew_switch_links["swp21@sw-egg-backend-plane2-spine01--swp53@sw-egg-backend-plane2-leaf03"]: Creation complete after 0s [id=4144595044]
netris_link.ew_switch_links["swp56@sw-egg-backend-plane3-spine01--swp56@sw-egg-backend-plane3-leaf07"]: Creating...
netris_link.ew_switch_links["swp33@sw-egg-backend-plane1-spine02--swp57@sw-egg-backend-plane1-leaf05"]: Creation complete after 0s [id=4291547400]
netris_link.ew_switch_links["swp41@sw-egg-backend-plane3-spine02--swp57@sw-egg-backend-plane3-leaf06"]: Creating...
netris_link.ew_switch_links["swp40@sw-egg-backend-plane3-spine02--swp64@sw-egg-backend-plane3-leaf05"]: Creation complete after 0s [id=4164833160]
netris_link.ew_switch_links["swp5@sw-egg-backend-plane3-spine02--swp61@sw-egg-backend-plane3-leaf01"]: Creating...
netris_link.ew_switch_links["swp61@sw-egg-backend-plane1-spine01--swp53@sw-egg-backend-plane1-leaf08"]: Creation complete after 0s [id=4154071176]
netris_link.ew_switch_links["swp33@sw-egg-backend-plane2-spine02--swp57@sw-egg-backend-plane2-leaf05"]: Creating...
netris_link.ew_switch_links["swp37@sw-egg-backend-plane3-spine02--swp61@sw-egg-backend-plane3-leaf05"]: Creation complete after 0s [id=4164285576]
netris_link.ew_switch_links["swp42@sw-egg-backend-plane1-spine01--swp50@sw-egg-backend-plane1-leaf06"]: Creating...
netris_link.ew_switch_links["swp20@sw-egg-backend-plane3-spine02--swp60@sw-egg-backend-plane3-leaf03"]: Creation complete after 0s [id=4261030672]
netris_link.ew_switch_links["swp34@sw-egg-backend-plane3-spine01--swp50@sw-egg-backend-plane3-leaf05"]: Creating...
netris_link.ew_switch_links["swp1@sw-egg-backend-plane4-spine01--swp49@sw-egg-backend-plane4-leaf01"]: Creation complete after 0s [id=4265647012]
netris_link.ew_switch_links["swp34@sw-egg-backend-plane2-spine02--swp58@sw-egg-backend-plane2-leaf05"]: Creating...
netris_link.ew_switch_links["swp57@sw-egg-backend-plane2-spine01--swp49@sw-egg-backend-plane2-leaf08"]: Creation complete after 0s [id=4170857584]
netris_link.ew_switch_links["swp22@sw-egg-backend-plane3-spine02--swp62@sw-egg-backend-plane3-leaf03"]: Creating...
netris_link.ew_switch_links["swp38@sw-egg-backend-plane1-spine02--swp62@sw-egg-backend-plane1-leaf05"]: Creation complete after 0s [id=4292473900]
netris_link.ew_switch_links["swp27@sw-egg-backend-plane3-spine01--swp51@sw-egg-backend-plane3-leaf04"]: Creating...
netris_link.ew_switch_links["swp20@sw-egg-backend-plane2-spine01--swp52@sw-egg-backend-plane2-leaf03"]: Creation complete after 0s [id=4144412956]
netris_link.ew_switch_links["swp2@sw-egg-backend-plane1-spine01--swp50@sw-egg-backend-plane1-leaf01"]: Creating...
netris_link.ew_switch_links["swp56@sw-egg-backend-plane3-spine01--swp56@sw-egg-backend-plane3-leaf07"]: Creation complete after 0s [id=4230068564]
netris_link.ew_switch_links["swp49@sw-egg-backend-plane3-spine01--swp49@sw-egg-backend-plane3-leaf07"]: Creating...
netris_link.ew_switch_links["swp41@sw-egg-backend-plane3-spine02--swp57@sw-egg-backend-plane3-leaf06"]: Creation complete after 0s [id=4038218396]
netris_link.ew_switch_links["swp22@sw-egg-backend-plane4-spine01--swp54@sw-egg-backend-plane4-leaf03"]: Creating...
netris_link.ew_switch_links["swp5@sw-egg-backend-plane3-spine02--swp61@sw-egg-backend-plane3-leaf01"]: Creation complete after 1s [id=4184753272]
netris_link.ew_switch_links["swp14@sw-egg-backend-plane3-spine01--swp54@sw-egg-backend-plane3-leaf02"]: Creating...
netris_link.ew_switch_links["swp33@sw-egg-backend-plane2-spine02--swp57@sw-egg-backend-plane2-leaf05"]: Creation complete after 1s [id=4066306168]
netris_link.ew_switch_links["swp7@sw-egg-backend-plane1-spine01--swp55@sw-egg-backend-plane1-leaf01"]: Creating...
netris_link.ew_switch_links["swp42@sw-egg-backend-plane1-spine01--swp50@sw-egg-backend-plane1-leaf06"]: Creation complete after 1s [id=3947605460]
netris_link.ew_switch_links["swp56@sw-egg-backend-plane4-spine02--swp64@sw-egg-backend-plane4-leaf07"]: Creating...
netris_link.ew_switch_links["swp34@sw-egg-backend-plane3-spine01--swp50@sw-egg-backend-plane3-leaf05"]: Creation complete after 1s [id=4209857296]
netris_link.ew_switch_links["swp10@sw-egg-backend-plane2-spine02--swp58@sw-egg-backend-plane2-leaf02"]: Creating...
netris_link.ew_switch_links["swp34@sw-egg-backend-plane2-spine02--swp58@sw-egg-backend-plane2-leaf05"]: Creation complete after 1s [id=4066486532]
netris_link.ew_switch_links["swp25@sw-egg-backend-plane2-spine02--swp57@sw-egg-backend-plane2-leaf04"]: Creating...
netris_link.ew_switch_links["swp22@sw-egg-backend-plane3-spine02--swp62@sw-egg-backend-plane3-leaf03"]: Creation complete after 1s [id=4261399940]
netris_link.ew_switch_links["swp40@sw-egg-backend-plane2-spine02--swp64@sw-egg-backend-plane2-leaf05"]: Creating...
netris_link.ew_switch_links["swp27@sw-egg-backend-plane3-spine01--swp51@sw-egg-backend-plane3-leaf04"]: Creation complete after 1s [id=4070996644]
netris_link.ew_switch_links["swp30@sw-egg-backend-plane2-spine02--swp62@sw-egg-backend-plane2-leaf04"]: Creating...
netris_link.ew_switch_links["swp49@sw-egg-backend-plane3-spine01--swp49@sw-egg-backend-plane3-leaf07"]: Creation complete after 1s [id=4228780956]
netris_link.ew_switch_links["swp39@sw-egg-backend-plane4-spine01--swp55@sw-egg-backend-plane4-leaf05"]: Creating...
netris_link.ew_switch_links["swp2@sw-egg-backend-plane1-spine01--swp50@sw-egg-backend-plane1-leaf01"]: Creation complete after 1s [id=4107715040]
netris_link.ew_switch_links["swp4@sw-egg-backend-plane3-spine01--swp52@sw-egg-backend-plane3-leaf01"]: Creating...
netris_link.ew_switch_links["swp14@sw-egg-backend-plane3-spine01--swp54@sw-egg-backend-plane3-leaf02"]: Creation complete after 0s [id=4099017092]
netris_link.ew_switch_links["swp17@sw-egg-backend-plane4-spine02--swp57@sw-egg-backend-plane4-leaf03"]: Creating...
netris_link.ew_switch_links["swp22@sw-egg-backend-plane4-spine01--swp54@sw-egg-backend-plane4-leaf03"]: Creation complete after 1s [id=4157899032]
netris_link.ew_switch_links["swp64@sw-egg-backend-plane4-spine02--swp64@sw-egg-backend-plane4-leaf08"]: Creating...
netris_link.ew_switch_links["swp7@sw-egg-backend-plane1-spine01--swp55@sw-egg-backend-plane1-leaf01"]: Creation complete after 0s [id=4108621480]
netris_link.ew_switch_links["swp20@sw-egg-backend-plane1-spine01--swp52@sw-egg-backend-plane1-leaf03"]: Creating...
netris_link.ew_switch_links["swp10@sw-egg-backend-plane2-spine02--swp58@sw-egg-backend-plane2-leaf02"]: Creation complete after 0s [id=4237798736]
netris_link.ew_switch_links["swp10@sw-egg-backend-plane2-spine01--swp50@sw-egg-backend-plane2-leaf02"]: Creating...
netris_link.ew_switch_links["swp56@sw-egg-backend-plane4-spine02--swp64@sw-egg-backend-plane4-leaf07"]: Creation complete after 0s [id=4167753576]
netris_link.ew_switch_links["swp61@sw-egg-backend-plane2-spine01--swp53@sw-egg-backend-plane2-leaf08"]: Creating...
netris_link.ew_switch_links["swp40@sw-egg-backend-plane2-spine02--swp64@sw-egg-backend-plane2-leaf05"]: Creation complete after 0s [id=4067568800]
netris_link.ew_switch_links["swp25@sw-egg-backend-plane1-spine01--swp49@sw-egg-backend-plane1-leaf04"]: Creating...
netris_link.ew_switch_links["swp25@sw-egg-backend-plane2-spine02--swp57@sw-egg-backend-plane2-leaf04"]: Creation complete after 0s [id=4170128180]
netris_link.ew_switch_links["swp8@sw-egg-backend-plane2-spine01--swp56@sw-egg-backend-plane2-leaf01"]: Creating...
netris_link.ew_switch_links["swp30@sw-egg-backend-plane2-spine02--swp62@sw-egg-backend-plane2-leaf04"]: Creation complete after 0s [id=4171041480]
netris_link.ew_switch_links["swp39@sw-egg-backend-plane4-spine01--swp55@sw-egg-backend-plane4-leaf05"]: Creation complete after 0s [id=4095576944]
netris_link.ew_switch_links["swp4@sw-egg-backend-plane3-spine01--swp52@sw-egg-backend-plane3-leaf01"]: Creation complete after 0s [id=4230804484]
netris_link.ew_switch_links["swp58@sw-egg-backend-plane2-spine01--swp50@sw-egg-backend-plane2-leaf08"]: Creating...
netris_link.ew_switch_links["swp8@sw-egg-backend-plane2-spine02--swp64@sw-egg-backend-plane2-leaf01"]: Creating...
netris_link.ew_switch_links["swp62@sw-egg-backend-plane4-spine02--swp62@sw-egg-backend-plane4-leaf08"]: Creating...
netris_link.ew_switch_links["swp64@sw-egg-backend-plane4-spine02--swp64@sw-egg-backend-plane4-leaf08"]: Creation complete after 0s [id=4174329724]
netris_link.ew_switch_links["swp58@sw-egg-backend-plane1-spine01--swp50@sw-egg-backend-plane1-leaf08"]: Creating...
netris_link.ew_switch_links["swp20@sw-egg-backend-plane1-spine01--swp52@sw-egg-backend-plane1-leaf03"]: Creation complete after 0s [id=4001456612]
netris_link.ew_switch_links["swp48@sw-egg-backend-plane3-spine02--swp64@sw-egg-backend-plane3-leaf06"]: Creating...
netris_link.ew_switch_links["swp17@sw-egg-backend-plane4-spine02--swp57@sw-egg-backend-plane4-leaf03"]: Creation complete after 0s [id=4151882640]
netris_link.ew_switch_links["swp4@sw-egg-backend-plane4-spine01--swp52@sw-egg-backend-plane4-leaf01"]: Creating...
netris_link.ew_switch_links["swp10@sw-egg-backend-plane2-spine01--swp50@sw-egg-backend-plane2-leaf02"]: Creation complete after 0s [id=4348247660]
netris_link.ew_switch_links["swp25@sw-egg-backend-plane1-spine01--swp49@sw-egg-backend-plane1-leaf04"]: Creation complete after 0s [id=4082194440]
netris_link.ew_switch_links["swp61@sw-egg-backend-plane2-spine01--swp53@sw-egg-backend-plane2-leaf08"]: Creation complete after 0s [id=4171588280]
netris_link.ew_switch_links["swp8@sw-egg-backend-plane2-spine01--swp56@sw-egg-backend-plane2-leaf01"]: Creation complete after 0s [id=4208021452]
netris_link.ew_switch_links["swp8@sw-egg-backend-plane2-spine02--swp64@sw-egg-backend-plane2-leaf01"]: Creation complete after 0s [id=4099379600]
netris_link.ew_switch_links["swp62@sw-egg-backend-plane4-spine02--swp62@sw-egg-backend-plane4-leaf08"]: Creation complete after 0s [id=4173964248]
netris_link.ew_switch_links["swp58@sw-egg-backend-plane2-spine01--swp50@sw-egg-backend-plane2-leaf08"]: Creation complete after 0s [id=4171040252]
netris_link.ew_switch_links["swp58@sw-egg-backend-plane1-spine01--swp50@sw-egg-backend-plane1-leaf08"]: Creation complete after 0s [id=4153524300]
netris_link.ew_switch_links["swp48@sw-egg-backend-plane3-spine02--swp64@sw-egg-backend-plane3-leaf06"]: Creation complete after 0s [id=4039476660]
netris_link.ew_switch_links["swp4@sw-egg-backend-plane4-spine01--swp52@sw-egg-backend-plane4-leaf01"]: Creation complete after 0s [id=4266201220]

Apply complete! Resources: 2178 added, 0 changed, 0 destroyed.

✓ 'tofu apply' completed successfully.