=== Starting 'tofu plan' in /Users/adam/Documents/Antigravity/Netris Terraform/fabric-builder-ui/backend/deployments/egg ===
$ /opt/homebrew/bin/tofu plan -refresh=false -parallelism=20 -no-color -out=tofu.tfplan

data.netris_tenant.admin: Reading...
data.netris_tenant.admin: Read complete after 0s [id=1]

OpenTofu used the selected providers to generate the following execution
plan. Resource actions are indicated with the following symbols:
  + create

OpenTofu will perform the following actions:

  # netris_allocation.allocations["alloc-ew-loopbacks"] will be created
  + resource "netris_allocation" "allocations" {
      + id       = (known after apply)
      + name     = "alloc-ew-loopbacks"
      + prefix   = "172.16.5.0/24"
      + tenantid = 1
    }

  # netris_allocation.allocations["alloc-ew-p2p"] will be created
  + resource "netris_allocation" "allocations" {
      + id       = (known after apply)
      + name     = "alloc-ew-p2p"
      + prefix   = "172.18.0.0/16"
      + tenantid = 1
    }

  # netris_allocation.allocations["alloc-ns-loopbacks"] will be created
  + resource "netris_allocation" "allocations" {
      + id       = (known after apply)
      + name     = "alloc-ns-loopbacks"
      + prefix   = "172.16.6.0/24"
      + tenantid = 1
    }

  # netris_allocation.allocations["alloc-ns-mgmt"] will be created
  + resource "netris_allocation" "allocations" {
      + id       = (known after apply)
      + name     = "alloc-ns-mgmt"
      + prefix   = "172.16.7.0/24"
      + tenantid = 1
    }

  # netris_allocation.allocations["alloc-oob"] will be created
  + resource "netris_allocation" "allocations" {
      + id       = (known after apply)
      + name     = "alloc-oob"
      + prefix   = "172.16.9.0/24"
      + tenantid = 1
    }

  # netris_allocation.allocations["alloc-storage"] will be created
  + resource "netris_allocation" "allocations" {
      + id       = (known after apply)
      + name     = "alloc-storage"
      + prefix   = "172.16.8.0/24"
      + tenantid = 1
    }

  # netris_inventory_profile.ew_profile_pl1 will be created
  + resource "netris_inventory_profile" "ew_profile_pl1" {
      + description = "East-West Spectrum-X Profile for Plane 1"
      + dnsservers  = [
          + "1.1.1.1",
          + "8.8.8.8",
        ]
      + id          = (known after apply)
      + ipv4ssh     = [
          + "0.0.0.0/0",
        ]
      + name        = "egg-ew-pl1"
      + ntpservers  = [
          + "1.pool.ntp.org",
          + "2.pool.ntp.org",
        ]
      + timezone    = "Etc/GMT"

      + fabricsettings {
          + automaticlinkaggregation     = false
          + fabrictype                   = "ew-plane1"
          + mclag                        = false
          + optimisebgpoverlay           = true
          + optimisebgpoverlayhypervisor = false
          + serverbasedesi               = false
          + unnumberedbgpunderlay        = true
        }

      + gpuclustersettings {
          + aggregatel3vpnprefix = true
          + asicmonitoring       = false
          + congestioncontrol    = true
          + hwmp                 = false
          + qosandroce           = true
          + refarch              = "b300_spx_2_tier_quad_plane"
          + roceadaptiverouting  = true
        }

      + netqsettings (known after apply)

      + snmpv2 (known after apply)

      + ztpsettings (known after apply)
    }

  # netris_inventory_profile.ew_profile_pl2 will be created
  + resource "netris_inventory_profile" "ew_profile_pl2" {
      + description = "East-West Spectrum-X Profile for Plane 2"
      + dnsservers  = [
          + "1.1.1.1",
          + "8.8.8.8",
        ]
      + id          = (known after apply)
      + ipv4ssh     = [
          + "0.0.0.0/0",
        ]
      + name        = "egg-ew-pl2"
      + ntpservers  = [
          + "1.pool.ntp.org",
          + "2.pool.ntp.org",
        ]
      + timezone    = "Etc/GMT"

      + fabricsettings {
          + automaticlinkaggregation     = false
          + fabrictype                   = "ew-plane2"
          + mclag                        = false
          + optimisebgpoverlay           = true
          + optimisebgpoverlayhypervisor = false
          + serverbasedesi               = false
          + unnumberedbgpunderlay        = true
        }

      + gpuclustersettings {
          + aggregatel3vpnprefix = true
          + asicmonitoring       = false
          + congestioncontrol    = true
          + hwmp                 = false
          + qosandroce           = true
          + refarch              = "b300_spx_2_tier_quad_plane"
          + roceadaptiverouting  = true
        }

      + netqsettings (known after apply)

      + snmpv2 (known after apply)

      + ztpsettings (known after apply)
    }

  # netris_inventory_profile.ew_profile_pl3 will be created
  + resource "netris_inventory_profile" "ew_profile_pl3" {
      + description = "East-West Spectrum-X Profile for Plane 3"
      + dnsservers  = [
          + "1.1.1.1",
          + "8.8.8.8",
        ]
      + id          = (known after apply)
      + ipv4ssh     = [
          + "0.0.0.0/0",
        ]
      + name        = "egg-ew-pl3"
      + ntpservers  = [
          + "1.pool.ntp.org",
          + "2.pool.ntp.org",
        ]
      + timezone    = "Etc/GMT"

      + fabricsettings {
          + automaticlinkaggregation     = false
          + fabrictype                   = "ew-plane3"
          + mclag                        = false
          + optimisebgpoverlay           = true
          + optimisebgpoverlayhypervisor = false
          + serverbasedesi               = false
          + unnumberedbgpunderlay        = true
        }

      + gpuclustersettings {
          + aggregatel3vpnprefix = true
          + asicmonitoring       = false
          + congestioncontrol    = true
          + hwmp                 = false
          + qosandroce           = true
          + refarch              = "b300_spx_2_tier_quad_plane"
          + roceadaptiverouting  = true
        }

      + netqsettings (known after apply)

      + snmpv2 (known after apply)

      + ztpsettings (known after apply)
    }

  # netris_inventory_profile.ew_profile_pl4 will be created
  + resource "netris_inventory_profile" "ew_profile_pl4" {
      + description = "East-West Spectrum-X Profile for Plane 4"
      + dnsservers  = [
          + "1.1.1.1",
          + "8.8.8.8",
        ]
      + id          = (known after apply)
      + ipv4ssh     = [
          + "0.0.0.0/0",
        ]
      + name        = "egg-ew-pl4"
      + ntpservers  = [
          + "1.pool.ntp.org",
          + "2.pool.ntp.org",
        ]
      + timezone    = "Etc/GMT"

      + fabricsettings {
          + automaticlinkaggregation     = false
          + fabrictype                   = "ew-plane4"
          + mclag                        = false
          + optimisebgpoverlay           = true
          + optimisebgpoverlayhypervisor = false
          + serverbasedesi               = false
          + unnumberedbgpunderlay        = true
        }

      + gpuclustersettings {
          + aggregatel3vpnprefix = true
          + asicmonitoring       = false
          + congestioncontrol    = true
          + hwmp                 = false
          + qosandroce           = true
          + refarch              = "b300_spx_2_tier_quad_plane"
          + roceadaptiverouting  = true
        }

      + netqsettings (known after apply)

      + snmpv2 (known after apply)

      + ztpsettings (known after apply)
    }

  # netris_inventory_profile.ns_profile will be created
  + resource "netris_inventory_profile" "ns_profile" {
      + description = "North-South Front-End Inventory Profile"
      + dnsservers  = [
          + "1.1.1.1",
          + "8.8.8.8",
        ]
      + id          = (known after apply)
      + ipv4ssh     = [
          + "0.0.0.0/0",
        ]
      + name        = "egg-ns-profile"
      + ntpservers  = [
          + "1.pool.ntp.org",
          + "2.pool.ntp.org",
        ]
      + timezone    = "Etc/GMT"

      + fabricsettings {
          + automaticlinkaggregation     = true
          + fabrictype                   = "ns"
          + mclag                        = false
          + optimisebgpoverlay           = false
          + optimisebgpoverlayhypervisor = false
          + serverbasedesi               = false
          + unnumberedbgpunderlay        = false
        }

      + gpuclustersettings (known after apply)

      + netqsettings (known after apply)

      + snmpv2 (known after apply)

      + ztpsettings (known after apply)
    }

  # netris_inventory_profile.oob_profile will be created
  + resource "netris_inventory_profile" "oob_profile" {
      + description = "Out-of-band management profile"
      + dnsservers  = [
          + "1.1.1.1",
          + "8.8.8.8",
        ]
      + id          = (known after apply)
      + ipv4ssh     = [
          + "0.0.0.0/0",
        ]
      + name        = "egg-oob-profile"
      + ntpservers  = [
          + "1.pool.ntp.org",
          + "2.pool.ntp.org",
        ]
      + timezone    = "Etc/GMT"

      + fabricsettings {
          + automaticlinkaggregation     = false
          + fabrictype                   = "oob"
          + mclag                        = false
          + optimisebgpoverlay           = false
          + optimisebgpoverlayhypervisor = false
          + serverbasedesi               = false
          + unnumberedbgpunderlay        = false
        }

      + gpuclustersettings (known after apply)

      + netqsettings (known after apply)

      + snmpv2 (known after apply)

      + ztpsettings (known after apply)
    }

  # netris_link.ew_gpu_links["swp10@sw-egg-backend-plane1-leaf01--eth2@gpu-egg-033"] will be created
  + resource "netris_link" "ew_gpu_links" {
      + id       = (known after apply)
      + ports    = [
          + "swp10@sw-egg-backend-plane1-leaf01",
          + "eth2@gpu-egg-033",
        ]
      + underlay = "enabled"
    }

  # netris_link.ew_gpu_links["swp10@sw-egg-backend-plane1-leaf02--eth2@gpu-egg-034"] will be created
  + resource "netris_link" "ew_gpu_links" {
      + id       = (known after apply)
      + ports    = [
          + "swp10@sw-egg-backend-plane1-leaf02",
          + "eth2@gpu-egg-034",
        ]
      + underlay = "enabled"
    }

  # netris_link.ew_gpu_links["swp10@sw-egg-backend-plane1-leaf03--eth2@gpu-egg-035"] will be created
  + resource "netris_link" "ew_gpu_links" {
      + id       = (known after apply)
      + ports    = [
          + "swp10@sw-egg-backend-plane1-leaf03",
          + "eth2@gpu-egg-035",
        ]
      + underlay = "enabled"
    }

  # netris_link.ew_gpu_links["swp10@sw-egg-backend-plane1-leaf04--eth2@gpu-egg-036"] will be created
  + resource "netris_link" "ew_gpu_links" {
      + id       = (known after apply)
      + ports    = [
          + "swp10@sw-egg-backend-plane1-leaf04",
          + "eth2@gpu-egg-036",
        ]
      + underlay = "enabled"
    }

  # netris_link.ew_gpu_links["swp10@sw-egg-backend-plane1-leaf05--eth2@gpu-egg-037"] will be created
  + resource "netris_link" "ew_gpu_links" {
      + id       = (known after apply)
      + ports    = [
          + "swp10@sw-egg-backend-plane1-leaf05",
          + "eth2@gpu-egg-037",
        ]
      + underlay = "enabled"
    }

  # netris_link.ew_gpu_links["swp10@sw-egg-backend-plane1-leaf06--eth2@gpu-egg-038"] will be created
  + resource "netris_link" "ew_gpu_links" {
      + id       = (known after apply)
      + ports    = [
          + "swp10@sw-egg-backend-plane1-leaf06",
          + "eth2@gpu-egg-038",
        ]
      + underlay = "enabled"
    }

  # netris_link.ew_gpu_links["swp10@sw-egg-backend-plane1-leaf07--eth2@gpu-egg-039"] will be created
  + resource "netris_link" "ew_gpu_links" {
      + id       = (known after apply)
      + ports    = [
          + "swp10@sw-egg-backend-plane1-leaf07",
          + "eth2@gpu-egg-039",
        ]
      + underlay = "enabled"
    }

  # netris_link.ew_gpu_links["swp10@sw-egg-backend-plane1-leaf08--eth2@gpu-egg-040"] will be created
  + resource "netris_link" "ew_gpu_links" {
      + id       = (known after apply)
      + ports    = [
          + "swp10@sw-egg-backend-plane1-leaf08",
          + "eth2@gpu-egg-040",
        ]
      + underlay = "enabled"
    }

  # netris_link.ew_gpu_links["swp10@sw-egg-backend-plane2-leaf01--eth4@gpu-egg-033"] will be created
  + resource "netris_link" "ew_gpu_links" {
      + id       = (known after apply)
      + ports    = [
          + "swp10@sw-egg-backend-plane2-leaf01",
          + "eth4@gpu-egg-033",
        ]
      + underlay = "enabled"
    }

  # netris_link.ew_gpu_links["swp10@sw-egg-backend-plane2-leaf02--eth4@gpu-egg-034"] will be created
  + resource "netris_link" "ew_gpu_links" {
      + id       = (known after apply)
      + ports    = [
          + "swp10@sw-egg-backend-plane2-leaf02",
          + "eth4@gpu-egg-034",
        ]
      + underlay = "enabled"
    }

  # netris_link.ew_gpu_links["swp10@sw-egg-backend-plane2-leaf03--eth4@gpu-egg-035"] will be created
  + resource "netris_link" "ew_gpu_links" {
      + id       = (known after apply)
      + ports    = [
          + "swp10@sw-egg-backend-plane2-leaf03",
          + "eth4@gpu-egg-035",
        ]
      + underlay = "enabled"
    }

  # netris_link.ew_gpu_links["swp10@sw-egg-backend-plane2-leaf04--eth4@gpu-egg-036"] will be created
  + resource "netris_link" "ew_gpu_links" {
      + id       = (known after apply)
      + ports    = [
          + "swp10@sw-egg-backend-plane2-leaf04",
          + "eth4@gpu-egg-036",
        ]
      + underlay = "enabled"
    }

  # netris_link.ew_gpu_links["swp10@sw-egg-backend-plane2-leaf05--eth4@gpu-egg-037"] will be created
  + resource "netris_link" "ew_gpu_links" {
      + id       = (known after apply)
      + ports    = [
          + "swp10@sw-egg-backend-plane2-leaf05",
          + "eth4@gpu-egg-037",
        ]
      + underlay = "enabled"
    }

  # netris_link.ew_gpu_links["swp10@sw-egg-backend-plane2-leaf06--eth4@gpu-egg-038"] will be created
  + resource "netris_link" "ew_gpu_links" {
      + id       = (known after apply)
      + ports    = [
          + "swp10@sw-egg-backend-plane2-leaf06",
          + "eth4@gpu-egg-038",
        ]
      + underlay = "enabled"
    }

  # netris_link.ew_gpu_links["swp10@sw-egg-backend-plane2-leaf07--eth4@gpu-egg-039"] will be created
  + resource "netris_link" "ew_gpu_links" {
      + id       = (known after apply)
      + ports    = [
          + "swp10@sw-egg-backend-plane2-leaf07",
          + "eth4@gpu-egg-039",
        ]
      + underlay = "enabled"
    }

  # netris_link.ew_gpu_links["swp10@sw-egg-backend-plane2-leaf08--eth4@gpu-egg-040"] will be created
  + resource "netris_link" "ew_gpu_links" {
      + id       = (known after apply)
      + ports    = [
          + "swp10@sw-egg-backend-plane2-leaf08",
          + "eth4@gpu-egg-040",
        ]
      + underlay = "enabled"
    }

  # netris_link.ew_gpu_links["swp10@sw-egg-backend-plane3-leaf01--eth6@gpu-egg-033"] will be created
  + resource "netris_link" "ew_gpu_links" {
      + id       = (known after apply)
      + ports    = [
          + "swp10@sw-egg-backend-plane3-leaf01",
          + "eth6@gpu-egg-033",
        ]
      + underlay = "enabled"
    }

  # netris_link.ew_gpu_links["swp10@sw-egg-backend-plane3-leaf02--eth6@gpu-egg-034"] will be created
  + resource "netris_link" "ew_gpu_links" {
      + id       = (known after apply)
      + ports    = [
          + "swp10@sw-egg-backend-plane3-leaf02",
          + "eth6@gpu-egg-034",
        ]
      + underlay = "enabled"
    }

  # netris_link.ew_gpu_links["swp10@sw-egg-backend-plane3-leaf03--eth6@gpu-egg-035"] will be created
  + resource "netris_link" "ew_gpu_links" {
      + id       = (known after apply)
      + ports    = [
          + "swp10@sw-egg-backend-plane3-leaf03",
          + "eth6@gpu-egg-035",
        ]
      + underlay = "enabled"
    }

  # netris_link.ew_gpu_links["swp10@sw-egg-backend-plane3-leaf04--eth6@gpu-egg-036"] will be created
  + resource "netris_link" "ew_gpu_links" {
      + id       = (known after apply)
      + ports    = [
          + "swp10@sw-egg-backend-plane3-leaf04",
          + "eth6@gpu-egg-036",
        ]
      + underlay = "enabled"
    }

  # netris_link.ew_gpu_links["swp10@sw-egg-backend-plane3-leaf05--eth6@gpu-egg-037"] will be created
  + resource "netris_link" "ew_gpu_links" {
      + id       = (known after apply)
      + ports    = [
          + "swp10@sw-egg-backend-plane3-leaf05",
          + "eth6@gpu-egg-037",
        ]
      + underlay = "enabled"
    }

  # netris_link.ew_gpu_links["swp10@sw-egg-backend-plane3-leaf06--eth6@gpu-egg-038"] will be created
  + resource "netris_link" "ew_gpu_links" {
      + id       = (known after apply)
      + ports    = [
          + "swp10@sw-egg-backend-plane3-leaf06",
          + "eth6@gpu-egg-038",
        ]
      + underlay = "enabled"
    }

  # netris_link.ew_gpu_links["swp10@sw-egg-backend-plane3-leaf07--eth6@gpu-egg-039"] will be created
  + resource "netris_link" "ew_gpu_links" {
      + id       = (known after apply)
      + ports    = [
          + "swp10@sw-egg-backend-plane3-leaf07",
          + "eth6@gpu-egg-039",
        ]
      + underlay = "enabled"
    }

  # netris_link.ew_gpu_links["swp10@sw-egg-backend-plane3-leaf08--eth6@gpu-egg-040"] will be created
  + resource "netris_link" "ew_gpu_links" {
      + id       = (known after apply)
      + ports    = [
          + "swp10@sw-egg-backend-plane3-leaf08",
          + "eth6@gpu-egg-040",
        ]
      + underlay = "enabled"
    }

  # netris_link.ew_gpu_links["swp10@sw-egg-backend-plane4-leaf01--eth8@gpu-egg-033"] will be created
  + resource "netris_link" "ew_gpu_links" {
      + id       = (known after apply)
      + ports    = [
          + "swp10@sw-egg-backend-plane4-leaf01",
          + "eth8@gpu-egg-033",
        ]
      + underlay = "enabled"
    }

  # netris_link.ew_gpu_links["swp10@sw-egg-backend-plane4-leaf02--eth8@gpu-egg-034"] will be created
  + resource "netris_link" "ew_gpu_links" {
      + id       = (known after apply)
      + ports    = [
          + "swp10@sw-egg-backend-plane4-leaf02",
          + "eth8@gpu-egg-034",
        ]
      + underlay = "enabled"
    }

  # netris_link.ew_gpu_links["swp10@sw-egg-backend-plane4-leaf03--eth8@gpu-egg-035"] will be created
  + resource "netris_link" "ew_gpu_links" {
      + id       = (known after apply)
      + ports    = [
          + "swp10@sw-egg-backend-plane4-leaf03",
          + "eth8@gpu-egg-035",
        ]
      + underlay = "enabled"
    }

  # netris_link.ew_gpu_links["swp10@sw-egg-backend-plane4-leaf04--eth8@gpu-egg-036"] will be created
  + resource "netris_link" "ew_gpu_links" {
      + id       = (known after apply)
      + ports    = [
          + "swp10@sw-egg-backend-plane4-leaf04",
          + "eth8@gpu-egg-036",
        ]
      + underlay = "enabled"
    }

  # netris_link.ew_gpu_links["swp10@sw-egg-backend-plane4-leaf05--eth8@gpu-egg-037"] will be created
  + resource "netris_link" "ew_gpu_links" {
      + id       = (known after apply)
      + ports    = [
          + "swp10@sw-egg-backend-plane4-leaf05",
          + "eth8@gpu-egg-037",
        ]
      + underlay = "enabled"
    }

  # netris_link.ew_gpu_links["swp10@sw-egg-backend-plane4-leaf06--eth8@gpu-egg-038"] will be created
  + resource "netris_link" "ew_gpu_links" {
      + id       = (known after apply)
      + ports    = [
          + "swp10@sw-egg-backend-plane4-leaf06",
          + "eth8@gpu-egg-038",
        ]
      + underlay = "enabled"
    }

  # netris_link.ew_gpu_links["swp10@sw-egg-backend-plane4-leaf07--eth8@gpu-egg-039"] will be created
  + resource "netris_link" "ew_gpu_links" {
      + id       = (known after apply)
      + ports    = [
          + "swp10@sw-egg-backend-plane4-leaf07",
          + "eth8@gpu-egg-039",
        ]
      + underlay = "enabled"
    }

  # netris_link.ew_gpu_links["swp10@sw-egg-backend-plane4-leaf08--eth8@gpu-egg-040"] will be created
  + resource "netris_link" "ew_gpu_links" {
      + id       = (known after apply)
      + ports    = [
          + "swp10@sw-egg-backend-plane4-leaf08",
          + "eth8@gpu-egg-040",
        ]
      + underlay = "enabled"
    }

  # netris_link.ew_gpu_links["swp11@sw-egg-backend-plane1-leaf01--eth1@gpu-egg-041"] will be created
  + resource "netris_link" "ew_gpu_links" {
      + id       = (known after apply)
      + ports    = [
          + "swp11@sw-egg-backend-plane1-leaf01",
          + "eth1@gpu-egg-041",
        ]
      + underlay = "enabled"
    }

  # netris_link.ew_gpu_links["swp11@sw-egg-backend-plane1-leaf02--eth1@gpu-egg-042"] will be created
  + resource "netris_link" "ew_gpu_links" {
      + id       = (known after apply)
      + ports    = [
          + "swp11@sw-egg-backend-plane1-leaf02",
          + "eth1@gpu-egg-042",
        ]
      + underlay = "enabled"
    }

  # netris_link.ew_gpu_links["swp11@sw-egg-backend-plane1-leaf03--eth1@gpu-egg-043"] will be created
  + resource "netris_link" "ew_gpu_links" {
      + id       = (known after apply)
      + ports    = [
          + "swp11@sw-egg-backend-plane1-leaf03",
          + "eth1@gpu-egg-043",
        ]
      + underlay = "enabled"
    }

  # netris_link.ew_gpu_links["swp11@sw-egg-backend-plane1-leaf04--eth1@gpu-egg-044"] will be created
  + resource "netris_link" "ew_gpu_links" {
      + id       = (known after apply)
      + ports    = [
          + "swp11@sw-egg-backend-plane1-leaf04",
          + "eth1@gpu-egg-044",
        ]
      + underlay = "enabled"
    }

  # netris_link.ew_gpu_links["swp11@sw-egg-backend-plane1-leaf05--eth1@gpu-egg-045"] will be created
  + resource "netris_link" "ew_gpu_links" {
      + id       = (known after apply)
      + ports    = [
          + "swp11@sw-egg-backend-plane1-leaf05",
          + "eth1@gpu-egg-045",
        ]
      + underlay = "enabled"
    }

  # netris_link.ew_gpu_links["swp11@sw-egg-backend-plane1-leaf06--eth1@gpu-egg-046"] will be created
  + resource "netris_link" "ew_gpu_links" {
      + id       = (known after apply)
      + ports    = [
          + "swp11@sw-egg-backend-plane1-leaf06",
          + "eth1@gpu-egg-046",
        ]
      + underlay = "enabled"
    }

  # netris_link.ew_gpu_links["swp11@sw-egg-backend-plane1-leaf07--eth1@gpu-egg-047"] will be created
  + resource "netris_link" "ew_gpu_links" {
      + id       = (known after apply)
      + ports    = [
          + "swp11@sw-egg-backend-plane1-leaf07",
          + "eth1@gpu-egg-047",
        ]
      + underlay = "enabled"
    }

  # netris_link.ew_gpu_links["swp11@sw-egg-backend-plane1-leaf08--eth1@gpu-egg-048"] will be created
  + resource "netris_link" "ew_gpu_links" {
      + id       = (known after apply)
      + ports    = [
          + "swp11@sw-egg-backend-plane1-leaf08",
          + "eth1@gpu-egg-048",
        ]
      + underlay = "enabled"
    }

  # netris_link.ew_gpu_links["swp11@sw-egg-backend-plane2-leaf01--eth3@gpu-egg-041"] will be created
  + resource "netris_link" "ew_gpu_links" {
      + id       = (known after apply)
      + ports    = [
          + "swp11@sw-egg-backend-plane2-leaf01",
          + "eth3@gpu-egg-041",
        ]
      + underlay = "enabled"
    }

  # netris_link.ew_gpu_links["swp11@sw-egg-backend-plane2-leaf02--eth3@gpu-egg-042"] will be created
  + resource "netris_link" "ew_gpu_links" {
      + id       = (known after apply)
      + ports    = [
          + "swp11@sw-egg-backend-plane2-leaf02",
          + "eth3@gpu-egg-042",
        ]
      + underlay = "enabled"
    }

  # netris_link.ew_gpu_links["swp11@sw-egg-backend-plane2-leaf03--eth3@gpu-egg-043"] will be created
  + resource "netris_link" "ew_gpu_links" {
      + id       = (known after apply)
      + ports    = [
          + "swp11@sw-egg-backend-plane2-leaf03",
          + "eth3@gpu-egg-043",
        ]
      + underlay = "enabled"
    }

  # netris_link.ew_gpu_links["swp11@sw-egg-backend-plane2-leaf04--eth3@gpu-egg-044"] will be created
  + resource "netris_link" "ew_gpu_links" {
      + id       = (known after apply)
      + ports    = [
          + "swp11@sw-egg-backend-plane2-leaf04",
          + "eth3@gpu-egg-044",
        ]
      + underlay = "enabled"
    }

  # netris_link.ew_gpu_links["swp11@sw-egg-backend-plane2-leaf05--eth3@gpu-egg-045"] will be created
  + resource "netris_link" "ew_gpu_links" {
      + id       = (known after apply)
      + ports    = [
          + "swp11@sw-egg-backend-plane2-leaf05",
          + "eth3@gpu-egg-045",
        ]
      + underlay = "enabled"
    }

  # netris_link.ew_gpu_links["swp11@sw-egg-backend-plane2-leaf06--eth3@gpu-egg-046"] will be created
  + resource "netris_link" "ew_gpu_links" {
      + id       = (known after apply)
      + ports    = [
          + "swp11@sw-egg-backend-plane2-leaf06",
          + "eth3@gpu-egg-046",
        ]
      + underlay = "enabled"
    }

  # netris_link.ew_gpu_links["swp11@sw-egg-backend-plane2-leaf07--eth3@gpu-egg-047"] will be created
  + resource "netris_link" "ew_gpu_links" {
      + id       = (known after apply)
      + ports    = [
          + "swp11@sw-egg-backend-plane2-leaf07",
          + "eth3@gpu-egg-047",
        ]
      + underlay = "enabled"
    }

  # netris_link.ew_gpu_links["swp11@sw-egg-backend-plane2-leaf08--eth3@gpu-egg-048"] will be created
  + resource "netris_link" "ew_gpu_links" {
      + id       = (known after apply)
      + ports    = [
          + "swp11@sw-egg-backend-plane2-leaf08",
          + "eth3@gpu-egg-048",
        ]
      + underlay = "enabled"
    }

  # netris_link.ew_gpu_links["swp11@sw-egg-backend-plane3-leaf01--eth5@gpu-egg-041"] will be created
  + resource "netris_link" "ew_gpu_links" {
      + id       = (known after apply)
      + ports    = [
          + "swp11@sw-egg-backend-plane3-leaf01",
          + "eth5@gpu-egg-041",
        ]
      + underlay = "enabled"
    }

  # netris_link.ew_gpu_links["swp11@sw-egg-backend-plane3-leaf02--eth5@gpu-egg-042"] will be created
  + resource "netris_link" "ew_gpu_links" {
      + id       = (known after apply)
      + ports    = [
          + "swp11@sw-egg-backend-plane3-leaf02",
          + "eth5@gpu-egg-042",
        ]
      + underlay = "enabled"
    }

  # netris_link.ew_gpu_links["swp11@sw-egg-backend-plane3-leaf03--eth5@gpu-egg-043"] will be created
  + resource "netris_link" "ew_gpu_links" {
      + id       = (known after apply)
      + ports    = [
          + "swp11@sw-egg-backend-plane3-leaf03",
          + "eth5@gpu-egg-043",
        ]
      + underlay = "enabled"
    }

  # netris_link.ew_gpu_links["swp11@sw-egg-backend-plane3-leaf04--eth5@gpu-egg-044"] will be created
  + resource "netris_link" "ew_gpu_links" {
      + id       = (known after apply)
      + ports    = [
          + "swp11@sw-egg-backend-plane3-leaf04",
          + "eth5@gpu-egg-044",
        ]
      + underlay = "enabled"
    }

  # netris_link.ew_gpu_links["swp11@sw-egg-backend-plane3-leaf05--eth5@gpu-egg-045"] will be created
  + resource "netris_link" "ew_gpu_links" {
      + id       = (known after apply)
      + ports    = [
          + "swp11@sw-egg-backend-plane3-leaf05",
          + "eth5@gpu-egg-045",
        ]
      + underlay = "enabled"
    }

  # netris_link.ew_gpu_links["swp11@sw-egg-backend-plane3-leaf06--eth5@gpu-egg-046"] will be created
  + resource "netris_link" "ew_gpu_links" {
      + id       = (known after apply)
      + ports    = [
          + "swp11@sw-egg-backend-plane3-leaf06",
          + "eth5@gpu-egg-046",
        ]
      + underlay = "enabled"
    }

  # netris_link.ew_gpu_links["swp11@sw-egg-backend-plane3-leaf07--eth5@gpu-egg-047"] will be created
  + resource "netris_link" "ew_gpu_links" {
      + id       = (known after apply)
      + ports    = [
          + "swp11@sw-egg-backend-plane3-leaf07",
          + "eth5@gpu-egg-047",
        ]
      + underlay = "enabled"
    }

  # netris_link.ew_gpu_links["swp11@sw-egg-backend-plane3-leaf08--eth5@gpu-egg-048"] will be created
  + resource "netris_link" "ew_gpu_links" {
      + id       = (known after apply)
      + ports    = [
          + "swp11@sw-egg-backend-plane3-leaf08",
          + "eth5@gpu-egg-048",
        ]
      + underlay = "enabled"
    }

  # netris_link.ew_gpu_links["swp11@sw-egg-backend-plane4-leaf01--eth7@gpu-egg-041"] will be created
  + resource "netris_link" "ew_gpu_links" {
      + id       = (known after apply)
      + ports    = [
          + "swp11@sw-egg-backend-plane4-leaf01",
          + "eth7@gpu-egg-041",
        ]
      + underlay = "enabled"
    }

  # netris_link.ew_gpu_links["swp11@sw-egg-backend-plane4-leaf02--eth7@gpu-egg-042"] will be created
  + resource "netris_link" "ew_gpu_links" {
      + id       = (known after apply)
      + ports    = [
          + "swp11@sw-egg-backend-plane4-leaf02",
          + "eth7@gpu-egg-042",
        ]
      + underlay = "enabled"
    }

  # netris_link.ew_gpu_links["swp11@sw-egg-backend-plane4-leaf03--eth7@gpu-egg-043"] will be created
  + resource "netris_link" "ew_gpu_links" {
      + id       = (known after apply)
      + ports    = [
          + "swp11@sw-egg-backend-plane4-leaf03",
          + "eth7@gpu-egg-043",
        ]
      + underlay = "enabled"
    }

  # netris_link.ew_gpu_links["swp11@sw-egg-backend-plane4-leaf04--eth7@gpu-egg-044"] will be created
  + resource "netris_link" "ew_gpu_links" {
      + id       = (known after apply)
      + ports    = [
          + "swp11@sw-egg-backend-plane4-leaf04",
          + "eth7@gpu-egg-044",
        ]
      + underlay = "enabled"
    }

  # netris_link.ew_gpu_links["swp11@sw-egg-backend-plane4-leaf05--eth7@gpu-egg-045"] will be created
  + resource "netris_link" "ew_gpu_links" {
      + id       = (known after apply)
      + ports    = [
          + "swp11@sw-egg-backend-plane4-leaf05",
          + "eth7@gpu-egg-045",
        ]
      + underlay = "enabled"
    }

  # netris_link.ew_gpu_links["swp11@sw-egg-backend-plane4-leaf06--eth7@gpu-egg-046"] will be created
  + resource "netris_link" "ew_gpu_links" {
      + id       = (known after apply)
      + ports    = [
          + "swp11@sw-egg-backend-plane4-leaf06",
          + "eth7@gpu-egg-046",
        ]
      + underlay = "enabled"
    }

  # netris_link.ew_gpu_links["swp11@sw-egg-backend-plane4-leaf07--eth7@gpu-egg-047"] will be created
  + resource "netris_link" "ew_gpu_links" {
      + id       = (known after apply)
      + ports    = [
          + "swp11@sw-egg-backend-plane4-leaf07",
          + "eth7@gpu-egg-047",
        ]
      + underlay = "enabled"
    }

  # netris_link.ew_gpu_links["swp11@sw-egg-backend-plane4-leaf08--eth7@gpu-egg-048"] will be created
  + resource "netris_link" "ew_gpu_links" {
      + id       = (known after apply)
      + ports    = [
          + "swp11@sw-egg-backend-plane4-leaf08",
          + "eth7@gpu-egg-048",
        ]
      + underlay = "enabled"
    }

  # netris_link.ew_gpu_links["swp12@sw-egg-backend-plane1-leaf01--eth2@gpu-egg-041"] will be created
  + resource "netris_link" "ew_gpu_links" {
      + id       = (known after apply)
      + ports    = [
          + "swp12@sw-egg-backend-plane1-leaf01",
          + "eth2@gpu-egg-041",
        ]
      + underlay = "enabled"
    }

  # netris_link.ew_gpu_links["swp12@sw-egg-backend-plane1-leaf02--eth2@gpu-egg-042"] will be created
  + resource "netris_link" "ew_gpu_links" {
      + id       = (known after apply)
      + ports    = [
          + "swp12@sw-egg-backend-plane1-leaf02",
          + "eth2@gpu-egg-042",
        ]
      + underlay = "enabled"
    }

  # netris_link.ew_gpu_links["swp12@sw-egg-backend-plane1-leaf03--eth2@gpu-egg-043"] will be created
  + resource "netris_link" "ew_gpu_links" {
      + id       = (known after apply)
      + ports    = [
          + "swp12@sw-egg-backend-plane1-leaf03",
          + "eth2@gpu-egg-043",
        ]
      + underlay = "enabled"
    }

  # netris_link.ew_gpu_links["swp12@sw-egg-backend-plane1-leaf04--eth2@gpu-egg-044"] will be created
  + resource "netris_link" "ew_gpu_links" {
      + id       = (known after apply)
      + ports    = [
          + "swp12@sw-egg-backend-plane1-leaf04",
          + "eth2@gpu-egg-044",
        ]
      + underlay = "enabled"
    }

  # netris_link.ew_gpu_links["swp12@sw-egg-backend-plane1-leaf05--eth2@gpu-egg-045"] will be created
  + resource "netris_link" "ew_gpu_links" {
      + id       = (known after apply)
      + ports    = [
          + "swp12@sw-egg-backend-plane1-leaf05",
          + "eth2@gpu-egg-045",
        ]
      + underlay = "enabled"
    }

  # netris_link.ew_gpu_links["swp12@sw-egg-backend-plane1-leaf06--eth2@gpu-egg-046"] will be created
  + resource "netris_link" "ew_gpu_links" {
      + id       = (known after apply)
      + ports    = [
          + "swp12@sw-egg-backend-plane1-leaf06",
          + "eth2@gpu-egg-046",
        ]
      + underlay = "enabled"
    }

  # netris_link.ew_gpu_links["swp12@sw-egg-backend-plane1-leaf07--eth2@gpu-egg-047"] will be created
  + resource "netris_link" "ew_gpu_links" {
      + id       = (known after apply)
      + ports    = [
          + "swp12@sw-egg-backend-plane1-leaf07",
          + "eth2@gpu-egg-047",
        ]
      + underlay = "enabled"
    }

  # netris_link.ew_gpu_links["swp12@sw-egg-backend-plane1-leaf08--eth2@gpu-egg-048"] will be created
  + resource "netris_link" "ew_gpu_links" {
      + id       = (known after apply)
      + ports    = [
          + "swp12@sw-egg-backend-plane1-leaf08",
          + "eth2@gpu-egg-048",
        ]
      + underlay = "enabled"
    }

  # netris_link.ew_gpu_links["swp12@sw-egg-backend-plane2-leaf01--eth4@gpu-egg-041"] will be created
  + resource "netris_link" "ew_gpu_links" {
      + id       = (known after apply)
      + ports    = [
          + "swp12@sw-egg-backend-plane2-leaf01",
          + "eth4@gpu-egg-041",
        ]
      + underlay = "enabled"
    }

  # netris_link.ew_gpu_links["swp12@sw-egg-backend-plane2-leaf02--eth4@gpu-egg-042"] will be created
  + resource "netris_link" "ew_gpu_links" {
      + id       = (known after apply)
      + ports    = [
          + "swp12@sw-egg-backend-plane2-leaf02",
          + "eth4@gpu-egg-042",
        ]
      + underlay = "enabled"
    }

  # netris_link.ew_gpu_links["swp12@sw-egg-backend-plane2-leaf03--eth4@gpu-egg-043"] will be created
  + resource "netris_link" "ew_gpu_links" {
      + id       = (known after apply)
      + ports    = [
          + "swp12@sw-egg-backend-plane2-leaf03",
          + "eth4@gpu-egg-043",
        ]
      + underlay = "enabled"
    }

  # netris_link.ew_gpu_links["swp12@sw-egg-backend-plane2-leaf04--eth4@gpu-egg-044"] will be created
  + resource "netris_link" "ew_gpu_links" {
      + id       = (known after apply)
      + ports    = [
          + "swp12@sw-egg-backend-plane2-leaf04",
          + "eth4@gpu-egg-044",
        ]
      + underlay = "enabled"
    }

  # netris_link.ew_gpu_links["swp12@sw-egg-backend-plane2-leaf05--eth4@gpu-egg-045"] will be created
  + resource "netris_link" "ew_gpu_links" {
      + id       = (known after apply)
      + ports    = [
          + "swp12@sw-egg-backend-plane2-leaf05",
          + "eth4@gpu-egg-045",
        ]
      + underlay = "enabled"
    }

  # netris_link.ew_gpu_links["swp12@sw-egg-backend-plane2-leaf06--eth4@gpu-egg-046"] will be created
  + resource "netris_link" "ew_gpu_links" {
      + id       = (known after apply)
      + ports    = [
          + "swp12@sw-egg-backend-plane2-leaf06",
          + "eth4@gpu-egg-046",
        ]
      + underlay = "enabled"
    }

  # netris_link.ew_gpu_links["swp12@sw-egg-backend-plane2-leaf07--eth4@gpu-egg-047"] will be created
  + resource "netris_link" "ew_gpu_links" {
      + id       = (known after apply)
      + ports    = [
          + "swp12@sw-egg-backend-plane2-leaf07",
          + "eth4@gpu-egg-047",
        ]
      + underlay = "enabled"
    }

  # netris_link.ew_gpu_links["swp12@sw-egg-backend-plane2-leaf08--eth4@gpu-egg-048"] will be created
  + resource "netris_link" "ew_gpu_links" {
      + id       = (known after apply)
      + ports    = [
          + "swp12@sw-egg-backend-plane2-leaf08",
          + "eth4@gpu-egg-048",
        ]
      + underlay = "enabled"
    }

  # netris_link.ew_gpu_links["swp12@sw-egg-backend-plane3-leaf01--eth6@gpu-egg-041"] will be created
  + resource "netris_link" "ew_gpu_links" {
      + id       = (known after apply)
      + ports    = [
          + "swp12@sw-egg-backend-plane3-leaf01",
          + "eth6@gpu-egg-041",
        ]
      + underlay = "enabled"
    }

  # netris_link.ew_gpu_links["swp12@sw-egg-backend-plane3-leaf02--eth6@gpu-egg-042"] will be created
  + resource "netris_link" "ew_gpu_links" {
      + id       = (known after apply)
      + ports    = [
          + "swp12@sw-egg-backend-plane3-leaf02",
          + "eth6@gpu-egg-042",
        ]
      + underlay = "enabled"
    }

  # netris_link.ew_gpu_links["swp12@sw-egg-backend-plane3-leaf03--eth6@gpu-egg-043"] will be created
  + resource "netris_link" "ew_gpu_links" {
      + id       = (known after apply)
      + ports    = [
          + "swp12@sw-egg-backend-plane3-leaf03",
          + "eth6@gpu-egg-043",
        ]
      + underlay = "enabled"
    }

  # netris_link.ew_gpu_links["swp12@sw-egg-backend-plane3-leaf04--eth6@gpu-egg-044"] will be created
  + resource "netris_link" "ew_gpu_links" {
      + id       = (known after apply)
      + ports    = [
          + "swp12@sw-egg-backend-plane3-leaf04",
          + "eth6@gpu-egg-044",
        ]
      + underlay = "enabled"
    }

  # netris_link.ew_gpu_links["swp12@sw-egg-backend-plane3-leaf05--eth6@gpu-egg-045"] will be created
  + resource "netris_link" "ew_gpu_links" {
      + id       = (known after apply)
      + ports    = [
          + "swp12@sw-egg-backend-plane3-leaf05",
          + "eth6@gpu-egg-045",
        ]
      + underlay = "enabled"
    }

  # netris_link.ew_gpu_links["swp12@sw-egg-backend-plane3-leaf06--eth6@gpu-egg-046"] will be created
  + resource "netris_link" "ew_gpu_links" {
      + id       = (known after apply)
      + ports    = [
          + "swp12@sw-egg-backend-plane3-leaf06",
          + "eth6@gpu-egg-046",
        ]
      + underlay = "enabled"
    }

  # netris_link.ew_gpu_links["swp12@sw-egg-backend-plane3-leaf07--eth6@gpu-egg-047"] will be created
  + resource "netris_link" "ew_gpu_links" {
      + id       = (known after apply)
      + ports    = [
          + "swp12@sw-egg-backend-plane3-leaf07",
          + "eth6@gpu-egg-047",
        ]
      + underlay = "enabled"
    }

  # netris_link.ew_gpu_links["swp12@sw-egg-backend-plane3-leaf08--eth6@gpu-egg-048"] will be created
  + resource "netris_link" "ew_gpu_links" {
      + id       = (known after apply)
      + ports    = [
          + "swp12@sw-egg-backend-plane3-leaf08",
          + "eth6@gpu-egg-048",
        ]
      + underlay = "enabled"
    }

  # netris_link.ew_gpu_links["swp12@sw-egg-backend-plane4-leaf01--eth8@gpu-egg-041"] will be created
  + resource "netris_link" "ew_gpu_links" {
      + id       = (known after apply)
      + ports    = [
          + "swp12@sw-egg-backend-plane4-leaf01",
          + "eth8@gpu-egg-041",
        ]
      + underlay = "enabled"
    }

  # netris_link.ew_gpu_links["swp12@sw-egg-backend-plane4-leaf02--eth8@gpu-egg-042"] will be created
  + resource "netris_link" "ew_gpu_links" {
      + id       = (known after apply)
      + ports    = [
          + "swp12@sw-egg-backend-plane4-leaf02",
          + "eth8@gpu-egg-042",
        ]
      + underlay = "enabled"
    }

  # netris_link.ew_gpu_links["swp12@sw-egg-backend-plane4-leaf03--eth8@gpu-egg-043"] will be created
  + resource "netris_link" "ew_gpu_links" {
      + id       = (known after apply)
      + ports    = [
          + "swp12@sw-egg-backend-plane4-leaf03",
          + "eth8@gpu-egg-043",
        ]
      + underlay = "enabled"
    }

  # netris_link.ew_gpu_links["swp12@sw-egg-backend-plane4-leaf04--eth8@gpu-egg-044"] will be created
  + resource "netris_link" "ew_gpu_links" {
      + id       = (known after apply)
      + ports    = [
          + "swp12@sw-egg-backend-plane4-leaf04",
          + "eth8@gpu-egg-044",
        ]
      + underlay = "enabled"
    }

  # netris_link.ew_gpu_links["swp12@sw-egg-backend-plane4-leaf05--eth8@gpu-egg-045"] will be created
  + resource "netris_link" "ew_gpu_links" {
      + id       = (known after apply)
      + ports    = [
          + "swp12@sw-egg-backend-plane4-leaf05",
          + "eth8@gpu-egg-045",
        ]
      + underlay = "enabled"
    }

  # netris_link.ew_gpu_links["swp12@sw-egg-backend-plane4-leaf06--eth8@gpu-egg-046"] will be created
  + resource "netris_link" "ew_gpu_links" {
      + id       = (known after apply)
      + ports    = [
          + "swp12@sw-egg-backend-plane4-leaf06",
          + "eth8@gpu-egg-046",
        ]
      + underlay = "enabled"
    }

  # netris_link.ew_gpu_links["swp12@sw-egg-backend-plane4-leaf07--eth8@gpu-egg-047"] will be created
  + resource "netris_link" "ew_gpu_links" {
      + id       = (known after apply)
      + ports    = [
          + "swp12@sw-egg-backend-plane4-leaf07",
          + "eth8@gpu-egg-047",
        ]
      + underlay = "enabled"
    }

  # netris_link.ew_gpu_links["swp12@sw-egg-backend-plane4-leaf08--eth8@gpu-egg-048"] will be created
  + resource "netris_link" "ew_gpu_links" {
      + id       = (known after apply)
      + ports    = [
          + "swp12@sw-egg-backend-plane4-leaf08",
          + "eth8@gpu-egg-048",
        ]
      + underlay = "enabled"
    }

  # netris_link.ew_gpu_links["swp13@sw-egg-backend-plane1-leaf01--eth1@gpu-egg-049"] will be created
  + resource "netris_link" "ew_gpu_links" {
      + id       = (known after apply)
      + ports    = [
          + "swp13@sw-egg-backend-plane1-leaf01",
          + "eth1@gpu-egg-049",
        ]
      + underlay = "enabled"
    }

  # netris_link.ew_gpu_links["swp13@sw-egg-backend-plane1-leaf02--eth1@gpu-egg-050"] will be created
  + resource "netris_link" "ew_gpu_links" {
      + id       = (known after apply)
      + ports    = [
          + "swp13@sw-egg-backend-plane1-leaf02",
          + "eth1@gpu-egg-050",
        ]
      + underlay = "enabled"
    }

  # netris_link.ew_gpu_links["swp13@sw-egg-backend-plane1-leaf03--eth1@gpu-egg-051"] will be created
  + resource "netris_link" "ew_gpu_links" {
      + id       = (known after apply)
      + ports    = [
          + "swp13@sw-egg-backend-plane1-leaf03",
          + "eth1@gpu-egg-051",
        ]
      + underlay = "enabled"
    }

  # netris_link.ew_gpu_links["swp13@sw-egg-backend-plane1-leaf04--eth1@gpu-egg-052"] will be created
  + resource "netris_link" "ew_gpu_links" {
      + id       = (known after apply)
      + ports    = [
          + "swp13@sw-egg-backend-plane1-leaf04",
          + "eth1@gpu-egg-052",
        ]
      + underlay = "enabled"
    }

  # netris_link.ew_gpu_links["swp13@sw-egg-backend-plane1-leaf05--eth1@gpu-egg-053"] will be created
  + resource "netris_link" "ew_gpu_links" {
      + id       = (known after apply)
      + ports    = [
          + "swp13@sw-egg-backend-plane1-leaf05",
          + "eth1@gpu-egg-053",
        ]
      + underlay = "enabled"
    }

  # netris_link.ew_gpu_links["swp13@sw-egg-backend-plane1-leaf06--eth1@gpu-egg-054"] will be created
  + resource "netris_link" "ew_gpu_links" {
      + id       = (known after apply)
      + ports    = [
          + "swp13@sw-egg-backend-plane1-leaf06",
          + "eth1@gpu-egg-054",
        ]
      + underlay = "enabled"
    }

  # netris_link.ew_gpu_links["swp13@sw-egg-backend-plane1-leaf07--eth1@gpu-egg-055"] will be created
  + resource "netris_link" "ew_gpu_links" {
      + id       = (known after apply)
      + ports    = [
          + "swp13@sw-egg-backend-plane1-leaf07",
          + "eth1@gpu-egg-055",
        ]
      + underlay = "enabled"
    }

  # netris_link.ew_gpu_links["swp13@sw-egg-backend-plane1-leaf08--eth1@gpu-egg-056"] will be created
  + resource "netris_link" "ew_gpu_links" {
      + id       = (known after apply)
      + ports    = [
          + "swp13@sw-egg-backend-plane1-leaf08",
          + "eth1@gpu-egg-056",
        ]
      + underlay = "enabled"
    }

  # netris_link.ew_gpu_links["swp13@sw-egg-backend-plane2-leaf01--eth3@gpu-egg-049"] will be created
  + resource "netris_link" "ew_gpu_links" {
      + id       = (known after apply)
      + ports    = [
          + "swp13@sw-egg-backend-plane2-leaf01",
          + "eth3@gpu-egg-049",
        ]
      + underlay = "enabled"
    }

  # netris_link.ew_gpu_links["swp13@sw-egg-backend-plane2-leaf02--eth3@gpu-egg-050"] will be created
  + resource "netris_link" "ew_gpu_links" {
      + id       = (known after apply)
      + ports    = [
          + "swp13@sw-egg-backend-plane2-leaf02",
          + "eth3@gpu-egg-050",
        ]
      + underlay = "enabled"
    }

  # netris_link.ew_gpu_links["swp13@sw-egg-backend-plane2-leaf03--eth3@gpu-egg-051"] will be created
  + resource "netris_link" "ew_gpu_links" {
      + id       = (known after apply)
      + ports    = [
          + "swp13@sw-egg-backend-plane2-leaf03",
          + "eth3@gpu-egg-051",
        ]
      + underlay = "enabled"
    }

  # netris_link.ew_gpu_links["swp13@sw-egg-backend-plane2-leaf04--eth3@gpu-egg-052"] will be created
  + resource "netris_link" "ew_gpu_links" {
      + id       = (known after apply)
      + ports    = [
          + "swp13@sw-egg-backend-plane2-leaf04",
          + "eth3@gpu-egg-052",
        ]
      + underlay = "enabled"
    }

  # netris_link.ew_gpu_links["swp13@sw-egg-backend-plane2-leaf05--eth3@gpu-egg-053"] will be created
  + resource "netris_link" "ew_gpu_links" {
      + id       = (known after apply)
      + ports    = [
          + "swp13@sw-egg-backend-plane2-leaf05",
          + "eth3@gpu-egg-053",
        ]
      + underlay = "enabled"
    }

  # netris_link.ew_gpu_links["swp13@sw-egg-backend-plane2-leaf06--eth3@gpu-egg-054"] will be created
  + resource "netris_link" "ew_gpu_links" {
      + id       = (known after apply)
      + ports    = [
          + "swp13@sw-egg-backend-plane2-leaf06",
          + "eth3@gpu-egg-054",
        ]
      + underlay = "enabled"
    }

  # netris_link.ew_gpu_links["swp13@sw-egg-backend-plane2-leaf07--eth3@gpu-egg-055"] will be created
  + resource "netris_link" "ew_gpu_links" {
      + id       = (known after apply)
      + ports    = [
          + "swp13@sw-egg-backend-plane2-leaf07",
          + "eth3@gpu-egg-055",
        ]
      + underlay = "enabled"
    }

  # netris_link.ew_gpu_links["swp13@sw-egg-backend-plane2-leaf08--eth3@gpu-egg-056"] will be created
  + resource "netris_link" "ew_gpu_links" {
      + id       = (known after apply)
      + ports    = [
          + "swp13@sw-egg-backend-plane2-leaf08",
          + "eth3@gpu-egg-056",
        ]
      + underlay = "enabled"
    }

  # netris_link.ew_gpu_links["swp13@sw-egg-backend-plane3-leaf01--eth5@gpu-egg-049"] will be created
  + resource "netris_link" "ew_gpu_links" {
      + id       = (known after apply)
      + ports    = [
          + "swp13@sw-egg-backend-plane3-leaf01",
          + "eth5@gpu-egg-049",
        ]
      + underlay = "enabled"
    }

  # netris_link.ew_gpu_links["swp13@sw-egg-backend-plane3-leaf02--eth5@gpu-egg-050"] will be created
  + resource "netris_link" "ew_gpu_links" {
      + id       = (known after apply)
      + ports    = [
          + "swp13@sw-egg-backend-plane3-leaf02",
          + "eth5@gpu-egg-050",
        ]
      + underlay = "enabled"
    }

  # netris_link.ew_gpu_links["swp13@sw-egg-backend-plane3-leaf03--eth5@gpu-egg-051"] will be created
  + resource "netris_link" "ew_gpu_links" {
      + id       = (known after apply)
      + ports    = [
          + "swp13@sw-egg-backend-plane3-leaf03",
          + "eth5@gpu-egg-051",
        ]
      + underlay = "enabled"
    }

  # netris_link.ew_gpu_links["swp13@sw-egg-backend-plane3-leaf04--eth5@gpu-egg-052"] will be created
  + resource "netris_link" "ew_gpu_links" {
      + id       = (known after apply)
      + ports    = [
          + "swp13@sw-egg-backend-plane3-leaf04",
          + "eth5@gpu-egg-052",
        ]
      + underlay = "enabled"
    }

  # netris_link.ew_gpu_links["swp13@sw-egg-backend-plane3-leaf05--eth5@gpu-egg-053"] will be created
  + resource "netris_link" "ew_gpu_links" {
      + id       = (known after apply)
      + ports    = [
          + "swp13@sw-egg-backend-plane3-leaf05",
          + "eth5@gpu-egg-053",
        ]
      + underlay = "enabled"
    }

  # netris_link.ew_gpu_links["swp13@sw-egg-backend-plane3-leaf06--eth5@gpu-egg-054"] will be created
  + resource "netris_link" "ew_gpu_links" {
      + id       = (known after apply)
      + ports    = [
          + "swp13@sw-egg-backend-plane3-leaf06",
          + "eth5@gpu-egg-054",
        ]
      + underlay = "enabled"
    }

  # netris_link.ew_gpu_links["swp13@sw-egg-backend-plane3-leaf07--eth5@gpu-egg-055"] will be created
  + resource "netris_link" "ew_gpu_links" {
      + id       = (known after apply)
      + ports    = [
          + "swp13@sw-egg-backend-plane3-leaf07",
          + "eth5@gpu-egg-055",
        ]
      + underlay = "enabled"
    }

  # netris_link.ew_gpu_links["swp13@sw-egg-backend-plane3-leaf08--eth5@gpu-egg-056"] will be created
  + resource "netris_link" "ew_gpu_links" {
      + id       = (known after apply)
      + ports    = [
          + "swp13@sw-egg-backend-plane3-leaf08",
          + "eth5@gpu-egg-056",
        ]
      + underlay = "enabled"
    }

  # netris_link.ew_gpu_links["swp13@sw-egg-backend-plane4-leaf01--eth7@gpu-egg-049"] will be created
  + resource "netris_link" "ew_gpu_links" {
      + id       = (known after apply)
      + ports    = [
          + "swp13@sw-egg-backend-plane4-leaf01",
          + "eth7@gpu-egg-049",
        ]
      + underlay = "enabled"
    }

  # netris_link.ew_gpu_links["swp13@sw-egg-backend-plane4-leaf02--eth7@gpu-egg-050"] will be created
  + resource "netris_link" "ew_gpu_links" {
      + id       = (known after apply)
      + ports    = [
          + "swp13@sw-egg-backend-plane4-leaf02",
          + "eth7@gpu-egg-050",
        ]
      + underlay = "enabled"
    }

  # netris_link.ew_gpu_links["swp13@sw-egg-backend-plane4-leaf03--eth7@gpu-egg-051"] will be created
  + resource "netris_link" "ew_gpu_links" {
      + id       = (known after apply)
      + ports    = [
          + "swp13@sw-egg-backend-plane4-leaf03",
          + "eth7@gpu-egg-051",
        ]
      + underlay = "enabled"
    }

  # netris_link.ew_gpu_links["swp13@sw-egg-backend-plane4-leaf04--eth7@gpu-egg-052"] will be created
  + resource "netris_link" "ew_gpu_links" {
      + id       = (known after apply)
      + ports    = [
          + "swp13@sw-egg-backend-plane4-leaf04",
          + "eth7@gpu-egg-052",
        ]
      + underlay = "enabled"
    }

  # netris_link.ew_gpu_links["swp13@sw-egg-backend-plane4-leaf05--eth7@gpu-egg-053"] will be created
  + resource "netris_link" "ew_gpu_links" {
      + id       = (known after apply)
      + ports    = [
          + "swp13@sw-egg-backend-plane4-leaf05",
          + "eth7@gpu-egg-053",
        ]
      + underlay = "enabled"
    }

  # netris_link.ew_gpu_links["swp13@sw-egg-backend-plane4-leaf06--eth7@gpu-egg-054"] will be created
  + resource "netris_link" "ew_gpu_links" {
      + id       = (known after apply)
      + ports    = [
          + "swp13@sw-egg-backend-plane4-leaf06",
          + "eth7@gpu-egg-054",
        ]
      + underlay = "enabled"
    }

  # netris_link.ew_gpu_links["swp13@sw-egg-backend-plane4-leaf07--eth7@gpu-egg-055"] will be created
  + resource "netris_link" "ew_gpu_links" {
      + id       = (known after apply)
      + ports    = [
          + "swp13@sw-egg-backend-plane4-leaf07",
          + "eth7@gpu-egg-055",
        ]
      + underlay = "enabled"
    }

  # netris_link.ew_gpu_links["swp13@sw-egg-backend-plane4-leaf08--eth7@gpu-egg-056"] will be created
  + resource "netris_link" "ew_gpu_links" {
      + id       = (known after apply)
      + ports    = [
          + "swp13@sw-egg-backend-plane4-leaf08",
          + "eth7@gpu-egg-056",
        ]
      + underlay = "enabled"
    }

  # netris_link.ew_gpu_links["swp14@sw-egg-backend-plane1-leaf01--eth2@gpu-egg-049"] will be created
  + resource "netris_link" "ew_gpu_links" {
      + id       = (known after apply)
      + ports    = [
          + "swp14@sw-egg-backend-plane1-leaf01",
          + "eth2@gpu-egg-049",
        ]
      + underlay = "enabled"
    }

  # netris_link.ew_gpu_links["swp14@sw-egg-backend-plane1-leaf02--eth2@gpu-egg-050"] will be created
  + resource "netris_link" "ew_gpu_links" {
      + id       = (known after apply)
      + ports    = [
          + "swp14@sw-egg-backend-plane1-leaf02",
          + "eth2@gpu-egg-050",
        ]
      + underlay = "enabled"
    }

  # netris_link.ew_gpu_links["swp14@sw-egg-backend-plane1-leaf03--eth2@gpu-egg-051"] will be created
  + resource "netris_link" "ew_gpu_links" {
      + id       = (known after apply)
      + ports    = [
          + "swp14@sw-egg-backend-plane1-leaf03",
          + "eth2@gpu-egg-051",
        ]
      + underlay = "enabled"
    }

  # netris_link.ew_gpu_links["swp14@sw-egg-backend-plane1-leaf04--eth2@gpu-egg-052"] will be created
  + resource "netris_link" "ew_gpu_links" {
      + id       = (known after apply)
      + ports    = [
          + "swp14@sw-egg-backend-plane1-leaf04",
          + "eth2@gpu-egg-052",
        ]
      + underlay = "enabled"
    }

  # netris_link.ew_gpu_links["swp14@sw-egg-backend-plane1-leaf05--eth2@gpu-egg-053"] will be created
  + resource "netris_link" "ew_gpu_links" {
      + id       = (known after apply)
      + ports    = [
          + "swp14@sw-egg-backend-plane1-leaf05",
          + "eth2@gpu-egg-053",
        ]
      + underlay = "enabled"
    }

  # netris_link.ew_gpu_links["swp14@sw-egg-backend-plane1-leaf06--eth2@gpu-egg-054"] will be created
  + resource "netris_link" "ew_gpu_links" {
      + id       = (known after apply)
      + ports    = [
          + "swp14@sw-egg-backend-plane1-leaf06",
          + "eth2@gpu-egg-054",
        ]
      + underlay = "enabled"
    }

  # netris_link.ew_gpu_links["swp14@sw-egg-backend-plane1-leaf07--eth2@gpu-egg-055"] will be created
  + resource "netris_link" "ew_gpu_links" {
      + id       = (known after apply)
      + ports    = [
          + "swp14@sw-egg-backend-plane1-leaf07",
          + "eth2@gpu-egg-055",
        ]
      + underlay = "enabled"
    }

  # netris_link.ew_gpu_links["swp14@sw-egg-backend-plane1-leaf08--eth2@gpu-egg-056"] will be created
  + resource "netris_link" "ew_gpu_links" {
      + id       = (known after apply)
      + ports    = [
          + "swp14@sw-egg-backend-plane1-leaf08",
          + "eth2@gpu-egg-056",
        ]
      + underlay = "enabled"
    }

  # netris_link.ew_gpu_links["swp14@sw-egg-backend-plane2-leaf01--eth4@gpu-egg-049"] will be created
  + resource "netris_link" "ew_gpu_links" {
      + id       = (known after apply)
      + ports    = [
          + "swp14@sw-egg-backend-plane2-leaf01",
          + "eth4@gpu-egg-049",
        ]
      + underlay = "enabled"
    }

  # netris_link.ew_gpu_links["swp14@sw-egg-backend-plane2-leaf02--eth4@gpu-egg-050"] will be created
  + resource "netris_link" "ew_gpu_links" {
      + id       = (known after apply)
      + ports    = [
          + "swp14@sw-egg-backend-plane2-leaf02",
          + "eth4@gpu-egg-050",
        ]
      + underlay = "enabled"
    }

  # netris_link.ew_gpu_links["swp14@sw-egg-backend-plane2-leaf03--eth4@gpu-egg-051"] will be created
  + resource "netris_link" "ew_gpu_links" {
      + id       = (known after apply)
      + ports    = [
          + "swp14@sw-egg-backend-plane2-leaf03",
          + "eth4@gpu-egg-051",
        ]
      + underlay = "enabled"
    }

  # netris_link.ew_gpu_links["swp14@sw-egg-backend-plane2-leaf04--eth4@gpu-egg-052"] will be created
  + resource "netris_link" "ew_gpu_links" {
      + id       = (known after apply)
      + ports    = [
          + "swp14@sw-egg-backend-plane2-leaf04",
          + "eth4@gpu-egg-052",
        ]
      + underlay = "enabled"
    }

  # netris_link.ew_gpu_links["swp14@sw-egg-backend-plane2-leaf05--eth4@gpu-egg-053"] will be created
  + resource "netris_link" "ew_gpu_links" {
      + id       = (known after apply)
      + ports    = [
          + "swp14@sw-egg-backend-plane2-leaf05",
          + "eth4@gpu-egg-053",
        ]
      + underlay = "enabled"
    }

  # netris_link.ew_gpu_links["swp14@sw-egg-backend-plane2-leaf06--eth4@gpu-egg-054"] will be created
  + resource "netris_link" "ew_gpu_links" {
      + id       = (known after apply)
      + ports    = [
          + "swp14@sw-egg-backend-plane2-leaf06",
          + "eth4@gpu-egg-054",
        ]
      + underlay = "enabled"
    }

  # netris_link.ew_gpu_links["swp14@sw-egg-backend-plane2-leaf07--eth4@gpu-egg-055"] will be created
  + resource "netris_link" "ew_gpu_links" {
      + id       = (known after apply)
      + ports    = [
          + "swp14@sw-egg-backend-plane2-leaf07",
          + "eth4@gpu-egg-055",
        ]
      + underlay = "enabled"
    }

  # netris_link.ew_gpu_links["swp14@sw-egg-backend-plane2-leaf08--eth4@gpu-egg-056"] will be created
  + resource "netris_link" "ew_gpu_links" {
      + id       = (known after apply)
      + ports    = [
          + "swp14@sw-egg-backend-plane2-leaf08",
          + "eth4@gpu-egg-056",
        ]
      + underlay = "enabled"
    }

  # netris_link.ew_gpu_links["swp14@sw-egg-backend-plane3-leaf01--eth6@gpu-egg-049"] will be created
  + resource "netris_link" "ew_gpu_links" {
      + id       = (known after apply)
      + ports    = [
          + "swp14@sw-egg-backend-plane3-leaf01",
          + "eth6@gpu-egg-049",
        ]
      + underlay = "enabled"
    }

  # netris_link.ew_gpu_links["swp14@sw-egg-backend-plane3-leaf02--eth6@gpu-egg-050"] will be created
  + resource "netris_link" "ew_gpu_links" {
      + id       = (known after apply)
      + ports    = [
          + "swp14@sw-egg-backend-plane3-leaf02",
          + "eth6@gpu-egg-050",
        ]
      + underlay = "enabled"
    }

  # netris_link.ew_gpu_links["swp14@sw-egg-backend-plane3-leaf03--eth6@gpu-egg-051"] will be created
  + resource "netris_link" "ew_gpu_links" {
      + id       = (known after apply)
      + ports    = [
          + "swp14@sw-egg-backend-plane3-leaf03",
          + "eth6@gpu-egg-051",
        ]
      + underlay = "enabled"
    }

  # netris_link.ew_gpu_links["swp14@sw-egg-backend-plane3-leaf04--eth6@gpu-egg-052"] will be created
  + resource "netris_link" "ew_gpu_links" {
      + id       = (known after apply)
      + ports    = [
          + "swp14@sw-egg-backend-plane3-leaf04",
          + "eth6@gpu-egg-052",
        ]
      + underlay = "enabled"
    }

  # netris_link.ew_gpu_links["swp14@sw-egg-backend-plane3-leaf05--eth6@gpu-egg-053"] will be created
  + resource "netris_link" "ew_gpu_links" {
      + id       = (known after apply)
      + ports    = [
          + "swp14@sw-egg-backend-plane3-leaf05",
          + "eth6@gpu-egg-053",
        ]
      + underlay = "enabled"
    }

  # netris_link.ew_gpu_links["swp14@sw-egg-backend-plane3-leaf06--eth6@gpu-egg-054"] will be created
  + resource "netris_link" "ew_gpu_links" {
      + id       = (known after apply)
      + ports    = [
          + "swp14@sw-egg-backend-plane3-leaf06",
          + "eth6@gpu-egg-054",
        ]
      + underlay = "enabled"
    }

  # netris_link.ew_gpu_links["swp14@sw-egg-backend-plane3-leaf07--eth6@gpu-egg-055"] will be created
  + resource "netris_link" "ew_gpu_links" {
      + id       = (known after apply)
      + ports    = [
          + "swp14@sw-egg-backend-plane3-leaf07",
          + "eth6@gpu-egg-055",
        ]
      + underlay = "enabled"
    }

  # netris_link.ew_gpu_links["swp14@sw-egg-backend-plane3-leaf08--eth6@gpu-egg-056"] will be created
  + resource "netris_link" "ew_gpu_links" {
      + id       = (known after apply)
      + ports    = [
          + "swp14@sw-egg-backend-plane3-leaf08",
          + "eth6@gpu-egg-056",
        ]
      + underlay = "enabled"
    }

  # netris_link.ew_gpu_links["swp14@sw-egg-backend-plane4-leaf01--eth8@gpu-egg-049"] will be created
  + resource "netris_link" "ew_gpu_links" {
      + id       = (known after apply)
      + ports    = [
          + "swp14@sw-egg-backend-plane4-leaf01",
          + "eth8@gpu-egg-049",
        ]
      + underlay = "enabled"
    }

  # netris_link.ew_gpu_links["swp14@sw-egg-backend-plane4-leaf02--eth8@gpu-egg-050"] will be created
  + resource "netris_link" "ew_gpu_links" {
      + id       = (known after apply)
      + ports    = [
          + "swp14@sw-egg-backend-plane4-leaf02",
          + "eth8@gpu-egg-050",
        ]
      + underlay = "enabled"
    }

  # netris_link.ew_gpu_links["swp14@sw-egg-backend-plane4-leaf03--eth8@gpu-egg-051"] will be created
  + resource "netris_link" "ew_gpu_links" {
      + id       = (known after apply)
      + ports    = [
          + "swp14@sw-egg-backend-plane4-leaf03",
          + "eth8@gpu-egg-051",
        ]
      + underlay = "enabled"
    }

  # netris_link.ew_gpu_links["swp14@sw-egg-backend-plane4-leaf04--eth8@gpu-egg-052"] will be created
  + resource "netris_link" "ew_gpu_links" {
      + id       = (known after apply)
      + ports    = [
          + "swp14@sw-egg-backend-plane4-leaf04",
          + "eth8@gpu-egg-052",
        ]
      + underlay = "enabled"
    }

  # netris_link.ew_gpu_links["swp14@sw-egg-backend-plane4-leaf05--eth8@gpu-egg-053"] will be created
  + resource "netris_link" "ew_gpu_links" {
      + id       = (known after apply)
      + ports    = [
          + "swp14@sw-egg-backend-plane4-leaf05",
          + "eth8@gpu-egg-053",
        ]
      + underlay = "enabled"
    }

  # netris_link.ew_gpu_links["swp14@sw-egg-backend-plane4-leaf06--eth8@gpu-egg-054"] will be created
  + resource "netris_link" "ew_gpu_links" {
      + id       = (known after apply)
      + ports    = [
          + "swp14@sw-egg-backend-plane4-leaf06",
          + "eth8@gpu-egg-054",
        ]
      + underlay = "enabled"
    }

  # netris_link.ew_gpu_links["swp14@sw-egg-backend-plane4-leaf07--eth8@gpu-egg-055"] will be created
  + resource "netris_link" "ew_gpu_links" {
      + id       = (known after apply)
      + ports    = [
          + "swp14@sw-egg-backend-plane4-leaf07",
          + "eth8@gpu-egg-055",
        ]
      + underlay = "enabled"
    }

  # netris_link.ew_gpu_links["swp14@sw-egg-backend-plane4-leaf08--eth8@gpu-egg-056"] will be created
  + resource "netris_link" "ew_gpu_links" {
      + id       = (known after apply)
      + ports    = [
          + "swp14@sw-egg-backend-plane4-leaf08",
          + "eth8@gpu-egg-056",
        ]
      + underlay = "enabled"
    }

  # netris_link.ew_gpu_links["swp15@sw-egg-backend-plane1-leaf01--eth1@gpu-egg-057"] will be created
  + resource "netris_link" "ew_gpu_links" {
      + id       = (known after apply)
      + ports    = [
          + "swp15@sw-egg-backend-plane1-leaf01",
          + "eth1@gpu-egg-057",
        ]
      + underlay = "enabled"
    }

  # netris_link.ew_gpu_links["swp15@sw-egg-backend-plane1-leaf02--eth1@gpu-egg-058"] will be created
  + resource "netris_link" "ew_gpu_links" {
      + id       = (known after apply)
      + ports    = [
          + "swp15@sw-egg-backend-plane1-leaf02",
          + "eth1@gpu-egg-058",
        ]
      + underlay = "enabled"
    }

  # netris_link.ew_gpu_links["swp15@sw-egg-backend-plane1-leaf03--eth1@gpu-egg-059"] will be created
  + resource "netris_link" "ew_gpu_links" {
      + id       = (known after apply)
      + ports    = [
          + "swp15@sw-egg-backend-plane1-leaf03",
          + "eth1@gpu-egg-059",
        ]
      + underlay = "enabled"
    }

  # netris_link.ew_gpu_links["swp15@sw-egg-backend-plane1-leaf04--eth1@gpu-egg-060"] will be created
  + resource "netris_link" "ew_gpu_links" {
      + id       = (known after apply)
      + ports    = [
          + "swp15@sw-egg-backend-plane1-leaf04",
          + "eth1@gpu-egg-060",
        ]
      + underlay = "enabled"
    }

  # netris_link.ew_gpu_links["swp15@sw-egg-backend-plane1-leaf05--eth1@gpu-egg-061"] will be created
  + resource "netris_link" "ew_gpu_links" {
      + id       = (known after apply)
      + ports    = [
          + "swp15@sw-egg-backend-plane1-leaf05",
          + "eth1@gpu-egg-061",
        ]
      + underlay = "enabled"
    }

  # netris_link.ew_gpu_links["swp15@sw-egg-backend-plane1-leaf06--eth1@gpu-egg-062"] will be created
  + resource "netris_link" "ew_gpu_links" {
      + id       = (known after apply)
      + ports    = [
          + "swp15@sw-egg-backend-plane1-leaf06",
          + "eth1@gpu-egg-062",
        ]
      + underlay = "enabled"
    }

  # netris_link.ew_gpu_links["swp15@sw-egg-backend-plane1-leaf07--eth1@gpu-egg-063"] will be created
  + resource "netris_link" "ew_gpu_links" {
      + id       = (known after apply)
      + ports    = [
          + "swp15@sw-egg-backend-plane1-leaf07",
          + "eth1@gpu-egg-063",
        ]
      + underlay = "enabled"
    }

  # netris_link.ew_gpu_links["swp15@sw-egg-backend-plane1-leaf08--eth1@gpu-egg-064"] will be created
  + resource "netris_link" "ew_gpu_links" {
      + id       = (known after apply)
      + ports    = [
          + "swp15@sw-egg-backend-plane1-leaf08",
          + "eth1@gpu-egg-064",
        ]
      + underlay = "enabled"
    }

  # netris_link.ew_gpu_links["swp15@sw-egg-backend-plane2-leaf01--eth3@gpu-egg-057"] will be created
  + resource "netris_link" "ew_gpu_links" {
      + id       = (known after apply)
      + ports    = [
          + "swp15@sw-egg-backend-plane2-leaf01",
          + "eth3@gpu-egg-057",
        ]
      + underlay = "enabled"
    }

  # netris_link.ew_gpu_links["swp15@sw-egg-backend-plane2-leaf02--eth3@gpu-egg-058"] will be created
  + resource "netris_link" "ew_gpu_links" {
      + id       = (known after apply)
      + ports    = [
          + "swp15@sw-egg-backend-plane2-leaf02",
          + "eth3@gpu-egg-058",
        ]
      + underlay = "enabled"
    }

  # netris_link.ew_gpu_links["swp15@sw-egg-backend-plane2-leaf03--eth3@gpu-egg-059"] will be created
  + resource "netris_link" "ew_gpu_links" {
      + id       = (known after apply)
      + ports    = [
          + "swp15@sw-egg-backend-plane2-leaf03",
          + "eth3@gpu-egg-059",
        ]
      + underlay = "enabled"
    }

  # netris_link.ew_gpu_links["swp15@sw-egg-backend-plane2-leaf04--eth3@gpu-egg-060"] will be created
  + resource "netris_link" "ew_gpu_links" {
      + id       = (known after apply)
      + ports    = [
          + "swp15@sw-egg-backend-plane2-leaf04",
          + "eth3@gpu-egg-060",
        ]
      + underlay = "enabled"
    }

  # netris_link.ew_gpu_links["swp15@sw-egg-backend-plane2-leaf05--eth3@gpu-egg-061"] will be created
  + resource "netris_link" "ew_gpu_links" {
      + id       = (known after apply)
      + ports    = [
          + "swp15@sw-egg-backend-plane2-leaf05",
          + "eth3@gpu-egg-061",
        ]
      + underlay = "enabled"
    }

  # netris_link.ew_gpu_links["swp15@sw-egg-backend-plane2-leaf06--eth3@gpu-egg-062"] will be created
  + resource "netris_link" "ew_gpu_links" {
      + id       = (known after apply)
      + ports    = [
          + "swp15@sw-egg-backend-plane2-leaf06",
          + "eth3@gpu-egg-062",
        ]
      + underlay = "enabled"
    }

  # netris_link.ew_gpu_links["swp15@sw-egg-backend-plane2-leaf07--eth3@gpu-egg-063"] will be created
  + resource "netris_link" "ew_gpu_links" {
      + id       = (known after apply)
      + ports    = [
          + "swp15@sw-egg-backend-plane2-leaf07",
          + "eth3@gpu-egg-063",
        ]
      + underlay = "enabled"
    }

  # netris_link.ew_gpu_links["swp15@sw-egg-backend-plane2-leaf08--eth3@gpu-egg-064"] will be created
  + resource "netris_link" "ew_gpu_links" {
      + id       = (known after apply)
      + ports    = [
          + "swp15@sw-egg-backend-plane2-leaf08",
          + "eth3@gpu-egg-064",
        ]
      + underlay = "enabled"
    }

  # netris_link.ew_gpu_links["swp15@sw-egg-backend-plane3-leaf01--eth5@gpu-egg-057"] will be created
  + resource "netris_link" "ew_gpu_links" {
      + id       = (known after apply)
      + ports    = [
          + "swp15@sw-egg-backend-plane3-leaf01",
          + "eth5@gpu-egg-057",
        ]
      + underlay = "enabled"
    }

  # netris_link.ew_gpu_links["swp15@sw-egg-backend-plane3-leaf02--eth5@gpu-egg-058"] will be created
  + resource "netris_link" "ew_gpu_links" {
      + id       = (known after apply)
      + ports    = [
          + "swp15@sw-egg-backend-plane3-leaf02",
          + "eth5@gpu-egg-058",
        ]
      + underlay = "enabled"
    }

  # netris_link.ew_gpu_links["swp15@sw-egg-backend-plane3-leaf03--eth5@gpu-egg-059"] will be created
  + resource "netris_link" "ew_gpu_links" {
      + id       = (known after apply)
      + ports    = [
          + "swp15@sw-egg-backend-plane3-leaf03",
          + "eth5@gpu-egg-059",
        ]
      + underlay = "enabled"
    }

  # netris_link.ew_gpu_links["swp15@sw-egg-backend-plane3-leaf04--eth5@gpu-egg-060"] will be created
  + resource "netris_link" "ew_gpu_links" {
      + id       = (known after apply)
      + ports    = [
          + "swp15@sw-egg-backend-plane3-leaf04",
          + "eth5@gpu-egg-060",
        ]
      + underlay = "enabled"
    }

  # netris_link.ew_gpu_links["swp15@sw-egg-backend-plane3-leaf05--eth5@gpu-egg-061"] will be created
  + resource "netris_link" "ew_gpu_links" {
      + id       = (known after apply)
      + ports    = [
          + "swp15@sw-egg-backend-plane3-leaf05",
          + "eth5@gpu-egg-061",
        ]
      + underlay = "enabled"
    }

  # netris_link.ew_gpu_links["swp15@sw-egg-backend-plane3-leaf06--eth5@gpu-egg-062"] will be created
  + resource "netris_link" "ew_gpu_links" {
      + id       = (known after apply)
      + ports    = [
          + "swp15@sw-egg-backend-plane3-leaf06",
          + "eth5@gpu-egg-062",
        ]
      + underlay = "enabled"
    }

  # netris_link.ew_gpu_links["swp15@sw-egg-backend-plane3-leaf07--eth5@gpu-egg-063"] will be created
  + resource "netris_link" "ew_gpu_links" {
      + id       = (known after apply)
      + ports    = [
          + "swp15@sw-egg-backend-plane3-leaf07",
          + "eth5@gpu-egg-063",
        ]
      + underlay = "enabled"
    }

  # netris_link.ew_gpu_links["swp15@sw-egg-backend-plane3-leaf08--eth5@gpu-egg-064"] will be created
  + resource "netris_link" "ew_gpu_links" {
      + id       = (known after apply)
      + ports    = [
          + "swp15@sw-egg-backend-plane3-leaf08",
          + "eth5@gpu-egg-064",
        ]
      + underlay = "enabled"
    }

  # netris_link.ew_gpu_links["swp15@sw-egg-backend-plane4-leaf01--eth7@gpu-egg-057"] will be created
  + resource "netris_link" "ew_gpu_links" {
      + id       = (known after apply)
      + ports    = [
          + "swp15@sw-egg-backend-plane4-leaf01",
          + "eth7@gpu-egg-057",
        ]
      + underlay = "enabled"
    }

  # netris_link.ew_gpu_links["swp15@sw-egg-backend-plane4-leaf02--eth7@gpu-egg-058"] will be created
  + resource "netris_link" "ew_gpu_links" {
      + id       = (known after apply)
      + ports    = [
          + "swp15@sw-egg-backend-plane4-leaf02",
          + "eth7@gpu-egg-058",
        ]
      + underlay = "enabled"
    }

  # netris_link.ew_gpu_links["swp15@sw-egg-backend-plane4-leaf03--eth7@gpu-egg-059"] will be created
  + resource "netris_link" "ew_gpu_links" {
      + id       = (known after apply)
      + ports    = [
          + "swp15@sw-egg-backend-plane4-leaf03",
          + "eth7@gpu-egg-059",
        ]
      + underlay = "enabled"
    }

  # netris_link.ew_gpu_links["swp15@sw-egg-backend-plane4-leaf04--eth7@gpu-egg-060"] will be created
  + resource "netris_link" "ew_gpu_links" {
      + id       = (known after apply)
      + ports    = [
          + "swp15@sw-egg-backend-plane4-leaf04",
          + "eth7@gpu-egg-060",
        ]
      + underlay = "enabled"
    }

  # netris_link.ew_gpu_links["swp15@sw-egg-backend-plane4-leaf05--eth7@gpu-egg-061"] will be created
  + resource "netris_link" "ew_gpu_links" {
      + id       = (known after apply)
      + ports    = [
          + "swp15@sw-egg-backend-plane4-leaf05",
          + "eth7@gpu-egg-061",
        ]
      + underlay = "enabled"
    }

  # netris_link.ew_gpu_links["swp15@sw-egg-backend-plane4-leaf06--eth7@gpu-egg-062"] will be created
  + resource "netris_link" "ew_gpu_links" {
      + id       = (known after apply)
      + ports    = [
          + "swp15@sw-egg-backend-plane4-leaf06",
          + "eth7@gpu-egg-062",
        ]
      + underlay = "enabled"
    }

  # netris_link.ew_gpu_links["swp15@sw-egg-backend-plane4-leaf07--eth7@gpu-egg-063"] will be created
  + resource "netris_link" "ew_gpu_links" {
      + id       = (known after apply)
      + ports    = [
          + "swp15@sw-egg-backend-plane4-leaf07",
          + "eth7@gpu-egg-063",
        ]
      + underlay = "enabled"
    }

  # netris_link.ew_gpu_links["swp15@sw-egg-backend-plane4-leaf08--eth7@gpu-egg-064"] will be created
  + resource "netris_link" "ew_gpu_links" {
      + id       = (known after apply)
      + ports    = [
          + "swp15@sw-egg-backend-plane4-leaf08",
          + "eth7@gpu-egg-064",
        ]
      + underlay = "enabled"
    }

  # netris_link.ew_gpu_links["swp16@sw-egg-backend-plane1-leaf01--eth2@gpu-egg-057"] will be created
  + resource "netris_link" "ew_gpu_links" {
      + id       = (known after apply)
      + ports    = [
          + "swp16@sw-egg-backend-plane1-leaf01",
          + "eth2@gpu-egg-057",
        ]
      + underlay = "enabled"
    }

  # netris_link.ew_gpu_links["swp16@sw-egg-backend-plane1-leaf02--eth2@gpu-egg-058"] will be created
  + resource "netris_link" "ew_gpu_links" {
      + id       = (known after apply)
      + ports    = [
          + "swp16@sw-egg-backend-plane1-leaf02",
          + "eth2@gpu-egg-058",
        ]
      + underlay = "enabled"
    }

  # netris_link.ew_gpu_links["swp16@sw-egg-backend-plane1-leaf03--eth2@gpu-egg-059"] will be created
  + resource "netris_link" "ew_gpu_links" {
      + id       = (known after apply)
      + ports    = [
          + "swp16@sw-egg-backend-plane1-leaf03",
          + "eth2@gpu-egg-059",
        ]
      + underlay = "enabled"
    }

  # netris_link.ew_gpu_links["swp16@sw-egg-backend-plane1-leaf04--eth2@gpu-egg-060"] will be created
  + resource "netris_link" "ew_gpu_links" {
      + id       = (known after apply)
      + ports    = [
          + "swp16@sw-egg-backend-plane1-leaf04",
          + "eth2@gpu-egg-060",
        ]
      + underlay = "enabled"
    }

  # netris_link.ew_gpu_links["swp16@sw-egg-backend-plane1-leaf05--eth2@gpu-egg-061"] will be created
  + resource "netris_link" "ew_gpu_links" {
      + id       = (known after apply)
      + ports    = [
          + "swp16@sw-egg-backend-plane1-leaf05",
          + "eth2@gpu-egg-061",
        ]
      + underlay = "enabled"
    }

  # netris_link.ew_gpu_links["swp16@sw-egg-backend-plane1-leaf06--eth2@gpu-egg-062"] will be created
  + resource "netris_link" "ew_gpu_links" {
      + id       = (known after apply)
      + ports    = [
          + "swp16@sw-egg-backend-plane1-leaf06",
          + "eth2@gpu-egg-062",
        ]
      + underlay = "enabled"
    }

  # netris_link.ew_gpu_links["swp16@sw-egg-backend-plane1-leaf07--eth2@gpu-egg-063"] will be created
  + resource "netris_link" "ew_gpu_links" {
      + id       = (known after apply)
      + ports    = [
          + "swp16@sw-egg-backend-plane1-leaf07",
          + "eth2@gpu-egg-063",
        ]
      + underlay = "enabled"
    }

  # netris_link.ew_gpu_links["swp16@sw-egg-backend-plane1-leaf08--eth2@gpu-egg-064"] will be created
  + resource "netris_link" "ew_gpu_links" {
      + id       = (known after apply)
      + ports    = [
          + "swp16@sw-egg-backend-plane1-leaf08",
          + "eth2@gpu-egg-064",
        ]
      + underlay = "enabled"
    }

  # netris_link.ew_gpu_links["swp16@sw-egg-backend-plane2-leaf01--eth4@gpu-egg-057"] will be created
  + resource "netris_link" "ew_gpu_links" {
      + id       = (known after apply)
      + ports    = [
          + "swp16@sw-egg-backend-plane2-leaf01",
          + "eth4@gpu-egg-057",
        ]
      + underlay = "enabled"
    }

  # netris_link.ew_gpu_links["swp16@sw-egg-backend-plane2-leaf02--eth4@gpu-egg-058"] will be created
  + resource "netris_link" "ew_gpu_links" {
      + id       = (known after apply)
      + ports    = [
          + "swp16@sw-egg-backend-plane2-leaf02",
          + "eth4@gpu-egg-058",
        ]
      + underlay = "enabled"
    }

  # netris_link.ew_gpu_links["swp16@sw-egg-backend-plane2-leaf03--eth4@gpu-egg-059"] will be created
  + resource "netris_link" "ew_gpu_links" {
      + id       = (known after apply)
      + ports    = [
          + "swp16@sw-egg-backend-plane2-leaf03",
          + "eth4@gpu-egg-059",
        ]
      + underlay = "enabled"
    }

  # netris_link.ew_gpu_links["swp16@sw-egg-backend-plane2-leaf04--eth4@gpu-egg-060"] will be created
  + resource "netris_link" "ew_gpu_links" {
      + id       = (known after apply)
      + ports    = [
          + "swp16@sw-egg-backend-plane2-leaf04",
          + "eth4@gpu-egg-060",
        ]
      + underlay = "enabled"
    }

  # netris_link.ew_gpu_links["swp16@sw-egg-backend-plane2-leaf05--eth4@gpu-egg-061"] will be created
  + resource "netris_link" "ew_gpu_links" {
      + id       = (known after apply)
      + ports    = [
          + "swp16@sw-egg-backend-plane2-leaf05",
          + "eth4@gpu-egg-061",
        ]
      + underlay = "enabled"
    }

  # netris_link.ew_gpu_links["swp16@sw-egg-backend-plane2-leaf06--eth4@gpu-egg-062"] will be created
  + resource "netris_link" "ew_gpu_links" {
      + id       = (known after apply)
      + ports    = [
          + "swp16@sw-egg-backend-plane2-leaf06",
          + "eth4@gpu-egg-062",
        ]
      + underlay = "enabled"
    }

  # netris_link.ew_gpu_links["swp16@sw-egg-backend-plane2-leaf07--eth4@gpu-egg-063"] will be created
  + resource "netris_link" "ew_gpu_links" {
      + id       = (known after apply)
      + ports    = [
          + "swp16@sw-egg-backend-plane2-leaf07",
          + "eth4@gpu-egg-063",
        ]
      + underlay = "enabled"
    }

  # netris_link.ew_gpu_links["swp16@sw-egg-backend-plane2-leaf08--eth4@gpu-egg-064"] will be created
  + resource "netris_link" "ew_gpu_links" {
      + id       = (known after apply)
      + ports    = [
          + "swp16@sw-egg-backend-plane2-leaf08",
          + "eth4@gpu-egg-064",
        ]
      + underlay = "enabled"
    }

  # netris_link.ew_gpu_links["swp16@sw-egg-backend-plane3-leaf01--eth6@gpu-egg-057"] will be created
  + resource "netris_link" "ew_gpu_links" {
      + id       = (known after apply)
      + ports    = [
          + "swp16@sw-egg-backend-plane3-leaf01",
          + "eth6@gpu-egg-057",
        ]
      + underlay = "enabled"
    }

  # netris_link.ew_gpu_links["swp16@sw-egg-backend-plane3-leaf02--eth6@gpu-egg-058"] will be created
  + resource "netris_link" "ew_gpu_links" {
      + id       = (known after apply)
      + ports    = [
          + "swp16@sw-egg-backend-plane3-leaf02",
          + "eth6@gpu-egg-058",
        ]
      + underlay = "enabled"
    }

  # netris_link.ew_gpu_links["swp16@sw-egg-backend-plane3-leaf03--eth6@gpu-egg-059"] will be created
  + resource "netris_link" "ew_gpu_links" {
      + id       = (known after apply)
      + ports    = [
          + "swp16@sw-egg-backend-plane3-leaf03",
          + "eth6@gpu-egg-059",
        ]
      + underlay = "enabled"
    }

  # netris_link.ew_gpu_links["swp16@sw-egg-backend-plane3-leaf04--eth6@gpu-egg-060"] will be created
  + resource "netris_link" "ew_gpu_links" {
      + id       = (known after apply)
      + ports    = [
          + "swp16@sw-egg-backend-plane3-leaf04",
          + "eth6@gpu-egg-060",
        ]
      + underlay = "enabled"
    }

  # netris_link.ew_gpu_links["swp16@sw-egg-backend-plane3-leaf05--eth6@gpu-egg-061"] will be created
  + resource "netris_link" "ew_gpu_links" {
      + id       = (known after apply)
      + ports    = [
          + "swp16@sw-egg-backend-plane3-leaf05",
          + "eth6@gpu-egg-061",
        ]
      + underlay = "enabled"
    }

  # netris_link.ew_gpu_links["swp16@sw-egg-backend-plane3-leaf06--eth6@gpu-egg-062"] will be created
  + resource "netris_link" "ew_gpu_links" {
      + id       = (known after apply)
      + ports    = [
          + "swp16@sw-egg-backend-plane3-leaf06",
          + "eth6@gpu-egg-062",
        ]
      + underlay = "enabled"
    }

  # netris_link.ew_gpu_links["swp16@sw-egg-backend-plane3-leaf07--eth6@gpu-egg-063"] will be created
  + resource "netris_link" "ew_gpu_links" {
      + id       = (known after apply)
      + ports    = [
          + "swp16@sw-egg-backend-plane3-leaf07",
          + "eth6@gpu-egg-063",
        ]
      + underlay = "enabled"
    }

  # netris_link.ew_gpu_links["swp16@sw-egg-backend-plane3-leaf08--eth6@gpu-egg-064"] will be created
  + resource "netris_link" "ew_gpu_links" {
      + id       = (known after apply)
      + ports    = [
          + "swp16@sw-egg-backend-plane3-leaf08",
          + "eth6@gpu-egg-064",
        ]
      + underlay = "enabled"
    }

  # netris_link.ew_gpu_links["swp16@sw-egg-backend-plane4-leaf01--eth8@gpu-egg-057"] will be created
  + resource "netris_link" "ew_gpu_links" {
      + id       = (known after apply)
      + ports    = [
          + "swp16@sw-egg-backend-plane4-leaf01",
          + "eth8@gpu-egg-057",
        ]
      + underlay = "enabled"
    }

  # netris_link.ew_gpu_links["swp16@sw-egg-backend-plane4-leaf02--eth8@gpu-egg-058"] will be created
  + resource "netris_link" "ew_gpu_links" {
      + id       = (known after apply)
      + ports    = [
          + "swp16@sw-egg-backend-plane4-leaf02",
          + "eth8@gpu-egg-058",
        ]
      + underlay = "enabled"
    }

  # netris_link.ew_gpu_links["swp16@sw-egg-backend-plane4-leaf03--eth8@gpu-egg-059"] will be created
  + resource "netris_link" "ew_gpu_links" {
      + id       = (known after apply)
      + ports    = [
          + "swp16@sw-egg-backend-plane4-leaf03",
          + "eth8@gpu-egg-059",
        ]
      + underlay = "enabled"
    }

  # netris_link.ew_gpu_links["swp16@sw-egg-backend-plane4-leaf04--eth8@gpu-egg-060"] will be created
  + resource "netris_link" "ew_gpu_links" {
      + id       = (known after apply)
      + ports    = [
          + "swp16@sw-egg-backend-plane4-leaf04",
          + "eth8@gpu-egg-060",
        ]
      + underlay = "enabled"
    }

  # netris_link.ew_gpu_links["swp16@sw-egg-backend-plane4-leaf05--eth8@gpu-egg-061"] will be created
  + resource "netris_link" "ew_gpu_links" {
      + id       = (known after apply)
      + ports    = [
          + "swp16@sw-egg-backend-plane4-leaf05",
          + "eth8@gpu-egg-061",
        ]
      + underlay = "enabled"
    }

  # netris_link.ew_gpu_links["swp16@sw-egg-backend-plane4-leaf06--eth8@gpu-egg-062"] will be created
  + resource "netris_link" "ew_gpu_links" {
      + id       = (known after apply)
      + ports    = [
          + "swp16@sw-egg-backend-plane4-leaf06",
          + "eth8@gpu-egg-062",
        ]
      + underlay = "enabled"
    }

  # netris_link.ew_gpu_links["swp16@sw-egg-backend-plane4-leaf07--eth8@gpu-egg-063"] will be created
  + resource "netris_link" "ew_gpu_links" {
      + id       = (known after apply)
      + ports    = [
          + "swp16@sw-egg-backend-plane4-leaf07",
          + "eth8@gpu-egg-063",
        ]
      + underlay = "enabled"
    }

  # netris_link.ew_gpu_links["swp16@sw-egg-backend-plane4-leaf08--eth8@gpu-egg-064"] will be created
  + resource "netris_link" "ew_gpu_links" {
      + id       = (known after apply)
      + ports    = [
          + "swp16@sw-egg-backend-plane4-leaf08",
          + "eth8@gpu-egg-064",
        ]
      + underlay = "enabled"
    }

  # netris_link.ew_gpu_links["swp17@sw-egg-backend-plane1-leaf01--eth1@gpu-egg-065"] will be created
  + resource "netris_link" "ew_gpu_links" {
      + id       = (known after apply)
      + ports    = [
          + "swp17@sw-egg-backend-plane1-leaf01",
          + "eth1@gpu-egg-065",
        ]
      + underlay = "enabled"
    }

  # netris_link.ew_gpu_links["swp17@sw-egg-backend-plane1-leaf02--eth1@gpu-egg-066"] will be created
  + resource "netris_link" "ew_gpu_links" {
      + id       = (known after apply)
      + ports    = [
          + "swp17@sw-egg-backend-plane1-leaf02",
          + "eth1@gpu-egg-066",
        ]
      + underlay = "enabled"
    }

  # netris_link.ew_gpu_links["swp17@sw-egg-backend-plane1-leaf03--eth1@gpu-egg-067"] will be created
  + resource "netris_link" "ew_gpu_links" {
      + id       = (known after apply)
      + ports    = [
          + "swp17@sw-egg-backend-plane1-leaf03",
          + "eth1@gpu-egg-067",
        ]
      + underlay = "enabled"
    }

  # netris_link.ew_gpu_links["swp17@sw-egg-backend-plane1-leaf04--eth1@gpu-egg-068"] will be created
  + resource "netris_link" "ew_gpu_links" {
      + id       = (known after apply)
      + ports    = [
          + "swp17@sw-egg-backend-plane1-leaf04",
          + "eth1@gpu-egg-068",
        ]
      + underlay = "enabled"
    }

  # netris_link.ew_gpu_links["swp17@sw-egg-backend-plane1-leaf05--eth1@gpu-egg-069"] will be created
  + resource "netris_link" "ew_gpu_links" {
      + id       = (known after apply)
      + ports    = [
          + "swp17@sw-egg-backend-plane1-leaf05",
          + "eth1@gpu-egg-069",
        ]
      + underlay = "enabled"
    }

  # netris_link.ew_gpu_links["swp17@sw-egg-backend-plane1-leaf06--eth1@gpu-egg-070"] will be created
  + resource "netris_link" "ew_gpu_links" {
      + id       = (known after apply)
      + ports    = [
          + "swp17@sw-egg-backend-plane1-leaf06",
          + "eth1@gpu-egg-070",
        ]
      + underlay = "enabled"
    }

  # netris_link.ew_gpu_links["swp17@sw-egg-backend-plane1-leaf07--eth1@gpu-egg-071"] will be created
  + resource "netris_link" "ew_gpu_links" {
      + id       = (known after apply)
      + ports    = [
          + "swp17@sw-egg-backend-plane1-leaf07",
          + "eth1@gpu-egg-071",
        ]
      + underlay = "enabled"
    }

  # netris_link.ew_gpu_links["swp17@sw-egg-backend-plane1-leaf08--eth1@gpu-egg-072"] will be created
  + resource "netris_link" "ew_gpu_links" {
      + id       = (known after apply)
      + ports    = [
          + "swp17@sw-egg-backend-plane1-leaf08",
          + "eth1@gpu-egg-072",
        ]
      + underlay = "enabled"
    }

  # netris_link.ew_gpu_links["swp17@sw-egg-backend-plane2-leaf01--eth3@gpu-egg-065"] will be created
  + resource "netris_link" "ew_gpu_links" {
      + id       = (known after apply)
      + ports    = [
          + "swp17@sw-egg-backend-plane2-leaf01",
          + "eth3@gpu-egg-065",
        ]
      + underlay = "enabled"
    }

  # netris_link.ew_gpu_links["swp17@sw-egg-backend-plane2-leaf02--eth3@gpu-egg-066"] will be created
  + resource "netris_link" "ew_gpu_links" {
      + id       = (known after apply)
      + ports    = [
          + "swp17@sw-egg-backend-plane2-leaf02",
          + "eth3@gpu-egg-066",
        ]
      + underlay = "enabled"
    }

  # netris_link.ew_gpu_links["swp17@sw-egg-backend-plane2-leaf03--eth3@gpu-egg-067"] will be created
  + resource "netris_link" "ew_gpu_links" {
      + id       = (known after apply)
      + ports    = [
          + "swp17@sw-egg-backend-plane2-leaf03",
          + "eth3@gpu-egg-067",
        ]
      + underlay = "enabled"
    }

  # netris_link.ew_gpu_links["swp17@sw-egg-backend-plane2-leaf04--eth3@gpu-egg-068"] will be created
  + resource "netris_link" "ew_gpu_links" {
      + id       = (known after apply)
      + ports    = [
          + "swp17@sw-egg-backend-plane2-leaf04",
          + "eth3@gpu-egg-068",
        ]
      + underlay = "enabled"
    }

  # netris_link.ew_gpu_links["swp17@sw-egg-backend-plane2-leaf05--eth3@gpu-egg-069"] will be created
  + resource "netris_link" "ew_gpu_links" {
      + id       = (known after apply)
      + ports    = [
          + "swp17@sw-egg-backend-plane2-leaf05",
          + "eth3@gpu-egg-069",
        ]
      + underlay = "enabled"
    }

  # netris_link.ew_gpu_links["swp17@sw-egg-backend-plane2-leaf06--eth3@gpu-egg-070"] will be created
  + resource "netris_link" "ew_gpu_links" {
      + id       = (known after apply)
      + ports    = [
          + "swp17@sw-egg-backend-plane2-leaf06",
          + "eth3@gpu-egg-070",
        ]
      + underlay = "enabled"
    }

  # netris_link.ew_gpu_links["swp17@sw-egg-backend-plane2-leaf07--eth3@gpu-egg-071"] will be created
  + resource "netris_link" "ew_gpu_links" {
      + id       = (known after apply)
      + ports    = [
          + "swp17@sw-egg-backend-plane2-leaf07",
          + "eth3@gpu-egg-071",
        ]
      + underlay = "enabled"
    }

  # netris_link.ew_gpu_links["swp17@sw-egg-backend-plane2-leaf08--eth3@gpu-egg-072"] will be created
  + resource "netris_link" "ew_gpu_links" {
      + id       = (known after apply)
      + ports    = [
          + "swp17@sw-egg-backend-plane2-leaf08",
          + "eth3@gpu-egg-072",
        ]
      + underlay = "enabled"
    }

  # netris_link.ew_gpu_links["swp17@sw-egg-backend-plane3-leaf01--eth5@gpu-egg-065"] will be created
  + resource "netris_link" "ew_gpu_links" {
      + id       = (known after apply)
      + ports    = [
          + "swp17@sw-egg-backend-plane3-leaf01",
          + "eth5@gpu-egg-065",
        ]
      + underlay = "enabled"
    }

  # netris_link.ew_gpu_links["swp17@sw-egg-backend-plane3-leaf02--eth5@gpu-egg-066"] will be created
  + resource "netris_link" "ew_gpu_links" {
      + id       = (known after apply)
      + ports    = [
          + "swp17@sw-egg-backend-plane3-leaf02",
          + "eth5@gpu-egg-066",
        ]
      + underlay = "enabled"
    }

  # netris_link.ew_gpu_links["swp17@sw-egg-backend-plane3-leaf03--eth5@gpu-egg-067"] will be created
  + resource "netris_link" "ew_gpu_links" {
      + id       = (known after apply)
      + ports    = [
          + "swp17@sw-egg-backend-plane3-leaf03",
          + "eth5@gpu-egg-067",
        ]
      + underlay = "enabled"
    }

  # netris_link.ew_gpu_links["swp17@sw-egg-backend-plane3-leaf04--eth5@gpu-egg-068"] will be created
  + resource "netris_link" "ew_gpu_links" {
      + id       = (known after apply)
      + ports    = [
          + "swp17@sw-egg-backend-plane3-leaf04",
          + "eth5@gpu-egg-068",
        ]
      + underlay = "enabled"
    }

  # netris_link.ew_gpu_links["swp17@sw-egg-backend-plane3-leaf05--eth5@gpu-egg-069"] will be created
  + resource "netris_link" "ew_gpu_links" {
      + id       = (known after apply)
      + ports    = [
          + "swp17@sw-egg-backend-plane3-leaf05",
          + "eth5@gpu-egg-069",
        ]
      + underlay = "enabled"
    }

  # netris_link.ew_gpu_links["swp17@sw-egg-backend-plane3-leaf06--eth5@gpu-egg-070"] will be created
  + resource "netris_link" "ew_gpu_links" {
      + id       = (known after apply)
      + ports    = [
          + "swp17@sw-egg-backend-plane3-leaf06",
          + "eth5@gpu-egg-070",
        ]
      + underlay = "enabled"
    }

  # netris_link.ew_gpu_links["swp17@sw-egg-backend-plane3-leaf07--eth5@gpu-egg-071"] will be created
  + resource "netris_link" "ew_gpu_links" {
      + id       = (known after apply)
      + ports    = [
          + "swp17@sw-egg-backend-plane3-leaf07",
          + "eth5@gpu-egg-071",
        ]
      + underlay = "enabled"
    }

  # netris_link.ew_gpu_links["swp17@sw-egg-backend-plane3-leaf08--eth5@gpu-egg-072"] will be created
  + resource "netris_link" "ew_gpu_links" {
      + id       = (known after apply)
      + ports    = [
          + "swp17@sw-egg-backend-plane3-leaf08",
          + "eth5@gpu-egg-072",
        ]
      + underlay = "enabled"
    }

  # netris_link.ew_gpu_links["swp17@sw-egg-backend-plane4-leaf01--eth7@gpu-egg-065"] will be created
  + resource "netris_link" "ew_gpu_links" {
      + id       = (known after apply)
      + ports    = [
          + "swp17@sw-egg-backend-plane4-leaf01",
          + "eth7@gpu-egg-065",
        ]
      + underlay = "enabled"
    }

  # netris_link.ew_gpu_links["swp17@sw-egg-backend-plane4-leaf02--eth7@gpu-egg-066"] will be created
  + resource "netris_link" "ew_gpu_links" {
      + id       = (known after apply)
      + ports    = [
          + "swp17@sw-egg-backend-plane4-leaf02",
          + "eth7@gpu-egg-066",
        ]
      + underlay = "enabled"
    }

  # netris_link.ew_gpu_links["swp17@sw-egg-backend-plane4-leaf03--eth7@gpu-egg-067"] will be created
  + resource "netris_link" "ew_gpu_links" {
      + id       = (known after apply)
      + ports    = [
          + "swp17@sw-egg-backend-plane4-leaf03",
          + "eth7@gpu-egg-067",
        ]
      + underlay = "enabled"
    }

  # netris_link.ew_gpu_links["swp17@sw-egg-backend-plane4-leaf04--eth7@gpu-egg-068"] will be created
  + resource "netris_link" "ew_gpu_links" {
      + id       = (known after apply)
      + ports    = [
          + "swp17@sw-egg-backend-plane4-leaf04",
          + "eth7@gpu-egg-068",
        ]
      + underlay = "enabled"
    }

  # netris_link.ew_gpu_links["swp17@sw-egg-backend-plane4-leaf05--eth7@gpu-egg-069"] will be created
  + resource "netris_link" "ew_gpu_links" {
      + id       = (known after apply)
      + ports    = [
          + "swp17@sw-egg-backend-plane4-leaf05",
          + "eth7@gpu-egg-069",
        ]
      + underlay = "enabled"
    }

  # netris_link.ew_gpu_links["swp17@sw-egg-backend-plane4-leaf06--eth7@gpu-egg-070"] will be created
  + resource "netris_link" "ew_gpu_links" {
      + id       = (known after apply)
      + ports    = [
          + "swp17@sw-egg-backend-plane4-leaf06",
          + "eth7@gpu-egg-070",
        ]
      + underlay = "enabled"
    }

  # netris_link.ew_gpu_links["swp17@sw-egg-backend-plane4-leaf07--eth7@gpu-egg-071"] will be created
  + resource "netris_link" "ew_gpu_links" {
      + id       = (known after apply)
      + ports    = [
          + "swp17@sw-egg-backend-plane4-leaf07",
          + "eth7@gpu-egg-071",
        ]
      + underlay = "enabled"
    }

  # netris_link.ew_gpu_links["swp17@sw-egg-backend-plane4-leaf08--eth7@gpu-egg-072"] will be created
  + resource "netris_link" "ew_gpu_links" {
      + id       = (known after apply)
      + ports    = [
          + "swp17@sw-egg-backend-plane4-leaf08",
          + "eth7@gpu-egg-072",
        ]
      + underlay = "enabled"
    }

  # netris_link.ew_gpu_links["swp18@sw-egg-backend-plane1-leaf01--eth2@gpu-egg-065"] will be created
  + resource "netris_link" "ew_gpu_links" {
      + id       = (known after apply)
      + ports    = [
          + "swp18@sw-egg-backend-plane1-leaf01",
          + "eth2@gpu-egg-065",
        ]
      + underlay = "enabled"
    }

  # netris_link.ew_gpu_links["swp18@sw-egg-backend-plane1-leaf02--eth2@gpu-egg-066"] will be created
  + resource "netris_link" "ew_gpu_links" {
      + id       = (known after apply)
      + ports    = [
          + "swp18@sw-egg-backend-plane1-leaf02",
          + "eth2@gpu-egg-066",
        ]
      + underlay = "enabled"
    }

  # netris_link.ew_gpu_links["swp18@sw-egg-backend-plane1-leaf03--eth2@gpu-egg-067"] will be created
  + resource "netris_link" "ew_gpu_links" {
      + id       = (known after apply)
      + ports    = [
          + "swp18@sw-egg-backend-plane1-leaf03",
          + "eth2@gpu-egg-067",
        ]
      + underlay = "enabled"
    }

  # netris_link.ew_gpu_links["swp18@sw-egg-backend-plane1-leaf04--eth2@gpu-egg-068"] will be created
  + resource "netris_link" "ew_gpu_links" {
      + id       = (known after apply)
      + ports    = [
          + "swp18@sw-egg-backend-plane1-leaf04",
          + "eth2@gpu-egg-068",
        ]
      + underlay = "enabled"
    }

  # netris_link.ew_gpu_links["swp18@sw-egg-backend-plane1-leaf05--eth2@gpu-egg-069"] will be created
  + resource "netris_link" "ew_gpu_links" {
      + id       = (known after apply)
      + ports    = [
          + "swp18@sw-egg-backend-plane1-leaf05",
          + "eth2@gpu-egg-069",
        ]
      + underlay = "enabled"
    }

  # netris_link.ew_gpu_links["swp18@sw-egg-backend-plane1-leaf06--eth2@gpu-egg-070"] will be created
  + resource "netris_link" "ew_gpu_links" {
      + id       = (known after apply)
      + ports    = [
          + "swp18@sw-egg-backend-plane1-leaf06",
          + "eth2@gpu-egg-070",
        ]
      + underlay = "enabled"
    }

  # netris_link.ew_gpu_links["swp18@sw-egg-backend-plane1-leaf07--eth2@gpu-egg-071"] will be created
  + resource "netris_link" "ew_gpu_links" {
      + id       = (known after apply)
      + ports    = [
          + "swp18@sw-egg-backend-plane1-leaf07",
          + "eth2@gpu-egg-071",
        ]
      + underlay = "enabled"
    }

  # netris_link.ew_gpu_links["swp18@sw-egg-backend-plane1-leaf08--eth2@gpu-egg-072"] will be created
  + resource "netris_link" "ew_gpu_links" {
      + id       = (known after apply)
      + ports    = [
          + "swp18@sw-egg-backend-plane1-leaf08",
          + "eth2@gpu-egg-072",
        ]
      + underlay = "enabled"
    }

  # netris_link.ew_gpu_links["swp18@sw-egg-backend-plane2-leaf01--eth4@gpu-egg-065"] will be created
  + resource "netris_link" "ew_gpu_links" {
      + id       = (known after apply)
      + ports    = [
          + "swp18@sw-egg-backend-plane2-leaf01",
          + "eth4@gpu-egg-065",
        ]
      + underlay = "enabled"
    }

  # netris_link.ew_gpu_links["swp18@sw-egg-backend-plane2-leaf02--eth4@gpu-egg-066"] will be created
  + resource "netris_link" "ew_gpu_links" {
      + id       = (known after apply)
      + ports    = [
          + "swp18@sw-egg-backend-plane2-leaf02",
          + "eth4@gpu-egg-066",
        ]
      + underlay = "enabled"
    }

  # netris_link.ew_gpu_links["swp18@sw-egg-backend-plane2-leaf03--eth4@gpu-egg-067"] will be created
  + resource "netris_link" "ew_gpu_links" {
      + id       = (known after apply)
      + ports    = [
          + "swp18@sw-egg-backend-plane2-leaf03",
          + "eth4@gpu-egg-067",
        ]
      + underlay = "enabled"
    }

  # netris_link.ew_gpu_links["swp18@sw-egg-backend-plane2-leaf04--eth4@gpu-egg-068"] will be created
  + resource "netris_link" "ew_gpu_links" {
      + id       = (known after apply)
      + ports    = [
          + "swp18@sw-egg-backend-plane2-leaf04",
          + "eth4@gpu-egg-068",
        ]
      + underlay = "enabled"
    }

  # netris_link.ew_gpu_links["swp18@sw-egg-backend-plane2-leaf05--eth4@gpu-egg-069"] will be created
  + resource "netris_link" "ew_gpu_links" {
      + id       = (known after apply)
      + ports    = [
          + "swp18@sw-egg-backend-plane2-leaf05",
          + "eth4@gpu-egg-069",
        ]
      + underlay = "enabled"
    }

  # netris_link.ew_gpu_links["swp18@sw-egg-backend-plane2-leaf06--eth4@gpu-egg-070"] will be created
  + resource "netris_link" "ew_gpu_links" {
      + id       = (known after apply)
      + ports    = [
          + "swp18@sw-egg-backend-plane2-leaf06",
          + "eth4@gpu-egg-070",
        ]
      + underlay = "enabled"
    }

  # netris_link.ew_gpu_links["swp18@sw-egg-backend-plane2-leaf07--eth4@gpu-egg-071"] will be created
  + resource "netris_link" "ew_gpu_links" {
      + id       = (known after apply)
      + ports    = [
          + "swp18@sw-egg-backend-plane2-leaf07",
          + "eth4@gpu-egg-071",
        ]
      + underlay = "enabled"
    }

  # netris_link.ew_gpu_links["swp18@sw-egg-backend-plane2-leaf08--eth4@gpu-egg-072"] will be created
  + resource "netris_link" "ew_gpu_links" {
      + id       = (known after apply)
      + ports    = [
          + "swp18@sw-egg-backend-plane2-leaf08",
          + "eth4@gpu-egg-072",
        ]
      + underlay = "enabled"
    }

  # netris_link.ew_gpu_links["swp18@sw-egg-backend-plane3-leaf01--eth6@gpu-egg-065"] will be created
  + resource "netris_link" "ew_gpu_links" {
      + id       = (known after apply)
      + ports    = [
          + "swp18@sw-egg-backend-plane3-leaf01",
          + "eth6@gpu-egg-065",
        ]
      + underlay = "enabled"
    }

  # netris_link.ew_gpu_links["swp18@sw-egg-backend-plane3-leaf02--eth6@gpu-egg-066"] will be created
  + resource "netris_link" "ew_gpu_links" {
      + id       = (known after apply)
      + ports    = [
          + "swp18@sw-egg-backend-plane3-leaf02",
          + "eth6@gpu-egg-066",
        ]
      + underlay = "enabled"
    }

  # netris_link.ew_gpu_links["swp18@sw-egg-backend-plane3-leaf03--eth6@gpu-egg-067"] will be created
  + resource "netris_link" "ew_gpu_links" {
      + id       = (known after apply)
      + ports    = [
          + "swp18@sw-egg-backend-plane3-leaf03",
          + "eth6@gpu-egg-067",
        ]
      + underlay = "enabled"
    }

  # netris_link.ew_gpu_links["swp18@sw-egg-backend-plane3-leaf04--eth6@gpu-egg-068"] will be created
  + resource "netris_link" "ew_gpu_links" {
      + id       = (known after apply)
      + ports    = [
          + "swp18@sw-egg-backend-plane3-leaf04",
          + "eth6@gpu-egg-068",
        ]
      + underlay = "enabled"
    }

  # netris_link.ew_gpu_links["swp18@sw-egg-backend-plane3-leaf05--eth6@gpu-egg-069"] will be created
  + resource "netris_link" "ew_gpu_links" {
      + id       = (known after apply)
      + ports    = [
          + "swp18@sw-egg-backend-plane3-leaf05",
          + "eth6@gpu-egg-069",
        ]
      + underlay = "enabled"
    }

  # netris_link.ew_gpu_links["swp18@sw-egg-backend-plane3-leaf06--eth6@gpu-egg-070"] will be created
  + resource "netris_link" "ew_gpu_links" {
      + id       = (known after apply)
      + ports    = [
          + "swp18@sw-egg-backend-plane3-leaf06",
          + "eth6@gpu-egg-070",
        ]
      + underlay = "enabled"
    }

  # netris_link.ew_gpu_links["swp18@sw-egg-backend-plane3-leaf07--eth6@gpu-egg-071"] will be created
  + resource "netris_link" "ew_gpu_links" {
      + id       = (known after apply)
      + ports    = [
          + "swp18@sw-egg-backend-plane3-leaf07",
          + "eth6@gpu-egg-071",
        ]
      + underlay = "enabled"
    }

  # netris_link.ew_gpu_links["swp18@sw-egg-backend-plane3-leaf08--eth6@gpu-egg-072"] will be created
  + resource "netris_link" "ew_gpu_links" {
      + id       = (known after apply)
      + ports    = [
          + "swp18@sw-egg-backend-plane3-leaf08",
          + "eth6@gpu-egg-072",
        ]
      + underlay = "enabled"
    }

  # netris_link.ew_gpu_links["swp18@sw-egg-backend-plane4-leaf01--eth8@gpu-egg-065"] will be created
  + resource "netris_link" "ew_gpu_links" {
      + id       = (known after apply)
      + ports    = [
          + "swp18@sw-egg-backend-plane4-leaf01",
          + "eth8@gpu-egg-065",
        ]
      + underlay = "enabled"
    }

  # netris_link.ew_gpu_links["swp18@sw-egg-backend-plane4-leaf02--eth8@gpu-egg-066"] will be created
  + resource "netris_link" "ew_gpu_links" {
      + id       = (known after apply)
      + ports    = [
          + "swp18@sw-egg-backend-plane4-leaf02",
          + "eth8@gpu-egg-066",
        ]
      + underlay = "enabled"
    }

  # netris_link.ew_gpu_links["swp18@sw-egg-backend-plane4-leaf03--eth8@gpu-egg-067"] will be created
  + resource "netris_link" "ew_gpu_links" {
      + id       = (known after apply)
      + ports    = [
          + "swp18@sw-egg-backend-plane4-leaf03",
          + "eth8@gpu-egg-067",
        ]
      + underlay = "enabled"
    }

  # netris_link.ew_gpu_links["swp18@sw-egg-backend-plane4-leaf04--eth8@gpu-egg-068"] will be created
  + resource "netris_link" "ew_gpu_links" {
      + id       = (known after apply)
      + ports    = [
          + "swp18@sw-egg-backend-plane4-leaf04",
          + "eth8@gpu-egg-068",
        ]
      + underlay = "enabled"
    }

  # netris_link.ew_gpu_links["swp18@sw-egg-backend-plane4-leaf05--eth8@gpu-egg-069"] will be created
  + resource "netris_link" "ew_gpu_links" {
      + id       = (known after apply)
      + ports    = [
          + "swp18@sw-egg-backend-plane4-leaf05",
          + "eth8@gpu-egg-069",
        ]
      + underlay = "enabled"
    }

  # netris_link.ew_gpu_links["swp18@sw-egg-backend-plane4-leaf06--eth8@gpu-egg-070"] will be created
  + resource "netris_link" "ew_gpu_links" {
      + id       = (known after apply)
      + ports    = [
          + "swp18@sw-egg-backend-plane4-leaf06",
          + "eth8@gpu-egg-070",
        ]
      + underlay = "enabled"
    }

  # netris_link.ew_gpu_links["swp18@sw-egg-backend-plane4-leaf07--eth8@gpu-egg-071"] will be created
  + resource "netris_link" "ew_gpu_links" {
      + id       = (known after apply)
      + ports    = [
          + "swp18@sw-egg-backend-plane4-leaf07",
          + "eth8@gpu-egg-071",
        ]
      + underlay = "enabled"
    }

  # netris_link.ew_gpu_links["swp18@sw-egg-backend-plane4-leaf08--eth8@gpu-egg-072"] will be created
  + resource "netris_link" "ew_gpu_links" {
      + id       = (known after apply)
      + ports    = [
          + "swp18@sw-egg-backend-plane4-leaf08",
          + "eth8@gpu-egg-072",
        ]
      + underlay = "enabled"
    }

  # netris_link.ew_gpu_links["swp19@sw-egg-backend-plane1-leaf01--eth1@gpu-egg-073"] will be created
  + resource "netris_link" "ew_gpu_links" {
      + id       = (known after apply)
      + ports    = [
          + "swp19@sw-egg-backend-plane1-leaf01",
          + "eth1@gpu-egg-073",
        ]
      + underlay = "enabled"
    }

  # netris_link.ew_gpu_links["swp19@sw-egg-backend-plane1-leaf02--eth1@gpu-egg-074"] will be created
  + resource "netris_link" "ew_gpu_links" {
      + id       = (known after apply)
      + ports    = [
          + "swp19@sw-egg-backend-plane1-leaf02",
          + "eth1@gpu-egg-074",
        ]
      + underlay = "enabled"
    }

  # netris_link.ew_gpu_links["swp19@sw-egg-backend-plane1-leaf03--eth1@gpu-egg-075"] will be created
  + resource "netris_link" "ew_gpu_links" {
      + id       = (known after apply)
      + ports    = [
          + "swp19@sw-egg-backend-plane1-leaf03",
          + "eth1@gpu-egg-075",
        ]
      + underlay = "enabled"
    }

  # netris_link.ew_gpu_links["swp19@sw-egg-backend-plane1-leaf04--eth1@gpu-egg-076"] will be created
  + resource "netris_link" "ew_gpu_links" {
      + id       = (known after apply)
      + ports    = [
          + "swp19@sw-egg-backend-plane1-leaf04",
          + "eth1@gpu-egg-076",
        ]
      + underlay = "enabled"
    }

  # netris_link.ew_gpu_links["swp19@sw-egg-backend-plane1-leaf05--eth1@gpu-egg-077"] will be created
  + resource "netris_link" "ew_gpu_links" {
      + id       = (known after apply)
      + ports    = [
          + "swp19@sw-egg-backend-plane1-leaf05",
          + "eth1@gpu-egg-077",
        ]
      + underlay = "enabled"
    }

  # netris_link.ew_gpu_links["swp19@sw-egg-backend-plane1-leaf06--eth1@gpu-egg-078"] will be created
  + resource "netris_link" "ew_gpu_links" {
      + id       = (known after apply)
      + ports    = [
          + "swp19@sw-egg-backend-plane1-leaf06",
          + "eth1@gpu-egg-078",
        ]
      + underlay = "enabled"
    }

  # netris_link.ew_gpu_links["swp19@sw-egg-backend-plane1-leaf07--eth1@gpu-egg-079"] will be created
  + resource "netris_link" "ew_gpu_links" {
      + id       = (known after apply)
      + ports    = [
          + "swp19@sw-egg-backend-plane1-leaf07",
          + "eth1@gpu-egg-079",
        ]
      + underlay = "enabled"
    }

  # netris_link.ew_gpu_links["swp19@sw-egg-backend-plane1-leaf08--eth1@gpu-egg-080"] will be created
  + resource "netris_link" "ew_gpu_links" {
      + id       = (known after apply)
      + ports    = [
          + "swp19@sw-egg-backend-plane1-leaf08",
          + "eth1@gpu-egg-080",
        ]
      + underlay = "enabled"
    }

  # netris_link.ew_gpu_links["swp19@sw-egg-backend-plane2-leaf01--eth3@gpu-egg-073"] will be created
  + resource "netris_link" "ew_gpu_links" {
      + id       = (known after apply)
      + ports    = [
          + "swp19@sw-egg-backend-plane2-leaf01",
          + "eth3@gpu-egg-073",
        ]
      + underlay = "enabled"
    }

  # netris_link.ew_gpu_links["swp19@sw-egg-backend-plane2-leaf02--eth3@gpu-egg-074"] will be created
  + resource "netris_link" "ew_gpu_links" {
      + id       = (known after apply)
      + ports    = [
          + "swp19@sw-egg-backend-plane2-leaf02",
          + "eth3@gpu-egg-074",
        ]
      + underlay = "enabled"
    }

  # netris_link.ew_gpu_links["swp19@sw-egg-backend-plane2-leaf03--eth3@gpu-egg-075"] will be created
  + resource "netris_link" "ew_gpu_links" {
      + id       = (known after apply)
      + ports    = [
          + "swp19@sw-egg-backend-plane2-leaf03",
          + "eth3@gpu-egg-075",
        ]
      + underlay = "enabled"
    }

  # netris_link.ew_gpu_links["swp19@sw-egg-backend-plane2-leaf04--eth3@gpu-egg-076"] will be created
  + resource "netris_link" "ew_gpu_links" {
      + id       = (known after apply)
      + ports    = [
          + "swp19@sw-egg-backend-plane2-leaf04",
          + "eth3@gpu-egg-076",
        ]
      + underlay = "enabled"
    }

  # netris_link.ew_gpu_links["swp19@sw-egg-backend-plane2-leaf05--eth3@gpu-egg-077"] will be created
  + resource "netris_link" "ew_gpu_links" {
      + id       = (known after apply)
      + ports    = [
          + "swp19@sw-egg-backend-plane2-leaf05",
          + "eth3@gpu-egg-077",
        ]
      + underlay = "enabled"
    }

  # netris_link.ew_gpu_links["swp19@sw-egg-backend-plane2-leaf06--eth3@gpu-egg-078"] will be created
  + resource "netris_link" "ew_gpu_links" {
      + id       = (known after apply)
      + ports    = [
          + "swp19@sw-egg-backend-plane2-leaf06",
          + "eth3@gpu-egg-078",
        ]
      + underlay = "enabled"
    }

  # netris_link.ew_gpu_links["swp19@sw-egg-backend-plane2-leaf07--eth3@gpu-egg-079"] will be created
  + resource "netris_link" "ew_gpu_links" {
      + id       = (known after apply)
      + ports    = [
          + "swp19@sw-egg-backend-plane2-leaf07",
          + "eth3@gpu-egg-079",
        ]
      + underlay = "enabled"
    }

  # netris_link.ew_gpu_links["swp19@sw-egg-backend-plane2-leaf08--eth3@gpu-egg-080"] will be created
  + resource "netris_link" "ew_gpu_links" {
      + id       = (known after apply)
      + ports    = [
          + "swp19@sw-egg-backend-plane2-leaf08",
          + "eth3@gpu-egg-080",
        ]
      + underlay = "enabled"
    }

  # netris_link.ew_gpu_links["swp19@sw-egg-backend-plane3-leaf01--eth5@gpu-egg-073"] will be created
  + resource "netris_link" "ew_gpu_links" {
      + id       = (known after apply)
      + ports    = [
          + "swp19@sw-egg-backend-plane3-leaf01",
          + "eth5@gpu-egg-073",
        ]
      + underlay = "enabled"
    }

  # netris_link.ew_gpu_links["swp19@sw-egg-backend-plane3-leaf02--eth5@gpu-egg-074"] will be created
  + resource "netris_link" "ew_gpu_links" {
      + id       = (known after apply)
      + ports    = [
          + "swp19@sw-egg-backend-plane3-leaf02",
          + "eth5@gpu-egg-074",
        ]
      + underlay = "enabled"
    }

  # netris_link.ew_gpu_links["swp19@sw-egg-backend-plane3-leaf03--eth5@gpu-egg-075"] will be created
  + resource "netris_link" "ew_gpu_links" {
      + id       = (known after apply)
      + ports    = [
          + "swp19@sw-egg-backend-plane3-leaf03",
          + "eth5@gpu-egg-075",
        ]
      + underlay = "enabled"
    }

  # netris_link.ew_gpu_links["swp19@sw-egg-backend-plane3-leaf04--eth5@gpu-egg-076"] will be created
  + resource "netris_link" "ew_gpu_links" {
      + id       = (known after apply)
      + ports    = [
          + "swp19@sw-egg-backend-plane3-leaf04",
          + "eth5@gpu-egg-076",
        ]
      + underlay = "enabled"
    }

  # netris_link.ew_gpu_links["swp19@sw-egg-backend-plane3-leaf05--eth5@gpu-egg-077"] will be created
  + resource "netris_link" "ew_gpu_links" {
      + id       = (known after apply)
      + ports    = [
          + "swp19@sw-egg-backend-plane3-leaf05",
          + "eth5@gpu-egg-077",
        ]
      + underlay = "enabled"
    }

  # netris_link.ew_gpu_links["swp19@sw-egg-backend-plane3-leaf06--eth5@gpu-egg-078"] will be created
  + resource "netris_link" "ew_gpu_links" {
      + id       = (known after apply)
      + ports    = [
          + "swp19@sw-egg-backend-plane3-leaf06",
          + "eth5@gpu-egg-078",
        ]
      + underlay = "enabled"
    }

  # netris_link.ew_gpu_links["swp19@sw-egg-backend-plane3-leaf07--eth5@gpu-egg-079"] will be created
  + resource "netris_link" "ew_gpu_links" {
      + id       = (known after apply)
      + ports    = [
          + "swp19@sw-egg-backend-plane3-leaf07",
          + "eth5@gpu-egg-079",
        ]
      + underlay = "enabled"
    }

  # netris_link.ew_gpu_links["swp19@sw-egg-backend-plane3-leaf08--eth5@gpu-egg-080"] will be created
  + resource "netris_link" "ew_gpu_links" {
      + id       = (known after apply)
      + ports    = [
          + "swp19@sw-egg-backend-plane3-leaf08",
          + "eth5@gpu-egg-080",
        ]
      + underlay = "enabled"
    }

  # netris_link.ew_gpu_links["swp19@sw-egg-backend-plane4-leaf01--eth7@gpu-egg-073"] will be created
  + resource "netris_link" "ew_gpu_links" {
      + id       = (known after apply)
      + ports    = [
          + "swp19@sw-egg-backend-plane4-leaf01",
          + "eth7@gpu-egg-073",
        ]
      + underlay = "enabled"
    }

  # netris_link.ew_gpu_links["swp19@sw-egg-backend-plane4-leaf02--eth7@gpu-egg-074"] will be created
  + resource "netris_link" "ew_gpu_links" {
      + id       = (known after apply)
      + ports    = [
          + "swp19@sw-egg-backend-plane4-leaf02",
          + "eth7@gpu-egg-074",
        ]
      + underlay = "enabled"
    }

  # netris_link.ew_gpu_links["swp19@sw-egg-backend-plane4-leaf03--eth7@gpu-egg-075"] will be created
  + resource "netris_link" "ew_gpu_links" {
      + id       = (known after apply)
      + ports    = [
          + "swp19@sw-egg-backend-plane4-leaf03",
          + "eth7@gpu-egg-075",
        ]
      + underlay = "enabled"
    }

  # netris_link.ew_gpu_links["swp19@sw-egg-backend-plane4-leaf04--eth7@gpu-egg-076"] will be created
  + resource "netris_link" "ew_gpu_links" {
      + id       = (known after apply)
      + ports    = [
          + "swp19@sw-egg-backend-plane4-leaf04",
          + "eth7@gpu-egg-076",
        ]
      + underlay = "enabled"
    }

  # netris_link.ew_gpu_links["swp19@sw-egg-backend-plane4-leaf05--eth7@gpu-egg-077"] will be created
  + resource "netris_link" "ew_gpu_links" {
      + id       = (known after apply)
      + ports    = [
          + "swp19@sw-egg-backend-plane4-leaf05",
          + "eth7@gpu-egg-077",
        ]
      + underlay = "enabled"
    }

  # netris_link.ew_gpu_links["swp19@sw-egg-backend-plane4-leaf06--eth7@gpu-egg-078"] will be created
  + resource "netris_link" "ew_gpu_links" {
      + id       = (known after apply)
      + ports    = [
          + "swp19@sw-egg-backend-plane4-leaf06",
          + "eth7@gpu-egg-078",
        ]
      + underlay = "enabled"
    }

  # netris_link.ew_gpu_links["swp19@sw-egg-backend-plane4-leaf07--eth7@gpu-egg-079"] will be created
  + resource "netris_link" "ew_gpu_links" {
      + id       = (known after apply)
      + ports    = [
          + "swp19@sw-egg-backend-plane4-leaf07",
          + "eth7@gpu-egg-079",
        ]
      + underlay = "enabled"
    }

  # netris_link.ew_gpu_links["swp19@sw-egg-backend-plane4-leaf08--eth7@gpu-egg-080"] will be created
  + resource "netris_link" "ew_gpu_links" {
      + id       = (known after apply)
      + ports    = [
          + "swp19@sw-egg-backend-plane4-leaf08",
          + "eth7@gpu-egg-080",
        ]
      + underlay = "enabled"
    }

  # netris_link.ew_gpu_links["swp1@sw-egg-backend-plane1-leaf01--eth1@gpu-egg-001"] will be created
  + resource "netris_link" "ew_gpu_links" {
      + id       = (known after apply)
      + ports    = [
          + "swp1@sw-egg-backend-plane1-leaf01",
          + "eth1@gpu-egg-001",
        ]
      + underlay = "enabled"
    }

  # netris_link.ew_gpu_links["swp1@sw-egg-backend-plane1-leaf02--eth1@gpu-egg-002"] will be created
  + resource "netris_link" "ew_gpu_links" {
      + id       = (known after apply)
      + ports    = [
          + "swp1@sw-egg-backend-plane1-leaf02",
          + "eth1@gpu-egg-002",
        ]
      + underlay = "enabled"
    }

  # netris_link.ew_gpu_links["swp1@sw-egg-backend-plane1-leaf03--eth1@gpu-egg-003"] will be created
  + resource "netris_link" "ew_gpu_links" {
      + id       = (known after apply)
      + ports    = [
          + "swp1@sw-egg-backend-plane1-leaf03",
          + "eth1@gpu-egg-003",
        ]
      + underlay = "enabled"
    }

  # netris_link.ew_gpu_links["swp1@sw-egg-backend-plane1-leaf04--eth1@gpu-egg-004"] will be created
  + resource "netris_link" "ew_gpu_links" {
      + id       = (known after apply)
      + ports    = [
          + "swp1@sw-egg-backend-plane1-leaf04",
          + "eth1@gpu-egg-004",
        ]
      + underlay = "enabled"
    }

  # netris_link.ew_gpu_links["swp1@sw-egg-backend-plane1-leaf05--eth1@gpu-egg-005"] will be created
  + resource "netris_link" "ew_gpu_links" {
      + id       = (known after apply)
      + ports    = [
          + "swp1@sw-egg-backend-plane1-leaf05",
          + "eth1@gpu-egg-005",
        ]
      + underlay = "enabled"
    }

  # netris_link.ew_gpu_links["swp1@sw-egg-backend-plane1-leaf06--eth1@gpu-egg-006"] will be created
  + resource "netris_link" "ew_gpu_links" {
      + id       = (known after apply)
      + ports    = [
          + "swp1@sw-egg-backend-plane1-leaf06",
          + "eth1@gpu-egg-006",
        ]
      + underlay = "enabled"
    }

  # netris_link.ew_gpu_links["swp1@sw-egg-backend-plane1-leaf07--eth1@gpu-egg-007"] will be created
  + resource "netris_link" "ew_gpu_links" {
      + id       = (known after apply)
      + ports    = [
          + "swp1@sw-egg-backend-plane1-leaf07",
          + "eth1@gpu-egg-007",
        ]
      + underlay = "enabled"
    }

  # netris_link.ew_gpu_links["swp1@sw-egg-backend-plane1-leaf08--eth1@gpu-egg-008"] will be created
  + resource "netris_link" "ew_gpu_links" {
      + id       = (known after apply)
      + ports    = [
          + "swp1@sw-egg-backend-plane1-leaf08",
          + "eth1@gpu-egg-008",
        ]
      + underlay = "enabled"
    }

  # netris_link.ew_gpu_links["swp1@sw-egg-backend-plane2-leaf01--eth3@gpu-egg-001"] will be created
  + resource "netris_link" "ew_gpu_links" {
      + id       = (known after apply)
      + ports    = [
          + "swp1@sw-egg-backend-plane2-leaf01",
          + "eth3@gpu-egg-001",
        ]
      + underlay = "enabled"
    }

  # netris_link.ew_gpu_links["swp1@sw-egg-backend-plane2-leaf02--eth3@gpu-egg-002"] will be created
  + resource "netris_link" "ew_gpu_links" {
      + id       = (known after apply)
      + ports    = [
          + "swp1@sw-egg-backend-plane2-leaf02",
          + "eth3@gpu-egg-002",
        ]
      + underlay = "enabled"
    }

  # netris_link.ew_gpu_links["swp1@sw-egg-backend-plane2-leaf03--eth3@gpu-egg-003"] will be created
  + resource "netris_link" "ew_gpu_links" {
      + id       = (known after apply)
      + ports    = [
          + "swp1@sw-egg-backend-plane2-leaf03",
          + "eth3@gpu-egg-003",
        ]
      + underlay = "enabled"
    }

  # netris_link.ew_gpu_links["swp1@sw-egg-backend-plane2-leaf04--eth3@gpu-egg-004"] will be created
  + resource "netris_link" "ew_gpu_links" {
      + id       = (known after apply)
      + ports    = [
          + "swp1@sw-egg-backend-plane2-leaf04",
          + "eth3@gpu-egg-004",
        ]
      + underlay = "enabled"
    }

  # netris_link.ew_gpu_links["swp1@sw-egg-backend-plane2-leaf05--eth3@gpu-egg-005"] will be created
  + resource "netris_link" "ew_gpu_links" {
      + id       = (known after apply)
      + ports    = [
          + "swp1@sw-egg-backend-plane2-leaf05",
          + "eth3@gpu-egg-005",
        ]
      + underlay = "enabled"
    }

  # netris_link.ew_gpu_links["swp1@sw-egg-backend-plane2-leaf06--eth3@gpu-egg-006"] will be created
  + resource "netris_link" "ew_gpu_links" {
      + id       = (known after apply)
      + ports    = [
          + "swp1@sw-egg-backend-plane2-leaf06",
          + "eth3@gpu-egg-006",
        ]
      + underlay = "enabled"
    }

  # netris_link.ew_gpu_links["swp1@sw-egg-backend-plane2-leaf07--eth3@gpu-egg-007"] will be created
  + resource "netris_link" "ew_gpu_links" {
      + id       = (known after apply)
      + ports    = [
          + "swp1@sw-egg-backend-plane2-leaf07",
          + "eth3@gpu-egg-007",
        ]
      + underlay = "enabled"
    }

  # netris_link.ew_gpu_links["swp1@sw-egg-backend-plane2-leaf08--eth3@gpu-egg-008"] will be created
  + resource "netris_link" "ew_gpu_links" {
      + id       = (known after apply)
      + ports    = [
          + "swp1@sw-egg-backend-plane2-leaf08",
          + "eth3@gpu-egg-008",
        ]
      + underlay = "enabled"
    }

  # netris_link.ew_gpu_links["swp1@sw-egg-backend-plane3-leaf01--eth5@gpu-egg-001"] will be created
  + resource "netris_link" "ew_gpu_links" {
      + id       = (known after apply)
      + ports    = [
          + "swp1@sw-egg-backend-plane3-leaf01",
          + "eth5@gpu-egg-001",
        ]
      + underlay = "enabled"
    }

  # netris_link.ew_gpu_links["swp1@sw-egg-backend-plane3-leaf02--eth5@gpu-egg-002"] will be created
  + resource "netris_link" "ew_gpu_links" {
      + id       = (known after apply)
      + ports    = [
          + "swp1@sw-egg-backend-plane3-leaf02",
          + "eth5@gpu-egg-002",
        ]
      + underlay = "enabled"
    }

  # netris_link.ew_gpu_links["swp1@sw-egg-backend-plane3-leaf03--eth5@gpu-egg-003"] will be created
  + resource "netris_link" "ew_gpu_links" {
      + id       = (known after apply)
      + ports    = [
          + "swp1@sw-egg-backend-plane3-leaf03",
          + "eth5@gpu-egg-003",
        ]
      + underlay = "enabled"
    }

  # netris_link.ew_gpu_links["swp1@sw-egg-backend-plane3-leaf04--eth5@gpu-egg-004"] will be created
  + resource "netris_link" "ew_gpu_links" {
      + id       = (known after apply)
      + ports    = [
          + "swp1@sw-egg-backend-plane3-leaf04",
          + "eth5@gpu-egg-004",
        ]
      + underlay = "enabled"
    }

  # netris_link.ew_gpu_links["swp1@sw-egg-backend-plane3-leaf05--eth5@gpu-egg-005"] will be created
  + resource "netris_link" "ew_gpu_links" {
      + id       = (known after apply)
      + ports    = [
          + "swp1@sw-egg-backend-plane3-leaf05",
          + "eth5@gpu-egg-005",
        ]
      + underlay = "enabled"
    }

  # netris_link.ew_gpu_links["swp1@sw-egg-backend-plane3-leaf06--eth5@gpu-egg-006"] will be created
  + resource "netris_link" "ew_gpu_links" {
      + id       = (known after apply)
      + ports    = [
          + "swp1@sw-egg-backend-plane3-leaf06",
          + "eth5@gpu-egg-006",
        ]
      + underlay = "enabled"
    }

  # netris_link.ew_gpu_links["swp1@sw-egg-backend-plane3-leaf07--eth5@gpu-egg-007"] will be created
  + resource "netris_link" "ew_gpu_links" {
      + id       = (known after apply)
      + ports    = [
          + "swp1@sw-egg-backend-plane3-leaf07",
          + "eth5@gpu-egg-007",
        ]
      + underlay = "enabled"
    }

  # netris_link.ew_gpu_links["swp1@sw-egg-backend-plane3-leaf08--eth5@gpu-egg-008"] will be created
  + resource "netris_link" "ew_gpu_links" {
      + id       = (known after apply)
      + ports    = [
          + "swp1@sw-egg-backend-plane3-leaf08",
          + "eth5@gpu-egg-008",
        ]
      + underlay = "enabled"
    }

  # netris_link.ew_gpu_links["swp1@sw-egg-backend-plane4-leaf01--eth7@gpu-egg-001"] will be created
  + resource "netris_link" "ew_gpu_links" {
      + id       = (known after apply)
      + ports    = [
          + "swp1@sw-egg-backend-plane4-leaf01",
          + "eth7@gpu-egg-001",
        ]
      + underlay = "enabled"
    }

  # netris_link.ew_gpu_links["swp1@sw-egg-backend-plane4-leaf02--eth7@gpu-egg-002"] will be created
  + resource "netris_link" "ew_gpu_links" {
      + id       = (known after apply)
      + ports    = [
          + "swp1@sw-egg-backend-plane4-leaf02",
          + "eth7@gpu-egg-002",
        ]
      + underlay = "enabled"
    }

  # netris_link.ew_gpu_links["swp1@sw-egg-backend-plane4-leaf03--eth7@gpu-egg-003"] will be created
  + resource "netris_link" "ew_gpu_links" {
      + id       = (known after apply)
      + ports    = [
          + "swp1@sw-egg-backend-plane4-leaf03",
          + "eth7@gpu-egg-003",
        ]
      + underlay = "enabled"
    }

  # netris_link.ew_gpu_links["swp1@sw-egg-backend-plane4-leaf04--eth7@gpu-egg-004"] will be created
  + resource "netris_link" "ew_gpu_links" {
      + id       = (known after apply)
      + ports    = [
          + "swp1@sw-egg-backend-plane4-leaf04",
          + "eth7@gpu-egg-004",
        ]
      + underlay = "enabled"
    }

  # netris_link.ew_gpu_links["swp1@sw-egg-backend-plane4-leaf05--eth7@gpu-egg-005"] will be created
  + resource "netris_link" "ew_gpu_links" {
      + id       = (known after apply)
      + ports    = [
          + "swp1@sw-egg-backend-plane4-leaf05",
          + "eth7@gpu-egg-005",
        ]
      + underlay = "enabled"
    }

  # netris_link.ew_gpu_links["swp1@sw-egg-backend-plane4-leaf06--eth7@gpu-egg-006"] will be created
  + resource "netris_link" "ew_gpu_links" {
      + id       = (known after apply)
      + ports    = [
          + "swp1@sw-egg-backend-plane4-leaf06",
          + "eth7@gpu-egg-006",
        ]
      + underlay = "enabled"
    }

  # netris_link.ew_gpu_links["swp1@sw-egg-backend-plane4-leaf07--eth7@gpu-egg-007"] will be created
  + resource "netris_link" "ew_gpu_links" {
      + id       = (known after apply)
      + ports    = [
          + "swp1@sw-egg-backend-plane4-leaf07",
          + "eth7@gpu-egg-007",
        ]
      + underlay = "enabled"
    }

  # netris_link.ew_gpu_links["swp1@sw-egg-backend-plane4-leaf08--eth7@gpu-egg-008"] will be created
  + resource "netris_link" "ew_gpu_links" {
      + id       = (known after apply)
      + ports    = [
          + "swp1@sw-egg-backend-plane4-leaf08",
          + "eth7@gpu-egg-008",
        ]
      + underlay = "enabled"
    }

  # netris_link.ew_gpu_links["swp20@sw-egg-backend-plane1-leaf01--eth2@gpu-egg-073"] will be created
  + resource "netris_link" "ew_gpu_links" {
      + id       = (known after apply)
      + ports    = [
          + "swp20@sw-egg-backend-plane1-leaf01",
          + "eth2@gpu-egg-073",
        ]
      + underlay = "enabled"
    }

  # netris_link.ew_gpu_links["swp20@sw-egg-backend-plane1-leaf02--eth2@gpu-egg-074"] will be created
  + resource "netris_link" "ew_gpu_links" {
      + id       = (known after apply)
      + ports    = [
          + "swp20@sw-egg-backend-plane1-leaf02",
          + "eth2@gpu-egg-074",
        ]
      + underlay = "enabled"
    }

  # netris_link.ew_gpu_links["swp20@sw-egg-backend-plane1-leaf03--eth2@gpu-egg-075"] will be created
  + resource "netris_link" "ew_gpu_links" {
      + id       = (known after apply)
      + ports    = [
          + "swp20@sw-egg-backend-plane1-leaf03",
          + "eth2@gpu-egg-075",
        ]
      + underlay = "enabled"
    }

  # netris_link.ew_gpu_links["swp20@sw-egg-backend-plane1-leaf04--eth2@gpu-egg-076"] will be created
  + resource "netris_link" "ew_gpu_links" {
      + id       = (known after apply)
      + ports    = [
          + "swp20@sw-egg-backend-plane1-leaf04",
          + "eth2@gpu-egg-076",
        ]
      + underlay = "enabled"
    }

  # netris_link.ew_gpu_links["swp20@sw-egg-backend-plane1-leaf05--eth2@gpu-egg-077"] will be created
  + resource "netris_link" "ew_gpu_links" {
      + id       = (known after apply)
      + ports    = [
          + "swp20@sw-egg-backend-plane1-leaf05",
          + "eth2@gpu-egg-077",
        ]
      + underlay = "enabled"
    }

  # netris_link.ew_gpu_links["swp20@sw-egg-backend-plane1-leaf06--eth2@gpu-egg-078"] will be created
  + resource "netris_link" "ew_gpu_links" {
      + id       = (known after apply)
      + ports    = [
          + "swp20@sw-egg-backend-plane1-leaf06",
          + "eth2@gpu-egg-078",
        ]
      + underlay = "enabled"
    }

  # netris_link.ew_gpu_links["swp20@sw-egg-backend-plane1-leaf07--eth2@gpu-egg-079"] will be created
  + resource "netris_link" "ew_gpu_links" {
      + id       = (known after apply)
      + ports    = [
          + "swp20@sw-egg-backend-plane1-leaf07",
          + "eth2@gpu-egg-079",
        ]
      + underlay = "enabled"
    }

  # netris_link.ew_gpu_links["swp20@sw-egg-backend-plane1-leaf08--eth2@gpu-egg-080"] will be created
  + resource "netris_link" "ew_gpu_links" {
      + id       = (known after apply)
      + ports    = [
          + "swp20@sw-egg-backend-plane1-leaf08",
          + "eth2@gpu-egg-080",
        ]
      + underlay = "enabled"
    }

  # netris_link.ew_gpu_links["swp20@sw-egg-backend-plane2-leaf01--eth4@gpu-egg-073"] will be created
  + resource "netris_link" "ew_gpu_links" {
      + id       = (known after apply)
      + ports    = [
          + "swp20@sw-egg-backend-plane2-leaf01",
          + "eth4@gpu-egg-073",
        ]
      + underlay = "enabled"
    }

  # netris_link.ew_gpu_links["swp20@sw-egg-backend-plane2-leaf02--eth4@gpu-egg-074"] will be created
  + resource "netris_link" "ew_gpu_links" {
      + id       = (known after apply)
      + ports    = [
          + "swp20@sw-egg-backend-plane2-leaf02",
          + "eth4@gpu-egg-074",
        ]
      + underlay = "enabled"
    }

  # netris_link.ew_gpu_links["swp20@sw-egg-backend-plane2-leaf03--eth4@gpu-egg-075"] will be created
  + resource "netris_link" "ew_gpu_links" {
      + id       = (known after apply)
      + ports    = [
          + "swp20@sw-egg-backend-plane2-leaf03",
          + "eth4@gpu-egg-075",
        ]
      + underlay = "enabled"
    }

  # netris_link.ew_gpu_links["swp20@sw-egg-backend-plane2-leaf04--eth4@gpu-egg-076"] will be created
  + resource "netris_link" "ew_gpu_links" {
      + id       = (known after apply)
      + ports    = [
          + "swp20@sw-egg-backend-plane2-leaf04",
          + "eth4@gpu-egg-076",
        ]
      + underlay = "enabled"
    }

  # netris_link.ew_gpu_links["swp20@sw-egg-backend-plane2-leaf05--eth4@gpu-egg-077"] will be created
  + resource "netris_link" "ew_gpu_links" {
      + id       = (known after apply)
      + ports    = [
          + "swp20@sw-egg-backend-plane2-leaf05",
          + "eth4@gpu-egg-077",
        ]
      + underlay = "enabled"
    }

  # netris_link.ew_gpu_links["swp20@sw-egg-backend-plane2-leaf06--eth4@gpu-egg-078"] will be created
  + resource "netris_link" "ew_gpu_links" {
      + id       = (known after apply)
      + ports    = [
          + "swp20@sw-egg-backend-plane2-leaf06",
          + "eth4@gpu-egg-078",
        ]
      + underlay = "enabled"
    }

  # netris_link.ew_gpu_links["swp20@sw-egg-backend-plane2-leaf07--eth4@gpu-egg-079"] will be created
  + resource "netris_link" "ew_gpu_links" {
      + id       = (known after apply)
      + ports    = [
          + "swp20@sw-egg-backend-plane2-leaf07",
          + "eth4@gpu-egg-079",
        ]
      + underlay = "enabled"
    }

  # netris_link.ew_gpu_links["swp20@sw-egg-backend-plane2-leaf08--eth4@gpu-egg-080"] will be created
  + resource "netris_link" "ew_gpu_links" {
      + id       = (known after apply)
      + ports    = [
          + "swp20@sw-egg-backend-plane2-leaf08",
          + "eth4@gpu-egg-080",
        ]
      + underlay = "enabled"
    }

  # netris_link.ew_gpu_links["swp20@sw-egg-backend-plane3-leaf01--eth6@gpu-egg-073"] will be created
  + resource "netris_link" "ew_gpu_links" {
      + id       = (known after apply)
      + ports    = [
          + "swp20@sw-egg-backend-plane3-leaf01",
          + "eth6@gpu-egg-073",
        ]
      + underlay = "enabled"
    }

  # netris_link.ew_gpu_links["swp20@sw-egg-backend-plane3-leaf02--eth6@gpu-egg-074"] will be created
  + resource "netris_link" "ew_gpu_links" {
      + id       = (known after apply)
      + ports    = [
          + "swp20@sw-egg-backend-plane3-leaf02",
          + "eth6@gpu-egg-074",
        ]
      + underlay = "enabled"
    }

  # netris_link.ew_gpu_links["swp20@sw-egg-backend-plane3-leaf03--eth6@gpu-egg-075"] will be created
  + resource "netris_link" "ew_gpu_links" {
      + id       = (known after apply)
      + ports    = [
          + "swp20@sw-egg-backend-plane3-leaf03",
          + "eth6@gpu-egg-075",
        ]
      + underlay = "enabled"
    }

  # netris_link.ew_gpu_links["swp20@sw-egg-backend-plane3-leaf04--eth6@gpu-egg-076"] will be created
  + resource "netris_link" "ew_gpu_links" {
      + id       = (known after apply)
      + ports    = [
          + "swp20@sw-egg-backend-plane3-leaf04",
          + "eth6@gpu-egg-076",
        ]
      + underlay = "enabled"
    }

  # netris_link.ew_gpu_links["swp20@sw-egg-backend-plane3-leaf05--eth6@gpu-egg-077"] will be created
  + resource "netris_link" "ew_gpu_links" {
      + id       = (known after apply)
      + ports    = [
          + "swp20@sw-egg-backend-plane3-leaf05",
          + "eth6@gpu-egg-077",
        ]
      + underlay = "enabled"
    }

  # netris_link.ew_gpu_links["swp20@sw-egg-backend-plane3-leaf06--eth6@gpu-egg-078"] will be created
  + resource "netris_link" "ew_gpu_links" {
      + id       = (known after apply)
      + ports    = [
          + "swp20@sw-egg-backend-plane3-leaf06",
          + "eth6@gpu-egg-078",
        ]
      + underlay = "enabled"
    }

  # netris_link.ew_gpu_links["swp20@sw-egg-backend-plane3-leaf07--eth6@gpu-egg-079"] will be created
  + resource "netris_link" "ew_gpu_links" {
      + id       = (known after apply)
      + ports    = [
          + "swp20@sw-egg-backend-plane3-leaf07",
          + "eth6@gpu-egg-079",
        ]
      + underlay = "enabled"
    }

  # netris_link.ew_gpu_links["swp20@sw-egg-backend-plane3-leaf08--eth6@gpu-egg-080"] will be created
  + resource "netris_link" "ew_gpu_links" {
      + id       = (known after apply)
      + ports    = [
          + "swp20@sw-egg-backend-plane3-leaf08",
          + "eth6@gpu-egg-080",
        ]
      + underlay = "enabled"
    }

  # netris_link.ew_gpu_links["swp20@sw-egg-backend-plane4-leaf01--eth8@gpu-egg-073"] will be created
  + resource "netris_link" "ew_gpu_links" {
      + id       = (known after apply)
      + ports    = [
          + "swp20@sw-egg-backend-plane4-leaf01",
          + "eth8@gpu-egg-073",
        ]
      + underlay = "enabled"
    }

  # netris_link.ew_gpu_links["swp20@sw-egg-backend-plane4-leaf02--eth8@gpu-egg-074"] will be created
  + resource "netris_link" "ew_gpu_links" {
      + id       = (known after apply)
      + ports    = [
          + "swp20@sw-egg-backend-plane4-leaf02",
          + "eth8@gpu-egg-074",
        ]
      + underlay = "enabled"
    }

  # netris_link.ew_gpu_links["swp20@sw-egg-backend-plane4-leaf03--eth8@gpu-egg-075"] will be created
  + resource "netris_link" "ew_gpu_links" {
      + id       = (known after apply)
      + ports    = [
          + "swp20@sw-egg-backend-plane4-leaf03",
          + "eth8@gpu-egg-075",
        ]
      + underlay = "enabled"
    }

  # netris_link.ew_gpu_links["swp20@sw-egg-backend-plane4-leaf04--eth8@gpu-egg-076"] will be created
  + resource "netris_link" "ew_gpu_links" {
      + id       = (known after apply)
      + ports    = [
          + "swp20@sw-egg-backend-plane4-leaf04",
          + "eth8@gpu-egg-076",
        ]
      + underlay = "enabled"
    }

  # netris_link.ew_gpu_links["swp20@sw-egg-backend-plane4-leaf05--eth8@gpu-egg-077"] will be created
  + resource "netris_link" "ew_gpu_links" {
      + id       = (known after apply)
      + ports    = [
          + "swp20@sw-egg-backend-plane4-leaf05",
          + "eth8@gpu-egg-077",
        ]
      + underlay = "enabled"
    }

  # netris_link.ew_gpu_links["swp20@sw-egg-backend-plane4-leaf06--eth8@gpu-egg-078"] will be created
  + resource "netris_link" "ew_gpu_links" {
      + id       = (known after apply)
      + ports    = [
          + "swp20@sw-egg-backend-plane4-leaf06",
          + "eth8@gpu-egg-078",
        ]
      + underlay = "enabled"
    }

  # netris_link.ew_gpu_links["swp20@sw-egg-backend-plane4-leaf07--eth8@gpu-egg-079"] will be created
  + resource "netris_link" "ew_gpu_links" {
      + id       = (known after apply)
      + ports    = [
          + "swp20@sw-egg-backend-plane4-leaf07",
          + "eth8@gpu-egg-079",
        ]
      + underlay = "enabled"
    }

  # netris_link.ew_gpu_links["swp20@sw-egg-backend-plane4-leaf08--eth8@gpu-egg-080"] will be created
  + resource "netris_link" "ew_gpu_links" {
      + id       = (known after apply)
      + ports    = [
          + "swp20@sw-egg-backend-plane4-leaf08",
          + "eth8@gpu-egg-080",
        ]
      + underlay = "enabled"
    }

  # netris_link.ew_gpu_links["swp21@sw-egg-backend-plane1-leaf01--eth1@gpu-egg-081"] will be created
  + resource "netris_link" "ew_gpu_links" {
      + id       = (known after apply)
      + ports    = [
          + "swp21@sw-egg-backend-plane1-leaf01",
          + "eth1@gpu-egg-081",
        ]
      + underlay = "enabled"
    }

  # netris_link.ew_gpu_links["swp21@sw-egg-backend-plane1-leaf02--eth1@gpu-egg-082"] will be created
  + resource "netris_link" "ew_gpu_links" {
      + id       = (known after apply)
      + ports    = [
          + "swp21@sw-egg-backend-plane1-leaf02",
          + "eth1@gpu-egg-082",
        ]
      + underlay = "enabled"
    }

  # netris_link.ew_gpu_links["swp21@sw-egg-backend-plane1-leaf03--eth1@gpu-egg-083"] will be created
  + resource "netris_link" "ew_gpu_links" {
      + id       = (known after apply)
      + ports    = [
          + "swp21@sw-egg-backend-plane1-leaf03",
          + "eth1@gpu-egg-083",
        ]
      + underlay = "enabled"
    }

  # netris_link.ew_gpu_links["swp21@sw-egg-backend-plane1-leaf04--eth1@gpu-egg-084"] will be created
  + resource "netris_link" "ew_gpu_links" {
      + id       = (known after apply)
      + ports    = [
          + "swp21@sw-egg-backend-plane1-leaf04",
          + "eth1@gpu-egg-084",
        ]
      + underlay = "enabled"
    }

  # netris_link.ew_gpu_links["swp21@sw-egg-backend-plane1-leaf05--eth1@gpu-egg-085"] will be created
  + resource "netris_link" "ew_gpu_links" {
      + id       = (known after apply)
      + ports    = [
          + "swp21@sw-egg-backend-plane1-leaf05",
          + "eth1@gpu-egg-085",
        ]
      + underlay = "enabled"
    }

  # netris_link.ew_gpu_links["swp21@sw-egg-backend-plane1-leaf06--eth1@gpu-egg-086"] will be created
  + resource "netris_link" "ew_gpu_links" {
      + id       = (known after apply)
      + ports    = [
          + "swp21@sw-egg-backend-plane1-leaf06",
          + "eth1@gpu-egg-086",
        ]
      + underlay = "enabled"
    }

  # netris_link.ew_gpu_links["swp21@sw-egg-backend-plane1-leaf07--eth1@gpu-egg-087"] will be created
  + resource "netris_link" "ew_gpu_links" {
      + id       = (known after apply)
      + ports    = [
          + "swp21@sw-egg-backend-plane1-leaf07",
          + "eth1@gpu-egg-087",
        ]
      + underlay = "enabled"
    }

  # netris_link.ew_gpu_links["swp21@sw-egg-backend-plane1-leaf08--eth1@gpu-egg-088"] will be created
  + resource "netris_link" "ew_gpu_links" {
      + id       = (known after apply)
      + ports    = [
          + "swp21@sw-egg-backend-plane1-leaf08",
          + "eth1@gpu-egg-088",
        ]
      + underlay = "enabled"
    }

  # netris_link.ew_gpu_links["swp21@sw-egg-backend-plane2-leaf01--eth3@gpu-egg-081"] will be created
  + resource "netris_link" "ew_gpu_links" {
      + id       = (known after apply)
      + ports    = [
          + "swp21@sw-egg-backend-plane2-leaf01",
          + "eth3@gpu-egg-081",
        ]
      + underlay = "enabled"
    }

  # netris_link.ew_gpu_links["swp21@sw-egg-backend-plane2-leaf02--eth3@gpu-egg-082"] will be created
  + resource "netris_link" "ew_gpu_links" {
      + id       = (known after apply)
      + ports    = [
          + "swp21@sw-egg-backend-plane2-leaf02",
          + "eth3@gpu-egg-082",
        ]
      + underlay = "enabled"
    }

  # netris_link.ew_gpu_links["swp21@sw-egg-backend-plane2-leaf03--eth3@gpu-egg-083"] will be created
  + resource "netris_link" "ew_gpu_links" {
      + id       = (known after apply)
      + ports    = [
          + "swp21@sw-egg-backend-plane2-leaf03",
          + "eth3@gpu-egg-083",
        ]
      + underlay = "enabled"
    }

  # netris_link.ew_gpu_links["swp21@sw-egg-backend-plane2-leaf04--eth3@gpu-egg-084"] will be created
  + resource "netris_link" "ew_gpu_links" {
      + id       = (known after apply)
      + ports    = [
          + "swp21@sw-egg-backend-plane2-leaf04",
          + "eth3@gpu-egg-084",
        ]
      + underlay = "enabled"
    }

  # netris_link.ew_gpu_links["swp21@sw-egg-backend-plane2-leaf05--eth3@gpu-egg-085"] will be created
  + resource "netris_link" "ew_gpu_links" {
      + id       = (known after apply)
      + ports    = [
          + "swp21@sw-egg-backend-plane2-leaf05",
          + "eth3@gpu-egg-085",
        ]
      + underlay = "enabled"
    }

  # netris_link.ew_gpu_links["swp21@sw-egg-backend-plane2-leaf06--eth3@gpu-egg-086"] will be created
  + resource "netris_link" "ew_gpu_links" {
      + id       = (known after apply)
      + ports    = [
          + "swp21@sw-egg-backend-plane2-leaf06",
          + "eth3@gpu-egg-086",
        ]
      + underlay = "enabled"
    }

  # netris_link.ew_gpu_links["swp21@sw-egg-backend-plane2-leaf07--eth3@gpu-egg-087"] will be created
  + resource "netris_link" "ew_gpu_links" {
      + id       = (known after apply)
      + ports    = [
          + "swp21@sw-egg-backend-plane2-leaf07",
          + "eth3@gpu-egg-087",
        ]
      + underlay = "enabled"
    }

  # netris_link.ew_gpu_links["swp21@sw-egg-backend-plane2-leaf08--eth3@gpu-egg-088"] will be created
  + resource "netris_link" "ew_gpu_links" {
      + id       = (known after apply)
      + ports    = [
          + "swp21@sw-egg-backend-plane2-leaf08",
          + "eth3@gpu-egg-088",
        ]
      + underlay = "enabled"
    }

  # netris_link.ew_gpu_links["swp21@sw-egg-backend-plane3-leaf01--eth5@gpu-egg-081"] will be created
  + resource "netris_link" "ew_gpu_links" {
      + id       = (known after apply)
      + ports    = [
          + "swp21@sw-egg-backend-plane3-leaf01",
          + "eth5@gpu-egg-081",
        ]
      + underlay = "enabled"
    }

  # netris_link.ew_gpu_links["swp21@sw-egg-backend-plane3-leaf02--eth5@gpu-egg-082"] will be created
  + resource "netris_link" "ew_gpu_links" {
      + id       = (known after apply)
      + ports    = [
          + "swp21@sw-egg-backend-plane3-leaf02",
          + "eth5@gpu-egg-082",
        ]
      + underlay = "enabled"
    }

  # netris_link.ew_gpu_links["swp21@sw-egg-backend-plane3-leaf03--eth5@gpu-egg-083"] will be created
  + resource "netris_link" "ew_gpu_links" {
      + id       = (known after apply)
      + ports    = [
          + "swp21@sw-egg-backend-plane3-leaf03",
          + "eth5@gpu-egg-083",
        ]
      + underlay = "enabled"
    }

  # netris_link.ew_gpu_links["swp21@sw-egg-backend-plane3-leaf04--eth5@gpu-egg-084"] will be created
  + resource "netris_link" "ew_gpu_links" {
      + id       = (known after apply)
      + ports    = [
          + "swp21@sw-egg-backend-plane3-leaf04",
          + "eth5@gpu-egg-084",
        ]
      + underlay = "enabled"
    }

  # netris_link.ew_gpu_links["swp21@sw-egg-backend-plane3-leaf05--eth5@gpu-egg-085"] will be created
  + resource "netris_link" "ew_gpu_links" {
      + id       = (known after apply)
      + ports    = [
          + "swp21@sw-egg-backend-plane3-leaf05",
          + "eth5@gpu-egg-085",
        ]
      + underlay = "enabled"
    }

  # netris_link.ew_gpu_links["swp21@sw-egg-backend-plane3-leaf06--eth5@gpu-egg-086"] will be created
  + resource "netris_link" "ew_gpu_links" {
      + id       = (known after apply)
      + ports    = [
          + "swp21@sw-egg-backend-plane3-leaf06",
          + "eth5@gpu-egg-086",
        ]
      + underlay = "enabled"
    }

  # netris_link.ew_gpu_links["swp21@sw-egg-backend-plane3-leaf07--eth5@gpu-egg-087"] will be created
  + resource "netris_link" "ew_gpu_links" {
      + id       = (known after apply)
      + ports    = [
          + "swp21@sw-egg-backend-plane3-leaf07",
          + "eth5@gpu-egg-087",
        ]
      + underlay = "enabled"
    }

  # netris_link.ew_gpu_links["swp21@sw-egg-backend-plane3-leaf08--eth5@gpu-egg-088"] will be created
  + resource "netris_link" "ew_gpu_links" {
      + id       = (known after apply)
      + ports    = [
          + "swp21@sw-egg-backend-plane3-leaf08",
          + "eth5@gpu-egg-088",
        ]
      + underlay = "enabled"
    }

  # netris_link.ew_gpu_links["swp21@sw-egg-backend-plane4-leaf01--eth7@gpu-egg-081"] will be created
  + resource "netris_link" "ew_gpu_links" {
      + id       = (known after apply)
      + ports    = [
          + "swp21@sw-egg-backend-plane4-leaf01",
          + "eth7@gpu-egg-081",
        ]
      + underlay = "enabled"
    }

  # netris_link.ew_gpu_links["swp21@sw-egg-backend-plane4-leaf02--eth7@gpu-egg-082"] will be created
  + resource "netris_link" "ew_gpu_links" {
      + id       = (known after apply)
      + ports    = [
          + "swp21@sw-egg-backend-plane4-leaf02",
          + "eth7@gpu-egg-082",
        ]
      + underlay = "enabled"
    }

  # netris_link.ew_gpu_links["swp21@sw-egg-backend-plane4-leaf03--eth7@gpu-egg-083"] will be created
  + resource "netris_link" "ew_gpu_links" {
      + id       = (known after apply)
      + ports    = [
          + "swp21@sw-egg-backend-plane4-leaf03",
          + "eth7@gpu-egg-083",
        ]
      + underlay = "enabled"
    }

  # netris_link.ew_gpu_links["swp21@sw-egg-backend-plane4-leaf04--eth7@gpu-egg-084"] will be created
  + resource "netris_link" "ew_gpu_links" {
      + id       = (known after apply)
      + ports    = [
          + "swp21@sw-egg-backend-plane4-leaf04",
          + "eth7@gpu-egg-084",
        ]
      + underlay = "enabled"
    }

  # netris_link.ew_gpu_links["swp21@sw-egg-backend-plane4-leaf05--eth7@gpu-egg-085"] will be created
  + resource "netris_link" "ew_gpu_links" {
      + id       = (known after apply)
      + ports    = [
          + "swp21@sw-egg-backend-plane4-leaf05",
          + "eth7@gpu-egg-085",
        ]
      + underlay = "enabled"
    }

  # netris_link.ew_gpu_links["swp21@sw-egg-backend-plane4-leaf06--eth7@gpu-egg-086"] will be created
  + resource "netris_link" "ew_gpu_links" {
      + id       = (known after apply)
      + ports    = [
          + "swp21@sw-egg-backend-plane4-leaf06",
          + "eth7@gpu-egg-086",
        ]
      + underlay = "enabled"
    }

  # netris_link.ew_gpu_links["swp21@sw-egg-backend-plane4-leaf07--eth7@gpu-egg-087"] will be created
  + resource "netris_link" "ew_gpu_links" {
      + id       = (known after apply)
      + ports    = [
          + "swp21@sw-egg-backend-plane4-leaf07",
          + "eth7@gpu-egg-087",
        ]
      + underlay = "enabled"
    }

  # netris_link.ew_gpu_links["swp21@sw-egg-backend-plane4-leaf08--eth7@gpu-egg-088"] will be created
  + resource "netris_link" "ew_gpu_links" {
      + id       = (known after apply)
      + ports    = [
          + "swp21@sw-egg-backend-plane4-leaf08",
          + "eth7@gpu-egg-088",
        ]
      + underlay = "enabled"
    }

  # netris_link.ew_gpu_links["swp22@sw-egg-backend-plane1-leaf01--eth2@gpu-egg-081"] will be created
  + resource "netris_link" "ew_gpu_links" {
      + id       = (known after apply)
      + ports    = [
          + "swp22@sw-egg-backend-plane1-leaf01",
          + "eth2@gpu-egg-081",
        ]
      + underlay = "enabled"
    }

  # netris_link.ew_gpu_links["swp22@sw-egg-backend-plane1-leaf02--eth2@gpu-egg-082"] will be created
  + resource "netris_link" "ew_gpu_links" {
      + id       = (known after apply)
      + ports    = [
          + "swp22@sw-egg-backend-plane1-leaf02",
          + "eth2@gpu-egg-082",
        ]
      + underlay = "enabled"
    }

  # netris_link.ew_gpu_links["swp22@sw-egg-backend-plane1-leaf03--eth2@gpu-egg-083"] will be created
  + resource "netris_link" "ew_gpu_links" {
      + id       = (known after apply)
      + ports    = [
          + "swp22@sw-egg-backend-plane1-leaf03",
          + "eth2@gpu-egg-083",
        ]
      + underlay = "enabled"
    }

  # netris_link.ew_gpu_links["swp22@sw-egg-backend-plane1-leaf04--eth2@gpu-egg-084"] will be created
  + resource "netris_link" "ew_gpu_links" {
      + id       = (known after apply)
      + ports    = [
          + "swp22@sw-egg-backend-plane1-leaf04",
          + "eth2@gpu-egg-084",
        ]
      + underlay = "enabled"
    }

  # netris_link.ew_gpu_links["swp22@sw-egg-backend-plane1-leaf05--eth2@gpu-egg-085"] will be created
  + resource "netris_link" "ew_gpu_links" {
      + id       = (known after apply)
      + ports    = [
          + "swp22@sw-egg-backend-plane1-leaf05",
          + "eth2@gpu-egg-085",
        ]
      + underlay = "enabled"
    }

  # netris_link.ew_gpu_links["swp22@sw-egg-backend-plane1-leaf06--eth2@gpu-egg-086"] will be created
  + resource "netris_link" "ew_gpu_links" {
      + id       = (known after apply)
      + ports    = [
          + "swp22@sw-egg-backend-plane1-leaf06",
          + "eth2@gpu-egg-086",
        ]
      + underlay = "enabled"
    }

  # netris_link.ew_gpu_links["swp22@sw-egg-backend-plane1-leaf07--eth2@gpu-egg-087"] will be created
  + resource "netris_link" "ew_gpu_links" {
      + id       = (known after apply)
      + ports    = [
          + "swp22@sw-egg-backend-plane1-leaf07",
          + "eth2@gpu-egg-087",
        ]
      + underlay = "enabled"
    }

  # netris_link.ew_gpu_links["swp22@sw-egg-backend-plane1-leaf08--eth2@gpu-egg-088"] will be created
  + resource "netris_link" "ew_gpu_links" {
      + id       = (known after apply)
      + ports    = [
          + "swp22@sw-egg-backend-plane1-leaf08",
          + "eth2@gpu-egg-088",
        ]
      + underlay = "enabled"
    }

  # netris_link.ew_gpu_links["swp22@sw-egg-backend-plane2-leaf01--eth4@gpu-egg-081"] will be created
  + resource "netris_link" "ew_gpu_links" {
      + id       = (known after apply)
      + ports    = [
          + "swp22@sw-egg-backend-plane2-leaf01",
          + "eth4@gpu-egg-081",
        ]
      + underlay = "enabled"
    }

  # netris_link.ew_gpu_links["swp22@sw-egg-backend-plane2-leaf02--eth4@gpu-egg-082"] will be created
  + resource "netris_link" "ew_gpu_links" {
      + id       = (known after apply)
      + ports    = [
          + "swp22@sw-egg-backend-plane2-leaf02",
          + "eth4@gpu-egg-082",
        ]
      + underlay = "enabled"
    }

  # netris_link.ew_gpu_links["swp22@sw-egg-backend-plane2-leaf03--eth4@gpu-egg-083"] will be created
  + resource "netris_link" "ew_gpu_links" {
      + id       = (known after apply)
      + ports    = [
          + "swp22@sw-egg-backend-plane2-leaf03",
          + "eth4@gpu-egg-083",
        ]
      + underlay = "enabled"
    }

  # netris_link.ew_gpu_links["swp22@sw-egg-backend-plane2-leaf04--eth4@gpu-egg-084"] will be created
  + resource "netris_link" "ew_gpu_links" {
      + id       = (known after apply)
      + ports    = [
          + "swp22@sw-egg-backend-plane2-leaf04",
          + "eth4@gpu-egg-084",
        ]
      + underlay = "enabled"
    }

  # netris_link.ew_gpu_links["swp22@sw-egg-backend-plane2-leaf05--eth4@gpu-egg-085"] will be created
  + resource "netris_link" "ew_gpu_links" {
      + id       = (known after apply)
      + ports    = [
          + "swp22@sw-egg-backend-plane2-leaf05",
          + "eth4@gpu-egg-085",
        ]
      + underlay = "enabled"
    }

  # netris_link.ew_gpu_links["swp22@sw-egg-backend-plane2-leaf06--eth4@gpu-egg-086"] will be created
  + resource "netris_link" "ew_gpu_links" {
      + id       = (known after apply)
      + ports    = [
          + "swp22@sw-egg-backend-plane2-leaf06",
          + "eth4@gpu-egg-086",
        ]
      + underlay = "enabled"
    }

  # netris_link.ew_gpu_links["swp22@sw-egg-backend-plane2-leaf07--eth4@gpu-egg-087"] will be created
  + resource "netris_link" "ew_gpu_links" {
      + id       = (known after apply)
      + ports    = [
          + "swp22@sw-egg-backend-plane2-leaf07",
          + "eth4@gpu-egg-087",
        ]
      + underlay = "enabled"
    }

  # netris_link.ew_gpu_links["swp22@sw-egg-backend-plane2-leaf08--eth4@gpu-egg-088"] will be created
  + resource "netris_link" "ew_gpu_links" {
      + id       = (known after apply)
      + ports    = [
          + "swp22@sw-egg-backend-plane2-leaf08",
          + "eth4@gpu-egg-088",
        ]
      + underlay = "enabled"
    }

  # netris_link.ew_gpu_links["swp22@sw-egg-backend-plane3-leaf01--eth6@gpu-egg-081"] will be created
  + resource "netris_link" "ew_gpu_links" {
      + id       = (known after apply)
      + ports    = [
          + "swp22@sw-egg-backend-plane3-leaf01",
          + "eth6@gpu-egg-081",
        ]
      + underlay = "enabled"
    }

  # netris_link.ew_gpu_links["swp22@sw-egg-backend-plane3-leaf02--eth6@gpu-egg-082"] will be created
  + resource "netris_link" "ew_gpu_links" {
      + id       = (known after apply)
      + ports    = [
          + "swp22@sw-egg-backend-plane3-leaf02",
          + "eth6@gpu-egg-082",
        ]
      + underlay = "enabled"
    }

  # netris_link.ew_gpu_links["swp22@sw-egg-backend-plane3-leaf03--eth6@gpu-egg-083"] will be created
  + resource "netris_link" "ew_gpu_links" {
      + id       = (known after apply)
      + ports    = [
          + "swp22@sw-egg-backend-plane3-leaf03",
          + "eth6@gpu-egg-083",
        ]
      + underlay = "enabled"
    }

  # netris_link.ew_gpu_links["swp22@sw-egg-backend-plane3-leaf04--eth6@gpu-egg-084"] will be created
  + resource "netris_link" "ew_gpu_links" {
      + id       = (known after apply)
      + ports    = [
          + "swp22@sw-egg-backend-plane3-leaf04",
          + "eth6@gpu-egg-084",
        ]
      + underlay = "enabled"
    }

  # netris_link.ew_gpu_links["swp22@sw-egg-backend-plane3-leaf05--eth6@gpu-egg-085"] will be created
  + resource "netris_link" "ew_gpu_links" {
      + id       = (known after apply)
      + ports    = [
          + "swp22@sw-egg-backend-plane3-leaf05",
          + "eth6@gpu-egg-085",
        ]
      + underlay = "enabled"
    }

  # netris_link.ew_gpu_links["swp22@sw-egg-backend-plane3-leaf06--eth6@gpu-egg-086"] will be created
  + resource "netris_link" "ew_gpu_links" {
      + id       = (known after apply)
      + ports    = [
          + "swp22@sw-egg-backend-plane3-leaf06",
          + "eth6@gpu-egg-086",
        ]
      + underlay = "enabled"
    }

  # netris_link.ew_gpu_links["swp22@sw-egg-backend-plane3-leaf07--eth6@gpu-egg-087"] will be created
  + resource "netris_link" "ew_gpu_links" {
      + id       = (known after apply)
      + ports    = [
          + "swp22@sw-egg-backend-plane3-leaf07",
          + "eth6@gpu-egg-087",
        ]
      + underlay = "enabled"
    }

  # netris_link.ew_gpu_links["swp22@sw-egg-backend-plane3-leaf08--eth6@gpu-egg-088"] will be created
  + resource "netris_link" "ew_gpu_links" {
      + id       = (known after apply)
      + ports    = [
          + "swp22@sw-egg-backend-plane3-leaf08",
          + "eth6@gpu-egg-088",
        ]
      + underlay = "enabled"
    }

  # netris_link.ew_gpu_links["swp22@sw-egg-backend-plane4-leaf01--eth8@gpu-egg-081"] will be created
  + resource "netris_link" "ew_gpu_links" {
      + id       = (known after apply)
      + ports    = [
          + "swp22@sw-egg-backend-plane4-leaf01",
          + "eth8@gpu-egg-081",
        ]
      + underlay = "enabled"
    }

  # netris_link.ew_gpu_links["swp22@sw-egg-backend-plane4-leaf02--eth8@gpu-egg-082"] will be created
  + resource "netris_link" "ew_gpu_links" {
      + id       = (known after apply)
      + ports    = [
          + "swp22@sw-egg-backend-plane4-leaf02",
          + "eth8@gpu-egg-082",
        ]
      + underlay = "enabled"
    }

  # netris_link.ew_gpu_links["swp22@sw-egg-backend-plane4-leaf03--eth8@gpu-egg-083"] will be created
  + resource "netris_link" "ew_gpu_links" {
      + id       = (known after apply)
      + ports    = [
          + "swp22@sw-egg-backend-plane4-leaf03",
          + "eth8@gpu-egg-083",
        ]
      + underlay = "enabled"
    }

  # netris_link.ew_gpu_links["swp22@sw-egg-backend-plane4-leaf04--eth8@gpu-egg-084"] will be created
  + resource "netris_link" "ew_gpu_links" {
      + id       = (known after apply)
      + ports    = [
          + "swp22@sw-egg-backend-plane4-leaf04",
          + "eth8@gpu-egg-084",
        ]
      + underlay = "enabled"
    }

  # netris_link.ew_gpu_links["swp22@sw-egg-backend-plane4-leaf05--eth8@gpu-egg-085"] will be created
  + resource "netris_link" "ew_gpu_links" {
      + id       = (known after apply)
      + ports    = [
          + "swp22@sw-egg-backend-plane4-leaf05",
          + "eth8@gpu-egg-085",
        ]
      + underlay = "enabled"
    }

  # netris_link.ew_gpu_links["swp22@sw-egg-backend-plane4-leaf06--eth8@gpu-egg-086"] will be created
  + resource "netris_link" "ew_gpu_links" {
      + id       = (known after apply)
      + ports    = [
          + "swp22@sw-egg-backend-plane4-leaf06",
          + "eth8@gpu-egg-086",
        ]
      + underlay = "enabled"
    }

  # netris_link.ew_gpu_links["swp22@sw-egg-backend-plane4-leaf07--eth8@gpu-egg-087"] will be created
  + resource "netris_link" "ew_gpu_links" {
      + id       = (known after apply)
      + ports    = [
          + "swp22@sw-egg-backend-plane4-leaf07",
          + "eth8@gpu-egg-087",
        ]
      + underlay = "enabled"
    }

  # netris_link.ew_gpu_links["swp22@sw-egg-backend-plane4-leaf08--eth8@gpu-egg-088"] will be created
  + resource "netris_link" "ew_gpu_links" {
      + id       = (known after apply)
      + ports    = [
          + "swp22@sw-egg-backend-plane4-leaf08",
          + "eth8@gpu-egg-088",
        ]
      + underlay = "enabled"
    }

  # netris_link.ew_gpu_links["swp23@sw-egg-backend-plane1-leaf01--eth1@gpu-egg-089"] will be created
  + resource "netris_link" "ew_gpu_links" {
      + id       = (known after apply)
      + ports    = [
          + "swp23@sw-egg-backend-plane1-leaf01",
          + "eth1@gpu-egg-089",
        ]
      + underlay = "enabled"
    }

  # netris_link.ew_gpu_links["swp23@sw-egg-backend-plane1-leaf02--eth1@gpu-egg-090"] will be created
  + resource "netris_link" "ew_gpu_links" {
      + id       = (known after apply)
      + ports    = [
          + "swp23@sw-egg-backend-plane1-leaf02",
          + "eth1@gpu-egg-090",
        ]
      + underlay = "enabled"
    }

  # netris_link.ew_gpu_links["swp23@sw-egg-backend-plane1-leaf03--eth1@gpu-egg-091"] will be created
  + resource "netris_link" "ew_gpu_links" {
      + id       = (known after apply)
      + ports    = [
          + "swp23@sw-egg-backend-plane1-leaf03",
          + "eth1@gpu-egg-091",
        ]
      + underlay = "enabled"
    }

  # netris_link.ew_gpu_links["swp23@sw-egg-backend-plane1-leaf04--eth1@gpu-egg-092"] will be created
  + resource "netris_link" "ew_gpu_links" {
      + id       = (known after apply)
      + ports    = [
          + "swp23@sw-egg-backend-plane1-leaf04",
          + "eth1@gpu-egg-092",
        ]
      + underlay = "enabled"
    }

  # netris_link.ew_gpu_links["swp23@sw-egg-backend-plane1-leaf05--eth1@gpu-egg-093"] will be created
  + resource "netris_link" "ew_gpu_links" {
      + id       = (known after apply)
      + ports    = [
          + "swp23@sw-egg-backend-plane1-leaf05",
          + "eth1@gpu-egg-093",
        ]
      + underlay = "enabled"
    }

  # netris_link.ew_gpu_links["swp23@sw-egg-backend-plane1-leaf06--eth1@gpu-egg-094"] will be created
  + resource "netris_link" "ew_gpu_links" {
      + id       = (known after apply)
      + ports    = [
          + "swp23@sw-egg-backend-plane1-leaf06",
          + "eth1@gpu-egg-094",
        ]
      + underlay = "enabled"
    }

  # netris_link.ew_gpu_links["swp23@sw-egg-backend-plane1-leaf07--eth1@gpu-egg-095"] will be created
  + resource "netris_link" "ew_gpu_links" {
      + id       = (known after apply)
      + ports    = [
          + "swp23@sw-egg-backend-plane1-leaf07",
          + "eth1@gpu-egg-095",
        ]
      + underlay = "enabled"
    }

  # netris_link.ew_gpu_links["swp23@sw-egg-backend-plane1-leaf08--eth1@gpu-egg-096"] will be created
  + resource "netris_link" "ew_gpu_links" {
      + id       = (known after apply)
      + ports    = [
          + "swp23@sw-egg-backend-plane1-leaf08",
          + "eth1@gpu-egg-096",
        ]
      + underlay = "enabled"
    }

  # netris_link.ew_gpu_links["swp23@sw-egg-backend-plane2-leaf01--eth3@gpu-egg-089"] will be created
  + resource "netris_link" "ew_gpu_links" {
      + id       = (known after apply)
      + ports    = [
          + "swp23@sw-egg-backend-plane2-leaf01",
          + "eth3@gpu-egg-089",
        ]
      + underlay = "enabled"
    }

  # netris_link.ew_gpu_links["swp23@sw-egg-backend-plane2-leaf02--eth3@gpu-egg-090"] will be created
  + resource "netris_link" "ew_gpu_links" {
      + id       = (known after apply)
      + ports    = [
          + "swp23@sw-egg-backend-plane2-leaf02",
          + "eth3@gpu-egg-090",
        ]
      + underlay = "enabled"
    }

  # netris_link.ew_gpu_links["swp23@sw-egg-backend-plane2-leaf03--eth3@gpu-egg-091"] will be created
  + resource "netris_link" "ew_gpu_links" {
      + id       = (known after apply)
      + ports    = [
          + "swp23@sw-egg-backend-plane2-leaf03",
          + "eth3@gpu-egg-091",
        ]
      + underlay = "enabled"
    }

  # netris_link.ew_gpu_links["swp23@sw-egg-backend-plane2-leaf04--eth3@gpu-egg-092"] will be created
  + resource "netris_link" "ew_gpu_links" {
      + id       = (known after apply)
      + ports    = [
          + "swp23@sw-egg-backend-plane2-leaf04",
          + "eth3@gpu-egg-092",
        ]
      + underlay = "enabled"
    }

  # netris_link.ew_gpu_links["swp23@sw-egg-backend-plane2-leaf05--eth3@gpu-egg-093"] will be created
  + resource "netris_link" "ew_gpu_links" {
      + id       = (known after apply)
      + ports    = [
          + "swp23@sw-egg-backend-plane2-leaf05",
          + "eth3@gpu-egg-093",
        ]
      + underlay = "enabled"
    }

  # netris_link.ew_gpu_links["swp23@sw-egg-backend-plane2-leaf06--eth3@gpu-egg-094"] will be created
  + resource "netris_link" "ew_gpu_links" {
      + id       = (known after apply)
      + ports    = [
          + "swp23@sw-egg-backend-plane2-leaf06",
          + "eth3@gpu-egg-094",
        ]
      + underlay = "enabled"
    }

  # netris_link.ew_gpu_links["swp23@sw-egg-backend-plane2-leaf07--eth3@gpu-egg-095"] will be created
  + resource "netris_link" "ew_gpu_links" {
      + id       = (known after apply)
      + ports    = [
          + "swp23@sw-egg-backend-plane2-leaf07",
          + "eth3@gpu-egg-095",
        ]
      + underlay = "enabled"
    }

  # netris_link.ew_gpu_links["swp23@sw-egg-backend-plane2-leaf08--eth3@gpu-egg-096"] will be created
  + resource "netris_link" "ew_gpu_links" {
      + id       = (known after apply)
      + ports    = [
          + "swp23@sw-egg-backend-plane2-leaf08",
          + "eth3@gpu-egg-096",
        ]
      + underlay = "enabled"
    }

  # netris_link.ew_gpu_links["swp23@sw-egg-backend-plane3-leaf01--eth5@gpu-egg-089"] will be created
  + resource "netris_link" "ew_gpu_links" {
      + id       = (known after apply)
      + ports    = [
          + "swp23@sw-egg-backend-plane3-leaf01",
          + "eth5@gpu-egg-089",
        ]
      + underlay = "enabled"
    }

  # netris_link.ew_gpu_links["swp23@sw-egg-backend-plane3-leaf02--eth5@gpu-egg-090"] will be created
  + resource "netris_link" "ew_gpu_links" {
      + id       = (known after apply)
      + ports    = [
          + "swp23@sw-egg-backend-plane3-leaf02",
          + "eth5@gpu-egg-090",
        ]
      + underlay = "enabled"
    }

  # netris_link.ew_gpu_links["swp23@sw-egg-backend-plane3-leaf03--eth5@gpu-egg-091"] will be created
  + resource "netris_link" "ew_gpu_links" {
      + id       = (known after apply)
      + ports    = [
          + "swp23@sw-egg-backend-plane3-leaf03",
          + "eth5@gpu-egg-091",
        ]
      + underlay = "enabled"
    }

  # netris_link.ew_gpu_links["swp23@sw-egg-backend-plane3-leaf04--eth5@gpu-egg-092"] will be created
  + resource "netris_link" "ew_gpu_links" {
      + id       = (known after apply)
      + ports    = [
          + "swp23@sw-egg-backend-plane3-leaf04",
          + "eth5@gpu-egg-092",
        ]
      + underlay = "enabled"
    }

  # netris_link.ew_gpu_links["swp23@sw-egg-backend-plane3-leaf05--eth5@gpu-egg-093"] will be created
  + resource "netris_link" "ew_gpu_links" {
      + id       = (known after apply)
      + ports    = [
          + "swp23@sw-egg-backend-plane3-leaf05",
          + "eth5@gpu-egg-093",
        ]
      + underlay = "enabled"
    }

  # netris_link.ew_gpu_links["swp23@sw-egg-backend-plane3-leaf06--eth5@gpu-egg-094"] will be created
  + resource "netris_link" "ew_gpu_links" {
      + id       = (known after apply)
      + ports    = [
          + "swp23@sw-egg-backend-plane3-leaf06",
          + "eth5@gpu-egg-094",
        ]
      + underlay = "enabled"
    }

  # netris_link.ew_gpu_links["swp23@sw-egg-backend-plane3-leaf07--eth5@gpu-egg-095"] will be created
  + resource "netris_link" "ew_gpu_links" {
      + id       = (known after apply)
      + ports    = [
          + "swp23@sw-egg-backend-plane3-leaf07",
          + "eth5@gpu-egg-095",
        ]
      + underlay = "enabled"
    }

  # netris_link.ew_gpu_links["swp23@sw-egg-backend-plane3-leaf08--eth5@gpu-egg-096"] will be created
  + resource "netris_link" "ew_gpu_links" {
      + id       = (known after apply)
      + ports    = [
          + "swp23@sw-egg-backend-plane3-leaf08",
          + "eth5@gpu-egg-096",
        ]
      + underlay = "enabled"
    }

  # netris_link.ew_gpu_links["swp23@sw-egg-backend-plane4-leaf01--eth7@gpu-egg-089"] will be created
  + resource "netris_link" "ew_gpu_links" {
      + id       = (known after apply)
      + ports    = [
          + "swp23@sw-egg-backend-plane4-leaf01",
          + "eth7@gpu-egg-089",
        ]
      + underlay = "enabled"
    }

  # netris_link.ew_gpu_links["swp23@sw-egg-backend-plane4-leaf02--eth7@gpu-egg-090"] will be created
  + resource "netris_link" "ew_gpu_links" {
      + id       = (known after apply)
      + ports    = [
          + "swp23@sw-egg-backend-plane4-leaf02",
          + "eth7@gpu-egg-090",
        ]
      + underlay = "enabled"
    }

  # netris_link.ew_gpu_links["swp23@sw-egg-backend-plane4-leaf03--eth7@gpu-egg-091"] will be created
  + resource "netris_link" "ew_gpu_links" {
      + id       = (known after apply)
      + ports    = [
          + "swp23@sw-egg-backend-plane4-leaf03",
          + "eth7@gpu-egg-091",
        ]
      + underlay = "enabled"
    }

  # netris_link.ew_gpu_links["swp23@sw-egg-backend-plane4-leaf04--eth7@gpu-egg-092"] will be created
  + resource "netris_link" "ew_gpu_links" {
      + id       = (known after apply)
      + ports    = [
          + "swp23@sw-egg-backend-plane4-leaf04",
          + "eth7@gpu-egg-092",
        ]
      + underlay = "enabled"
    }

  # netris_link.ew_gpu_links["swp23@sw-egg-backend-plane4-leaf05--eth7@gpu-egg-093"] will be created
  + resource "netris_link" "ew_gpu_links" {
      + id       = (known after apply)
      + ports    = [
          + "swp23@sw-egg-backend-plane4-leaf05",
          + "eth7@gpu-egg-093",
        ]
      + underlay = "enabled"
    }

  # netris_link.ew_gpu_links["swp23@sw-egg-backend-plane4-leaf06--eth7@gpu-egg-094"] will be created
  + resource "netris_link" "ew_gpu_links" {
      + id       = (known after apply)
      + ports    = [
          + "swp23@sw-egg-backend-plane4-leaf06",
          + "eth7@gpu-egg-094",
        ]
      + underlay = "enabled"
    }

  # netris_link.ew_gpu_links["swp23@sw-egg-backend-plane4-leaf07--eth7@gpu-egg-095"] will be created
  + resource "netris_link" "ew_gpu_links" {
      + id       = (known after apply)
      + ports    = [
          + "swp23@sw-egg-backend-plane4-leaf07",
          + "eth7@gpu-egg-095",
        ]
      + underlay = "enabled"
    }

  # netris_link.ew_gpu_links["swp23@sw-egg-backend-plane4-leaf08--eth7@gpu-egg-096"] will be created
  + resource "netris_link" "ew_gpu_links" {
      + id       = (known after apply)
      + ports    = [
          + "swp23@sw-egg-backend-plane4-leaf08",
          + "eth7@gpu-egg-096",
        ]
      + underlay = "enabled"
    }

  # netris_link.ew_gpu_links["swp24@sw-egg-backend-plane1-leaf01--eth2@gpu-egg-089"] will be created
  + resource "netris_link" "ew_gpu_links" {
      + id       = (known after apply)
      + ports    = [
          + "swp24@sw-egg-backend-plane1-leaf01",
          + "eth2@gpu-egg-089",
        ]
      + underlay = "enabled"
    }

  # netris_link.ew_gpu_links["swp24@sw-egg-backend-plane1-leaf02--eth2@gpu-egg-090"] will be created
  + resource "netris_link" "ew_gpu_links" {
      + id       = (known after apply)
      + ports    = [
          + "swp24@sw-egg-backend-plane1-leaf02",
          + "eth2@gpu-egg-090",
        ]
      + underlay = "enabled"
    }

  # netris_link.ew_gpu_links["swp24@sw-egg-backend-plane1-leaf03--eth2@gpu-egg-091"] will be created
  + resource "netris_link" "ew_gpu_links" {
      + id       = (known after apply)
      + ports    = [
          + "swp24@sw-egg-backend-plane1-leaf03",
          + "eth2@gpu-egg-091",
        ]
      + underlay = "enabled"
    }

  # netris_link.ew_gpu_links["swp24@sw-egg-backend-plane1-leaf04--eth2@gpu-egg-092"] will be created
  + resource "netris_link" "ew_gpu_links" {
      + id       = (known after apply)
      + ports    = [
          + "swp24@sw-egg-backend-plane1-leaf04",
          + "eth2@gpu-egg-092",
        ]
      + underlay = "enabled"
    }

  # netris_link.ew_gpu_links["swp24@sw-egg-backend-plane1-leaf05--eth2@gpu-egg-093"] will be created
  + resource "netris_link" "ew_gpu_links" {
      + id       = (known after apply)
      + ports    = [
          + "swp24@sw-egg-backend-plane1-leaf05",
          + "eth2@gpu-egg-093",
        ]
      + underlay = "enabled"
    }

  # netris_link.ew_gpu_links["swp24@sw-egg-backend-plane1-leaf06--eth2@gpu-egg-094"] will be created
  + resource "netris_link" "ew_gpu_links" {
      + id       = (known after apply)
      + ports    = [
          + "swp24@sw-egg-backend-plane1-leaf06",
          + "eth2@gpu-egg-094",
        ]
      + underlay = "enabled"
    }

  # netris_link.ew_gpu_links["swp24@sw-egg-backend-plane1-leaf07--eth2@gpu-egg-095"] will be created
  + resource "netris_link" "ew_gpu_links" {
      + id       = (known after apply)
      + ports    = [
          + "swp24@sw-egg-backend-plane1-leaf07",
          + "eth2@gpu-egg-095",
        ]
      + underlay = "enabled"
    }

  # netris_link.ew_gpu_links["swp24@sw-egg-backend-plane1-leaf08--eth2@gpu-egg-096"] will be created
  + resource "netris_link" "ew_gpu_links" {
      + id       = (known after apply)
      + ports    = [
          + "swp24@sw-egg-backend-plane1-leaf08",
          + "eth2@gpu-egg-096",
        ]
      + underlay = "enabled"
    }

  # netris_link.ew_gpu_links["swp24@sw-egg-backend-plane2-leaf01--eth4@gpu-egg-089"] will be created
  + resource "netris_link" "ew_gpu_links" {
      + id       = (known after apply)
      + ports    = [
          + "swp24@sw-egg-backend-plane2-leaf01",
          + "eth4@gpu-egg-089",
        ]
      + underlay = "enabled"
    }

  # netris_link.ew_gpu_links["swp24@sw-egg-backend-plane2-leaf02--eth4@gpu-egg-090"] will be created
  + resource "netris_link" "ew_gpu_links" {
      + id       = (known after apply)
      + ports    = [
          + "swp24@sw-egg-backend-plane2-leaf02",
          + "eth4@gpu-egg-090",
        ]
      + underlay = "enabled"
    }

  # netris_link.ew_gpu_links["swp24@sw-egg-backend-plane2-leaf03--eth4@gpu-egg-091"] will be created
  + resource "netris_link" "ew_gpu_links" {
      + id       = (known after apply)
      + ports    = [
          + "swp24@sw-egg-backend-plane2-leaf03",
          + "eth4@gpu-egg-091",
        ]
      + underlay = "enabled"
    }

  # netris_link.ew_gpu_links["swp24@sw-egg-backend-plane2-leaf04--eth4@gpu-egg-092"] will be created
  + resource "netris_link" "ew_gpu_links" {
      + id       = (known after apply)
      + ports    = [
          + "swp24@sw-egg-backend-plane2-leaf04",
          + "eth4@gpu-egg-092",
        ]
      + underlay = "enabled"
    }

  # netris_link.ew_gpu_links["swp24@sw-egg-backend-plane2-leaf05--eth4@gpu-egg-093"] will be created
  + resource "netris_link" "ew_gpu_links" {
      + id       = (known after apply)
      + ports    = [
          + "swp24@sw-egg-backend-plane2-leaf05",
          + "eth4@gpu-egg-093",
        ]
      + underlay = "enabled"
    }

  # netris_link.ew_gpu_links["swp24@sw-egg-backend-plane2-leaf06--eth4@gpu-egg-094"] will be created
  + resource "netris_link" "ew_gpu_links" {
      + id       = (known after apply)
      + ports    = [
          + "swp24@sw-egg-backend-plane2-leaf06",
          + "eth4@gpu-egg-094",
        ]
      + underlay = "enabled"
    }

  # netris_link.ew_gpu_links["swp24@sw-egg-backend-plane2-leaf07--eth4@gpu-egg-095"] will be created
  + resource "netris_link" "ew_gpu_links" {
      + id       = (known after apply)
      + ports    = [
          + "swp24@sw-egg-backend-plane2-leaf07",
          + "eth4@gpu-egg-095",
        ]
      + underlay = "enabled"
    }

  # netris_link.ew_gpu_links["swp24@sw-egg-backend-plane2-leaf08--eth4@gpu-egg-096"] will be created
  + resource "netris_link" "ew_gpu_links" {
      + id       = (known after apply)
      + ports    = [
          + "swp24@sw-egg-backend-plane2-leaf08",
          + "eth4@gpu-egg-096",
        ]
      + underlay = "enabled"
    }

  # netris_link.ew_gpu_links["swp24@sw-egg-backend-plane3-leaf01--eth6@gpu-egg-089"] will be created
  + resource "netris_link" "ew_gpu_links" {
      + id       = (known after apply)
      + ports    = [
          + "swp24@sw-egg-backend-plane3-leaf01",
          + "eth6@gpu-egg-089",
        ]
      + underlay = "enabled"
    }

  # netris_link.ew_gpu_links["swp24@sw-egg-backend-plane3-leaf02--eth6@gpu-egg-090"] will be created
  + resource "netris_link" "ew_gpu_links" {
      + id       = (known after apply)
      + ports    = [
          + "swp24@sw-egg-backend-plane3-leaf02",
          + "eth6@gpu-egg-090",
        ]
      + underlay = "enabled"
    }

  # netris_link.ew_gpu_links["swp24@sw-egg-backend-plane3-leaf03--eth6@gpu-egg-091"] will be created
  + resource "netris_link" "ew_gpu_links" {
      + id       = (known after apply)
      + ports    = [
          + "swp24@sw-egg-backend-plane3-leaf03",
          + "eth6@gpu-egg-091",
        ]
      + underlay = "enabled"
    }

  # netris_link.ew_gpu_links["swp24@sw-egg-backend-plane3-leaf04--eth6@gpu-egg-092"] will be created
  + resource "netris_link" "ew_gpu_links" {
      + id       = (known after apply)
      + ports    = [
          + "swp24@sw-egg-backend-plane3-leaf04",
          + "eth6@gpu-egg-092",
        ]
      + underlay = "enabled"
    }

  # netris_link.ew_gpu_links["swp24@sw-egg-backend-plane3-leaf05--eth6@gpu-egg-093"] will be created
  + resource "netris_link" "ew_gpu_links" {
      + id       = (known after apply)
      + ports    = [
          + "swp24@sw-egg-backend-plane3-leaf05",
          + "eth6@gpu-egg-093",
        ]
      + underlay = "enabled"
    }

  # netris_link.ew_gpu_links["swp24@sw-egg-backend-plane3-leaf06--eth6@gpu-egg-094"] will be created
  + resource "netris_link" "ew_gpu_links" {
      + id       = (known after apply)
      + ports    = [
          + "swp24@sw-egg-backend-plane3-leaf06",
          + "eth6@gpu-egg-094",
        ]
      + underlay = "enabled"
    }

  # netris_link.ew_gpu_links["swp24@sw-egg-backend-plane3-leaf07--eth6@gpu-egg-095"] will be created
  + resource "netris_link" "ew_gpu_links" {
      + id       = (known after apply)
      + ports    = [
          + "swp24@sw-egg-backend-plane3-leaf07",
          + "eth6@gpu-egg-095",
        ]
      + underlay = "enabled"
    }

  # netris_link.ew_gpu_links["swp24@sw-egg-backend-plane3-leaf08--eth6@gpu-egg-096"] will be created
  + resource "netris_link" "ew_gpu_links" {
      + id       = (known after apply)
      + ports    = [
          + "swp24@sw-egg-backend-plane3-leaf08",
          + "eth6@gpu-egg-096",
        ]
      + underlay = "enabled"
    }

  # netris_link.ew_gpu_links["swp24@sw-egg-backend-plane4-leaf01--eth8@gpu-egg-089"] will be created
  + resource "netris_link" "ew_gpu_links" {
      + id       = (known after apply)
      + ports    = [
          + "swp24@sw-egg-backend-plane4-leaf01",
          + "eth8@gpu-egg-089",
        ]
      + underlay = "enabled"
    }

  # netris_link.ew_gpu_links["swp24@sw-egg-backend-plane4-leaf02--eth8@gpu-egg-090"] will be created
  + resource "netris_link" "ew_gpu_links" {
      + id       = (known after apply)
      + ports    = [
          + "swp24@sw-egg-backend-plane4-leaf02",
          + "eth8@gpu-egg-090",
        ]
      + underlay = "enabled"
    }

  # netris_link.ew_gpu_links["swp24@sw-egg-backend-plane4-leaf03--eth8@gpu-egg-091"] will be created
  + resource "netris_link" "ew_gpu_links" {
      + id       = (known after apply)
      + ports    = [
          + "swp24@sw-egg-backend-plane4-leaf03",
          + "eth8@gpu-egg-091",
        ]
      + underlay = "enabled"
    }

  # netris_link.ew_gpu_links["swp24@sw-egg-backend-plane4-leaf04--eth8@gpu-egg-092"] will be created
  + resource "netris_link" "ew_gpu_links" {
      + id       = (known after apply)
      + ports    = [
          + "swp24@sw-egg-backend-plane4-leaf04",
          + "eth8@gpu-egg-092",
        ]
      + underlay = "enabled"
    }

  # netris_link.ew_gpu_links["swp24@sw-egg-backend-plane4-leaf05--eth8@gpu-egg-093"] will be created
  + resource "netris_link" "ew_gpu_links" {
      + id       = (known after apply)
      + ports    = [
          + "swp24@sw-egg-backend-plane4-leaf05",
          + "eth8@gpu-egg-093",
        ]
      + underlay = "enabled"
    }

  # netris_link.ew_gpu_links["swp24@sw-egg-backend-plane4-leaf06--eth8@gpu-egg-094"] will be created
  + resource "netris_link" "ew_gpu_links" {
      + id       = (known after apply)
      + ports    = [
          + "swp24@sw-egg-backend-plane4-leaf06",
          + "eth8@gpu-egg-094",
        ]
      + underlay = "enabled"
    }

  # netris_link.ew_gpu_links["swp24@sw-egg-backend-plane4-leaf07--eth8@gpu-egg-095"] will be created
  + resource "netris_link" "ew_gpu_links" {
      + id       = (known after apply)
      + ports    = [
          + "swp24@sw-egg-backend-plane4-leaf07",
          + "eth8@gpu-egg-095",
        ]
      + underlay = "enabled"
    }

  # netris_link.ew_gpu_links["swp24@sw-egg-backend-plane4-leaf08--eth8@gpu-egg-096"] will be created
  + resource "netris_link" "ew_gpu_links" {
      + id       = (known after apply)
      + ports    = [
          + "swp24@sw-egg-backend-plane4-leaf08",
          + "eth8@gpu-egg-096",
        ]
      + underlay = "enabled"
    }

  # netris_link.ew_gpu_links["swp25@sw-egg-backend-plane1-leaf01--eth1@gpu-egg-097"] will be created
  + resource "netris_link" "ew_gpu_links" {
      + id       = (known after apply)
      + ports    = [
          + "swp25@sw-egg-backend-plane1-leaf01",
          + "eth1@gpu-egg-097",
        ]
      + underlay = "enabled"
    }

  # netris_link.ew_gpu_links["swp25@sw-egg-backend-plane1-leaf02--eth1@gpu-egg-098"] will be created
  + resource "netris_link" "ew_gpu_links" {
      + id       = (known after apply)
      + ports    = [
          + "swp25@sw-egg-backend-plane1-leaf02",
          + "eth1@gpu-egg-098",
        ]
      + underlay = "enabled"
    }

  # netris_link.ew_gpu_links["swp25@sw-egg-backend-plane1-leaf03--eth1@gpu-egg-099"] will be created
  + resource "netris_link" "ew_gpu_links" {
      + id       = (known after apply)
      + ports    = [
          + "swp25@sw-egg-backend-plane1-leaf03",
          + "eth1@gpu-egg-099",
        ]
      + underlay = "enabled"
    }

  # netris_link.ew_gpu_links["swp25@sw-egg-backend-plane1-leaf04--eth1@gpu-egg-100"] will be created
  + resource "netris_link" "ew_gpu_links" {
      + id       = (known after apply)
      + ports    = [
          + "swp25@sw-egg-backend-plane1-leaf04",
          + "eth1@gpu-egg-100",
        ]
      + underlay = "enabled"
    }

  # netris_link.ew_gpu_links["swp25@sw-egg-backend-plane1-leaf05--eth1@gpu-egg-101"] will be created
  + resource "netris_link" "ew_gpu_links" {
      + id       = (known after apply)
      + ports    = [
          + "swp25@sw-egg-backend-plane1-leaf05",
          + "eth1@gpu-egg-101",
        ]
      + underlay = "enabled"
    }

  # netris_link.ew_gpu_links["swp25@sw-egg-backend-plane1-leaf06--eth1@gpu-egg-102"] will be created
  + resource "netris_link" "ew_gpu_links" {
      + id       = (known after apply)
      + ports    = [
          + "swp25@sw-egg-backend-plane1-leaf06",
          + "eth1@gpu-egg-102",
        ]
      + underlay = "enabled"
    }

  # netris_link.ew_gpu_links["swp25@sw-egg-backend-plane1-leaf07--eth1@gpu-egg-103"] will be created
  + resource "netris_link" "ew_gpu_links" {
      + id       = (known after apply)
      + ports    = [
          + "swp25@sw-egg-backend-plane1-leaf07",
          + "eth1@gpu-egg-103",
        ]
      + underlay = "enabled"
    }

  # netris_link.ew_gpu_links["swp25@sw-egg-backend-plane1-leaf08--eth1@gpu-egg-104"] will be created
  + resource "netris_link" "ew_gpu_links" {
      + id       = (known after apply)
      + ports    = [
          + "swp25@sw-egg-backend-plane1-leaf08",
          + "eth1@gpu-egg-104",
        ]
      + underlay = "enabled"
    }

  # netris_link.ew_gpu_links["swp25@sw-egg-backend-plane2-leaf01--eth3@gpu-egg-097"] will be created
  + resource "netris_link" "ew_gpu_links" {
      + id       = (known after apply)
      + ports    = [
          + "swp25@sw-egg-backend-plane2-leaf01",
          + "eth3@gpu-egg-097",
        ]
      + underlay = "enabled"
    }

  # netris_link.ew_gpu_links["swp25@sw-egg-backend-plane2-leaf02--eth3@gpu-egg-098"] will be created
  + resource "netris_link" "ew_gpu_links" {
      + id       = (known after apply)
      + ports    = [
          + "swp25@sw-egg-backend-plane2-leaf02",
          + "eth3@gpu-egg-098",
        ]
      + underlay = "enabled"
    }

  # netris_link.ew_gpu_links["swp25@sw-egg-backend-plane2-leaf03--eth3@gpu-egg-099"] will be created
  + resource "netris_link" "ew_gpu_links" {
      + id       = (known after apply)
      + ports    = [
          + "swp25@sw-egg-backend-plane2-leaf03",
          + "eth3@gpu-egg-099",
        ]
      + underlay = "enabled"
    }

  # netris_link.ew_gpu_links["swp25@sw-egg-backend-plane2-leaf04--eth3@gpu-egg-100"] will be created
  + resource "netris_link" "ew_gpu_links" {
      + id       = (known after apply)
      + ports    = [
          + "swp25@sw-egg-backend-plane2-leaf04",
          + "eth3@gpu-egg-100",
        ]
      + underlay = "enabled"
    }

  # netris_link.ew_gpu_links["swp25@sw-egg-backend-plane2-leaf05--eth3@gpu-egg-101"] will be created
  + resource "netris_link" "ew_gpu_links" {
      + id       = (known after apply)
      + ports    = [
          + "swp25@sw-egg-backend-plane2-leaf05",
          + "eth3@gpu-egg-101",
        ]
      + underlay = "enabled"
    }

  # netris_link.ew_gpu_links["swp25@sw-egg-backend-plane2-leaf06--eth3@gpu-egg-102"] will be created
  + resource "netris_link" "ew_gpu_links" {
      + id       = (known after apply)
      + ports    = [
          + "swp25@sw-egg-backend-plane2-leaf06",
          + "eth3@gpu-egg-102",
        ]
      + underlay = "enabled"
    }

  # netris_link.ew_gpu_links["swp25@sw-egg-backend-plane2-leaf07--eth3@gpu-egg-103"] will be created
  + resource "netris_link" "ew_gpu_links" {
      + id       = (known after apply)
      + ports    = [
          + "swp25@sw-egg-backend-plane2-leaf07",
          + "eth3@gpu-egg-103",
        ]
      + underlay = "enabled"
    }

  # netris_link.ew_gpu_links["swp25@sw-egg-backend-plane2-leaf08--eth3@gpu-egg-104"] will be created
  + resource "netris_link" "ew_gpu_links" {
      + id       = (known after apply)
      + ports    = [
          + "swp25@sw-egg-backend-plane2-leaf08",
          + "eth3@gpu-egg-104",
        ]
      + underlay = "enabled"
    }

  # netris_link.ew_gpu_links["swp25@sw-egg-backend-plane3-leaf01--eth5@gpu-egg-097"] will be created
  + resource "netris_link" "ew_gpu_links" {
      + id       = (known after apply)
      + ports    = [
          + "swp25@sw-egg-backend-plane3-leaf01",
          + "eth5@gpu-egg-097",
        ]
      + underlay = "enabled"
    }

  # netris_link.ew_gpu_links["swp25@sw-egg-backend-plane3-leaf02--eth5@gpu-egg-098"] will be created
  + resource "netris_link" "ew_gpu_links" {
      + id       = (known after apply)
      + ports    = [
          + "swp25@sw-egg-backend-plane3-leaf02",
          + "eth5@gpu-egg-098",
        ]
      + underlay = "enabled"
    }

  # netris_link.ew_gpu_links["swp25@sw-egg-backend-plane3-leaf03--eth5@gpu-egg-099"] will be created
  + resource "netris_link" "ew_gpu_links" {
      + id       = (known after apply)
      + ports    = [
          + "swp25@sw-egg-backend-plane3-leaf03",
          + "eth5@gpu-egg-099",
        ]
      + underlay = "enabled"
    }

  # netris_link.ew_gpu_links["swp25@sw-egg-backend-plane3-leaf04--eth5@gpu-egg-100"] will be created
  + resource "netris_link" "ew_gpu_links" {
      + id       = (known after apply)
      + ports    = [
          + "swp25@sw-egg-backend-plane3-leaf04",
          + "eth5@gpu-egg-100",
        ]
      + underlay = "enabled"
    }

  # netris_link.ew_gpu_links["swp25@sw-egg-backend-plane3-leaf05--eth5@gpu-egg-101"] will be created
  + resource "netris_link" "ew_gpu_links" {
      + id       = (known after apply)
      + ports    = [
          + "swp25@sw-egg-backend-plane3-leaf05",
          + "eth5@gpu-egg-101",
        ]
      + underlay = "enabled"
    }

  # netris_link.ew_gpu_links["swp25@sw-egg-backend-plane3-leaf06--eth5@gpu-egg-102"] will be created
  + resource "netris_link" "ew_gpu_links" {
      + id       = (known after apply)
      + ports    = [
          + "swp25@sw-egg-backend-plane3-leaf06",
          + "eth5@gpu-egg-102",
        ]
      + underlay = "enabled"
    }

  # netris_link.ew_gpu_links["swp25@sw-egg-backend-plane3-leaf07--eth5@gpu-egg-103"] will be created
  + resource "netris_link" "ew_gpu_links" {
      + id       = (known after apply)
      + ports    = [
          + "swp25@sw-egg-backend-plane3-leaf07",
          + "eth5@gpu-egg-103",
        ]
      + underlay = "enabled"
    }

  # netris_link.ew_gpu_links["swp25@sw-egg-backend-plane3-leaf08--eth5@gpu-egg-104"] will be created
  + resource "netris_link" "ew_gpu_links" {
      + id       = (known after apply)
      + ports    = [
          + "swp25@sw-egg-backend-plane3-leaf08",
          + "eth5@gpu-egg-104",
        ]
      + underlay = "enabled"
    }

  # netris_link.ew_gpu_links["swp25@sw-egg-backend-plane4-leaf01--eth7@gpu-egg-097"] will be created
  + resource "netris_link" "ew_gpu_links" {
      + id       = (known after apply)
      + ports    = [
          + "swp25@sw-egg-backend-plane4-leaf01",
          + "eth7@gpu-egg-097",
        ]
      + underlay = "enabled"
    }

  # netris_link.ew_gpu_links["swp25@sw-egg-backend-plane4-leaf02--eth7@gpu-egg-098"] will be created
  + resource "netris_link" "ew_gpu_links" {
      + id       = (known after apply)
      + ports    = [
          + "swp25@sw-egg-backend-plane4-leaf02",
          + "eth7@gpu-egg-098",
        ]
      + underlay = "enabled"
    }

  # netris_link.ew_gpu_links["swp25@sw-egg-backend-plane4-leaf03--eth7@gpu-egg-099"] will be created
  + resource "netris_link" "ew_gpu_links" {
      + id       = (known after apply)
      + ports    = [
          + "swp25@sw-egg-backend-plane4-leaf03",
          + "eth7@gpu-egg-099",
        ]
      + underlay = "enabled"
    }

  # netris_link.ew_gpu_links["swp25@sw-egg-backend-plane4-leaf04--eth7@gpu-egg-100"] will be created
  + resource "netris_link" "ew_gpu_links" {
      + id       = (known after apply)
      + ports    = [
          + "swp25@sw-egg-backend-plane4-leaf04",
          + "eth7@gpu-egg-100",
        ]
      + underlay = "enabled"
    }

  # netris_link.ew_gpu_links["swp25@sw-egg-backend-plane4-leaf05--eth7@gpu-egg-101"] will be created
  + resource "netris_link" "ew_gpu_links" {
      + id       = (known after apply)
      + ports    = [
          + "swp25@sw-egg-backend-plane4-leaf05",
          + "eth7@gpu-egg-101",
        ]
      + underlay = "enabled"
    }

  # netris_link.ew_gpu_links["swp25@sw-egg-backend-plane4-leaf06--eth7@gpu-egg-102"] will be created
  + resource "netris_link" "ew_gpu_links" {
      + id       = (known after apply)
      + ports    = [
          + "swp25@sw-egg-backend-plane4-leaf06",
          + "eth7@gpu-egg-102",
        ]
      + underlay = "enabled"
    }

  # netris_link.ew_gpu_links["swp25@sw-egg-backend-plane4-leaf07--eth7@gpu-egg-103"] will be created
  + resource "netris_link" "ew_gpu_links" {
      + id       = (known after apply)
      + ports    = [
          + "swp25@sw-egg-backend-plane4-leaf07",
          + "eth7@gpu-egg-103",
        ]
      + underlay = "enabled"
    }

  # netris_link.ew_gpu_links["swp25@sw-egg-backend-plane4-leaf08--eth7@gpu-egg-104"] will be created
  + resource "netris_link" "ew_gpu_links" {
      + id       = (known after apply)
      + ports    = [
          + "swp25@sw-egg-backend-plane4-leaf08",
          + "eth7@gpu-egg-104",
        ]
      + underlay = "enabled"
    }

  # netris_link.ew_gpu_links["swp26@sw-egg-backend-plane1-leaf01--eth2@gpu-egg-097"] will be created
  + resource "netris_link" "ew_gpu_links" {
      + id       = (known after apply)
      + ports    = [
          + "swp26@sw-egg-backend-plane1-leaf01",
          + "eth2@gpu-egg-097",
        ]
      + underlay = "enabled"
    }

  # netris_link.ew_gpu_links["swp26@sw-egg-backend-plane1-leaf02--eth2@gpu-egg-098"] will be created
  + resource "netris_link" "ew_gpu_links" {
      + id       = (known after apply)
      + ports    = [
          + "swp26@sw-egg-backend-plane1-leaf02",
          + "eth2@gpu-egg-098",
        ]
      + underlay = "enabled"
    }

  # netris_link.ew_gpu_links["swp26@sw-egg-backend-plane1-leaf03--eth2@gpu-egg-099"] will be created
  + resource "netris_link" "ew_gpu_links" {
      + id       = (known after apply)
      + ports    = [
          + "swp26@sw-egg-backend-plane1-leaf03",
          + "eth2@gpu-egg-099",
        ]
      + underlay = "enabled"
    }

  # netris_link.ew_gpu_links["swp26@sw-egg-backend-plane1-leaf04--eth2@gpu-egg-100"] will be created
  + resource "netris_link" "ew_gpu_links" {
      + id       = (known after apply)
      + ports    = [
          + "swp26@sw-egg-backend-plane1-leaf04",
          + "eth2@gpu-egg-100",
        ]
      + underlay = "enabled"
    }

  # netris_link.ew_gpu_links["swp26@sw-egg-backend-plane1-leaf05--eth2@gpu-egg-101"] will be created
  + resource "netris_link" "ew_gpu_links" {
      + id       = (known after apply)
      + ports    = [
          + "swp26@sw-egg-backend-plane1-leaf05",
          + "eth2@gpu-egg-101",
        ]
      + underlay = "enabled"
    }

  # netris_link.ew_gpu_links["swp26@sw-egg-backend-plane1-leaf06--eth2@gpu-egg-102"] will be created
  + resource "netris_link" "ew_gpu_links" {
      + id       = (known after apply)
      + ports    = [
          + "swp26@sw-egg-backend-plane1-leaf06",
          + "eth2@gpu-egg-102",
        ]
      + underlay = "enabled"
    }

  # netris_link.ew_gpu_links["swp26@sw-egg-backend-plane1-leaf07--eth2@gpu-egg-103"] will be created
  + resource "netris_link" "ew_gpu_links" {
      + id       = (known after apply)
      + ports    = [
          + "swp26@sw-egg-backend-plane1-leaf07",
          + "eth2@gpu-egg-103",
        ]
      + underlay = "enabled"
    }

  # netris_link.ew_gpu_links["swp26@sw-egg-backend-plane1-leaf08--eth2@gpu-egg-104"] will be created
  + resource "netris_link" "ew_gpu_links" {
      + id       = (known after apply)
      + ports    = [
          + "swp26@sw-egg-backend-plane1-leaf08",
          + "eth2@gpu-egg-104",
        ]
      + underlay = "enabled"
    }

  # netris_link.ew_gpu_links["swp26@sw-egg-backend-plane2-leaf01--eth4@gpu-egg-097"] will be created
  + resource "netris_link" "ew_gpu_links" {
      + id       = (known after apply)
      + ports    = [
          + "swp26@sw-egg-backend-plane2-leaf01",
          + "eth4@gpu-egg-097",
        ]
      + underlay = "enabled"
    }

  # netris_link.ew_gpu_links["swp26@sw-egg-backend-plane2-leaf02--eth4@gpu-egg-098"] will be created
  + resource "netris_link" "ew_gpu_links" {
      + id       = (known after apply)
      + ports    = [
          + "swp26@sw-egg-backend-plane2-leaf02",
          + "eth4@gpu-egg-098",
        ]
      + underlay = "enabled"
    }

  # netris_link.ew_gpu_links["swp26@sw-egg-backend-plane2-leaf03--eth4@gpu-egg-099"] will be created
  + resource "netris_link" "ew_gpu_links" {
      + id       = (known after apply)
      + ports    = [
          + "swp26@sw-egg-backend-plane2-leaf03",
          + "eth4@gpu-egg-099",
        ]
      + underlay = "enabled"
    }

  # netris_link.ew_gpu_links["swp26@sw-egg-backend-plane2-leaf04--eth4@gpu-egg-100"] will be created
  + resource "netris_link" "ew_gpu_links" {
      + id       = (known after apply)
      + ports    = [
          + "swp26@sw-egg-backend-plane2-leaf04",
          + "eth4@gpu-egg-100",
        ]
      + underlay = "enabled"
    }

  # netris_link.ew_gpu_links["swp26@sw-egg-backend-plane2-leaf05--eth4@gpu-egg-101"] will be created
  + resource "netris_link" "ew_gpu_links" {
      + id       = (known after apply)
      + ports    = [
          + "swp26@sw-egg-backend-plane2-leaf05",
          + "eth4@gpu-egg-101",
        ]
      + underlay = "enabled"
    }

  # netris_link.ew_gpu_links["swp26@sw-egg-backend-plane2-leaf06--eth4@gpu-egg-102"] will be created
  + resource "netris_link" "ew_gpu_links" {
      + id       = (known after apply)
      + ports    = [
          + "swp26@sw-egg-backend-plane2-leaf06",
          + "eth4@gpu-egg-102",
        ]
      + underlay = "enabled"
    }

  # netris_link.ew_gpu_links["swp26@sw-egg-backend-plane2-leaf07--eth4@gpu-egg-103"] will be created
  + resource "netris_link" "ew_gpu_links" {
      + id       = (known after apply)
      + ports    = [
          + "swp26@sw-egg-backend-plane2-leaf07",
          + "eth4@gpu-egg-103",
        ]
      + underlay = "enabled"
    }

  # netris_link.ew_gpu_links["swp26@sw-egg-backend-plane2-leaf08--eth4@gpu-egg-104"] will be created
  + resource "netris_link" "ew_gpu_links" {
      + id       = (known after apply)
      + ports    = [
          + "swp26@sw-egg-backend-plane2-leaf08",
          + "eth4@gpu-egg-104",
        ]
      + underlay = "enabled"
    }

  # netris_link.ew_gpu_links["swp26@sw-egg-backend-plane3-leaf01--eth6@gpu-egg-097"] will be created
  + resource "netris_link" "ew_gpu_links" {
      + id       = (known after apply)
      + ports    = [
          + "swp26@sw-egg-backend-plane3-leaf01",
          + "eth6@gpu-egg-097",
        ]
      + underlay = "enabled"
    }

  # netris_link.ew_gpu_links["swp26@sw-egg-backend-plane3-leaf02--eth6@gpu-egg-098"] will be created
  + resource "netris_link" "ew_gpu_links" {
      + id       = (known after apply)
      + ports    = [
          + "swp26@sw-egg-backend-plane3-leaf02",
          + "eth6@gpu-egg-098",
        ]
      + underlay = "enabled"
    }

  # netris_link.ew_gpu_links["swp26@sw-egg-backend-plane3-leaf03--eth6@gpu-egg-099"] will be created
  + resource "netris_link" "ew_gpu_links" {
      + id       = (known after apply)
      + ports    = [
          + "swp26@sw-egg-backend-plane3-leaf03",
          + "eth6@gpu-egg-099",
        ]
      + underlay = "enabled"
    }

  # netris_link.ew_gpu_links["swp26@sw-egg-backend-plane3-leaf04--eth6@gpu-egg-100"] will be created
  + resource "netris_link" "ew_gpu_links" {
      + id       = (known after apply)
      + ports    = [
          + "swp26@sw-egg-backend-plane3-leaf04",
          + "eth6@gpu-egg-100",
        ]
      + underlay = "enabled"
    }

  # netris_link.ew_gpu_links["swp26@sw-egg-backend-plane3-leaf05--eth6@gpu-egg-101"] will be created
  + resource "netris_link" "ew_gpu_links" {
      + id       = (known after apply)
      + ports    = [
          + "swp26@sw-egg-backend-plane3-leaf05",
          + "eth6@gpu-egg-101",
        ]
      + underlay = "enabled"
    }

  # netris_link.ew_gpu_links["swp26@sw-egg-backend-plane3-leaf06--eth6@gpu-egg-102"] will be created
  + resource "netris_link" "ew_gpu_links" {
      + id       = (known after apply)
      + ports    = [
          + "swp26@sw-egg-backend-plane3-leaf06",
          + "eth6@gpu-egg-102",
        ]
      + underlay = "enabled"
    }

  # netris_link.ew_gpu_links["swp26@sw-egg-backend-plane3-leaf07--eth6@gpu-egg-103"] will be created
  + resource "netris_link" "ew_gpu_links" {
      + id       = (known after apply)
      + ports    = [
          + "swp26@sw-egg-backend-plane3-leaf07",
          + "eth6@gpu-egg-103",
        ]
      + underlay = "enabled"
    }

  # netris_link.ew_gpu_links["swp26@sw-egg-backend-plane3-leaf08--eth6@gpu-egg-104"] will be created
  + resource "netris_link" "ew_gpu_links" {
      + id       = (known after apply)
      + ports    = [
          + "swp26@sw-egg-backend-plane3-leaf08",
          + "eth6@gpu-egg-104",
        ]
      + underlay = "enabled"
    }

  # netris_link.ew_gpu_links["swp26@sw-egg-backend-plane4-leaf01--eth8@gpu-egg-097"] will be created
  + resource "netris_link" "ew_gpu_links" {
      + id       = (known after apply)
      + ports    = [
          + "swp26@sw-egg-backend-plane4-leaf01",
          + "eth8@gpu-egg-097",
        ]
      + underlay = "enabled"
    }

  # netris_link.ew_gpu_links["swp26@sw-egg-backend-plane4-leaf02--eth8@gpu-egg-098"] will be created
  + resource "netris_link" "ew_gpu_links" {
      + id       = (known after apply)
      + ports    = [
          + "swp26@sw-egg-backend-plane4-leaf02",
          + "eth8@gpu-egg-098",
        ]
      + underlay = "enabled"
    }

  # netris_link.ew_gpu_links["swp26@sw-egg-backend-plane4-leaf03--eth8@gpu-egg-099"] will be created
  + resource "netris_link" "ew_gpu_links" {
      + id       = (known after apply)
      + ports    = [
          + "swp26@sw-egg-backend-plane4-leaf03",
          + "eth8@gpu-egg-099",
        ]
      + underlay = "enabled"
    }

  # netris_link.ew_gpu_links["swp26@sw-egg-backend-plane4-leaf04--eth8@gpu-egg-100"] will be created
  + resource "netris_link" "ew_gpu_links" {
      + id       = (known after apply)
      + ports    = [
          + "swp26@sw-egg-backend-plane4-leaf04",
          + "eth8@gpu-egg-100",
        ]
      + underlay = "enabled"
    }

  # netris_link.ew_gpu_links["swp26@sw-egg-backend-plane4-leaf05--eth8@gpu-egg-101"] will be created
  + resource "netris_link" "ew_gpu_links" {
      + id       = (known after apply)
      + ports    = [
          + "swp26@sw-egg-backend-plane4-leaf05",
          + "eth8@gpu-egg-101",
        ]
      + underlay = "enabled"
    }

  # netris_link.ew_gpu_links["swp26@sw-egg-backend-plane4-leaf06--eth8@gpu-egg-102"] will be created
  + resource "netris_link" "ew_gpu_links" {
      + id       = (known after apply)
      + ports    = [
          + "swp26@sw-egg-backend-plane4-leaf06",
          + "eth8@gpu-egg-102",
        ]
      + underlay = "enabled"
    }

  # netris_link.ew_gpu_links["swp26@sw-egg-backend-plane4-leaf07--eth8@gpu-egg-103"] will be created
  + resource "netris_link" "ew_gpu_links" {
      + id       = (known after apply)
      + ports    = [
          + "swp26@sw-egg-backend-plane4-leaf07",
          + "eth8@gpu-egg-103",
        ]
      + underlay = "enabled"
    }

  # netris_link.ew_gpu_links["swp26@sw-egg-backend-plane4-leaf08--eth8@gpu-egg-104"] will be created
  + resource "netris_link" "ew_gpu_links" {
      + id       = (known after apply)
      + ports    = [
          + "swp26@sw-egg-backend-plane4-leaf08",
          + "eth8@gpu-egg-104",
        ]
      + underlay = "enabled"
    }

  # netris_link.ew_gpu_links["swp27@sw-egg-backend-plane1-leaf01--eth1@gpu-egg-105"] will be created
  + resource "netris_link" "ew_gpu_links" {
      + id       = (known after apply)
      + ports    = [
          + "swp27@sw-egg-backend-plane1-leaf01",
          + "eth1@gpu-egg-105",
        ]
      + underlay = "enabled"
    }

  # netris_link.ew_gpu_links["swp27@sw-egg-backend-plane1-leaf02--eth1@gpu-egg-106"] will be created
  + resource "netris_link" "ew_gpu_links" {
      + id       = (known after apply)
      + ports    = [
          + "swp27@sw-egg-backend-plane1-leaf02",
          + "eth1@gpu-egg-106",
        ]
      + underlay = "enabled"
    }

  # netris_link.ew_gpu_links["swp27@sw-egg-backend-plane1-leaf03--eth1@gpu-egg-107"] will be created
  + resource "netris_link" "ew_gpu_links" {
      + id       = (known after apply)
      + ports    = [
          + "swp27@sw-egg-backend-plane1-leaf03",
          + "eth1@gpu-egg-107",
        ]
      + underlay = "enabled"
    }

  # netris_link.ew_gpu_links["swp27@sw-egg-backend-plane1-leaf04--eth1@gpu-egg-108"] will be created
  + resource "netris_link" "ew_gpu_links" {
      + id       = (known after apply)
      + ports    = [
          + "swp27@sw-egg-backend-plane1-leaf04",
          + "eth1@gpu-egg-108",
        ]
      + underlay = "enabled"
    }

  # netris_link.ew_gpu_links["swp27@sw-egg-backend-plane1-leaf05--eth1@gpu-egg-109"] will be created
  + resource "netris_link" "ew_gpu_links" {
      + id       = (known after apply)
      + ports    = [
          + "swp27@sw-egg-backend-plane1-leaf05",
          + "eth1@gpu-egg-109",
        ]
      + underlay = "enabled"
    }

  # netris_link.ew_gpu_links["swp27@sw-egg-backend-plane1-leaf06--eth1@gpu-egg-110"] will be created
  + resource "netris_link" "ew_gpu_links" {
      + id       = (known after apply)
      + ports    = [
          + "swp27@sw-egg-backend-plane1-leaf06",
          + "eth1@gpu-egg-110",
        ]
      + underlay = "enabled"
    }

  # netris_link.ew_gpu_links["swp27@sw-egg-backend-plane1-leaf07--eth1@gpu-egg-111"] will be created
  + resource "netris_link" "ew_gpu_links" {
      + id       = (known after apply)
      + ports    = [
          + "swp27@sw-egg-backend-plane1-leaf07",
          + "eth1@gpu-egg-111",
        ]
      + underlay = "enabled"
    }

  # netris_link.ew_gpu_links["swp27@sw-egg-backend-plane1-leaf08--eth1@gpu-egg-112"] will be created
  + resource "netris_link" "ew_gpu_links" {
      + id       = (known after apply)
      + ports    = [
          + "swp27@sw-egg-backend-plane1-leaf08",
          + "eth1@gpu-egg-112",
        ]
      + underlay = "enabled"
    }

  # netris_link.ew_gpu_links["swp27@sw-egg-backend-plane2-leaf01--eth3@gpu-egg-105"] will be created
  + resource "netris_link" "ew_gpu_links" {
      + id       = (known after apply)
      + ports    = [
          + "swp27@sw-egg-backend-plane2-leaf01",
          + "eth3@gpu-egg-105",
        ]
      + underlay = "enabled"
    }

  # netris_link.ew_gpu_links["swp27@sw-egg-backend-plane2-leaf02--eth3@gpu-egg-106"] will be created
  + resource "netris_link" "ew_gpu_links" {
      + id       = (known after apply)
      + ports    = [
          + "swp27@sw-egg-backend-plane2-leaf02",
          + "eth3@gpu-egg-106",
        ]
      + underlay = "enabled"
    }

  # netris_link.ew_gpu_links["swp27@sw-egg-backend-plane2-leaf03--eth3@gpu-egg-107"] will be created
  + resource "netris_link" "ew_gpu_links" {
      + id       = (known after apply)
      + ports    = [
          + "swp27@sw-egg-backend-plane2-leaf03",
          + "eth3@gpu-egg-107",
        ]
      + underlay = "enabled"
    }

  # netris_link.ew_gpu_links["swp27@sw-egg-backend-plane2-leaf04--eth3@gpu-egg-108"] will be created
  + resource "netris_link" "ew_gpu_links" {
      + id       = (known after apply)
      + ports    = [
          + "swp27@sw-egg-backend-plane2-leaf04",
          + "eth3@gpu-egg-108",
        ]
      + underlay = "enabled"
    }

  # netris_link.ew_gpu_links["swp27@sw-egg-backend-plane2-leaf05--eth3@gpu-egg-109"] will be created
  + resource "netris_link" "ew_gpu_links" {
      + id       = (known after apply)
      + ports    = [
          + "swp27@sw-egg-backend-plane2-leaf05",
          + "eth3@gpu-egg-109",
        ]
      + underlay = "enabled"
    }

  # netris_link.ew_gpu_links["swp27@sw-egg-backend-plane2-leaf06--eth3@gpu-egg-110"] will be created
  + resource "netris_link" "ew_gpu_links" {
      + id       = (known after apply)
      + ports    = [
          + "swp27@sw-egg-backend-plane2-leaf06",
          + "eth3@gpu-egg-110",
        ]
      + underlay = "enabled"
    }

  # netris_link.ew_gpu_links["swp27@sw-egg-backend-plane2-leaf07--eth3@gpu-egg-111"] will be created
  + resource "netris_link" "ew_gpu_links" {
      + id       = (known after apply)
      + ports    = [
          + "swp27@sw-egg-backend-plane2-leaf07",
          + "eth3@gpu-egg-111",
        ]
      + underlay = "enabled"
    }

  # netris_link.ew_gpu_links["swp27@sw-egg-backend-plane2-leaf08--eth3@gpu-egg-112"] will be created
  + resource "netris_link" "ew_gpu_links" {
      + id       = (known after apply)
      + ports    = [
          + "swp27@sw-egg-backend-plane2-leaf08",
          + "eth3@gpu-egg-112",
        ]
      + underlay = "enabled"
    }

  # netris_link.ew_gpu_links["swp27@sw-egg-backend-plane3-leaf01--eth5@gpu-egg-105"] will be created
  + resource "netris_link" "ew_gpu_links" {
      + id       = (known after apply)
      + ports    = [
          + "swp27@sw-egg-backend-plane3-leaf01",
          + "eth5@gpu-egg-105",
        ]
      + underlay = "enabled"
    }

  # netris_link.ew_gpu_links["swp27@sw-egg-backend-plane3-leaf02--eth5@gpu-egg-106"] will be created
  + resource "netris_link" "ew_gpu_links" {
      + id       = (known after apply)
      + ports    = [
          + "swp27@sw-egg-backend-plane3-leaf02",
          + "eth5@gpu-egg-106",
        ]
      + underlay = "enabled"
    }

  # netris_link.ew_gpu_links["swp27@sw-egg-backend-plane3-leaf03--eth5@gpu-egg-107"] will be created
  + resource "netris_link" "ew_gpu_links" {
      + id       = (known after apply)
      + ports    = [
          + "swp27@sw-egg-backend-plane3-leaf03",
          + "eth5@gpu-egg-107",
        ]
      + underlay = "enabled"
    }

  # netris_link.ew_gpu_links["swp27@sw-egg-backend-plane3-leaf04--eth5@gpu-egg-108"] will be created
  + resource "netris_link" "ew_gpu_links" {
      + id       = (known after apply)
      + ports    = [
          + "swp27@sw-egg-backend-plane3-leaf04",
          + "eth5@gpu-egg-108",
        ]
      + underlay = "enabled"
    }

  # netris_link.ew_gpu_links["swp27@sw-egg-backend-plane3-leaf05--eth5@gpu-egg-109"] will be created
  + resource "netris_link" "ew_gpu_links" {
      + id       = (known after apply)
      + ports    = [
          + "swp27@sw-egg-backend-plane3-leaf05",
          + "eth5@gpu-egg-109",
        ]
      + underlay = "enabled"
    }

  # netris_link.ew_gpu_links["swp27@sw-egg-backend-plane3-leaf06--eth5@gpu-egg-110"] will be created
  + resource "netris_link" "ew_gpu_links" {
      + id       = (known after apply)
      + ports    = [
          + "swp27@sw-egg-backend-plane3-leaf06",
          + "eth5@gpu-egg-110",
        ]
      + underlay = "enabled"
    }

  # netris_link.ew_gpu_links["swp27@sw-egg-backend-plane3-leaf07--eth5@gpu-egg-111"] will be created
  + resource "netris_link" "ew_gpu_links" {
      + id       = (known after apply)
      + ports    = [
          + "swp27@sw-egg-backend-plane3-leaf07",
          + "eth5@gpu-egg-111",
        ]
      + underlay = "enabled"
    }

  # netris_link.ew_gpu_links["swp27@sw-egg-backend-plane3-leaf08--eth5@gpu-egg-112"] will be created
  + resource "netris_link" "ew_gpu_links" {
      + id       = (known after apply)
      + ports    = [
          + "swp27@sw-egg-backend-plane3-leaf08",
          + "eth5@gpu-egg-112",
        ]
      + underlay = "enabled"
    }

  # netris_link.ew_gpu_links["swp27@sw-egg-backend-plane4-leaf01--eth7@gpu-egg-105"] will be created
  + resource "netris_link" "ew_gpu_links" {
      + id       = (known after apply)
      + ports    = [
          + "swp27@sw-egg-backend-plane4-leaf01",
          + "eth7@gpu-egg-105",
        ]
      + underlay = "enabled"
    }

  # netris_link.ew_gpu_links["swp27@sw-egg-backend-plane4-leaf02--eth7@gpu-egg-106"] will be created
  + resource "netris_link" "ew_gpu_links" {
      + id       = (known after apply)
      + ports    = [
          + "swp27@sw-egg-backend-plane4-leaf02",
          + "eth7@gpu-egg-106",
        ]
      + underlay = "enabled"
    }

  # netris_link.ew_gpu_links["swp27@sw-egg-backend-plane4-leaf03--eth7@gpu-egg-107"] will be created
  + resource "netris_link" "ew_gpu_links" {
      + id       = (known after apply)
      + ports    = [
          + "swp27@sw-egg-backend-plane4-leaf03",
          + "eth7@gpu-egg-107",
        ]
      + underlay = "enabled"
    }

  # netris_link.ew_gpu_links["swp27@sw-egg-backend-plane4-leaf04--eth7@gpu-egg-108"] will be created
  + resource "netris_link" "ew_gpu_links" {
      + id       = (known after apply)
      + ports    = [
          + "swp27@sw-egg-backend-plane4-leaf04",
          + "eth7@gpu-egg-108",
        ]
      + underlay = "enabled"
    }

  # netris_link.ew_gpu_links["swp27@sw-egg-backend-plane4-leaf05--eth7@gpu-egg-109"] will be created
  + resource "netris_link" "ew_gpu_links" {
      + id       = (known after apply)
      + ports    = [
          + "swp27@sw-egg-backend-plane4-leaf05",
          + "eth7@gpu-egg-109",
        ]
      + underlay = "enabled"
    }

  # netris_link.ew_gpu_links["swp27@sw-egg-backend-plane4-leaf06--eth7@gpu-egg-110"] will be created
  + resource "netris_link" "ew_gpu_links" {
      + id       = (known after apply)
      + ports    = [
          + "swp27@sw-egg-backend-plane4-leaf06",
          + "eth7@gpu-egg-110",
        ]
      + underlay = "enabled"
    }

  # netris_link.ew_gpu_links["swp27@sw-egg-backend-plane4-leaf07--eth7@gpu-egg-111"] will be created
  + resource "netris_link" "ew_gpu_links" {
      + id       = (known after apply)
      + ports    = [
          + "swp27@sw-egg-backend-plane4-leaf07",
          + "eth7@gpu-egg-111",
        ]
      + underlay = "enabled"
    }

  # netris_link.ew_gpu_links["swp27@sw-egg-backend-plane4-leaf08--eth7@gpu-egg-112"] will be created
  + resource "netris_link" "ew_gpu_links" {
      + id       = (known after apply)
      + ports    = [
          + "swp27@sw-egg-backend-plane4-leaf08",
          + "eth7@gpu-egg-112",
        ]
      + underlay = "enabled"
    }

  # netris_link.ew_gpu_links["swp28@sw-egg-backend-plane1-leaf01--eth2@gpu-egg-105"] will be created
  + resource "netris_link" "ew_gpu_links" {
      + id       = (known after apply)
      + ports    = [
          + "swp28@sw-egg-backend-plane1-leaf01",
          + "eth2@gpu-egg-105",
        ]
      + underlay = "enabled"
    }

  # netris_link.ew_gpu_links["swp28@sw-egg-backend-plane1-leaf02--eth2@gpu-egg-106"] will be created
  + resource "netris_link" "ew_gpu_links" {
      + id       = (known after apply)
      + ports    = [
          + "swp28@sw-egg-backend-plane1-leaf02",
          + "eth2@gpu-egg-106",
        ]
      + underlay = "enabled"
    }

  # netris_link.ew_gpu_links["swp28@sw-egg-backend-plane1-leaf03--eth2@gpu-egg-107"] will be created
  + resource "netris_link" "ew_gpu_links" {
      + id       = (known after apply)
      + ports    = [
          + "swp28@sw-egg-backend-plane1-leaf03",
          + "eth2@gpu-egg-107",
        ]
      + underlay = "enabled"
    }

  # netris_link.ew_gpu_links["swp28@sw-egg-backend-plane1-leaf04--eth2@gpu-egg-108"] will be created
  + resource "netris_link" "ew_gpu_links" {
      + id       = (known after apply)
      + ports    = [
          + "swp28@sw-egg-backend-plane1-leaf04",
          + "eth2@gpu-egg-108",
        ]
      + underlay = "enabled"
    }

  # netris_link.ew_gpu_links["swp28@sw-egg-backend-plane1-leaf05--eth2@gpu-egg-109"] will be created
  + resource "netris_link" "ew_gpu_links" {
      + id       = (known after apply)
      + ports    = [
          + "swp28@sw-egg-backend-plane1-leaf05",
          + "eth2@gpu-egg-109",
        ]
      + underlay = "enabled"
    }

  # netris_link.ew_gpu_links["swp28@sw-egg-backend-plane1-leaf06--eth2@gpu-egg-110"] will be created
  + resource "netris_link" "ew_gpu_links" {
      + id       = (known after apply)
      + ports    = [
          + "swp28@sw-egg-backend-plane1-leaf06",
          + "eth2@gpu-egg-110",
        ]
      + underlay = "enabled"
    }

  # netris_link.ew_gpu_links["swp28@sw-egg-backend-plane1-leaf07--eth2@gpu-egg-111"] will be created
  + resource "netris_link" "ew_gpu_links" {
      + id       = (known after apply)
      + ports    = [
          + "swp28@sw-egg-backend-plane1-leaf07",
          + "eth2@gpu-egg-111",
        ]
      + underlay = "enabled"
    }

  # netris_link.ew_gpu_links["swp28@sw-egg-backend-plane1-leaf08--eth2@gpu-egg-112"] will be created
  + resource "netris_link" "ew_gpu_links" {
      + id       = (known after apply)
      + ports    = [
          + "swp28@sw-egg-backend-plane1-leaf08",
          + "eth2@gpu-egg-112",
        ]
      + underlay = "enabled"
    }

  # netris_link.ew_gpu_links["swp28@sw-egg-backend-plane2-leaf01--eth4@gpu-egg-105"] will be created
  + resource "netris_link" "ew_gpu_links" {
      + id       = (known after apply)
      + ports    = [
          + "swp28@sw-egg-backend-plane2-leaf01",
          + "eth4@gpu-egg-105",
        ]
      + underlay = "enabled"
    }

  # netris_link.ew_gpu_links["swp28@sw-egg-backend-plane2-leaf02--eth4@gpu-egg-106"] will be created
  + resource "netris_link" "ew_gpu_links" {
      + id       = (known after apply)
      + ports    = [
          + "swp28@sw-egg-backend-plane2-leaf02",
          + "eth4@gpu-egg-106",
        ]
      + underlay = "enabled"
    }

  # netris_link.ew_gpu_links["swp28@sw-egg-backend-plane2-leaf03--eth4@gpu-egg-107"] will be created
  + resource "netris_link" "ew_gpu_links" {
      + id       = (known after apply)
      + ports    = [
          + "swp28@sw-egg-backend-plane2-leaf03",
          + "eth4@gpu-egg-107",
        ]
      + underlay = "enabled"
    }

  # netris_link.ew_gpu_links["swp28@sw-egg-backend-plane2-leaf04--eth4@gpu-egg-108"] will be created
  + resource "netris_link" "ew_gpu_links" {
      + id       = (known after apply)
      + ports    = [
          + "swp28@sw-egg-backend-plane2-leaf04",
          + "eth4@gpu-egg-108",
        ]
      + underlay = "enabled"
    }

  # netris_link.ew_gpu_links["swp28@sw-egg-backend-plane2-leaf05--eth4@gpu-egg-109"] will be created
  + resource "netris_link" "ew_gpu_links" {
      + id       = (known after apply)
      + ports    = [
          + "swp28@sw-egg-backend-plane2-leaf05",
          + "eth4@gpu-egg-109",
        ]
      + underlay = "enabled"
    }

  # netris_link.ew_gpu_links["swp28@sw-egg-backend-plane2-leaf06--eth4@gpu-egg-110"] will be created
  + resource "netris_link" "ew_gpu_links" {
      + id       = (known after apply)
      + ports    = [
          + "swp28@sw-egg-backend-plane2-leaf06",
          + "eth4@gpu-egg-110",
        ]
      + underlay = "enabled"
    }

  # netris_link.ew_gpu_links["swp28@sw-egg-backend-plane2-leaf07--eth4@gpu-egg-111"] will be created
  + resource "netris_link" "ew_gpu_links" {
      + id       = (known after apply)
      + ports    = [
          + "swp28@sw-egg-backend-plane2-leaf07",
          + "eth4@gpu-egg-111",
        ]
      + underlay = "enabled"
    }

  # netris_link.ew_gpu_links["swp28@sw-egg-backend-plane2-leaf08--eth4@gpu-egg-112"] will be created
  + resource "netris_link" "ew_gpu_links" {
      + id       = (known after apply)
      + ports    = [
          + "swp28@sw-egg-backend-plane2-leaf08",
          + "eth4@gpu-egg-112",
        ]
      + underlay = "enabled"
    }

  # netris_link.ew_gpu_links["swp28@sw-egg-backend-plane3-leaf01--eth6@gpu-egg-105"] will be created
  + resource "netris_link" "ew_gpu_links" {
      + id       = (known after apply)
      + ports    = [
          + "swp28@sw-egg-backend-plane3-leaf01",
          + "eth6@gpu-egg-105",
        ]
      + underlay = "enabled"
    }

  # netris_link.ew_gpu_links["swp28@sw-egg-backend-plane3-leaf02--eth6@gpu-egg-106"] will be created
  + resource "netris_link" "ew_gpu_links" {
      + id       = (known after apply)
      + ports    = [
          + "swp28@sw-egg-backend-plane3-leaf02",
          + "eth6@gpu-egg-106",
        ]
      + underlay = "enabled"
    }

  # netris_link.ew_gpu_links["swp28@sw-egg-backend-plane3-leaf03--eth6@gpu-egg-107"] will be created
  + resource "netris_link" "ew_gpu_links" {
      + id       = (known after apply)
      + ports    = [
          + "swp28@sw-egg-backend-plane3-leaf03",
          + "eth6@gpu-egg-107",
        ]
      + underlay = "enabled"
    }

  # netris_link.ew_gpu_links["swp28@sw-egg-backend-plane3-leaf04--eth6@gpu-egg-108"] will be created
  + resource "netris_link" "ew_gpu_links" {
      + id       = (known after apply)
      + ports    = [
          + "swp28@sw-egg-backend-plane3-leaf04",
          + "eth6@gpu-egg-108",
        ]
      + underlay = "enabled"
    }

  # netris_link.ew_gpu_links["swp28@sw-egg-backend-plane3-leaf05--eth6@gpu-egg-109"] will be created
  + resource "netris_link" "ew_gpu_links" {
      + id       = (known after apply)
      + ports    = [
          + "swp28@sw-egg-backend-plane3-leaf05",
          + "eth6@gpu-egg-109",
        ]
      + underlay = "enabled"
    }

  # netris_link.ew_gpu_links["swp28@sw-egg-backend-plane3-leaf06--eth6@gpu-egg-110"] will be created
  + resource "netris_link" "ew_gpu_links" {
      + id       = (known after apply)
      + ports    = [
          + "swp28@sw-egg-backend-plane3-leaf06",
          + "eth6@gpu-egg-110",
        ]
      + underlay = "enabled"
    }

  # netris_link.ew_gpu_links["swp28@sw-egg-backend-plane3-leaf07--eth6@gpu-egg-111"] will be created
  + resource "netris_link" "ew_gpu_links" {
      + id       = (known after apply)
      + ports    = [
          + "swp28@sw-egg-backend-plane3-leaf07",
          + "eth6@gpu-egg-111",
        ]
      + underlay = "enabled"
    }

  # netris_link.ew_gpu_links["swp28@sw-egg-backend-plane3-leaf08--eth6@gpu-egg-112"] will be created
  + resource "netris_link" "ew_gpu_links" {
      + id       = (known after apply)
      + ports    = [
          + "swp28@sw-egg-backend-plane3-leaf08",
          + "eth6@gpu-egg-112",
        ]
      + underlay = "enabled"
    }

  # netris_link.ew_gpu_links["swp28@sw-egg-backend-plane4-leaf01--eth8@gpu-egg-105"] will be created
  + resource "netris_link" "ew_gpu_links" {
      + id       = (known after apply)
      + ports    = [
          + "swp28@sw-egg-backend-plane4-leaf01",
          + "eth8@gpu-egg-105",
        ]
      + underlay = "enabled"
    }

  # netris_link.ew_gpu_links["swp28@sw-egg-backend-plane4-leaf02--eth8@gpu-egg-106"] will be created
  + resource "netris_link" "ew_gpu_links" {
      + id       = (known after apply)
      + ports    = [
          + "swp28@sw-egg-backend-plane4-leaf02",
          + "eth8@gpu-egg-106",
        ]
      + underlay = "enabled"
    }

  # netris_link.ew_gpu_links["swp28@sw-egg-backend-plane4-leaf03--eth8@gpu-egg-107"] will be created
  + resource "netris_link" "ew_gpu_links" {
      + id       = (known after apply)
      + ports    = [
          + "swp28@sw-egg-backend-plane4-leaf03",
          + "eth8@gpu-egg-107",
        ]
      + underlay = "enabled"
    }

  # netris_link.ew_gpu_links["swp28@sw-egg-backend-plane4-leaf04--eth8@gpu-egg-108"] will be created
  + resource "netris_link" "ew_gpu_links" {
      + id       = (known after apply)
      + ports    = [
          + "swp28@sw-egg-backend-plane4-leaf04",
          + "eth8@gpu-egg-108",
        ]
      + underlay = "enabled"
    }

  # netris_link.ew_gpu_links["swp28@sw-egg-backend-plane4-leaf05--eth8@gpu-egg-109"] will be created
  + resource "netris_link" "ew_gpu_links" {
      + id       = (known after apply)
      + ports    = [
          + "swp28@sw-egg-backend-plane4-leaf05",
          + "eth8@gpu-egg-109",
        ]
      + underlay = "enabled"
    }

  # netris_link.ew_gpu_links["swp28@sw-egg-backend-plane4-leaf06--eth8@gpu-egg-110"] will be created
  + resource "netris_link" "ew_gpu_links" {
      + id       = (known after apply)
      + ports    = [
          + "swp28@sw-egg-backend-plane4-leaf06",
          + "eth8@gpu-egg-110",
        ]
      + underlay = "enabled"
    }

  # netris_link.ew_gpu_links["swp28@sw-egg-backend-plane4-leaf07--eth8@gpu-egg-111"] will be created
  + resource "netris_link" "ew_gpu_links" {
      + id       = (known after apply)
      + ports    = [
          + "swp28@sw-egg-backend-plane4-leaf07",
          + "eth8@gpu-egg-111",
        ]
      + underlay = "enabled"
    }

  # netris_link.ew_gpu_links["swp28@sw-egg-backend-plane4-leaf08--eth8@gpu-egg-112"] will be created
  + resource "netris_link" "ew_gpu_links" {
      + id       = (known after apply)
      + ports    = [
          + "swp28@sw-egg-backend-plane4-leaf08",
          + "eth8@gpu-egg-112",
        ]
      + underlay = "enabled"
    }

  # netris_link.ew_gpu_links["swp29@sw-egg-backend-plane1-leaf01--eth1@gpu-egg-113"] will be created
  + resource "netris_link" "ew_gpu_links" {
      + id       = (known after apply)
      + ports    = [
          + "swp29@sw-egg-backend-plane1-leaf01",
          + "eth1@gpu-egg-113",
        ]
      + underlay = "enabled"
    }

  # netris_link.ew_gpu_links["swp29@sw-egg-backend-plane1-leaf02--eth1@gpu-egg-114"] will be created
  + resource "netris_link" "ew_gpu_links" {
      + id       = (known after apply)
      + ports    = [
          + "swp29@sw-egg-backend-plane1-leaf02",
          + "eth1@gpu-egg-114",
        ]
      + underlay = "enabled"
    }

  # netris_link.ew_gpu_links["swp29@sw-egg-backend-plane1-leaf03--eth1@gpu-egg-115"] will be created
  + resource "netris_link" "ew_gpu_links" {
      + id       = (known after apply)
      + ports    = [
          + "swp29@sw-egg-backend-plane1-leaf03",
          + "eth1@gpu-egg-115",
        ]
      + underlay = "enabled"
    }

  # netris_link.ew_gpu_links["swp29@sw-egg-backend-plane1-leaf04--eth1@gpu-egg-116"] will be created
  + resource "netris_link" "ew_gpu_links" {
      + id       = (known after apply)
      + ports    = [
          + "swp29@sw-egg-backend-plane1-leaf04",
          + "eth1@gpu-egg-116",
        ]
      + underlay = "enabled"
    }

  # netris_link.ew_gpu_links["swp29@sw-egg-backend-plane1-leaf05--eth1@gpu-egg-117"] will be created
  + resource "netris_link" "ew_gpu_links" {
      + id       = (known after apply)
      + ports    = [
          + "swp29@sw-egg-backend-plane1-leaf05",
          + "eth1@gpu-egg-117",
        ]
      + underlay = "enabled"
    }

  # netris_link.ew_gpu_links["swp29@sw-egg-backend-plane1-leaf06--eth1@gpu-egg-118"] will be created
  + resource "netris_link" "ew_gpu_links" {
      + id       = (known after apply)
      + ports    = [
          + "swp29@sw-egg-backend-plane1-leaf06",
          + "eth1@gpu-egg-118",
        ]
      + underlay = "enabled"
    }

  # netris_link.ew_gpu_links["swp29@sw-egg-backend-plane1-leaf07--eth1@gpu-egg-119"] will be created
  + resource "netris_link" "ew_gpu_links" {
      + id       = (known after apply)
      + ports    = [
          + "swp29@sw-egg-backend-plane1-leaf07",
          + "eth1@gpu-egg-119",
        ]
      + underlay = "enabled"
    }

  # netris_link.ew_gpu_links["swp29@sw-egg-backend-plane1-leaf08--eth1@gpu-egg-120"] will be created
  + resource "netris_link" "ew_gpu_links" {
      + id       = (known after apply)
      + ports    = [
          + "swp29@sw-egg-backend-plane1-leaf08",
          + "eth1@gpu-egg-120",
        ]
      + underlay = "enabled"
    }

  # netris_link.ew_gpu_links["swp29@sw-egg-backend-plane2-leaf01--eth3@gpu-egg-113"] will be created
  + resource "netris_link" "ew_gpu_links" {
      + id       = (known after apply)
      + ports    = [
          + "swp29@sw-egg-backend-plane2-leaf01",
          + "eth3@gpu-egg-113",
        ]
      + underlay = "enabled"
    }

  # netris_link.ew_gpu_links["swp29@sw-egg-backend-plane2-leaf02--eth3@gpu-egg-114"] will be created
  + resource "netris_link" "ew_gpu_links" {
      + id       = (known after apply)
      + ports    = [
          + "swp29@sw-egg-backend-plane2-leaf02",
          + "eth3@gpu-egg-114",
        ]
      + underlay = "enabled"
    }

  # netris_link.ew_gpu_links["swp29@sw-egg-backend-plane2-leaf03--eth3@gpu-egg-115"] will be created
  + resource "netris_link" "ew_gpu_links" {
      + id       = (known after apply)
      + ports    = [
          + "swp29@sw-egg-backend-plane2-leaf03",
          + "eth3@gpu-egg-115",
        ]
      + underlay = "enabled"
    }

  # netris_link.ew_gpu_links["swp29@sw-egg-backend-plane2-leaf04--eth3@gpu-egg-116"] will be created
  + resource "netris_link" "ew_gpu_links" {
      + id       = (known after apply)
      + ports    = [
          + "swp29@sw-egg-backend-plane2-leaf04",
          + "eth3@gpu-egg-116",
        ]
      + underlay = "enabled"
    }

  # netris_link.ew_gpu_links["swp29@sw-egg-backend-plane2-leaf05--eth3@gpu-egg-117"] will be created
  + resource "netris_link" "ew_gpu_links" {
      + id       = (known after apply)
      + ports    = [
          + "swp29@sw-egg-backend-plane2-leaf05",
          + "eth3@gpu-egg-117",
        ]
      + underlay = "enabled"
    }

  # netris_link.ew_gpu_links["swp29@sw-egg-backend-plane2-leaf06--eth3@gpu-egg-118"] will be created
  + resource "netris_link" "ew_gpu_links" {
      + id       = (known after apply)
      + ports    = [
          + "swp29@sw-egg-backend-plane2-leaf06",
          + "eth3@gpu-egg-118",
        ]
      + underlay = "enabled"
    }

  # netris_link.ew_gpu_links["swp29@sw-egg-backend-plane2-leaf07--eth3@gpu-egg-119"] will be created
  + resource "netris_link" "ew_gpu_links" {
      + id       = (known after apply)
      + ports    = [
          + "swp29@sw-egg-backend-plane2-leaf07",
          + "eth3@gpu-egg-119",
        ]
      + underlay = "enabled"
    }

  # netris_link.ew_gpu_links["swp29@sw-egg-backend-plane2-leaf08--eth3@gpu-egg-120"] will be created
  + resource "netris_link" "ew_gpu_links" {
      + id       = (known after apply)
      + ports    = [
          + "swp29@sw-egg-backend-plane2-leaf08",
          + "eth3@gpu-egg-120",
        ]
      + underlay = "enabled"
    }

  # netris_link.ew_gpu_links["swp29@sw-egg-backend-plane3-leaf01--eth5@gpu-egg-113"] will be created
  + resource "netris_link" "ew_gpu_links" {
      + id       = (known after apply)
      + ports    = [
          + "swp29@sw-egg-backend-plane3-leaf01",
          + "eth5@gpu-egg-113",
        ]
      + underlay = "enabled"
    }

  # netris_link.ew_gpu_links["swp29@sw-egg-backend-plane3-leaf02--eth5@gpu-egg-114"] will be created
  + resource "netris_link" "ew_gpu_links" {
      + id       = (known after apply)
      + ports    = [
          + "swp29@sw-egg-backend-plane3-leaf02",
          + "eth5@gpu-egg-114",
        ]
      + underlay = "enabled"
    }

  # netris_link.ew_gpu_links["swp29@sw-egg-backend-plane3-leaf03--eth5@gpu-egg-115"] will be created
  + resource "netris_link" "ew_gpu_links" {
      + id       = (known after apply)
      + ports    = [
          + "swp29@sw-egg-backend-plane3-leaf03",
          + "eth5@gpu-egg-115",
        ]
      + underlay = "enabled"
    }

  # netris_link.ew_gpu_links["swp29@sw-egg-backend-plane3-leaf04--eth5@gpu-egg-116"] will be created
  + resource "netris_link" "ew_gpu_links" {
      + id       = (known after apply)
      + ports    = [
          + "swp29@sw-egg-backend-plane3-leaf04",
          + "eth5@gpu-egg-116",
        ]
      + underlay = "enabled"
    }

  # netris_link.ew_gpu_links["swp29@sw-egg-backend-plane3-leaf05--eth5@gpu-egg-117"] will be created
  + resource "netris_link" "ew_gpu_links" {
      + id       = (known after apply)
      + ports    = [
          + "swp29@sw-egg-backend-plane3-leaf05",
          + "eth5@gpu-egg-117",
        ]
      + underlay = "enabled"
    }

  # netris_link.ew_gpu_links["swp29@sw-egg-backend-plane3-leaf06--eth5@gpu-egg-118"] will be created
  + resource "netris_link" "ew_gpu_links" {
      + id       = (known after apply)
      + ports    = [
          + "swp29@sw-egg-backend-plane3-leaf06",
          + "eth5@gpu-egg-118",
        ]
      + underlay = "enabled"
    }

  # netris_link.ew_gpu_links["swp29@sw-egg-backend-plane3-leaf07--eth5@gpu-egg-119"] will be created
  + resource "netris_link" "ew_gpu_links" {
      + id       = (known after apply)
      + ports    = [
          + "swp29@sw-egg-backend-plane3-leaf07",
          + "eth5@gpu-egg-119",
        ]
      + underlay = "enabled"
    }

  # netris_link.ew_gpu_links["swp29@sw-egg-backend-plane3-leaf08--eth5@gpu-egg-120"] will be created
  + resource "netris_link" "ew_gpu_links" {
      + id       = (known after apply)
      + ports    = [
          + "swp29@sw-egg-backend-plane3-leaf08",
          + "eth5@gpu-egg-120",
        ]
      + underlay = "enabled"
    }

  # netris_link.ew_gpu_links["swp29@sw-egg-backend-plane4-leaf01--eth7@gpu-egg-113"] will be created
  + resource "netris_link" "ew_gpu_links" {
      + id       = (known after apply)
      + ports    = [
          + "swp29@sw-egg-backend-plane4-leaf01",
          + "eth7@gpu-egg-113",
        ]
      + underlay = "enabled"
    }

  # netris_link.ew_gpu_links["swp29@sw-egg-backend-plane4-leaf02--eth7@gpu-egg-114"] will be created
  + resource "netris_link" "ew_gpu_links" {
      + id       = (known after apply)
      + ports    = [
          + "swp29@sw-egg-backend-plane4-leaf02",
          + "eth7@gpu-egg-114",
        ]
      + underlay = "enabled"
    }

  # netris_link.ew_gpu_links["swp29@sw-egg-backend-plane4-leaf03--eth7@gpu-egg-115"] will be created
  + resource "netris_link" "ew_gpu_links" {
      + id       = (known after apply)
      + ports    = [
          + "swp29@sw-egg-backend-plane4-leaf03",
          + "eth7@gpu-egg-115",
        ]
      + underlay = "enabled"
    }

  # netris_link.ew_gpu_links["swp29@sw-egg-backend-plane4-leaf04--eth7@gpu-egg-116"] will be created
  + resource "netris_link" "ew_gpu_links" {
      + id       = (known after apply)
      + ports    = [
          + "swp29@sw-egg-backend-plane4-leaf04",
          + "eth7@gpu-egg-116",
        ]
      + underlay = "enabled"
    }

  # netris_link.ew_gpu_links["swp29@sw-egg-backend-plane4-leaf05--eth7@gpu-egg-117"] will be created
  + resource "netris_link" "ew_gpu_links" {
      + id       = (known after apply)
      + ports    = [
          + "swp29@sw-egg-backend-plane4-leaf05",
          + "eth7@gpu-egg-117",
        ]
      + underlay = "enabled"
    }

  # netris_link.ew_gpu_links["swp29@sw-egg-backend-plane4-leaf06--eth7@gpu-egg-118"] will be created
  + resource "netris_link" "ew_gpu_links" {
      + id       = (known after apply)
      + ports    = [
          + "swp29@sw-egg-backend-plane4-leaf06",
          + "eth7@gpu-egg-118",
        ]
      + underlay = "enabled"
    }

  # netris_link.ew_gpu_links["swp29@sw-egg-backend-plane4-leaf07--eth7@gpu-egg-119"] will be created
  + resource "netris_link" "ew_gpu_links" {
      + id       = (known after apply)
      + ports    = [
          + "swp29@sw-egg-backend-plane4-leaf07",
          + "eth7@gpu-egg-119",
        ]
      + underlay = "enabled"
    }

  # netris_link.ew_gpu_links["swp29@sw-egg-backend-plane4-leaf08--eth7@gpu-egg-120"] will be created
  + resource "netris_link" "ew_gpu_links" {
      + id       = (known after apply)
      + ports    = [
          + "swp29@sw-egg-backend-plane4-leaf08",
          + "eth7@gpu-egg-120",
        ]
      + underlay = "enabled"
    }

  # netris_link.ew_gpu_links["swp2@sw-egg-backend-plane1-leaf01--eth2@gpu-egg-001"] will be created
  + resource "netris_link" "ew_gpu_links" {
      + id       = (known after apply)
      + ports    = [
          + "swp2@sw-egg-backend-plane1-leaf01",
          + "eth2@gpu-egg-001",
        ]
      + underlay = "enabled"
    }

  # netris_link.ew_gpu_links["swp2@sw-egg-backend-plane1-leaf02--eth2@gpu-egg-002"] will be created
  + resource "netris_link" "ew_gpu_links" {
      + id       = (known after apply)
      + ports    = [
          + "swp2@sw-egg-backend-plane1-leaf02",
          + "eth2@gpu-egg-002",
        ]
      + underlay = "enabled"
    }

  # netris_link.ew_gpu_links["swp2@sw-egg-backend-plane1-leaf03--eth2@gpu-egg-003"] will be created
  + resource "netris_link" "ew_gpu_links" {
      + id       = (known after apply)
      + ports    = [
          + "swp2@sw-egg-backend-plane1-leaf03",
          + "eth2@gpu-egg-003",
        ]
      + underlay = "enabled"
    }

  # netris_link.ew_gpu_links["swp2@sw-egg-backend-plane1-leaf04--eth2@gpu-egg-004"] will be created
  + resource "netris_link" "ew_gpu_links" {
      + id       = (known after apply)
      + ports    = [
          + "swp2@sw-egg-backend-plane1-leaf04",
          + "eth2@gpu-egg-004",
        ]
      + underlay = "enabled"
    }

  # netris_link.ew_gpu_links["swp2@sw-egg-backend-plane1-leaf05--eth2@gpu-egg-005"] will be created
  + resource "netris_link" "ew_gpu_links" {
      + id       = (known after apply)
      + ports    = [
          + "swp2@sw-egg-backend-plane1-leaf05",
          + "eth2@gpu-egg-005",
        ]
      + underlay = "enabled"
    }

  # netris_link.ew_gpu_links["swp2@sw-egg-backend-plane1-leaf06--eth2@gpu-egg-006"] will be created
  + resource "netris_link" "ew_gpu_links" {
      + id       = (known after apply)
      + ports    = [
          + "swp2@sw-egg-backend-plane1-leaf06",
          + "eth2@gpu-egg-006",
        ]
      + underlay = "enabled"
    }

  # netris_link.ew_gpu_links["swp2@sw-egg-backend-plane1-leaf07--eth2@gpu-egg-007"] will be created
  + resource "netris_link" "ew_gpu_links" {
      + id       = (known after apply)
      + ports    = [
          + "swp2@sw-egg-backend-plane1-leaf07",
          + "eth2@gpu-egg-007",
        ]
      + underlay = "enabled"
    }

  # netris_link.ew_gpu_links["swp2@sw-egg-backend-plane1-leaf08--eth2@gpu-egg-008"] will be created
  + resource "netris_link" "ew_gpu_links" {
      + id       = (known after apply)
      + ports    = [
          + "swp2@sw-egg-backend-plane1-leaf08",
          + "eth2@gpu-egg-008",
        ]
      + underlay = "enabled"
    }

  # netris_link.ew_gpu_links["swp2@sw-egg-backend-plane2-leaf01--eth4@gpu-egg-001"] will be created
  + resource "netris_link" "ew_gpu_links" {
      + id       = (known after apply)
      + ports    = [
          + "swp2@sw-egg-backend-plane2-leaf01",
          + "eth4@gpu-egg-001",
        ]
      + underlay = "enabled"
    }

  # netris_link.ew_gpu_links["swp2@sw-egg-backend-plane2-leaf02--eth4@gpu-egg-002"] will be created
  + resource "netris_link" "ew_gpu_links" {
      + id       = (known after apply)
      + ports    = [
          + "swp2@sw-egg-backend-plane2-leaf02",
          + "eth4@gpu-egg-002",
        ]
      + underlay = "enabled"
    }

  # netris_link.ew_gpu_links["swp2@sw-egg-backend-plane2-leaf03--eth4@gpu-egg-003"] will be created
  + resource "netris_link" "ew_gpu_links" {
      + id       = (known after apply)
      + ports    = [
          + "swp2@sw-egg-backend-plane2-leaf03",
          + "eth4@gpu-egg-003",
        ]
      + underlay = "enabled"
    }

  # netris_link.ew_gpu_links["swp2@sw-egg-backend-plane2-leaf04--eth4@gpu-egg-004"] will be created
  + resource "netris_link" "ew_gpu_links" {
      + id       = (known after apply)
      + ports    = [
          + "swp2@sw-egg-backend-plane2-leaf04",
          + "eth4@gpu-egg-004",
        ]
      + underlay = "enabled"
    }

  # netris_link.ew_gpu_links["swp2@sw-egg-backend-plane2-leaf05--eth4@gpu-egg-005"] will be created
  + resource "netris_link" "ew_gpu_links" {
      + id       = (known after apply)
      + ports    = [
          + "swp2@sw-egg-backend-plane2-leaf05",
          + "eth4@gpu-egg-005",
        ]
      + underlay = "enabled"
    }

  # netris_link.ew_gpu_links["swp2@sw-egg-backend-plane2-leaf06--eth4@gpu-egg-006"] will be created
  + resource "netris_link" "ew_gpu_links" {
      + id       = (known after apply)
      + ports    = [
          + "swp2@sw-egg-backend-plane2-leaf06",
          + "eth4@gpu-egg-006",
        ]
      + underlay = "enabled"
    }

  # netris_link.ew_gpu_links["swp2@sw-egg-backend-plane2-leaf07--eth4@gpu-egg-007"] will be created
  + resource "netris_link" "ew_gpu_links" {
      + id       = (known after apply)
      + ports    = [
          + "swp2@sw-egg-backend-plane2-leaf07",
          + "eth4@gpu-egg-007",
        ]
      + underlay = "enabled"
    }

  # netris_link.ew_gpu_links["swp2@sw-egg-backend-plane2-leaf08--eth4@gpu-egg-008"] will be created
  + resource "netris_link" "ew_gpu_links" {
      + id       = (known after apply)
      + ports    = [
          + "swp2@sw-egg-backend-plane2-leaf08",
          + "eth4@gpu-egg-008",
        ]
      + underlay = "enabled"
    }

  # netris_link.ew_gpu_links["swp2@sw-egg-backend-plane3-leaf01--eth6@gpu-egg-001"] will be created
  + resource "netris_link" "ew_gpu_links" {
      + id       = (known after apply)
      + ports    = [
          + "swp2@sw-egg-backend-plane3-leaf01",
          + "eth6@gpu-egg-001",
        ]
      + underlay = "enabled"
    }

  # netris_link.ew_gpu_links["swp2@sw-egg-backend-plane3-leaf02--eth6@gpu-egg-002"] will be created
  + resource "netris_link" "ew_gpu_links" {
      + id       = (known after apply)
      + ports    = [
          + "swp2@sw-egg-backend-plane3-leaf02",
          + "eth6@gpu-egg-002",
        ]
      + underlay = "enabled"
    }

  # netris_link.ew_gpu_links["swp2@sw-egg-backend-plane3-leaf03--eth6@gpu-egg-003"] will be created
  + resource "netris_link" "ew_gpu_links" {
      + id       = (known after apply)
      + ports    = [
          + "swp2@sw-egg-backend-plane3-leaf03",
          + "eth6@gpu-egg-003",
        ]
      + underlay = "enabled"
    }

  # netris_link.ew_gpu_links["swp2@sw-egg-backend-plane3-leaf04--eth6@gpu-egg-004"] will be created
  + resource "netris_link" "ew_gpu_links" {
      + id       = (known after apply)
      + ports    = [
          + "swp2@sw-egg-backend-plane3-leaf04",
          + "eth6@gpu-egg-004",
        ]
      + underlay = "enabled"
    }

  # netris_link.ew_gpu_links["swp2@sw-egg-backend-plane3-leaf05--eth6@gpu-egg-005"] will be created
  + resource "netris_link" "ew_gpu_links" {
      + id       = (known after apply)
      + ports    = [
          + "swp2@sw-egg-backend-plane3-leaf05",
          + "eth6@gpu-egg-005",
        ]
      + underlay = "enabled"
    }

  # netris_link.ew_gpu_links["swp2@sw-egg-backend-plane3-leaf06--eth6@gpu-egg-006"] will be created
  + resource "netris_link" "ew_gpu_links" {
      + id       = (known after apply)
      + ports    = [
          + "swp2@sw-egg-backend-plane3-leaf06",
          + "eth6@gpu-egg-006",
        ]
      + underlay = "enabled"
    }

  # netris_link.ew_gpu_links["swp2@sw-egg-backend-plane3-leaf07--eth6@gpu-egg-007"] will be created
  + resource "netris_link" "ew_gpu_links" {
      + id       = (known after apply)
      + ports    = [
          + "swp2@sw-egg-backend-plane3-leaf07",
          + "eth6@gpu-egg-007",
        ]
      + underlay = "enabled"
    }

  # netris_link.ew_gpu_links["swp2@sw-egg-backend-plane3-leaf08--eth6@gpu-egg-008"] will be created
  + resource "netris_link" "ew_gpu_links" {
      + id       = (known after apply)
      + ports    = [
          + "swp2@sw-egg-backend-plane3-leaf08",
          + "eth6@gpu-egg-008",
        ]
      + underlay = "enabled"
    }

  # netris_link.ew_gpu_links["swp2@sw-egg-backend-plane4-leaf01--eth8@gpu-egg-001"] will be created
  + resource "netris_link" "ew_gpu_links" {
      + id       = (known after apply)
      + ports    = [
          + "swp2@sw-egg-backend-plane4-leaf01",
          + "eth8@gpu-egg-001",
        ]
      + underlay = "enabled"
    }

  # netris_link.ew_gpu_links["swp2@sw-egg-backend-plane4-leaf02--eth8@gpu-egg-002"] will be created
  + resource "netris_link" "ew_gpu_links" {
      + id       = (known after apply)
      + ports    = [
          + "swp2@sw-egg-backend-plane4-leaf02",
          + "eth8@gpu-egg-002",
        ]
      + underlay = "enabled"
    }

  # netris_link.ew_gpu_links["swp2@sw-egg-backend-plane4-leaf03--eth8@gpu-egg-003"] will be created
  + resource "netris_link" "ew_gpu_links" {
      + id       = (known after apply)
      + ports    = [
          + "swp2@sw-egg-backend-plane4-leaf03",
          + "eth8@gpu-egg-003",
        ]
      + underlay = "enabled"
    }

  # netris_link.ew_gpu_links["swp2@sw-egg-backend-plane4-leaf04--eth8@gpu-egg-004"] will be created
  + resource "netris_link" "ew_gpu_links" {
      + id       = (known after apply)
      + ports    = [
          + "swp2@sw-egg-backend-plane4-leaf04",
          + "eth8@gpu-egg-004",
        ]
      + underlay = "enabled"
    }

  # netris_link.ew_gpu_links["swp2@sw-egg-backend-plane4-leaf05--eth8@gpu-egg-005"] will be created
  + resource "netris_link" "ew_gpu_links" {
      + id       = (known after apply)
      + ports    = [
          + "swp2@sw-egg-backend-plane4-leaf05",
          + "eth8@gpu-egg-005",
        ]
      + underlay = "enabled"
    }

  # netris_link.ew_gpu_links["swp2@sw-egg-backend-plane4-leaf06--eth8@gpu-egg-006"] will be created
  + resource "netris_link" "ew_gpu_links" {
      + id       = (known after apply)
      + ports    = [
          + "swp2@sw-egg-backend-plane4-leaf06",
          + "eth8@gpu-egg-006",
        ]
      + underlay = "enabled"
    }

  # netris_link.ew_gpu_links["swp2@sw-egg-backend-plane4-leaf07--eth8@gpu-egg-007"] will be created
  + resource "netris_link" "ew_gpu_links" {
      + id       = (known after apply)
      + ports    = [
          + "swp2@sw-egg-backend-plane4-leaf07",
          + "eth8@gpu-egg-007",
        ]
      + underlay = "enabled"
    }

  # netris_link.ew_gpu_links["swp2@sw-egg-backend-plane4-leaf08--eth8@gpu-egg-008"] will be created
  + resource "netris_link" "ew_gpu_links" {
      + id       = (known after apply)
      + ports    = [
          + "swp2@sw-egg-backend-plane4-leaf08",
          + "eth8@gpu-egg-008",
        ]
      + underlay = "enabled"
    }

  # netris_link.ew_gpu_links["swp30@sw-egg-backend-plane1-leaf01--eth2@gpu-egg-113"] will be created
  + resource "netris_link" "ew_gpu_links" {
      + id       = (known after apply)
      + ports    = [
          + "swp30@sw-egg-backend-plane1-leaf01",
          + "eth2@gpu-egg-113",
        ]
      + underlay = "enabled"
    }

  # netris_link.ew_gpu_links["swp30@sw-egg-backend-plane1-leaf02--eth2@gpu-egg-114"] will be created
  + resource "netris_link" "ew_gpu_links" {
      + id       = (known after apply)
      + ports    = [
          + "swp30@sw-egg-backend-plane1-leaf02",
          + "eth2@gpu-egg-114",
        ]
      + underlay = "enabled"
    }

  # netris_link.ew_gpu_links["swp30@sw-egg-backend-plane1-leaf03--eth2@gpu-egg-115"] will be created
  + resource "netris_link" "ew_gpu_links" {
      + id       = (known after apply)
      + ports    = [
          + "swp30@sw-egg-backend-plane1-leaf03",
          + "eth2@gpu-egg-115",
        ]
      + underlay = "enabled"
    }

  # netris_link.ew_gpu_links["swp30@sw-egg-backend-plane1-leaf04--eth2@gpu-egg-116"] will be created
  + resource "netris_link" "ew_gpu_links" {
      + id       = (known after apply)
      + ports    = [
          + "swp30@sw-egg-backend-plane1-leaf04",
          + "eth2@gpu-egg-116",
        ]
      + underlay = "enabled"
    }

  # netris_link.ew_gpu_links["swp30@sw-egg-backend-plane1-leaf05--eth2@gpu-egg-117"] will be created
  + resource "netris_link" "ew_gpu_links" {
      + id       = (known after apply)
      + ports    = [
          + "swp30@sw-egg-backend-plane1-leaf05",
          + "eth2@gpu-egg-117",
        ]
      + underlay = "enabled"
    }

  # netris_link.ew_gpu_links["swp30@sw-egg-backend-plane1-leaf06--eth2@gpu-egg-118"] will be created
  + resource "netris_link" "ew_gpu_links" {
      + id       = (known after apply)
      + ports    = [
          + "swp30@sw-egg-backend-plane1-leaf06",
          + "eth2@gpu-egg-118",
        ]
      + underlay = "enabled"
    }

  # netris_link.ew_gpu_links["swp30@sw-egg-backend-plane1-leaf07--eth2@gpu-egg-119"] will be created
  + resource "netris_link" "ew_gpu_links" {
      + id       = (known after apply)
      + ports    = [
          + "swp30@sw-egg-backend-plane1-leaf07",
          + "eth2@gpu-egg-119",
        ]
      + underlay = "enabled"
    }

  # netris_link.ew_gpu_links["swp30@sw-egg-backend-plane1-leaf08--eth2@gpu-egg-120"] will be created
  + resource "netris_link" "ew_gpu_links" {
      + id       = (known after apply)
      + ports    = [
          + "swp30@sw-egg-backend-plane1-leaf08",
          + "eth2@gpu-egg-120",
        ]
      + underlay = "enabled"
    }

  # netris_link.ew_gpu_links["swp30@sw-egg-backend-plane2-leaf01--eth4@gpu-egg-113"] will be created
  + resource "netris_link" "ew_gpu_links" {
      + id       = (known after apply)
      + ports    = [
          + "swp30@sw-egg-backend-plane2-leaf01",
          + "eth4@gpu-egg-113",
        ]
      + underlay = "enabled"
    }

  # netris_link.ew_gpu_links["swp30@sw-egg-backend-plane2-leaf02--eth4@gpu-egg-114"] will be created
  + resource "netris_link" "ew_gpu_links" {
      + id       = (known after apply)
      + ports    = [
          + "swp30@sw-egg-backend-plane2-leaf02",
          + "eth4@gpu-egg-114",
        ]
      + underlay = "enabled"
    }

  # netris_link.ew_gpu_links["swp30@sw-egg-backend-plane2-leaf03--eth4@gpu-egg-115"] will be created
  + resource "netris_link" "ew_gpu_links" {
      + id       = (known after apply)
      + ports    = [
          + "swp30@sw-egg-backend-plane2-leaf03",
          + "eth4@gpu-egg-115",
        ]
      + underlay = "enabled"
    }

  # netris_link.ew_gpu_links["swp30@sw-egg-backend-plane2-leaf04--eth4@gpu-egg-116"] will be created
  + resource "netris_link" "ew_gpu_links" {
      + id       = (known after apply)
      + ports    = [
          + "swp30@sw-egg-backend-plane2-leaf04",
          + "eth4@gpu-egg-116",
        ]
      + underlay = "enabled"
    }

  # netris_link.ew_gpu_links["swp30@sw-egg-backend-plane2-leaf05--eth4@gpu-egg-117"] will be created
  + resource "netris_link" "ew_gpu_links" {
      + id       = (known after apply)
      + ports    = [
          + "swp30@sw-egg-backend-plane2-leaf05",
          + "eth4@gpu-egg-117",
        ]
      + underlay = "enabled"
    }

  # netris_link.ew_gpu_links["swp30@sw-egg-backend-plane2-leaf06--eth4@gpu-egg-118"] will be created
  + resource "netris_link" "ew_gpu_links" {
      + id       = (known after apply)
      + ports    = [
          + "swp30@sw-egg-backend-plane2-leaf06",
          + "eth4@gpu-egg-118",
        ]
      + underlay = "enabled"
    }

  # netris_link.ew_gpu_links["swp30@sw-egg-backend-plane2-leaf07--eth4@gpu-egg-119"] will be created
  + resource "netris_link" "ew_gpu_links" {
      + id       = (known after apply)
      + ports    = [
          + "swp30@sw-egg-backend-plane2-leaf07",
          + "eth4@gpu-egg-119",
        ]
      + underlay = "enabled"
    }

  # netris_link.ew_gpu_links["swp30@sw-egg-backend-plane2-leaf08--eth4@gpu-egg-120"] will be created
  + resource "netris_link" "ew_gpu_links" {
      + id       = (known after apply)
      + ports    = [
          + "swp30@sw-egg-backend-plane2-leaf08",
          + "eth4@gpu-egg-120",
        ]
      + underlay = "enabled"
    }

  # netris_link.ew_gpu_links["swp30@sw-egg-backend-plane3-leaf01--eth6@gpu-egg-113"] will be created
  + resource "netris_link" "ew_gpu_links" {
      + id       = (known after apply)
      + ports    = [
          + "swp30@sw-egg-backend-plane3-leaf01",
          + "eth6@gpu-egg-113",
        ]
      + underlay = "enabled"
    }

  # netris_link.ew_gpu_links["swp30@sw-egg-backend-plane3-leaf02--eth6@gpu-egg-114"] will be created
  + resource "netris_link" "ew_gpu_links" {
      + id       = (known after apply)
      + ports    = [
          + "swp30@sw-egg-backend-plane3-leaf02",
          + "eth6@gpu-egg-114",
        ]
      + underlay = "enabled"
    }

  # netris_link.ew_gpu_links["swp30@sw-egg-backend-plane3-leaf03--eth6@gpu-egg-115"] will be created
  + resource "netris_link" "ew_gpu_links" {
      + id       = (known after apply)
      + ports    = [
          + "swp30@sw-egg-backend-plane3-leaf03",
          + "eth6@gpu-egg-115",
        ]
      + underlay = "enabled"
    }

  # netris_link.ew_gpu_links["swp30@sw-egg-backend-plane3-leaf04--eth6@gpu-egg-116"] will be created
  + resource "netris_link" "ew_gpu_links" {
      + id       = (known after apply)
      + ports    = [
          + "swp30@sw-egg-backend-plane3-leaf04",
          + "eth6@gpu-egg-116",
        ]
      + underlay = "enabled"
    }

  # netris_link.ew_gpu_links["swp30@sw-egg-backend-plane3-leaf05--eth6@gpu-egg-117"] will be created
  + resource "netris_link" "ew_gpu_links" {
      + id       = (known after apply)
      + ports    = [
          + "swp30@sw-egg-backend-plane3-leaf05",
          + "eth6@gpu-egg-117",
        ]
      + underlay = "enabled"
    }

  # netris_link.ew_gpu_links["swp30@sw-egg-backend-plane3-leaf06--eth6@gpu-egg-118"] will be created
  + resource "netris_link" "ew_gpu_links" {
      + id       = (known after apply)
      + ports    = [
          + "swp30@sw-egg-backend-plane3-leaf06",
          + "eth6@gpu-egg-118",
        ]
      + underlay = "enabled"
    }

  # netris_link.ew_gpu_links["swp30@sw-egg-backend-plane3-leaf07--eth6@gpu-egg-119"] will be created
  + resource "netris_link" "ew_gpu_links" {
      + id       = (known after apply)
      + ports    = [
          + "swp30@sw-egg-backend-plane3-leaf07",
          + "eth6@gpu-egg-119",
        ]
      + underlay = "enabled"
    }

  # netris_link.ew_gpu_links["swp30@sw-egg-backend-plane3-leaf08--eth6@gpu-egg-120"] will be created
  + resource "netris_link" "ew_gpu_links" {
      + id       = (known after apply)
      + ports    = [
          + "swp30@sw-egg-backend-plane3-leaf08",
          + "eth6@gpu-egg-120",
        ]
      + underlay = "enabled"
    }

  # netris_link.ew_gpu_links["swp30@sw-egg-backend-plane4-leaf01--eth8@gpu-egg-113"] will be created
  + resource "netris_link" "ew_gpu_links" {
      + id       = (known after apply)
      + ports    = [
          + "swp30@sw-egg-backend-plane4-leaf01",
          + "eth8@gpu-egg-113",
        ]
      + underlay = "enabled"
    }

  # netris_link.ew_gpu_links["swp30@sw-egg-backend-plane4-leaf02--eth8@gpu-egg-114"] will be created
  + resource "netris_link" "ew_gpu_links" {
      + id       = (known after apply)
      + ports    = [
          + "swp30@sw-egg-backend-plane4-leaf02",
          + "eth8@gpu-egg-114",
        ]
      + underlay = "enabled"
    }

  # netris_link.ew_gpu_links["swp30@sw-egg-backend-plane4-leaf03--eth8@gpu-egg-115"] will be created
  + resource "netris_link" "ew_gpu_links" {
      + id       = (known after apply)
      + ports    = [
          + "swp30@sw-egg-backend-plane4-leaf03",
          + "eth8@gpu-egg-115",
        ]
      + underlay = "enabled"
    }

  # netris_link.ew_gpu_links["swp30@sw-egg-backend-plane4-leaf04--eth8@gpu-egg-116"] will be created
  + resource "netris_link" "ew_gpu_links" {
      + id       = (known after apply)
      + ports    = [
          + "swp30@sw-egg-backend-plane4-leaf04",
          + "eth8@gpu-egg-116",
        ]
      + underlay = "enabled"
    }

  # netris_link.ew_gpu_links["swp30@sw-egg-backend-plane4-leaf05--eth8@gpu-egg-117"] will be created
  + resource "netris_link" "ew_gpu_links" {
      + id       = (known after apply)
      + ports    = [
          + "swp30@sw-egg-backend-plane4-leaf05",
          + "eth8@gpu-egg-117",
        ]
      + underlay = "enabled"
    }

  # netris_link.ew_gpu_links["swp30@sw-egg-backend-plane4-leaf06--eth8@gpu-egg-118"] will be created
  + resource "netris_link" "ew_gpu_links" {
      + id       = (known after apply)
      + ports    = [
          + "swp30@sw-egg-backend-plane4-leaf06",
          + "eth8@gpu-egg-118",
        ]
      + underlay = "enabled"
    }

  # netris_link.ew_gpu_links["swp30@sw-egg-backend-plane4-leaf07--eth8@gpu-egg-119"] will be created
  + resource "netris_link" "ew_gpu_links" {
      + id       = (known after apply)
      + ports    = [
          + "swp30@sw-egg-backend-plane4-leaf07",
          + "eth8@gpu-egg-119",
        ]
      + underlay = "enabled"
    }

  # netris_link.ew_gpu_links["swp30@sw-egg-backend-plane4-leaf08--eth8@gpu-egg-120"] will be created
  + resource "netris_link" "ew_gpu_links" {
      + id       = (known after apply)
      + ports    = [
          + "swp30@sw-egg-backend-plane4-leaf08",
          + "eth8@gpu-egg-120",
        ]
      + underlay = "enabled"
    }

  # netris_link.ew_gpu_links["swp31@sw-egg-backend-plane1-leaf01--eth1@gpu-egg-121"] will be created
  + resource "netris_link" "ew_gpu_links" {
      + id       = (known after apply)
      + ports    = [
          + "swp31@sw-egg-backend-plane1-leaf01",
          + "eth1@gpu-egg-121",
        ]
      + underlay = "enabled"
    }

  # netris_link.ew_gpu_links["swp31@sw-egg-backend-plane1-leaf02--eth1@gpu-egg-122"] will be created
  + resource "netris_link" "ew_gpu_links" {
      + id       = (known after apply)
      + ports    = [
          + "swp31@sw-egg-backend-plane1-leaf02",
          + "eth1@gpu-egg-122",
        ]
      + underlay = "enabled"
    }

  # netris_link.ew_gpu_links["swp31@sw-egg-backend-plane1-leaf03--eth1@gpu-egg-123"] will be created
  + resource "netris_link" "ew_gpu_links" {
      + id       = (known after apply)
      + ports    = [
          + "swp31@sw-egg-backend-plane1-leaf03",
          + "eth1@gpu-egg-123",
        ]
      + underlay = "enabled"
    }

  # netris_link.ew_gpu_links["swp31@sw-egg-backend-plane1-leaf04--eth1@gpu-egg-124"] will be created
  + resource "netris_link" "ew_gpu_links" {
      + id       = (known after apply)
      + ports    = [
          + "swp31@sw-egg-backend-plane1-leaf04",
          + "eth1@gpu-egg-124",
        ]
      + underlay = "enabled"
    }

  # netris_link.ew_gpu_links["swp31@sw-egg-backend-plane1-leaf05--eth1@gpu-egg-125"] will be created
  + resource "netris_link" "ew_gpu_links" {
      + id       = (known after apply)
      + ports    = [
          + "swp31@sw-egg-backend-plane1-leaf05",
          + "eth1@gpu-egg-125",
        ]
      + underlay = "enabled"
    }

  # netris_link.ew_gpu_links["swp31@sw-egg-backend-plane1-leaf06--eth1@gpu-egg-126"] will be created
  + resource "netris_link" "ew_gpu_links" {
      + id       = (known after apply)
      + ports    = [
          + "swp31@sw-egg-backend-plane1-leaf06",
          + "eth1@gpu-egg-126",
        ]
      + underlay = "enabled"
    }

  # netris_link.ew_gpu_links["swp31@sw-egg-backend-plane1-leaf07--eth1@gpu-egg-127"] will be created
  + resource "netris_link" "ew_gpu_links" {
      + id       = (known after apply)
      + ports    = [
          + "swp31@sw-egg-backend-plane1-leaf07",
          + "eth1@gpu-egg-127",
        ]
      + underlay = "enabled"
    }

  # netris_link.ew_gpu_links["swp31@sw-egg-backend-plane1-leaf08--eth1@gpu-egg-128"] will be created
  + resource "netris_link" "ew_gpu_links" {
      + id       = (known after apply)
      + ports    = [
          + "swp31@sw-egg-backend-plane1-leaf08",
          + "eth1@gpu-egg-128",
        ]
      + underlay = "enabled"
    }

  # netris_link.ew_gpu_links["swp31@sw-egg-backend-plane2-leaf01--eth3@gpu-egg-121"] will be created
  + resource "netris_link" "ew_gpu_links" {
      + id       = (known after apply)
      + ports    = [
          + "swp31@sw-egg-backend-plane2-leaf01",
          + "eth3@gpu-egg-121",
        ]
      + underlay = "enabled"
    }

  # netris_link.ew_gpu_links["swp31@sw-egg-backend-plane2-leaf02--eth3@gpu-egg-122"] will be created
  + resource "netris_link" "ew_gpu_links" {
      + id       = (known after apply)
      + ports    = [
          + "swp31@sw-egg-backend-plane2-leaf02",
          + "eth3@gpu-egg-122",
        ]
      + underlay = "enabled"
    }

  # netris_link.ew_gpu_links["swp31@sw-egg-backend-plane2-leaf03--eth3@gpu-egg-123"] will be created
  + resource "netris_link" "ew_gpu_links" {
      + id       = (known after apply)
      + ports    = [
          + "swp31@sw-egg-backend-plane2-leaf03",
          + "eth3@gpu-egg-123",
        ]
      + underlay = "enabled"
    }

  # netris_link.ew_gpu_links["swp31@sw-egg-backend-plane2-leaf04--eth3@gpu-egg-124"] will be created
  + resource "netris_link" "ew_gpu_links" {
      + id       = (known after apply)
      + ports    = [
          + "swp31@sw-egg-backend-plane2-leaf04",
          + "eth3@gpu-egg-124",
        ]
      + underlay = "enabled"
    }

  # netris_link.ew_gpu_links["swp31@sw-egg-backend-plane2-leaf05--eth3@gpu-egg-125"] will be created
  + resource "netris_link" "ew_gpu_links" {
      + id       = (known after apply)
      + ports    = [
          + "swp31@sw-egg-backend-plane2-leaf05",
          + "eth3@gpu-egg-125",
        ]
      + underlay = "enabled"
    }

  # netris_link.ew_gpu_links["swp31@sw-egg-backend-plane2-leaf06--eth3@gpu-egg-126"] will be created
  + resource "netris_link" "ew_gpu_links" {
      + id       = (known after apply)
      + ports    = [
          + "swp31@sw-egg-backend-plane2-leaf06",
          + "eth3@gpu-egg-126",
        ]
      + underlay = "enabled"
    }

  # netris_link.ew_gpu_links["swp31@sw-egg-backend-plane2-leaf07--eth3@gpu-egg-127"] will be created
  + resource "netris_link" "ew_gpu_links" {
      + id       = (known after apply)
      + ports    = [
          + "swp31@sw-egg-backend-plane2-leaf07",
          + "eth3@gpu-egg-127",
        ]
      + underlay = "enabled"
    }

  # netris_link.ew_gpu_links["swp31@sw-egg-backend-plane2-leaf08--eth3@gpu-egg-128"] will be created
  + resource "netris_link" "ew_gpu_links" {
      + id       = (known after apply)
      + ports    = [
          + "swp31@sw-egg-backend-plane2-leaf08",
          + "eth3@gpu-egg-128",
        ]
      + underlay = "enabled"
    }

  # netris_link.ew_gpu_links["swp31@sw-egg-backend-plane3-leaf01--eth5@gpu-egg-121"] will be created
  + resource "netris_link" "ew_gpu_links" {
      + id       = (known after apply)
      + ports    = [
          + "swp31@sw-egg-backend-plane3-leaf01",
          + "eth5@gpu-egg-121",
        ]
      + underlay = "enabled"
    }

  # netris_link.ew_gpu_links["swp31@sw-egg-backend-plane3-leaf02--eth5@gpu-egg-122"] will be created
  + resource "netris_link" "ew_gpu_links" {
      + id       = (known after apply)
      + ports    = [
          + "swp31@sw-egg-backend-plane3-leaf02",
          + "eth5@gpu-egg-122",
        ]
      + underlay = "enabled"
    }

  # netris_link.ew_gpu_links["swp31@sw-egg-backend-plane3-leaf03--eth5@gpu-egg-123"] will be created
  + resource "netris_link" "ew_gpu_links" {
      + id       = (known after apply)
      + ports    = [
          + "swp31@sw-egg-backend-plane3-leaf03",
          + "eth5@gpu-egg-123",
        ]
      + underlay = "enabled"
    }

  # netris_link.ew_gpu_links["swp31@sw-egg-backend-plane3-leaf04--eth5@gpu-egg-124"] will be created
  + resource "netris_link" "ew_gpu_links" {
      + id       = (known after apply)
      + ports    = [
          + "swp31@sw-egg-backend-plane3-leaf04",
          + "eth5@gpu-egg-124",
        ]
      + underlay = "enabled"
    }

  # netris_link.ew_gpu_links["swp31@sw-egg-backend-plane3-leaf05--eth5@gpu-egg-125"] will be created
  + resource "netris_link" "ew_gpu_links" {
      + id       = (known after apply)
      + ports    = [
          + "swp31@sw-egg-backend-plane3-leaf05",
          + "eth5@gpu-egg-125",
        ]
      + underlay = "enabled"
    }

  # netris_link.ew_gpu_links["swp31@sw-egg-backend-plane3-leaf06--eth5@gpu-egg-126"] will be created
  + resource "netris_link" "ew_gpu_links" {
      + id       = (known after apply)
      + ports    = [
          + "swp31@sw-egg-backend-plane3-leaf06",
          + "eth5@gpu-egg-126",
        ]
      + underlay = "enabled"
    }

  # netris_link.ew_gpu_links["swp31@sw-egg-backend-plane3-leaf07--eth5@gpu-egg-127"] will be created
  + resource "netris_link" "ew_gpu_links" {
      + id       = (known after apply)
      + ports    = [
          + "swp31@sw-egg-backend-plane3-leaf07",
          + "eth5@gpu-egg-127",
        ]
      + underlay = "enabled"
    }

  # netris_link.ew_gpu_links["swp31@sw-egg-backend-plane3-leaf08--eth5@gpu-egg-128"] will be created
  + resource "netris_link" "ew_gpu_links" {
      + id       = (known after apply)
      + ports    = [
          + "swp31@sw-egg-backend-plane3-leaf08",
          + "eth5@gpu-egg-128",
        ]
      + underlay = "enabled"
    }

  # netris_link.ew_gpu_links["swp31@sw-egg-backend-plane4-leaf01--eth7@gpu-egg-121"] will be created
  + resource "netris_link" "ew_gpu_links" {
      + id       = (known after apply)
      + ports    = [
          + "swp31@sw-egg-backend-plane4-leaf01",
          + "eth7@gpu-egg-121",
        ]
      + underlay = "enabled"
    }

  # netris_link.ew_gpu_links["swp31@sw-egg-backend-plane4-leaf02--eth7@gpu-egg-122"] will be created
  + resource "netris_link" "ew_gpu_links" {
      + id       = (known after apply)
      + ports    = [
          + "swp31@sw-egg-backend-plane4-leaf02",
          + "eth7@gpu-egg-122",
        ]
      + underlay = "enabled"
    }

  # netris_link.ew_gpu_links["swp31@sw-egg-backend-plane4-leaf03--eth7@gpu-egg-123"] will be created
  + resource "netris_link" "ew_gpu_links" {
      + id       = (known after apply)
      + ports    = [
          + "swp31@sw-egg-backend-plane4-leaf03",
          + "eth7@gpu-egg-123",
        ]
      + underlay = "enabled"
    }

  # netris_link.ew_gpu_links["swp31@sw-egg-backend-plane4-leaf04--eth7@gpu-egg-124"] will be created
  + resource "netris_link" "ew_gpu_links" {
      + id       = (known after apply)
      + ports    = [
          + "swp31@sw-egg-backend-plane4-leaf04",
          + "eth7@gpu-egg-124",
        ]
      + underlay = "enabled"
    }

  # netris_link.ew_gpu_links["swp31@sw-egg-backend-plane4-leaf05--eth7@gpu-egg-125"] will be created
  + resource "netris_link" "ew_gpu_links" {
      + id       = (known after apply)
      + ports    = [
          + "swp31@sw-egg-backend-plane4-leaf05",
          + "eth7@gpu-egg-125",
        ]
      + underlay = "enabled"
    }

  # netris_link.ew_gpu_links["swp31@sw-egg-backend-plane4-leaf06--eth7@gpu-egg-126"] will be created
  + resource "netris_link" "ew_gpu_links" {
      + id       = (known after apply)
      + ports    = [
          + "swp31@sw-egg-backend-plane4-leaf06",
          + "eth7@gpu-egg-126",
        ]
      + underlay = "enabled"
    }

  # netris_link.ew_gpu_links["swp31@sw-egg-backend-plane4-leaf07--eth7@gpu-egg-127"] will be created
  + resource "netris_link" "ew_gpu_links" {
      + id       = (known after apply)
      + ports    = [
          + "swp31@sw-egg-backend-plane4-leaf07",
          + "eth7@gpu-egg-127",
        ]
      + underlay = "enabled"
    }

  # netris_link.ew_gpu_links["swp31@sw-egg-backend-plane4-leaf08--eth7@gpu-egg-128"] will be created
  + resource "netris_link" "ew_gpu_links" {
      + id       = (known after apply)
      + ports    = [
          + "swp31@sw-egg-backend-plane4-leaf08",
          + "eth7@gpu-egg-128",
        ]
      + underlay = "enabled"
    }

  # netris_link.ew_gpu_links["swp32@sw-egg-backend-plane1-leaf01--eth2@gpu-egg-121"] will be created
  + resource "netris_link" "ew_gpu_links" {
      + id       = (known after apply)
      + ports    = [
          + "swp32@sw-egg-backend-plane1-leaf01",
          + "eth2@gpu-egg-121",
        ]
      + underlay = "enabled"
    }

  # netris_link.ew_gpu_links["swp32@sw-egg-backend-plane1-leaf02--eth2@gpu-egg-122"] will be created
  + resource "netris_link" "ew_gpu_links" {
      + id       = (known after apply)
      + ports    = [
          + "swp32@sw-egg-backend-plane1-leaf02",
          + "eth2@gpu-egg-122",
        ]
      + underlay = "enabled"
    }

  # netris_link.ew_gpu_links["swp32@sw-egg-backend-plane1-leaf03--eth2@gpu-egg-123"] will be created
  + resource "netris_link" "ew_gpu_links" {
      + id       = (known after apply)
      + ports    = [
          + "swp32@sw-egg-backend-plane1-leaf03",
          + "eth2@gpu-egg-123",
        ]
      + underlay = "enabled"
    }

  # netris_link.ew_gpu_links["swp32@sw-egg-backend-plane1-leaf04--eth2@gpu-egg-124"] will be created
  + resource "netris_link" "ew_gpu_links" {
      + id       = (known after apply)
      + ports    = [
          + "swp32@sw-egg-backend-plane1-leaf04",
          + "eth2@gpu-egg-124",
        ]
      + underlay = "enabled"
    }

  # netris_link.ew_gpu_links["swp32@sw-egg-backend-plane1-leaf05--eth2@gpu-egg-125"] will be created
  + resource "netris_link" "ew_gpu_links" {
      + id       = (known after apply)
      + ports    = [
          + "swp32@sw-egg-backend-plane1-leaf05",
          + "eth2@gpu-egg-125",
        ]
      + underlay = "enabled"
    }

  # netris_link.ew_gpu_links["swp32@sw-egg-backend-plane1-leaf06--eth2@gpu-egg-126"] will be created
  + resource "netris_link" "ew_gpu_links" {
      + id       = (known after apply)
      + ports    = [
          + "swp32@sw-egg-backend-plane1-leaf06",
          + "eth2@gpu-egg-126",
        ]
      + underlay = "enabled"
    }

  # netris_link.ew_gpu_links["swp32@sw-egg-backend-plane1-leaf07--eth2@gpu-egg-127"] will be created
  + resource "netris_link" "ew_gpu_links" {
      + id       = (known after apply)
      + ports    = [
          + "swp32@sw-egg-backend-plane1-leaf07",
          + "eth2@gpu-egg-127",
        ]
      + underlay = "enabled"
    }

  # netris_link.ew_gpu_links["swp32@sw-egg-backend-plane1-leaf08--eth2@gpu-egg-128"] will be created
  + resource "netris_link" "ew_gpu_links" {
      + id       = (known after apply)
      + ports    = [
          + "swp32@sw-egg-backend-plane1-leaf08",
          + "eth2@gpu-egg-128",
        ]
      + underlay = "enabled"
    }

  # netris_link.ew_gpu_links["swp32@sw-egg-backend-plane2-leaf01--eth4@gpu-egg-121"] will be created
  + resource "netris_link" "ew_gpu_links" {
      + id       = (known after apply)
      + ports    = [
          + "swp32@sw-egg-backend-plane2-leaf01",
          + "eth4@gpu-egg-121",
        ]
      + underlay = "enabled"
    }

  # netris_link.ew_gpu_links["swp32@sw-egg-backend-plane2-leaf02--eth4@gpu-egg-122"] will be created
  + resource "netris_link" "ew_gpu_links" {
      + id       = (known after apply)
      + ports    = [
          + "swp32@sw-egg-backend-plane2-leaf02",
          + "eth4@gpu-egg-122",
        ]
      + underlay = "enabled"
    }

  # netris_link.ew_gpu_links["swp32@sw-egg-backend-plane2-leaf03--eth4@gpu-egg-123"] will be created
  + resource "netris_link" "ew_gpu_links" {
      + id       = (known after apply)
      + ports    = [
          + "swp32@sw-egg-backend-plane2-leaf03",
          + "eth4@gpu-egg-123",
        ]
      + underlay = "enabled"
    }

  # netris_link.ew_gpu_links["swp32@sw-egg-backend-plane2-leaf04--eth4@gpu-egg-124"] will be created
  + resource "netris_link" "ew_gpu_links" {
      + id       = (known after apply)
      + ports    = [
          + "swp32@sw-egg-backend-plane2-leaf04",
          + "eth4@gpu-egg-124",
        ]
      + underlay = "enabled"
    }

  # netris_link.ew_gpu_links["swp32@sw-egg-backend-plane2-leaf05--eth4@gpu-egg-125"] will be created
  + resource "netris_link" "ew_gpu_links" {
      + id       = (known after apply)
      + ports    = [
          + "swp32@sw-egg-backend-plane2-leaf05",
          + "eth4@gpu-egg-125",
        ]
      + underlay = "enabled"
    }

  # netris_link.ew_gpu_links["swp32@sw-egg-backend-plane2-leaf06--eth4@gpu-egg-126"] will be created
  + resource "netris_link" "ew_gpu_links" {
      + id       = (known after apply)
      + ports    = [
          + "swp32@sw-egg-backend-plane2-leaf06",
          + "eth4@gpu-egg-126",
        ]
      + underlay = "enabled"
    }

  # netris_link.ew_gpu_links["swp32@sw-egg-backend-plane2-leaf07--eth4@gpu-egg-127"] will be created
  + resource "netris_link" "ew_gpu_links" {
      + id       = (known after apply)
      + ports    = [
          + "swp32@sw-egg-backend-plane2-leaf07",
          + "eth4@gpu-egg-127",
        ]
      + underlay = "enabled"
    }

  # netris_link.ew_gpu_links["swp32@sw-egg-backend-plane2-leaf08--eth4@gpu-egg-128"] will be created
  + resource "netris_link" "ew_gpu_links" {
      + id       = (known after apply)
      + ports    = [
          + "swp32@sw-egg-backend-plane2-leaf08",
          + "eth4@gpu-egg-128",
        ]
      + underlay = "enabled"
    }

  # netris_link.ew_gpu_links["swp32@sw-egg-backend-plane3-leaf01--eth6@gpu-egg-121"] will be created
  + resource "netris_link" "ew_gpu_links" {
      + id       = (known after apply)
      + ports    = [
          + "swp32@sw-egg-backend-plane3-leaf01",
          + "eth6@gpu-egg-121",
        ]
      + underlay = "enabled"
    }

  # netris_link.ew_gpu_links["swp32@sw-egg-backend-plane3-leaf02--eth6@gpu-egg-122"] will be created
  + resource "netris_link" "ew_gpu_links" {
      + id       = (known after apply)
      + ports    = [
          + "swp32@sw-egg-backend-plane3-leaf02",
          + "eth6@gpu-egg-122",
        ]
      + underlay = "enabled"
    }

  # netris_link.ew_gpu_links["swp32@sw-egg-backend-plane3-leaf03--eth6@gpu-egg-123"] will be created
  + resource "netris_link" "ew_gpu_links" {
      + id       = (known after apply)
      + ports    = [
          + "swp32@sw-egg-backend-plane3-leaf03",
          + "eth6@gpu-egg-123",
        ]
      + underlay = "enabled"
    }

  # netris_link.ew_gpu_links["swp32@sw-egg-backend-plane3-leaf04--eth6@gpu-egg-124"] will be created
  + resource "netris_link" "ew_gpu_links" {
      + id       = (known after apply)
      + ports    = [
          + "swp32@sw-egg-backend-plane3-leaf04",
          + "eth6@gpu-egg-124",
        ]
      + underlay = "enabled"
    }

  # netris_link.ew_gpu_links["swp32@sw-egg-backend-plane3-leaf05--eth6@gpu-egg-125"] will be created
  + resource "netris_link" "ew_gpu_links" {
      + id       = (known after apply)
      + ports    = [
          + "swp32@sw-egg-backend-plane3-leaf05",
          + "eth6@gpu-egg-125",
        ]
      + underlay = "enabled"
    }

  # netris_link.ew_gpu_links["swp32@sw-egg-backend-plane3-leaf06--eth6@gpu-egg-126"] will be created
  + resource "netris_link" "ew_gpu_links" {
      + id       = (known after apply)
      + ports    = [
          + "swp32@sw-egg-backend-plane3-leaf06",
          + "eth6@gpu-egg-126",
        ]
      + underlay = "enabled"
    }

  # netris_link.ew_gpu_links["swp32@sw-egg-backend-plane3-leaf07--eth6@gpu-egg-127"] will be created
  + resource "netris_link" "ew_gpu_links" {
      + id       = (known after apply)
      + ports    = [
          + "swp32@sw-egg-backend-plane3-leaf07",
          + "eth6@gpu-egg-127",
        ]
      + underlay = "enabled"
    }

  # netris_link.ew_gpu_links["swp32@sw-egg-backend-plane3-leaf08--eth6@gpu-egg-128"] will be created
  + resource "netris_link" "ew_gpu_links" {
      + id       = (known after apply)
      + ports    = [
          + "swp32@sw-egg-backend-plane3-leaf08",
          + "eth6@gpu-egg-128",
        ]
      + underlay = "enabled"
    }

  # netris_link.ew_gpu_links["swp32@sw-egg-backend-plane4-leaf01--eth8@gpu-egg-121"] will be created
  + resource "netris_link" "ew_gpu_links" {
      + id       = (known after apply)
      + ports    = [
          + "swp32@sw-egg-backend-plane4-leaf01",
          + "eth8@gpu-egg-121",
        ]
      + underlay = "enabled"
    }

  # netris_link.ew_gpu_links["swp32@sw-egg-backend-plane4-leaf02--eth8@gpu-egg-122"] will be created
  + resource "netris_link" "ew_gpu_links" {
      + id       = (known after apply)
      + ports    = [
          + "swp32@sw-egg-backend-plane4-leaf02",
          + "eth8@gpu-egg-122",
        ]
      + underlay = "enabled"
    }

  # netris_link.ew_gpu_links["swp32@sw-egg-backend-plane4-leaf03--eth8@gpu-egg-123"] will be created
  + resource "netris_link" "ew_gpu_links" {
      + id       = (known after apply)
      + ports    = [
          + "swp32@sw-egg-backend-plane4-leaf03",
          + "eth8@gpu-egg-123",
        ]
      + underlay = "enabled"
    }

  # netris_link.ew_gpu_links["swp32@sw-egg-backend-plane4-leaf04--eth8@gpu-egg-124"] will be created
  + resource "netris_link" "ew_gpu_links" {
      + id       = (known after apply)
      + ports    = [
          + "swp32@sw-egg-backend-plane4-leaf04",
          + "eth8@gpu-egg-124",
        ]
      + underlay = "enabled"
    }

  # netris_link.ew_gpu_links["swp32@sw-egg-backend-plane4-leaf05--eth8@gpu-egg-125"] will be created
  + resource "netris_link" "ew_gpu_links" {
      + id       = (known after apply)
      + ports    = [
          + "swp32@sw-egg-backend-plane4-leaf05",
          + "eth8@gpu-egg-125",
        ]
      + underlay = "enabled"
    }

  # netris_link.ew_gpu_links["swp32@sw-egg-backend-plane4-leaf06--eth8@gpu-egg-126"] will be created
  + resource "netris_link" "ew_gpu_links" {
      + id       = (known after apply)
      + ports    = [
          + "swp32@sw-egg-backend-plane4-leaf06",
          + "eth8@gpu-egg-126",
        ]
      + underlay = "enabled"
    }

  # netris_link.ew_gpu_links["swp32@sw-egg-backend-plane4-leaf07--eth8@gpu-egg-127"] will be created
  + resource "netris_link" "ew_gpu_links" {
      + id       = (known after apply)
      + ports    = [
          + "swp32@sw-egg-backend-plane4-leaf07",
          + "eth8@gpu-egg-127",
        ]
      + underlay = "enabled"
    }

  # netris_link.ew_gpu_links["swp32@sw-egg-backend-plane4-leaf08--eth8@gpu-egg-128"] will be created
  + resource "netris_link" "ew_gpu_links" {
      + id       = (known after apply)
      + ports    = [
          + "swp32@sw-egg-backend-plane4-leaf08",
          + "eth8@gpu-egg-128",
        ]
      + underlay = "enabled"
    }

  # netris_link.ew_gpu_links["swp3@sw-egg-backend-plane1-leaf01--eth1@gpu-egg-009"] will be created
  + resource "netris_link" "ew_gpu_links" {
      + id       = (known after apply)
      + ports    = [
          + "swp3@sw-egg-backend-plane1-leaf01",
          + "eth1@gpu-egg-009",
        ]
      + underlay = "enabled"
    }

  # netris_link.ew_gpu_links["swp3@sw-egg-backend-plane1-leaf02--eth1@gpu-egg-010"] will be created
  + resource "netris_link" "ew_gpu_links" {
      + id       = (known after apply)
      + ports    = [
          + "swp3@sw-egg-backend-plane1-leaf02",
          + "eth1@gpu-egg-010",
        ]
      + underlay = "enabled"
    }

  # netris_link.ew_gpu_links["swp3@sw-egg-backend-plane1-leaf03--eth1@gpu-egg-011"] will be created
  + resource "netris_link" "ew_gpu_links" {
      + id       = (known after apply)
      + ports    = [
          + "swp3@sw-egg-backend-plane1-leaf03",
          + "eth1@gpu-egg-011",
        ]
      + underlay = "enabled"
    }

  # netris_link.ew_gpu_links["swp3@sw-egg-backend-plane1-leaf04--eth1@gpu-egg-012"] will be created
  + resource "netris_link" "ew_gpu_links" {
      + id       = (known after apply)
      + ports    = [
          + "swp3@sw-egg-backend-plane1-leaf04",
          + "eth1@gpu-egg-012",
        ]
      + underlay = "enabled"
    }

  # netris_link.ew_gpu_links["swp3@sw-egg-backend-plane1-leaf05--eth1@gpu-egg-013"] will be created
  + resource "netris_link" "ew_gpu_links" {
      + id       = (known after apply)
      + ports    = [
          + "swp3@sw-egg-backend-plane1-leaf05",
          + "eth1@gpu-egg-013",
        ]
      + underlay = "enabled"
    }

  # netris_link.ew_gpu_links["swp3@sw-egg-backend-plane1-leaf06--eth1@gpu-egg-014"] will be created
  + resource "netris_link" "ew_gpu_links" {
      + id       = (known after apply)
      + ports    = [
          + "swp3@sw-egg-backend-plane1-leaf06",
          + "eth1@gpu-egg-014",
        ]
      + underlay = "enabled"
    }

  # netris_link.ew_gpu_links["swp3@sw-egg-backend-plane1-leaf07--eth1@gpu-egg-015"] will be created
  + resource "netris_link" "ew_gpu_links" {
      + id       = (known after apply)
      + ports    = [
          + "swp3@sw-egg-backend-plane1-leaf07",
          + "eth1@gpu-egg-015",
        ]
      + underlay = "enabled"
    }

  # netris_link.ew_gpu_links["swp3@sw-egg-backend-plane1-leaf08--eth1@gpu-egg-016"] will be created
  + resource "netris_link" "ew_gpu_links" {
      + id       = (known after apply)
      + ports    = [
          + "swp3@sw-egg-backend-plane1-leaf08",
          + "eth1@gpu-egg-016",
        ]
      + underlay = "enabled"
    }

  # netris_link.ew_gpu_links["swp3@sw-egg-backend-plane2-leaf01--eth3@gpu-egg-009"] will be created
  + resource "netris_link" "ew_gpu_links" {
      + id       = (known after apply)
      + ports    = [
          + "swp3@sw-egg-backend-plane2-leaf01",
          + "eth3@gpu-egg-009",
        ]
      + underlay = "enabled"
    }

  # netris_link.ew_gpu_links["swp3@sw-egg-backend-plane2-leaf02--eth3@gpu-egg-010"] will be created
  + resource "netris_link" "ew_gpu_links" {
      + id       = (known after apply)
      + ports    = [
          + "swp3@sw-egg-backend-plane2-leaf02",
          + "eth3@gpu-egg-010",
        ]
      + underlay = "enabled"
    }

  # netris_link.ew_gpu_links["swp3@sw-egg-backend-plane2-leaf03--eth3@gpu-egg-011"] will be created
  + resource "netris_link" "ew_gpu_links" {
      + id       = (known after apply)
      + ports    = [
          + "swp3@sw-egg-backend-plane2-leaf03",
          + "eth3@gpu-egg-011",
        ]
      + underlay = "enabled"
    }

  # netris_link.ew_gpu_links["swp3@sw-egg-backend-plane2-leaf04--eth3@gpu-egg-012"] will be created
  + resource "netris_link" "ew_gpu_links" {
      + id       = (known after apply)
      + ports    = [
          + "swp3@sw-egg-backend-plane2-leaf04",
          + "eth3@gpu-egg-012",
        ]
      + underlay = "enabled"
    }

  # netris_link.ew_gpu_links["swp3@sw-egg-backend-plane2-leaf05--eth3@gpu-egg-013"] will be created
  + resource "netris_link" "ew_gpu_links" {
      + id       = (known after apply)
      + ports    = [
          + "swp3@sw-egg-backend-plane2-leaf05",
          + "eth3@gpu-egg-013",
        ]
      + underlay = "enabled"
    }

  # netris_link.ew_gpu_links["swp3@sw-egg-backend-plane2-leaf06--eth3@gpu-egg-014"] will be created
  + resource "netris_link" "ew_gpu_links" {
      + id       = (known after apply)
      + ports    = [
          + "swp3@sw-egg-backend-plane2-leaf06",
          + "eth3@gpu-egg-014",
        ]
      + underlay = "enabled"
    }

  # netris_link.ew_gpu_links["swp3@sw-egg-backend-plane2-leaf07--eth3@gpu-egg-015"] will be created
  + resource "netris_link" "ew_gpu_links" {
      + id       = (known after apply)
      + ports    = [
          + "swp3@sw-egg-backend-plane2-leaf07",
          + "eth3@gpu-egg-015",
        ]
      + underlay = "enabled"
    }

  # netris_link.ew_gpu_links["swp3@sw-egg-backend-plane2-leaf08--eth3@gpu-egg-016"] will be created
  + resource "netris_link" "ew_gpu_links" {
      + id       = (known after apply)
      + ports    = [
          + "swp3@sw-egg-backend-plane2-leaf08",
          + "eth3@gpu-egg-016",
        ]
      + underlay = "enabled"
    }

  # netris_link.ew_gpu_links["swp3@sw-egg-backend-plane3-leaf01--eth5@gpu-egg-009"] will be created
  + resource "netris_link" "ew_gpu_links" {
      + id       = (known after apply)
      + ports    = [
          + "swp3@sw-egg-backend-plane3-leaf01",
          + "eth5@gpu-egg-009",
        ]
      + underlay = "enabled"
    }

  # netris_link.ew_gpu_links["swp3@sw-egg-backend-plane3-leaf02--eth5@gpu-egg-010"] will be created
  + resource "netris_link" "ew_gpu_links" {
      + id       = (known after apply)
      + ports    = [
          + "swp3@sw-egg-backend-plane3-leaf02",
          + "eth5@gpu-egg-010",
        ]
      + underlay = "enabled"
    }

  # netris_link.ew_gpu_links["swp3@sw-egg-backend-plane3-leaf03--eth5@gpu-egg-011"] will be created
  + resource "netris_link" "ew_gpu_links" {
      + id       = (known after apply)
      + ports    = [
          + "swp3@sw-egg-backend-plane3-leaf03",
          + "eth5@gpu-egg-011",
        ]
      + underlay = "enabled"
    }

  # netris_link.ew_gpu_links["swp3@sw-egg-backend-plane3-leaf04--eth5@gpu-egg-012"] will be created
  + resource "netris_link" "ew_gpu_links" {
      + id       = (known after apply)
      + ports    = [
          + "swp3@sw-egg-backend-plane3-leaf04",
          + "eth5@gpu-egg-012",
        ]
      + underlay = "enabled"
    }

  # netris_link.ew_gpu_links["swp3@sw-egg-backend-plane3-leaf05--eth5@gpu-egg-013"] will be created
  + resource "netris_link" "ew_gpu_links" {
      + id       = (known after apply)
      + ports    = [
          + "swp3@sw-egg-backend-plane3-leaf05",
          + "eth5@gpu-egg-013",
        ]
      + underlay = "enabled"
    }

  # netris_link.ew_gpu_links["swp3@sw-egg-backend-plane3-leaf06--eth5@gpu-egg-014"] will be created
  + resource "netris_link" "ew_gpu_links" {
      + id       = (known after apply)
      + ports    = [
          + "swp3@sw-egg-backend-plane3-leaf06",
          + "eth5@gpu-egg-014",
        ]
      + underlay = "enabled"
    }

  # netris_link.ew_gpu_links["swp3@sw-egg-backend-plane3-leaf07--eth5@gpu-egg-015"] will be created
  + resource "netris_link" "ew_gpu_links" {
      + id       = (known after apply)
      + ports    = [
          + "swp3@sw-egg-backend-plane3-leaf07",
          + "eth5@gpu-egg-015",
        ]
      + underlay = "enabled"
    }

  # netris_link.ew_gpu_links["swp3@sw-egg-backend-plane3-leaf08--eth5@gpu-egg-016"] will be created
  + resource "netris_link" "ew_gpu_links" {
      + id       = (known after apply)
      + ports    = [
          + "swp3@sw-egg-backend-plane3-leaf08",
          + "eth5@gpu-egg-016",
        ]
      + underlay = "enabled"
    }

  # netris_link.ew_gpu_links["swp3@sw-egg-backend-plane4-leaf01--eth7@gpu-egg-009"] will be created
  + resource "netris_link" "ew_gpu_links" {
      + id       = (known after apply)
      + ports    = [
          + "swp3@sw-egg-backend-plane4-leaf01",
          + "eth7@gpu-egg-009",
        ]
      + underlay = "enabled"
    }

  # netris_link.ew_gpu_links["swp3@sw-egg-backend-plane4-leaf02--eth7@gpu-egg-010"] will be created
  + resource "netris_link" "ew_gpu_links" {
      + id       = (known after apply)
      + ports    = [
          + "swp3@sw-egg-backend-plane4-leaf02",
          + "eth7@gpu-egg-010",
        ]
      + underlay = "enabled"
    }

  # netris_link.ew_gpu_links["swp3@sw-egg-backend-plane4-leaf03--eth7@gpu-egg-011"] will be created
  + resource "netris_link" "ew_gpu_links" {
      + id       = (known after apply)
      + ports    = [
          + "swp3@sw-egg-backend-plane4-leaf03",
          + "eth7@gpu-egg-011",
        ]
      + underlay = "enabled"
    }

  # netris_link.ew_gpu_links["swp3@sw-egg-backend-plane4-leaf04--eth7@gpu-egg-012"] will be created
  + resource "netris_link" "ew_gpu_links" {
      + id       = (known after apply)
      + ports    = [
          + "swp3@sw-egg-backend-plane4-leaf04",
          + "eth7@gpu-egg-012",
        ]
      + underlay = "enabled"
    }

  # netris_link.ew_gpu_links["swp3@sw-egg-backend-plane4-leaf05--eth7@gpu-egg-013"] will be created
  + resource "netris_link" "ew_gpu_links" {
      + id       = (known after apply)
      + ports    = [
          + "swp3@sw-egg-backend-plane4-leaf05",
          + "eth7@gpu-egg-013",
        ]
      + underlay = "enabled"
    }

  # netris_link.ew_gpu_links["swp3@sw-egg-backend-plane4-leaf06--eth7@gpu-egg-014"] will be created
  + resource "netris_link" "ew_gpu_links" {
      + id       = (known after apply)
      + ports    = [
          + "swp3@sw-egg-backend-plane4-leaf06",
          + "eth7@gpu-egg-014",
        ]
      + underlay = "enabled"
    }

  # netris_link.ew_gpu_links["swp3@sw-egg-backend-plane4-leaf07--eth7@gpu-egg-015"] will be created
  + resource "netris_link" "ew_gpu_links" {
      + id       = (known after apply)
      + ports    = [
          + "swp3@sw-egg-backend-plane4-leaf07",
          + "eth7@gpu-egg-015",
        ]
      + underlay = "enabled"
    }

  # netris_link.ew_gpu_links["swp3@sw-egg-backend-plane4-leaf08--eth7@gpu-egg-016"] will be created
  + resource "netris_link" "ew_gpu_links" {
      + id       = (known after apply)
      + ports    = [
          + "swp3@sw-egg-backend-plane4-leaf08",
          + "eth7@gpu-egg-016",
        ]
      + underlay = "enabled"
    }

  # netris_link.ew_gpu_links["swp4@sw-egg-backend-plane1-leaf01--eth2@gpu-egg-009"] will be created
  + resource "netris_link" "ew_gpu_links" {
      + id       = (known after apply)
      + ports    = [
          + "swp4@sw-egg-backend-plane1-leaf01",
          + "eth2@gpu-egg-009",
        ]
      + underlay = "enabled"
    }

  # netris_link.ew_gpu_links["swp4@sw-egg-backend-plane1-leaf02--eth2@gpu-egg-010"] will be created
  + resource "netris_link" "ew_gpu_links" {
      + id       = (known after apply)
      + ports    = [
          + "swp4@sw-egg-backend-plane1-leaf02",
          + "eth2@gpu-egg-010",
        ]
      + underlay = "enabled"
    }

  # netris_link.ew_gpu_links["swp4@sw-egg-backend-plane1-leaf03--eth2@gpu-egg-011"] will be created
  + resource "netris_link" "ew_gpu_links" {
      + id       = (known after apply)
      + ports    = [
          + "swp4@sw-egg-backend-plane1-leaf03",
          + "eth2@gpu-egg-011",
        ]
      + underlay = "enabled"
    }

  # netris_link.ew_gpu_links["swp4@sw-egg-backend-plane1-leaf04--eth2@gpu-egg-012"] will be created
  + resource "netris_link" "ew_gpu_links" {
      + id       = (known after apply)
      + ports    = [
          + "swp4@sw-egg-backend-plane1-leaf04",
          + "eth2@gpu-egg-012",
        ]
      + underlay = "enabled"
    }

  # netris_link.ew_gpu_links["swp4@sw-egg-backend-plane1-leaf05--eth2@gpu-egg-013"] will be created
  + resource "netris_link" "ew_gpu_links" {
      + id       = (known after apply)
      + ports    = [
          + "swp4@sw-egg-backend-plane1-leaf05",
          + "eth2@gpu-egg-013",
        ]
      + underlay = "enabled"
    }

  # netris_link.ew_gpu_links["swp4@sw-egg-backend-plane1-leaf06--eth2@gpu-egg-014"] will be created
  + resource "netris_link" "ew_gpu_links" {
      + id       = (known after apply)
      + ports    = [
          + "swp4@sw-egg-backend-plane1-leaf06",
          + "eth2@gpu-egg-014",
        ]
      + underlay = "enabled"
    }

  # netris_link.ew_gpu_links["swp4@sw-egg-backend-plane1-leaf07--eth2@gpu-egg-015"] will be created
  + resource "netris_link" "ew_gpu_links" {
      + id       = (known after apply)
      + ports    = [
          + "swp4@sw-egg-backend-plane1-leaf07",
          + "eth2@gpu-egg-015",
        ]
      + underlay = "enabled"
    }

  # netris_link.ew_gpu_links["swp4@sw-egg-backend-plane1-leaf08--eth2@gpu-egg-016"] will be created
  + resource "netris_link" "ew_gpu_links" {
      + id       = (known after apply)
      + ports    = [
          + "swp4@sw-egg-backend-plane1-leaf08",
          + "eth2@gpu-egg-016",
        ]
      + underlay = "enabled"
    }

  # netris_link.ew_gpu_links["swp4@sw-egg-backend-plane2-leaf01--eth4@gpu-egg-009"] will be created
  + resource "netris_link" "ew_gpu_links" {
      + id       = (known after apply)
      + ports    = [
          + "swp4@sw-egg-backend-plane2-leaf01",
          + "eth4@gpu-egg-009",
        ]
      + underlay = "enabled"
    }

  # netris_link.ew_gpu_links["swp4@sw-egg-backend-plane2-leaf02--eth4@gpu-egg-010"] will be created
  + resource "netris_link" "ew_gpu_links" {
      + id       = (known after apply)
      + ports    = [
          + "swp4@sw-egg-backend-plane2-leaf02",
          + "eth4@gpu-egg-010",
        ]
      + underlay = "enabled"
    }

  # netris_link.ew_gpu_links["swp4@sw-egg-backend-plane2-leaf03--eth4@gpu-egg-011"] will be created
  + resource "netris_link" "ew_gpu_links" {
      + id       = (known after apply)
      + ports    = [
          + "swp4@sw-egg-backend-plane2-leaf03",
          + "eth4@gpu-egg-011",
        ]
      + underlay = "enabled"
    }

  # netris_link.ew_gpu_links["swp4@sw-egg-backend-plane2-leaf04--eth4@gpu-egg-012"] will be created
  + resource "netris_link" "ew_gpu_links" {
      + id       = (known after apply)
      + ports    = [
          + "swp4@sw-egg-backend-plane2-leaf04",
          + "eth4@gpu-egg-012",
        ]
      + underlay = "enabled"
    }

  # netris_link.ew_gpu_links["swp4@sw-egg-backend-plane2-leaf05--eth4@gpu-egg-013"] will be created
  + resource "netris_link" "ew_gpu_links" {
      + id       = (known after apply)
      + ports    = [
          + "swp4@sw-egg-backend-plane2-leaf05",
          + "eth4@gpu-egg-013",
        ]
      + underlay = "enabled"
    }

  # netris_link.ew_gpu_links["swp4@sw-egg-backend-plane2-leaf06--eth4@gpu-egg-014"] will be created
  + resource "netris_link" "ew_gpu_links" {
      + id       = (known after apply)
      + ports    = [
          + "swp4@sw-egg-backend-plane2-leaf06",
          + "eth4@gpu-egg-014",
        ]
      + underlay = "enabled"
    }

  # netris_link.ew_gpu_links["swp4@sw-egg-backend-plane2-leaf07--eth4@gpu-egg-015"] will be created
  + resource "netris_link" "ew_gpu_links" {
      + id       = (known after apply)
      + ports    = [
          + "swp4@sw-egg-backend-plane2-leaf07",
          + "eth4@gpu-egg-015",
        ]
      + underlay = "enabled"
    }

  # netris_link.ew_gpu_links["swp4@sw-egg-backend-plane2-leaf08--eth4@gpu-egg-016"] will be created
  + resource "netris_link" "ew_gpu_links" {
      + id       = (known after apply)
      + ports    = [
          + "swp4@sw-egg-backend-plane2-leaf08",
          + "eth4@gpu-egg-016",
        ]
      + underlay = "enabled"
    }

  # netris_link.ew_gpu_links["swp4@sw-egg-backend-plane3-leaf01--eth6@gpu-egg-009"] will be created
  + resource "netris_link" "ew_gpu_links" {
      + id       = (known after apply)
      + ports    = [
          + "swp4@sw-egg-backend-plane3-leaf01",
          + "eth6@gpu-egg-009",
        ]
      + underlay = "enabled"
    }

  # netris_link.ew_gpu_links["swp4@sw-egg-backend-plane3-leaf02--eth6@gpu-egg-010"] will be created
  + resource "netris_link" "ew_gpu_links" {
      + id       = (known after apply)
      + ports    = [
          + "swp4@sw-egg-backend-plane3-leaf02",
          + "eth6@gpu-egg-010",
        ]
      + underlay = "enabled"
    }

  # netris_link.ew_gpu_links["swp4@sw-egg-backend-plane3-leaf03--eth6@gpu-egg-011"] will be created
  + resource "netris_link" "ew_gpu_links" {
      + id       = (known after apply)
      + ports    = [
          + "swp4@sw-egg-backend-plane3-leaf03",
          + "eth6@gpu-egg-011",
        ]
      + underlay = "enabled"
    }

  # netris_link.ew_gpu_links["swp4@sw-egg-backend-plane3-leaf04--eth6@gpu-egg-012"] will be created
  + resource "netris_link" "ew_gpu_links" {
      + id       = (known after apply)
      + ports    = [
          + "swp4@sw-egg-backend-plane3-leaf04",
          + "eth6@gpu-egg-012",
        ]
      + underlay = "enabled"
    }

  # netris_link.ew_gpu_links["swp4@sw-egg-backend-plane3-leaf05--eth6@gpu-egg-013"] will be created
  + resource "netris_link" "ew_gpu_links" {
      + id       = (known after apply)
      + ports    = [
          + "swp4@sw-egg-backend-plane3-leaf05",
          + "eth6@gpu-egg-013",
        ]
      + underlay = "enabled"
    }

  # netris_link.ew_gpu_links["swp4@sw-egg-backend-plane3-leaf06--eth6@gpu-egg-014"] will be created
  + resource "netris_link" "ew_gpu_links" {
      + id       = (known after apply)
      + ports    = [
          + "swp4@sw-egg-backend-plane3-leaf06",
          + "eth6@gpu-egg-014",
        ]
      + underlay = "enabled"
    }

  # netris_link.ew_gpu_links["swp4@sw-egg-backend-plane3-leaf07--eth6@gpu-egg-015"] will be created
  + resource "netris_link" "ew_gpu_links" {
      + id       = (known after apply)
      + ports    = [
          + "swp4@sw-egg-backend-plane3-leaf07",
          + "eth6@gpu-egg-015",
        ]
      + underlay = "enabled"
    }

  # netris_link.ew_gpu_links["swp4@sw-egg-backend-plane3-leaf08--eth6@gpu-egg-016"] will be created
  + resource "netris_link" "ew_gpu_links" {
      + id       = (known after apply)
      + ports    = [
          + "swp4@sw-egg-backend-plane3-leaf08",
          + "eth6@gpu-egg-016",
        ]
      + underlay = "enabled"
    }

  # netris_link.ew_gpu_links["swp4@sw-egg-backend-plane4-leaf01--eth8@gpu-egg-009"] will be created
  + resource "netris_link" "ew_gpu_links" {
      + id       = (known after apply)
      + ports    = [
          + "swp4@sw-egg-backend-plane4-leaf01",
          + "eth8@gpu-egg-009",
        ]
      + underlay = "enabled"
    }

  # netris_link.ew_gpu_links["swp4@sw-egg-backend-plane4-leaf02--eth8@gpu-egg-010"] will be created
  + resource "netris_link" "ew_gpu_links" {
      + id       = (known after apply)
      + ports    = [
          + "swp4@sw-egg-backend-plane4-leaf02",
          + "eth8@gpu-egg-010",
        ]
      + underlay = "enabled"
    }

  # netris_link.ew_gpu_links["swp4@sw-egg-backend-plane4-leaf03--eth8@gpu-egg-011"] will be created
  + resource "netris_link" "ew_gpu_links" {
      + id       = (known after apply)
      + ports    = [
          + "swp4@sw-egg-backend-plane4-leaf03",
          + "eth8@gpu-egg-011",
        ]
      + underlay = "enabled"
    }

  # netris_link.ew_gpu_links["swp4@sw-egg-backend-plane4-leaf04--eth8@gpu-egg-012"] will be created
  + resource "netris_link" "ew_gpu_links" {
      + id       = (known after apply)
      + ports    = [
          + "swp4@sw-egg-backend-plane4-leaf04",
          + "eth8@gpu-egg-012",
        ]
      + underlay = "enabled"
    }

  # netris_link.ew_gpu_links["swp4@sw-egg-backend-plane4-leaf05--eth8@gpu-egg-013"] will be created
  + resource "netris_link" "ew_gpu_links" {
      + id       = (known after apply)
      + ports    = [
          + "swp4@sw-egg-backend-plane4-leaf05",
          + "eth8@gpu-egg-013",
        ]
      + underlay = "enabled"
    }

  # netris_link.ew_gpu_links["swp4@sw-egg-backend-plane4-leaf06--eth8@gpu-egg-014"] will be created
  + resource "netris_link" "ew_gpu_links" {
      + id       = (known after apply)
      + ports    = [
          + "swp4@sw-egg-backend-plane4-leaf06",
          + "eth8@gpu-egg-014",
        ]
      + underlay = "enabled"
    }

  # netris_link.ew_gpu_links["swp4@sw-egg-backend-plane4-leaf07--eth8@gpu-egg-015"] will be created
  + resource "netris_link" "ew_gpu_links" {
      + id       = (known after apply)
      + ports    = [
          + "swp4@sw-egg-backend-plane4-leaf07",
          + "eth8@gpu-egg-015",
        ]
      + underlay = "enabled"
    }

  # netris_link.ew_gpu_links["swp4@sw-egg-backend-plane4-leaf08--eth8@gpu-egg-016"] will be created
  + resource "netris_link" "ew_gpu_links" {
      + id       = (known after apply)
      + ports    = [
          + "swp4@sw-egg-backend-plane4-leaf08",
          + "eth8@gpu-egg-016",
        ]
      + underlay = "enabled"
    }

  # netris_link.ew_gpu_links["swp5@sw-egg-backend-plane1-leaf01--eth1@gpu-egg-017"] will be created
  + resource "netris_link" "ew_gpu_links" {
      + id       = (known after apply)
      + ports    = [
          + "swp5@sw-egg-backend-plane1-leaf01",
          + "eth1@gpu-egg-017",
        ]
      + underlay = "enabled"
    }

  # netris_link.ew_gpu_links["swp5@sw-egg-backend-plane1-leaf02--eth1@gpu-egg-018"] will be created
  + resource "netris_link" "ew_gpu_links" {
      + id       = (known after apply)
      + ports    = [
          + "swp5@sw-egg-backend-plane1-leaf02",
          + "eth1@gpu-egg-018",
        ]
      + underlay = "enabled"
    }

  # netris_link.ew_gpu_links["swp5@sw-egg-backend-plane1-leaf03--eth1@gpu-egg-019"] will be created
  + resource "netris_link" "ew_gpu_links" {
      + id       = (known after apply)
      + ports    = [
          + "swp5@sw-egg-backend-plane1-leaf03",
          + "eth1@gpu-egg-019",
        ]
      + underlay = "enabled"
    }

  # netris_link.ew_gpu_links["swp5@sw-egg-backend-plane1-leaf04--eth1@gpu-egg-020"] will be created
  + resource "netris_link" "ew_gpu_links" {
      + id       = (known after apply)
      + ports    = [
          + "swp5@sw-egg-backend-plane1-leaf04",
          + "eth1@gpu-egg-020",
        ]
      + underlay = "enabled"
    }

  # netris_link.ew_gpu_links["swp5@sw-egg-backend-plane1-leaf05--eth1@gpu-egg-021"] will be created
  + resource "netris_link" "ew_gpu_links" {
      + id       = (known after apply)
      + ports    = [
          + "swp5@sw-egg-backend-plane1-leaf05",
          + "eth1@gpu-egg-021",
        ]
      + underlay = "enabled"
    }

  # netris_link.ew_gpu_links["swp5@sw-egg-backend-plane1-leaf06--eth1@gpu-egg-022"] will be created
  + resource "netris_link" "ew_gpu_links" {
      + id       = (known after apply)
      + ports    = [
          + "swp5@sw-egg-backend-plane1-leaf06",
          + "eth1@gpu-egg-022",
        ]
      + underlay = "enabled"
    }

  # netris_link.ew_gpu_links["swp5@sw-egg-backend-plane1-leaf07--eth1@gpu-egg-023"] will be created
  + resource "netris_link" "ew_gpu_links" {
      + id       = (known after apply)
      + ports    = [
          + "swp5@sw-egg-backend-plane1-leaf07",
          + "eth1@gpu-egg-023",
        ]
      + underlay = "enabled"
    }

  # netris_link.ew_gpu_links["swp5@sw-egg-backend-plane1-leaf08--eth1@gpu-egg-024"] will be created
  + resource "netris_link" "ew_gpu_links" {
      + id       = (known after apply)
      + ports    = [
          + "swp5@sw-egg-backend-plane1-leaf08",
          + "eth1@gpu-egg-024",
        ]
      + underlay = "enabled"
    }

  # netris_link.ew_gpu_links["swp5@sw-egg-backend-plane2-leaf01--eth3@gpu-egg-017"] will be created
  + resource "netris_link" "ew_gpu_links" {
      + id       = (known after apply)
      + ports    = [
          + "swp5@sw-egg-backend-plane2-leaf01",
          + "eth3@gpu-egg-017",
        ]
      + underlay = "enabled"
    }

  # netris_link.ew_gpu_links["swp5@sw-egg-backend-plane2-leaf02--eth3@gpu-egg-018"] will be created
  + resource "netris_link" "ew_gpu_links" {
      + id       = (known after apply)
      + ports    = [
          + "swp5@sw-egg-backend-plane2-leaf02",
          + "eth3@gpu-egg-018",
        ]
      + underlay = "enabled"
    }

  # netris_link.ew_gpu_links["swp5@sw-egg-backend-plane2-leaf03--eth3@gpu-egg-019"] will be created
  + resource "netris_link" "ew_gpu_links" {
      + id       = (known after apply)
      + ports    = [
          + "swp5@sw-egg-backend-plane2-leaf03",
          + "eth3@gpu-egg-019",
        ]
      + underlay = "enabled"
    }

  # netris_link.ew_gpu_links["swp5@sw-egg-backend-plane2-leaf04--eth3@gpu-egg-020"] will be created
  + resource "netris_link" "ew_gpu_links" {
      + id       = (known after apply)
      + ports    = [
          + "swp5@sw-egg-backend-plane2-leaf04",
          + "eth3@gpu-egg-020",
        ]
      + underlay = "enabled"
    }

  # netris_link.ew_gpu_links["swp5@sw-egg-backend-plane2-leaf05--eth3@gpu-egg-021"] will be created
  + resource "netris_link" "ew_gpu_links" {
      + id       = (known after apply)
      + ports    = [
          + "swp5@sw-egg-backend-plane2-leaf05",
          + "eth3@gpu-egg-021",
        ]
      + underlay = "enabled"
    }

  # netris_link.ew_gpu_links["swp5@sw-egg-backend-plane2-leaf06--eth3@gpu-egg-022"] will be created
  + resource "netris_link" "ew_gpu_links" {
      + id       = (known after apply)
      + ports    = [
          + "swp5@sw-egg-backend-plane2-leaf06",
          + "eth3@gpu-egg-022",
        ]
      + underlay = "enabled"
    }

  # netris_link.ew_gpu_links["swp5@sw-egg-backend-plane2-leaf07--eth3@gpu-egg-023"] will be created
  + resource "netris_link" "ew_gpu_links" {
      + id       = (known after apply)
      + ports    = [
          + "swp5@sw-egg-backend-plane2-leaf07",
          + "eth3@gpu-egg-023",
        ]
      + underlay = "enabled"
    }

  # netris_link.ew_gpu_links["swp5@sw-egg-backend-plane2-leaf08--eth3@gpu-egg-024"] will be created
  + resource "netris_link" "ew_gpu_links" {
      + id       = (known after apply)
      + ports    = [
          + "swp5@sw-egg-backend-plane2-leaf08",
          + "eth3@gpu-egg-024",
        ]
      + underlay = "enabled"
    }

  # netris_link.ew_gpu_links["swp5@sw-egg-backend-plane3-leaf01--eth5@gpu-egg-017"] will be created
  + resource "netris_link" "ew_gpu_links" {
      + id       = (known after apply)
      + ports    = [
          + "swp5@sw-egg-backend-plane3-leaf01",
          + "eth5@gpu-egg-017",
        ]
      + underlay = "enabled"
    }

  # netris_link.ew_gpu_links["swp5@sw-egg-backend-plane3-leaf02--eth5@gpu-egg-018"] will be created
  + resource "netris_link" "ew_gpu_links" {
      + id       = (known after apply)
      + ports    = [
          + "swp5@sw-egg-backend-plane3-leaf02",
          + "eth5@gpu-egg-018",
        ]
      + underlay = "enabled"
    }

  # netris_link.ew_gpu_links["swp5@sw-egg-backend-plane3-leaf03--eth5@gpu-egg-019"] will be created
  + resource "netris_link" "ew_gpu_links" {
      + id       = (known after apply)
      + ports    = [
          + "swp5@sw-egg-backend-plane3-leaf03",
          + "eth5@gpu-egg-019",
        ]
      + underlay = "enabled"
    }

  # netris_link.ew_gpu_links["swp5@sw-egg-backend-plane3-leaf04--eth5@gpu-egg-020"] will be created
  + resource "netris_link" "ew_gpu_links" {
      + id       = (known after apply)
      + ports    = [
          + "swp5@sw-egg-backend-plane3-leaf04",
          + "eth5@gpu-egg-020",
        ]
      + underlay = "enabled"
    }

  # netris_link.ew_gpu_links["swp5@sw-egg-backend-plane3-leaf05--eth5@gpu-egg-021"] will be created
  + resource "netris_link" "ew_gpu_links" {
      + id       = (known after apply)
      + ports    = [
          + "swp5@sw-egg-backend-plane3-leaf05",
          + "eth5@gpu-egg-021",
        ]
      + underlay = "enabled"
    }

  # netris_link.ew_gpu_links["swp5@sw-egg-backend-plane3-leaf06--eth5@gpu-egg-022"] will be created
  + resource "netris_link" "ew_gpu_links" {
      + id       = (known after apply)
      + ports    = [
          + "swp5@sw-egg-backend-plane3-leaf06",
          + "eth5@gpu-egg-022",
        ]
      + underlay = "enabled"
    }

  # netris_link.ew_gpu_links["swp5@sw-egg-backend-plane3-leaf07--eth5@gpu-egg-023"] will be created
  + resource "netris_link" "ew_gpu_links" {
      + id       = (known after apply)
      + ports    = [
          + "swp5@sw-egg-backend-plane3-leaf07",
          + "eth5@gpu-egg-023",
        ]
      + underlay = "enabled"
    }

  # netris_link.ew_gpu_links["swp5@sw-egg-backend-plane3-leaf08--eth5@gpu-egg-024"] will be created
  + resource "netris_link" "ew_gpu_links" {
      + id       = (known after apply)
      + ports    = [
          + "swp5@sw-egg-backend-plane3-leaf08",
          + "eth5@gpu-egg-024",
        ]
      + underlay = "enabled"
    }

  # netris_link.ew_gpu_links["swp5@sw-egg-backend-plane4-leaf01--eth7@gpu-egg-017"] will be created
  + resource "netris_link" "ew_gpu_links" {
      + id       = (known after apply)
      + ports    = [
          + "swp5@sw-egg-backend-plane4-leaf01",
          + "eth7@gpu-egg-017",
        ]
      + underlay = "enabled"
    }

  # netris_link.ew_gpu_links["swp5@sw-egg-backend-plane4-leaf02--eth7@gpu-egg-018"] will be created
  + resource "netris_link" "ew_gpu_links" {
      + id       = (known after apply)
      + ports    = [
          + "swp5@sw-egg-backend-plane4-leaf02",
          + "eth7@gpu-egg-018",
        ]
      + underlay = "enabled"
    }

  # netris_link.ew_gpu_links["swp5@sw-egg-backend-plane4-leaf03--eth7@gpu-egg-019"] will be created
  + resource "netris_link" "ew_gpu_links" {
      + id       = (known after apply)
      + ports    = [
          + "swp5@sw-egg-backend-plane4-leaf03",
          + "eth7@gpu-egg-019",
        ]
      + underlay = "enabled"
    }

  # netris_link.ew_gpu_links["swp5@sw-egg-backend-plane4-leaf04--eth7@gpu-egg-020"] will be created
  + resource "netris_link" "ew_gpu_links" {
      + id       = (known after apply)
      + ports    = [
          + "swp5@sw-egg-backend-plane4-leaf04",
          + "eth7@gpu-egg-020",
        ]
      + underlay = "enabled"
    }

  # netris_link.ew_gpu_links["swp5@sw-egg-backend-plane4-leaf05--eth7@gpu-egg-021"] will be created
  + resource "netris_link" "ew_gpu_links" {
      + id       = (known after apply)
      + ports    = [
          + "swp5@sw-egg-backend-plane4-leaf05",
          + "eth7@gpu-egg-021",
        ]
      + underlay = "enabled"
    }

  # netris_link.ew_gpu_links["swp5@sw-egg-backend-plane4-leaf06--eth7@gpu-egg-022"] will be created
  + resource "netris_link" "ew_gpu_links" {
      + id       = (known after apply)
      + ports    = [
          + "swp5@sw-egg-backend-plane4-leaf06",
          + "eth7@gpu-egg-022",
        ]
      + underlay = "enabled"
    }

  # netris_link.ew_gpu_links["swp5@sw-egg-backend-plane4-leaf07--eth7@gpu-egg-023"] will be created
  + resource "netris_link" "ew_gpu_links" {
      + id       = (known after apply)
      + ports    = [
          + "swp5@sw-egg-backend-plane4-leaf07",
          + "eth7@gpu-egg-023",
        ]
      + underlay = "enabled"
    }

  # netris_link.ew_gpu_links["swp5@sw-egg-backend-plane4-leaf08--eth7@gpu-egg-024"] will be created
  + resource "netris_link" "ew_gpu_links" {
      + id       = (known after apply)
      + ports    = [
          + "swp5@sw-egg-backend-plane4-leaf08",
          + "eth7@gpu-egg-024",
        ]
      + underlay = "enabled"
    }

  # netris_link.ew_gpu_links["swp6@sw-egg-backend-plane1-leaf01--eth2@gpu-egg-017"] will be created
  + resource "netris_link" "ew_gpu_links" {
      + id       = (known after apply)
      + ports    = [
          + "swp6@sw-egg-backend-plane1-leaf01",
          + "eth2@gpu-egg-017",
        ]
      + underlay = "enabled"
    }

  # netris_link.ew_gpu_links["swp6@sw-egg-backend-plane1-leaf02--eth2@gpu-egg-018"] will be created
  + resource "netris_link" "ew_gpu_links" {
      + id       = (known after apply)
      + ports    = [
          + "swp6@sw-egg-backend-plane1-leaf02",
          + "eth2@gpu-egg-018",
        ]
      + underlay = "enabled"
    }

  # netris_link.ew_gpu_links["swp6@sw-egg-backend-plane1-leaf03--eth2@gpu-egg-019"] will be created
  + resource "netris_link" "ew_gpu_links" {
      + id       = (known after apply)
      + ports    = [
          + "swp6@sw-egg-backend-plane1-leaf03",
          + "eth2@gpu-egg-019",
        ]
      + underlay = "enabled"
    }

  # netris_link.ew_gpu_links["swp6@sw-egg-backend-plane1-leaf04--eth2@gpu-egg-020"] will be created
  + resource "netris_link" "ew_gpu_links" {
      + id       = (known after apply)
      + ports    = [
          + "swp6@sw-egg-backend-plane1-leaf04",
          + "eth2@gpu-egg-020",
        ]
      + underlay = "enabled"
    }

  # netris_link.ew_gpu_links["swp6@sw-egg-backend-plane1-leaf05--eth2@gpu-egg-021"] will be created
  + resource "netris_link" "ew_gpu_links" {
      + id       = (known after apply)
      + ports    = [
          + "swp6@sw-egg-backend-plane1-leaf05",
          + "eth2@gpu-egg-021",
        ]
      + underlay = "enabled"
    }

  # netris_link.ew_gpu_links["swp6@sw-egg-backend-plane1-leaf06--eth2@gpu-egg-022"] will be created
  + resource "netris_link" "ew_gpu_links" {
      + id       = (known after apply)
      + ports    = [
          + "swp6@sw-egg-backend-plane1-leaf06",
          + "eth2@gpu-egg-022",
        ]
      + underlay = "enabled"
    }

  # netris_link.ew_gpu_links["swp6@sw-egg-backend-plane1-leaf07--eth2@gpu-egg-023"] will be created
  + resource "netris_link" "ew_gpu_links" {
      + id       = (known after apply)
      + ports    = [
          + "swp6@sw-egg-backend-plane1-leaf07",
          + "eth2@gpu-egg-023",
        ]
      + underlay = "enabled"
    }

  # netris_link.ew_gpu_links["swp6@sw-egg-backend-plane1-leaf08--eth2@gpu-egg-024"] will be created
  + resource "netris_link" "ew_gpu_links" {
      + id       = (known after apply)
      + ports    = [
          + "swp6@sw-egg-backend-plane1-leaf08",
          + "eth2@gpu-egg-024",
        ]
      + underlay = "enabled"
    }

  # netris_link.ew_gpu_links["swp6@sw-egg-backend-plane2-leaf01--eth4@gpu-egg-017"] will be created
  + resource "netris_link" "ew_gpu_links" {
      + id       = (known after apply)
      + ports    = [
          + "swp6@sw-egg-backend-plane2-leaf01",
          + "eth4@gpu-egg-017",
        ]
      + underlay = "enabled"
    }

  # netris_link.ew_gpu_links["swp6@sw-egg-backend-plane2-leaf02--eth4@gpu-egg-018"] will be created
  + resource "netris_link" "ew_gpu_links" {
      + id       = (known after apply)
      + ports    = [
          + "swp6@sw-egg-backend-plane2-leaf02",
          + "eth4@gpu-egg-018",
        ]
      + underlay = "enabled"
    }

  # netris_link.ew_gpu_links["swp6@sw-egg-backend-plane2-leaf03--eth4@gpu-egg-019"] will be created
  + resource "netris_link" "ew_gpu_links" {
      + id       = (known after apply)
      + ports    = [
          + "swp6@sw-egg-backend-plane2-leaf03",
          + "eth4@gpu-egg-019",
        ]
      + underlay = "enabled"
    }

  # netris_link.ew_gpu_links["swp6@sw-egg-backend-plane2-leaf04--eth4@gpu-egg-020"] will be created
  + resource "netris_link" "ew_gpu_links" {
      + id       = (known after apply)
      + ports    = [
          + "swp6@sw-egg-backend-plane2-leaf04",
          + "eth4@gpu-egg-020",
        ]
      + underlay = "enabled"
    }

  # netris_link.ew_gpu_links["swp6@sw-egg-backend-plane2-leaf05--eth4@gpu-egg-021"] will be created
  + resource "netris_link" "ew_gpu_links" {
      + id       = (known after apply)
      + ports    = [
          + "swp6@sw-egg-backend-plane2-leaf05",
          + "eth4@gpu-egg-021",
        ]
      + underlay = "enabled"
    }

  # netris_link.ew_gpu_links["swp6@sw-egg-backend-plane2-leaf06--eth4@gpu-egg-022"] will be created
  + resource "netris_link" "ew_gpu_links" {
      + id       = (known after apply)
      + ports    = [
          + "swp6@sw-egg-backend-plane2-leaf06",
          + "eth4@gpu-egg-022",
        ]
      + underlay = "enabled"
    }

  # netris_link.ew_gpu_links["swp6@sw-egg-backend-plane2-leaf07--eth4@gpu-egg-023"] will be created
  + resource "netris_link" "ew_gpu_links" {
      + id       = (known after apply)
      + ports    = [
          + "swp6@sw-egg-backend-plane2-leaf07",
          + "eth4@gpu-egg-023",
        ]
      + underlay = "enabled"
    }

  # netris_link.ew_gpu_links["swp6@sw-egg-backend-plane2-leaf08--eth4@gpu-egg-024"] will be created
  + resource "netris_link" "ew_gpu_links" {
      + id       = (known after apply)
      + ports    = [
          + "swp6@sw-egg-backend-plane2-leaf08",
          + "eth4@gpu-egg-024",
        ]
      + underlay = "enabled"
    }

  # netris_link.ew_gpu_links["swp6@sw-egg-backend-plane3-leaf01--eth6@gpu-egg-017"] will be created
  + resource "netris_link" "ew_gpu_links" {
      + id       = (known after apply)
      + ports    = [
          + "swp6@sw-egg-backend-plane3-leaf01",
          + "eth6@gpu-egg-017",
        ]
      + underlay = "enabled"
    }

  # netris_link.ew_gpu_links["swp6@sw-egg-backend-plane3-leaf02--eth6@gpu-egg-018"] will be created
  + resource "netris_link" "ew_gpu_links" {
      + id       = (known after apply)
      + ports    = [
          + "swp6@sw-egg-backend-plane3-leaf02",
          + "eth6@gpu-egg-018",
        ]
      + underlay = "enabled"
    }

  # netris_link.ew_gpu_links["swp6@sw-egg-backend-plane3-leaf03--eth6@gpu-egg-019"] will be created
  + resource "netris_link" "ew_gpu_links" {
      + id       = (known after apply)
      + ports    = [
          + "swp6@sw-egg-backend-plane3-leaf03",
          + "eth6@gpu-egg-019",
        ]
      + underlay = "enabled"
    }

  # netris_link.ew_gpu_links["swp6@sw-egg-backend-plane3-leaf04--eth6@gpu-egg-020"] will be created
  + resource "netris_link" "ew_gpu_links" {
      + id       = (known after apply)
      + ports    = [
          + "swp6@sw-egg-backend-plane3-leaf04",
          + "eth6@gpu-egg-020",
        ]
      + underlay = "enabled"
    }

  # netris_link.ew_gpu_links["swp6@sw-egg-backend-plane3-leaf05--eth6@gpu-egg-021"] will be created
  + resource "netris_link" "ew_gpu_links" {
      + id       = (known after apply)
      + ports    = [
          + "swp6@sw-egg-backend-plane3-leaf05",
          + "eth6@gpu-egg-021",
        ]
      + underlay = "enabled"
    }

  # netris_link.ew_gpu_links["swp6@sw-egg-backend-plane3-leaf06--eth6@gpu-egg-022"] will be created
  + resource "netris_link" "ew_gpu_links" {
      + id       = (known after apply)
      + ports    = [
          + "swp6@sw-egg-backend-plane3-leaf06",
          + "eth6@gpu-egg-022",
        ]
      + underlay = "enabled"
    }

  # netris_link.ew_gpu_links["swp6@sw-egg-backend-plane3-leaf07--eth6@gpu-egg-023"] will be created
  + resource "netris_link" "ew_gpu_links" {
      + id       = (known after apply)
      + ports    = [
          + "swp6@sw-egg-backend-plane3-leaf07",
          + "eth6@gpu-egg-023",
        ]
      + underlay = "enabled"
    }

  # netris_link.ew_gpu_links["swp6@sw-egg-backend-plane3-leaf08--eth6@gpu-egg-024"] will be created
  + resource "netris_link" "ew_gpu_links" {
      + id       = (known after apply)
      + ports    = [
          + "swp6@sw-egg-backend-plane3-leaf08",
          + "eth6@gpu-egg-024",
        ]
      + underlay = "enabled"
    }

  # netris_link.ew_gpu_links["swp6@sw-egg-backend-plane4-leaf01--eth8@gpu-egg-017"] will be created
  + resource "netris_link" "ew_gpu_links" {
      + id       = (known after apply)
      + ports    = [
          + "swp6@sw-egg-backend-plane4-leaf01",
          + "eth8@gpu-egg-017",
        ]
      + underlay = "enabled"
    }

  # netris_link.ew_gpu_links["swp6@sw-egg-backend-plane4-leaf02--eth8@gpu-egg-018"] will be created
  + resource "netris_link" "ew_gpu_links" {
      + id       = (known after apply)
      + ports    = [
          + "swp6@sw-egg-backend-plane4-leaf02",
          + "eth8@gpu-egg-018",
        ]
      + underlay = "enabled"
    }

  # netris_link.ew_gpu_links["swp6@sw-egg-backend-plane4-leaf03--eth8@gpu-egg-019"] will be created
  + resource "netris_link" "ew_gpu_links" {
      + id       = (known after apply)
      + ports    = [
          + "swp6@sw-egg-backend-plane4-leaf03",
          + "eth8@gpu-egg-019",
        ]
      + underlay = "enabled"
    }

  # netris_link.ew_gpu_links["swp6@sw-egg-backend-plane4-leaf04--eth8@gpu-egg-020"] will be created
  + resource "netris_link" "ew_gpu_links" {
      + id       = (known after apply)
      + ports    = [
          + "swp6@sw-egg-backend-plane4-leaf04",
          + "eth8@gpu-egg-020",
        ]
      + underlay = "enabled"
    }

  # netris_link.ew_gpu_links["swp6@sw-egg-backend-plane4-leaf05--eth8@gpu-egg-021"] will be created
  + resource "netris_link" "ew_gpu_links" {
      + id       = (known after apply)
      + ports    = [
          + "swp6@sw-egg-backend-plane4-leaf05",
          + "eth8@gpu-egg-021",
        ]
      + underlay = "enabled"
    }

  # netris_link.ew_gpu_links["swp6@sw-egg-backend-plane4-leaf06--eth8@gpu-egg-022"] will be created
  + resource "netris_link" "ew_gpu_links" {
      + id       = (known after apply)
      + ports    = [
          + "swp6@sw-egg-backend-plane4-leaf06",
          + "eth8@gpu-egg-022",
        ]
      + underlay = "enabled"
    }

  # netris_link.ew_gpu_links["swp6@sw-egg-backend-plane4-leaf07--eth8@gpu-egg-023"] will be created
  + resource "netris_link" "ew_gpu_links" {
      + id       = (known after apply)
      + ports    = [
          + "swp6@sw-egg-backend-plane4-leaf07",
          + "eth8@gpu-egg-023",
        ]
      + underlay = "enabled"
    }

  # netris_link.ew_gpu_links["swp6@sw-egg-backend-plane4-leaf08--eth8@gpu-egg-024"] will be created
  + resource "netris_link" "ew_gpu_links" {
      + id       = (known after apply)
      + ports    = [
          + "swp6@sw-egg-backend-plane4-leaf08",
          + "eth8@gpu-egg-024",
        ]
      + underlay = "enabled"
    }

  # netris_link.ew_gpu_links["swp7@sw-egg-backend-plane1-leaf01--eth1@gpu-egg-025"] will be created
  + resource "netris_link" "ew_gpu_links" {
      + id       = (known after apply)
      + ports    = [
          + "swp7@sw-egg-backend-plane1-leaf01",
          + "eth1@gpu-egg-025",
        ]
      + underlay = "enabled"
    }

  # netris_link.ew_gpu_links["swp7@sw-egg-backend-plane1-leaf02--eth1@gpu-egg-026"] will be created
  + resource "netris_link" "ew_gpu_links" {
      + id       = (known after apply)
      + ports    = [
          + "swp7@sw-egg-backend-plane1-leaf02",
          + "eth1@gpu-egg-026",
        ]
      + underlay = "enabled"
    }

  # netris_link.ew_gpu_links["swp7@sw-egg-backend-plane1-leaf03--eth1@gpu-egg-027"] will be created
  + resource "netris_link" "ew_gpu_links" {
      + id       = (known after apply)
      + ports    = [
          + "swp7@sw-egg-backend-plane1-leaf03",
          + "eth1@gpu-egg-027",
        ]
      + underlay = "enabled"
    }

  # netris_link.ew_gpu_links["swp7@sw-egg-backend-plane1-leaf04--eth1@gpu-egg-028"] will be created
  + resource "netris_link" "ew_gpu_links" {
      + id       = (known after apply)
      + ports    = [
          + "swp7@sw-egg-backend-plane1-leaf04",
          + "eth1@gpu-egg-028",
        ]
      + underlay = "enabled"
    }

  # netris_link.ew_gpu_links["swp7@sw-egg-backend-plane1-leaf05--eth1@gpu-egg-029"] will be created
  + resource "netris_link" "ew_gpu_links" {
      + id       = (known after apply)
      + ports    = [
          + "swp7@sw-egg-backend-plane1-leaf05",
          + "eth1@gpu-egg-029",
        ]
      + underlay = "enabled"
    }

  # netris_link.ew_gpu_links["swp7@sw-egg-backend-plane1-leaf06--eth1@gpu-egg-030"] will be created
  + resource "netris_link" "ew_gpu_links" {
      + id       = (known after apply)
      + ports    = [
          + "swp7@sw-egg-backend-plane1-leaf06",
          + "eth1@gpu-egg-030",
        ]
      + underlay = "enabled"
    }

  # netris_link.ew_gpu_links["swp7@sw-egg-backend-plane1-leaf07--eth1@gpu-egg-031"] will be created
  + resource "netris_link" "ew_gpu_links" {
      + id       = (known after apply)
      + ports    = [
          + "swp7@sw-egg-backend-plane1-leaf07",
          + "eth1@gpu-egg-031",
        ]
      + underlay = "enabled"
    }

  # netris_link.ew_gpu_links["swp7@sw-egg-backend-plane1-leaf08--eth1@gpu-egg-032"] will be created
  + resource "netris_link" "ew_gpu_links" {
      + id       = (known after apply)
      + ports    = [
          + "swp7@sw-egg-backend-plane1-leaf08",
          + "eth1@gpu-egg-032",
        ]
      + underlay = "enabled"
    }

  # netris_link.ew_gpu_links["swp7@sw-egg-backend-plane2-leaf01--eth3@gpu-egg-025"] will be created
  + resource "netris_link" "ew_gpu_links" {
      + id       = (known after apply)
      + ports    = [
          + "swp7@sw-egg-backend-plane2-leaf01",
          + "eth3@gpu-egg-025",
        ]
      + underlay = "enabled"
    }

  # netris_link.ew_gpu_links["swp7@sw-egg-backend-plane2-leaf02--eth3@gpu-egg-026"] will be created
  + resource "netris_link" "ew_gpu_links" {
      + id       = (known after apply)
      + ports    = [
          + "swp7@sw-egg-backend-plane2-leaf02",
          + "eth3@gpu-egg-026",
        ]
      + underlay = "enabled"
    }

  # netris_link.ew_gpu_links["swp7@sw-egg-backend-plane2-leaf03--eth3@gpu-egg-027"] will be created
  + resource "netris_link" "ew_gpu_links" {
      + id       = (known after apply)
      + ports    = [
          + "swp7@sw-egg-backend-plane2-leaf03",
          + "eth3@gpu-egg-027",
        ]
      + underlay = "enabled"
    }

  # netris_link.ew_gpu_links["swp7@sw-egg-backend-plane2-leaf04--eth3@gpu-egg-028"] will be created
  + resource "netris_link" "ew_gpu_links" {
      + id       = (known after apply)
      + ports    = [
          + "swp7@sw-egg-backend-plane2-leaf04",
          + "eth3@gpu-egg-028",
        ]
      + underlay = "enabled"
    }

  # netris_link.ew_gpu_links["swp7@sw-egg-backend-plane2-leaf05--eth3@gpu-egg-029"] will be created
  + resource "netris_link" "ew_gpu_links" {
      + id       = (known after apply)
      + ports    = [
          + "swp7@sw-egg-backend-plane2-leaf05",
          + "eth3@gpu-egg-029",
        ]
      + underlay = "enabled"
    }

  # netris_link.ew_gpu_links["swp7@sw-egg-backend-plane2-leaf06--eth3@gpu-egg-030"] will be created
  + resource "netris_link" "ew_gpu_links" {
      + id       = (known after apply)
      + ports    = [
          + "swp7@sw-egg-backend-plane2-leaf06",
          + "eth3@gpu-egg-030",
        ]
      + underlay = "enabled"
    }

  # netris_link.ew_gpu_links["swp7@sw-egg-backend-plane2-leaf07--eth3@gpu-egg-031"] will be created
  + resource "netris_link" "ew_gpu_links" {
      + id       = (known after apply)
      + ports    = [
          + "swp7@sw-egg-backend-plane2-leaf07",
          + "eth3@gpu-egg-031",
        ]
      + underlay = "enabled"
    }

  # netris_link.ew_gpu_links["swp7@sw-egg-backend-plane2-leaf08--eth3@gpu-egg-032"] will be created
  + resource "netris_link" "ew_gpu_links" {
      + id       = (known after apply)
      + ports    = [
          + "swp7@sw-egg-backend-plane2-leaf08",
          + "eth3@gpu-egg-032",
        ]
      + underlay = "enabled"
    }

  # netris_link.ew_gpu_links["swp7@sw-egg-backend-plane3-leaf01--eth5@gpu-egg-025"] will be created
  + resource "netris_link" "ew_gpu_links" {
      + id       = (known after apply)
      + ports    = [
          + "swp7@sw-egg-backend-plane3-leaf01",
          + "eth5@gpu-egg-025",
        ]
      + underlay = "enabled"
    }

  # netris_link.ew_gpu_links["swp7@sw-egg-backend-plane3-leaf02--eth5@gpu-egg-026"] will be created
  + resource "netris_link" "ew_gpu_links" {
      + id       = (known after apply)
      + ports    = [
          + "swp7@sw-egg-backend-plane3-leaf02",
          + "eth5@gpu-egg-026",
        ]
      + underlay = "enabled"
    }

  # netris_link.ew_gpu_links["swp7@sw-egg-backend-plane3-leaf03--eth5@gpu-egg-027"] will be created
  + resource "netris_link" "ew_gpu_links" {
      + id       = (known after apply)
      + ports    = [
          + "swp7@sw-egg-backend-plane3-leaf03",
          + "eth5@gpu-egg-027",
        ]
      + underlay = "enabled"
    }

  # netris_link.ew_gpu_links["swp7@sw-egg-backend-plane3-leaf04--eth5@gpu-egg-028"] will be created
  + resource "netris_link" "ew_gpu_links" {
      + id       = (known after apply)
      + ports    = [
          + "swp7@sw-egg-backend-plane3-leaf04",
          + "eth5@gpu-egg-028",
        ]
      + underlay = "enabled"
    }

  # netris_link.ew_gpu_links["swp7@sw-egg-backend-plane3-leaf05--eth5@gpu-egg-029"] will be created
  + resource "netris_link" "ew_gpu_links" {
      + id       = (known after apply)
      + ports    = [
          + "swp7@sw-egg-backend-plane3-leaf05",
          + "eth5@gpu-egg-029",
        ]
      + underlay = "enabled"
    }

  # netris_link.ew_gpu_links["swp7@sw-egg-backend-plane3-leaf06--eth5@gpu-egg-030"] will be created
  + resource "netris_link" "ew_gpu_links" {
      + id       = (known after apply)
      + ports    = [
          + "swp7@sw-egg-backend-plane3-leaf06",
          + "eth5@gpu-egg-030",
        ]
      + underlay = "enabled"
    }

  # netris_link.ew_gpu_links["swp7@sw-egg-backend-plane3-leaf07--eth5@gpu-egg-031"] will be created
  + resource "netris_link" "ew_gpu_links" {
      + id       = (known after apply)
      + ports    = [
          + "swp7@sw-egg-backend-plane3-leaf07",
          + "eth5@gpu-egg-031",
        ]
      + underlay = "enabled"
    }

  # netris_link.ew_gpu_links["swp7@sw-egg-backend-plane3-leaf08--eth5@gpu-egg-032"] will be created
  + resource "netris_link" "ew_gpu_links" {
      + id       = (known after apply)
      + ports    = [
          + "swp7@sw-egg-backend-plane3-leaf08",
          + "eth5@gpu-egg-032",
        ]
      + underlay = "enabled"
    }

  # netris_link.ew_gpu_links["swp7@sw-egg-backend-plane4-leaf01--eth7@gpu-egg-025"] will be created
  + resource "netris_link" "ew_gpu_links" {
      + id       = (known after apply)
      + ports    = [
          + "swp7@sw-egg-backend-plane4-leaf01",
          + "eth7@gpu-egg-025",
        ]
      + underlay = "enabled"
    }

  # netris_link.ew_gpu_links["swp7@sw-egg-backend-plane4-leaf02--eth7@gpu-egg-026"] will be created
  + resource "netris_link" "ew_gpu_links" {
      + id       = (known after apply)
      + ports    = [
          + "swp7@sw-egg-backend-plane4-leaf02",
          + "eth7@gpu-egg-026",
        ]
      + underlay = "enabled"
    }

  # netris_link.ew_gpu_links["swp7@sw-egg-backend-plane4-leaf03--eth7@gpu-egg-027"] will be created
  + resource "netris_link" "ew_gpu_links" {
      + id       = (known after apply)
      + ports    = [
          + "swp7@sw-egg-backend-plane4-leaf03",
          + "eth7@gpu-egg-027",
        ]
      + underlay = "enabled"
    }

  # netris_link.ew_gpu_links["swp7@sw-egg-backend-plane4-leaf04--eth7@gpu-egg-028"] will be created
  + resource "netris_link" "ew_gpu_links" {
      + id       = (known after apply)
      + ports    = [
          + "swp7@sw-egg-backend-plane4-leaf04",
          + "eth7@gpu-egg-028",
        ]
      + underlay = "enabled"
    }

  # netris_link.ew_gpu_links["swp7@sw-egg-backend-plane4-leaf05--eth7@gpu-egg-029"] will be created
  + resource "netris_link" "ew_gpu_links" {
      + id       = (known after apply)
      + ports    = [
          + "swp7@sw-egg-backend-plane4-leaf05",
          + "eth7@gpu-egg-029",
        ]
      + underlay = "enabled"
    }

  # netris_link.ew_gpu_links["swp7@sw-egg-backend-plane4-leaf06--eth7@gpu-egg-030"] will be created
  + resource "netris_link" "ew_gpu_links" {
      + id       = (known after apply)
      + ports    = [
          + "swp7@sw-egg-backend-plane4-leaf06",
          + "eth7@gpu-egg-030",
        ]
      + underlay = "enabled"
    }

  # netris_link.ew_gpu_links["swp7@sw-egg-backend-plane4-leaf07--eth7@gpu-egg-031"] will be created
  + resource "netris_link" "ew_gpu_links" {
      + id       = (known after apply)
      + ports    = [
          + "swp7@sw-egg-backend-plane4-leaf07",
          + "eth7@gpu-egg-031",
        ]
      + underlay = "enabled"
    }

  # netris_link.ew_gpu_links["swp7@sw-egg-backend-plane4-leaf08--eth7@gpu-egg-032"] will be created
  + resource "netris_link" "ew_gpu_links" {
      + id       = (known after apply)
      + ports    = [
          + "swp7@sw-egg-backend-plane4-leaf08",
          + "eth7@gpu-egg-032",
        ]
      + underlay = "enabled"
    }

  # netris_link.ew_gpu_links["swp8@sw-egg-backend-plane1-leaf01--eth2@gpu-egg-025"] will be created
  + resource "netris_link" "ew_gpu_links" {
      + id       = (known after apply)
      + ports    = [
          + "swp8@sw-egg-backend-plane1-leaf01",
          + "eth2@gpu-egg-025",
        ]
      + underlay = "enabled"
    }

  # netris_link.ew_gpu_links["swp8@sw-egg-backend-plane1-leaf02--eth2@gpu-egg-026"] will be created
  + resource "netris_link" "ew_gpu_links" {
      + id       = (known after apply)
      + ports    = [
          + "swp8@sw-egg-backend-plane1-leaf02",
          + "eth2@gpu-egg-026",
        ]
      + underlay = "enabled"
    }

  # netris_link.ew_gpu_links["swp8@sw-egg-backend-plane1-leaf03--eth2@gpu-egg-027"] will be created
  + resource "netris_link" "ew_gpu_links" {
      + id       = (known after apply)
      + ports    = [
          + "swp8@sw-egg-backend-plane1-leaf03",
          + "eth2@gpu-egg-027",
        ]
      + underlay = "enabled"
    }

  # netris_link.ew_gpu_links["swp8@sw-egg-backend-plane1-leaf04--eth2@gpu-egg-028"] will be created
  + resource "netris_link" "ew_gpu_links" {
      + id       = (known after apply)
      + ports    = [
          + "swp8@sw-egg-backend-plane1-leaf04",
          + "eth2@gpu-egg-028",
        ]
      + underlay = "enabled"
    }

  # netris_link.ew_gpu_links["swp8@sw-egg-backend-plane1-leaf05--eth2@gpu-egg-029"] will be created
  + resource "netris_link" "ew_gpu_links" {
      + id       = (known after apply)
      + ports    = [
          + "swp8@sw-egg-backend-plane1-leaf05",
          + "eth2@gpu-egg-029",
        ]
      + underlay = "enabled"
    }

  # netris_link.ew_gpu_links["swp8@sw-egg-backend-plane1-leaf06--eth2@gpu-egg-030"] will be created
  + resource "netris_link" "ew_gpu_links" {
      + id       = (known after apply)
      + ports    = [
          + "swp8@sw-egg-backend-plane1-leaf06",
          + "eth2@gpu-egg-030",
        ]
      + underlay = "enabled"
    }

  # netris_link.ew_gpu_links["swp8@sw-egg-backend-plane1-leaf07--eth2@gpu-egg-031"] will be created
  + resource "netris_link" "ew_gpu_links" {
      + id       = (known after apply)
      + ports    = [
          + "swp8@sw-egg-backend-plane1-leaf07",
          + "eth2@gpu-egg-031",
        ]
      + underlay = "enabled"
    }

  # netris_link.ew_gpu_links["swp8@sw-egg-backend-plane1-leaf08--eth2@gpu-egg-032"] will be created
  + resource "netris_link" "ew_gpu_links" {
      + id       = (known after apply)
      + ports    = [
          + "swp8@sw-egg-backend-plane1-leaf08",
          + "eth2@gpu-egg-032",
        ]
      + underlay = "enabled"
    }

  # netris_link.ew_gpu_links["swp8@sw-egg-backend-plane2-leaf01--eth4@gpu-egg-025"] will be created
  + resource "netris_link" "ew_gpu_links" {
      + id       = (known after apply)
      + ports    = [
          + "swp8@sw-egg-backend-plane2-leaf01",
          + "eth4@gpu-egg-025",
        ]
      + underlay = "enabled"
    }

  # netris_link.ew_gpu_links["swp8@sw-egg-backend-plane2-leaf02--eth4@gpu-egg-026"] will be created
  + resource "netris_link" "ew_gpu_links" {
      + id       = (known after apply)
      + ports    = [
          + "swp8@sw-egg-backend-plane2-leaf02",
          + "eth4@gpu-egg-026",
        ]
      + underlay = "enabled"
    }

  # netris_link.ew_gpu_links["swp8@sw-egg-backend-plane2-leaf03--eth4@gpu-egg-027"] will be created
  + resource "netris_link" "ew_gpu_links" {
      + id       = (known after apply)
      + ports    = [
          + "swp8@sw-egg-backend-plane2-leaf03",
          + "eth4@gpu-egg-027",
        ]
      + underlay = "enabled"
    }

  # netris_link.ew_gpu_links["swp8@sw-egg-backend-plane2-leaf04--eth4@gpu-egg-028"] will be created
  + resource "netris_link" "ew_gpu_links" {
      + id       = (known after apply)
      + ports    = [
          + "swp8@sw-egg-backend-plane2-leaf04",
          + "eth4@gpu-egg-028",
        ]
      + underlay = "enabled"
    }

  # netris_link.ew_gpu_links["swp8@sw-egg-backend-plane2-leaf05--eth4@gpu-egg-029"] will be created
  + resource "netris_link" "ew_gpu_links" {
      + id       = (known after apply)
      + ports    = [
          + "swp8@sw-egg-backend-plane2-leaf05",
          + "eth4@gpu-egg-029",
        ]
      + underlay = "enabled"
    }

  # netris_link.ew_gpu_links["swp8@sw-egg-backend-plane2-leaf06--eth4@gpu-egg-030"] will be created
  + resource "netris_link" "ew_gpu_links" {
      + id       = (known after apply)
      + ports    = [
          + "swp8@sw-egg-backend-plane2-leaf06",
          + "eth4@gpu-egg-030",
        ]
      + underlay = "enabled"
    }

  # netris_link.ew_gpu_links["swp8@sw-egg-backend-plane2-leaf07--eth4@gpu-egg-031"] will be created
  + resource "netris_link" "ew_gpu_links" {
      + id       = (known after apply)
      + ports    = [
          + "swp8@sw-egg-backend-plane2-leaf07",
          + "eth4@gpu-egg-031",
        ]
      + underlay = "enabled"
    }

  # netris_link.ew_gpu_links["swp8@sw-egg-backend-plane2-leaf08--eth4@gpu-egg-032"] will be created
  + resource "netris_link" "ew_gpu_links" {
      + id       = (known after apply)
      + ports    = [
          + "swp8@sw-egg-backend-plane2-leaf08",
          + "eth4@gpu-egg-032",
        ]
      + underlay = "enabled"
    }

  # netris_link.ew_gpu_links["swp8@sw-egg-backend-plane3-leaf01--eth6@gpu-egg-025"] will be created
  + resource "netris_link" "ew_gpu_links" {
      + id       = (known after apply)
      + ports    = [
          + "swp8@sw-egg-backend-plane3-leaf01",
          + "eth6@gpu-egg-025",
        ]
      + underlay = "enabled"
    }

  # netris_link.ew_gpu_links["swp8@sw-egg-backend-plane3-leaf02--eth6@gpu-egg-026"] will be created
  + resource "netris_link" "ew_gpu_links" {
      + id       = (known after apply)
      + ports    = [
          + "swp8@sw-egg-backend-plane3-leaf02",
          + "eth6@gpu-egg-026",
        ]
      + underlay = "enabled"
    }

  # netris_link.ew_gpu_links["swp8@sw-egg-backend-plane3-leaf03--eth6@gpu-egg-027"] will be created
  + resource "netris_link" "ew_gpu_links" {
      + id       = (known after apply)
      + ports    = [
          + "swp8@sw-egg-backend-plane3-leaf03",
          + "eth6@gpu-egg-027",
        ]
      + underlay = "enabled"
    }

  # netris_link.ew_gpu_links["swp8@sw-egg-backend-plane3-leaf04--eth6@gpu-egg-028"] will be created
  + resource "netris_link" "ew_gpu_links" {
      + id       = (known after apply)
      + ports    = [
          + "swp8@sw-egg-backend-plane3-leaf04",
          + "eth6@gpu-egg-028",
        ]
      + underlay = "enabled"
    }

  # netris_link.ew_gpu_links["swp8@sw-egg-backend-plane3-leaf05--eth6@gpu-egg-029"] will be created
  + resource "netris_link" "ew_gpu_links" {
      + id       = (known after apply)
      + ports    = [
          + "swp8@sw-egg-backend-plane3-leaf05",
          + "eth6@gpu-egg-029",
        ]
      + underlay = "enabled"
    }

  # netris_link.ew_gpu_links["swp8@sw-egg-backend-plane3-leaf06--eth6@gpu-egg-030"] will be created
  + resource "netris_link" "ew_gpu_links" {
      + id       = (known after apply)
      + ports    = [
          + "swp8@sw-egg-backend-plane3-leaf06",
          + "eth6@gpu-egg-030",
        ]
      + underlay = "enabled"
    }

  # netris_link.ew_gpu_links["swp8@sw-egg-backend-plane3-leaf07--eth6@gpu-egg-031"] will be created
  + resource "netris_link" "ew_gpu_links" {
      + id       = (known after apply)
      + ports    = [
          + "swp8@sw-egg-backend-plane3-leaf07",
          + "eth6@gpu-egg-031",
        ]
      + underlay = "enabled"
    }

  # netris_link.ew_gpu_links["swp8@sw-egg-backend-plane3-leaf08--eth6@gpu-egg-032"] will be created
  + resource "netris_link" "ew_gpu_links" {
      + id       = (known after apply)
      + ports    = [
          + "swp8@sw-egg-backend-plane3-leaf08",
          + "eth6@gpu-egg-032",
        ]
      + underlay = "enabled"
    }

  # netris_link.ew_gpu_links["swp8@sw-egg-backend-plane4-leaf01--eth8@gpu-egg-025"] will be created
  + resource "netris_link" "ew_gpu_links" {
      + id       = (known after apply)
      + ports    = [
          + "swp8@sw-egg-backend-plane4-leaf01",
          + "eth8@gpu-egg-025",
        ]
      + underlay = "enabled"
    }

  # netris_link.ew_gpu_links["swp8@sw-egg-backend-plane4-leaf02--eth8@gpu-egg-026"] will be created
  + resource "netris_link" "ew_gpu_links" {
      + id       = (known after apply)
      + ports    = [
          + "swp8@sw-egg-backend-plane4-leaf02",
          + "eth8@gpu-egg-026",
        ]
      + underlay = "enabled"
    }

  # netris_link.ew_gpu_links["swp8@sw-egg-backend-plane4-leaf03--eth8@gpu-egg-027"] will be created
  + resource "netris_link" "ew_gpu_links" {
      + id       = (known after apply)
      + ports    = [
          + "swp8@sw-egg-backend-plane4-leaf03",
          + "eth8@gpu-egg-027",
        ]
      + underlay = "enabled"
    }

  # netris_link.ew_gpu_links["swp8@sw-egg-backend-plane4-leaf04--eth8@gpu-egg-028"] will be created
  + resource "netris_link" "ew_gpu_links" {
      + id       = (known after apply)
      + ports    = [
          + "swp8@sw-egg-backend-plane4-leaf04",
          + "eth8@gpu-egg-028",
        ]
      + underlay = "enabled"
    }

  # netris_link.ew_gpu_links["swp8@sw-egg-backend-plane4-leaf05--eth8@gpu-egg-029"] will be created
  + resource "netris_link" "ew_gpu_links" {
      + id       = (known after apply)
      + ports    = [
          + "swp8@sw-egg-backend-plane4-leaf05",
          + "eth8@gpu-egg-029",
        ]
      + underlay = "enabled"
    }

  # netris_link.ew_gpu_links["swp8@sw-egg-backend-plane4-leaf06--eth8@gpu-egg-030"] will be created
  + resource "netris_link" "ew_gpu_links" {
      + id       = (known after apply)
      + ports    = [
          + "swp8@sw-egg-backend-plane4-leaf06",
          + "eth8@gpu-egg-030",
        ]
      + underlay = "enabled"
    }

  # netris_link.ew_gpu_links["swp8@sw-egg-backend-plane4-leaf07--eth8@gpu-egg-031"] will be created
  + resource "netris_link" "ew_gpu_links" {
      + id       = (known after apply)
      + ports    = [
          + "swp8@sw-egg-backend-plane4-leaf07",
          + "eth8@gpu-egg-031",
        ]
      + underlay = "enabled"
    }

  # netris_link.ew_gpu_links["swp8@sw-egg-backend-plane4-leaf08--eth8@gpu-egg-032"] will be created
  + resource "netris_link" "ew_gpu_links" {
      + id       = (known after apply)
      + ports    = [
          + "swp8@sw-egg-backend-plane4-leaf08",
          + "eth8@gpu-egg-032",
        ]
      + underlay = "enabled"
    }

  # netris_link.ew_gpu_links["swp9@sw-egg-backend-plane1-leaf01--eth1@gpu-egg-033"] will be created
  + resource "netris_link" "ew_gpu_links" {
      + id       = (known after apply)
      + ports    = [
          + "swp9@sw-egg-backend-plane1-leaf01",
          + "eth1@gpu-egg-033",
        ]
      + underlay = "enabled"
    }

  # netris_link.ew_gpu_links["swp9@sw-egg-backend-plane1-leaf02--eth1@gpu-egg-034"] will be created
  + resource "netris_link" "ew_gpu_links" {
      + id       = (known after apply)
      + ports    = [
          + "swp9@sw-egg-backend-plane1-leaf02",
          + "eth1@gpu-egg-034",
        ]
      + underlay = "enabled"
    }

  # netris_link.ew_gpu_links["swp9@sw-egg-backend-plane1-leaf03--eth1@gpu-egg-035"] will be created
  + resource "netris_link" "ew_gpu_links" {
      + id       = (known after apply)
      + ports    = [
          + "swp9@sw-egg-backend-plane1-leaf03",
          + "eth1@gpu-egg-035",
        ]
      + underlay = "enabled"
    }

  # netris_link.ew_gpu_links["swp9@sw-egg-backend-plane1-leaf04--eth1@gpu-egg-036"] will be created
  + resource "netris_link" "ew_gpu_links" {
      + id       = (known after apply)
      + ports    = [
          + "swp9@sw-egg-backend-plane1-leaf04",
          + "eth1@gpu-egg-036",
        ]
      + underlay = "enabled"
    }

  # netris_link.ew_gpu_links["swp9@sw-egg-backend-plane1-leaf05--eth1@gpu-egg-037"] will be created
  + resource "netris_link" "ew_gpu_links" {
      + id       = (known after apply)
      + ports    = [
          + "swp9@sw-egg-backend-plane1-leaf05",
          + "eth1@gpu-egg-037",
        ]
      + underlay = "enabled"
    }

  # netris_link.ew_gpu_links["swp9@sw-egg-backend-plane1-leaf06--eth1@gpu-egg-038"] will be created
  + resource "netris_link" "ew_gpu_links" {
      + id       = (known after apply)
      + ports    = [
          + "swp9@sw-egg-backend-plane1-leaf06",
          + "eth1@gpu-egg-038",
        ]
      + underlay = "enabled"
    }

  # netris_link.ew_gpu_links["swp9@sw-egg-backend-plane1-leaf07--eth1@gpu-egg-039"] will be created
  + resource "netris_link" "ew_gpu_links" {
      + id       = (known after apply)
      + ports    = [
          + "swp9@sw-egg-backend-plane1-leaf07",
          + "eth1@gpu-egg-039",
        ]
      + underlay = "enabled"
    }

  # netris_link.ew_gpu_links["swp9@sw-egg-backend-plane1-leaf08--eth1@gpu-egg-040"] will be created
  + resource "netris_link" "ew_gpu_links" {
      + id       = (known after apply)
      + ports    = [
          + "swp9@sw-egg-backend-plane1-leaf08",
          + "eth1@gpu-egg-040",
        ]
      + underlay = "enabled"
    }

  # netris_link.ew_gpu_links["swp9@sw-egg-backend-plane2-leaf01--eth3@gpu-egg-033"] will be created
  + resource "netris_link" "ew_gpu_links" {
      + id       = (known after apply)
      + ports    = [
          + "swp9@sw-egg-backend-plane2-leaf01",
          + "eth3@gpu-egg-033",
        ]
      + underlay = "enabled"
    }

  # netris_link.ew_gpu_links["swp9@sw-egg-backend-plane2-leaf02--eth3@gpu-egg-034"] will be created
  + resource "netris_link" "ew_gpu_links" {
      + id       = (known after apply)
      + ports    = [
          + "swp9@sw-egg-backend-plane2-leaf02",
          + "eth3@gpu-egg-034",
        ]
      + underlay = "enabled"
    }

  # netris_link.ew_gpu_links["swp9@sw-egg-backend-plane2-leaf03--eth3@gpu-egg-035"] will be created
  + resource "netris_link" "ew_gpu_links" {
      + id       = (known after apply)
      + ports    = [
          + "swp9@sw-egg-backend-plane2-leaf03",
          + "eth3@gpu-egg-035",
        ]
      + underlay = "enabled"
    }

  # netris_link.ew_gpu_links["swp9@sw-egg-backend-plane2-leaf04--eth3@gpu-egg-036"] will be created
  + resource "netris_link" "ew_gpu_links" {
      + id       = (known after apply)
      + ports    = [
          + "swp9@sw-egg-backend-plane2-leaf04",
          + "eth3@gpu-egg-036",
        ]
      + underlay = "enabled"
    }

  # netris_link.ew_gpu_links["swp9@sw-egg-backend-plane2-leaf05--eth3@gpu-egg-037"] will be created
  + resource "netris_link" "ew_gpu_links" {
      + id       = (known after apply)
      + ports    = [
          + "swp9@sw-egg-backend-plane2-leaf05",
          + "eth3@gpu-egg-037",
        ]
      + underlay = "enabled"
    }

  # netris_link.ew_gpu_links["swp9@sw-egg-backend-plane2-leaf06--eth3@gpu-egg-038"] will be created
  + resource "netris_link" "ew_gpu_links" {
      + id       = (known after apply)
      + ports    = [
          + "swp9@sw-egg-backend-plane2-leaf06",
          + "eth3@gpu-egg-038",
        ]
      + underlay = "enabled"
    }

  # netris_link.ew_gpu_links["swp9@sw-egg-backend-plane2-leaf07--eth3@gpu-egg-039"] will be created
  + resource "netris_link" "ew_gpu_links" {
      + id       = (known after apply)
      + ports    = [
          + "swp9@sw-egg-backend-plane2-leaf07",
          + "eth3@gpu-egg-039",
        ]
      + underlay = "enabled"
    }

  # netris_link.ew_gpu_links["swp9@sw-egg-backend-plane2-leaf08--eth3@gpu-egg-040"] will be created
  + resource "netris_link" "ew_gpu_links" {
      + id       = (known after apply)
      + ports    = [
          + "swp9@sw-egg-backend-plane2-leaf08",
          + "eth3@gpu-egg-040",
        ]
      + underlay = "enabled"
    }

  # netris_link.ew_gpu_links["swp9@sw-egg-backend-plane3-leaf01--eth5@gpu-egg-033"] will be created
  + resource "netris_link" "ew_gpu_links" {
      + id       = (known after apply)
      + ports    = [
          + "swp9@sw-egg-backend-plane3-leaf01",
          + "eth5@gpu-egg-033",
        ]
      + underlay = "enabled"
    }

  # netris_link.ew_gpu_links["swp9@sw-egg-backend-plane3-leaf02--eth5@gpu-egg-034"] will be created
  + resource "netris_link" "ew_gpu_links" {
      + id       = (known after apply)
      + ports    = [
          + "swp9@sw-egg-backend-plane3-leaf02",
          + "eth5@gpu-egg-034",
        ]
      + underlay = "enabled"
    }

  # netris_link.ew_gpu_links["swp9@sw-egg-backend-plane3-leaf03--eth5@gpu-egg-035"] will be created
  + resource "netris_link" "ew_gpu_links" {
      + id       = (known after apply)
      + ports    = [
          + "swp9@sw-egg-backend-plane3-leaf03",
          + "eth5@gpu-egg-035",
        ]
      + underlay = "enabled"
    }

  # netris_link.ew_gpu_links["swp9@sw-egg-backend-plane3-leaf04--eth5@gpu-egg-036"] will be created
  + resource "netris_link" "ew_gpu_links" {
      + id       = (known after apply)
      + ports    = [
          + "swp9@sw-egg-backend-plane3-leaf04",
          + "eth5@gpu-egg-036",
        ]
      + underlay = "enabled"
    }

  # netris_link.ew_gpu_links["swp9@sw-egg-backend-plane3-leaf05--eth5@gpu-egg-037"] will be created
  + resource "netris_link" "ew_gpu_links" {
      + id       = (known after apply)
      + ports    = [
          + "swp9@sw-egg-backend-plane3-leaf05",
          + "eth5@gpu-egg-037",
        ]
      + underlay = "enabled"
    }

  # netris_link.ew_gpu_links["swp9@sw-egg-backend-plane3-leaf06--eth5@gpu-egg-038"] will be created
  + resource "netris_link" "ew_gpu_links" {
      + id       = (known after apply)
      + ports    = [
          + "swp9@sw-egg-backend-plane3-leaf06",
          + "eth5@gpu-egg-038",
        ]
      + underlay = "enabled"
    }

  # netris_link.ew_gpu_links["swp9@sw-egg-backend-plane3-leaf07--eth5@gpu-egg-039"] will be created
  + resource "netris_link" "ew_gpu_links" {
      + id       = (known after apply)
      + ports    = [
          + "swp9@sw-egg-backend-plane3-leaf07",
          + "eth5@gpu-egg-039",
        ]
      + underlay = "enabled"
    }

  # netris_link.ew_gpu_links["swp9@sw-egg-backend-plane3-leaf08--eth5@gpu-egg-040"] will be created
  + resource "netris_link" "ew_gpu_links" {
      + id       = (known after apply)
      + ports    = [
          + "swp9@sw-egg-backend-plane3-leaf08",
          + "eth5@gpu-egg-040",
        ]
      + underlay = "enabled"
    }

  # netris_link.ew_gpu_links["swp9@sw-egg-backend-plane4-leaf01--eth7@gpu-egg-033"] will be created
  + resource "netris_link" "ew_gpu_links" {
      + id       = (known after apply)
      + ports    = [
          + "swp9@sw-egg-backend-plane4-leaf01",
          + "eth7@gpu-egg-033",
        ]
      + underlay = "enabled"
    }

  # netris_link.ew_gpu_links["swp9@sw-egg-backend-plane4-leaf02--eth7@gpu-egg-034"] will be created
  + resource "netris_link" "ew_gpu_links" {
      + id       = (known after apply)
      + ports    = [
          + "swp9@sw-egg-backend-plane4-leaf02",
          + "eth7@gpu-egg-034",
        ]
      + underlay = "enabled"
    }

  # netris_link.ew_gpu_links["swp9@sw-egg-backend-plane4-leaf03--eth7@gpu-egg-035"] will be created
  + resource "netris_link" "ew_gpu_links" {
      + id       = (known after apply)
      + ports    = [
          + "swp9@sw-egg-backend-plane4-leaf03",
          + "eth7@gpu-egg-035",
        ]
      + underlay = "enabled"
    }

  # netris_link.ew_gpu_links["swp9@sw-egg-backend-plane4-leaf04--eth7@gpu-egg-036"] will be created
  + resource "netris_link" "ew_gpu_links" {
      + id       = (known after apply)
      + ports    = [
          + "swp9@sw-egg-backend-plane4-leaf04",
          + "eth7@gpu-egg-036",
        ]
      + underlay = "enabled"
    }

  # netris_link.ew_gpu_links["swp9@sw-egg-backend-plane4-leaf05--eth7@gpu-egg-037"] will be created
  + resource "netris_link" "ew_gpu_links" {
      + id       = (known after apply)
      + ports    = [
          + "swp9@sw-egg-backend-plane4-leaf05",
          + "eth7@gpu-egg-037",
        ]
      + underlay = "enabled"
    }

  # netris_link.ew_gpu_links["swp9@sw-egg-backend-plane4-leaf06--eth7@gpu-egg-038"] will be created
  + resource "netris_link" "ew_gpu_links" {
      + id       = (known after apply)
      + ports    = [
          + "swp9@sw-egg-backend-plane4-leaf06",
          + "eth7@gpu-egg-038",
        ]
      + underlay = "enabled"
    }

  # netris_link.ew_gpu_links["swp9@sw-egg-backend-plane4-leaf07--eth7@gpu-egg-039"] will be created
  + resource "netris_link" "ew_gpu_links" {
      + id       = (known after apply)
      + ports    = [
          + "swp9@sw-egg-backend-plane4-leaf07",
          + "eth7@gpu-egg-039",
        ]
      + underlay = "enabled"
    }

  # netris_link.ew_gpu_links["swp9@sw-egg-backend-plane4-leaf08--eth7@gpu-egg-040"] will be created
  + resource "netris_link" "ew_gpu_links" {
      + id       = (known after apply)
      + ports    = [
          + "swp9@sw-egg-backend-plane4-leaf08",
          + "eth7@gpu-egg-040",
        ]
      + underlay = "enabled"
    }

  # netris_link.ew_switch_links["swp10@sw-egg-backend-plane1-spine01--swp50@sw-egg-backend-plane1-leaf02"] will be created
  + resource "netris_link" "ew_switch_links" {
      + id       = (known after apply)
      + ports    = [
          + "swp10@sw-egg-backend-plane1-spine01",
          + "swp50@sw-egg-backend-plane1-leaf02",
        ]
      + underlay = "enabled"
    }

  # netris_link.ew_switch_links["swp10@sw-egg-backend-plane1-spine02--swp58@sw-egg-backend-plane1-leaf02"] will be created
  + resource "netris_link" "ew_switch_links" {
      + id       = (known after apply)
      + ports    = [
          + "swp10@sw-egg-backend-plane1-spine02",
          + "swp58@sw-egg-backend-plane1-leaf02",
        ]
      + underlay = "enabled"
    }

  # netris_link.ew_switch_links["swp10@sw-egg-backend-plane2-spine01--swp50@sw-egg-backend-plane2-leaf02"] will be created
  + resource "netris_link" "ew_switch_links" {
      + id       = (known after apply)
      + ports    = [
          + "swp10@sw-egg-backend-plane2-spine01",
          + "swp50@sw-egg-backend-plane2-leaf02",
        ]
      + underlay = "enabled"
    }

  # netris_link.ew_switch_links["swp10@sw-egg-backend-plane2-spine02--swp58@sw-egg-backend-plane2-leaf02"] will be created
  + resource "netris_link" "ew_switch_links" {
      + id       = (known after apply)
      + ports    = [
          + "swp10@sw-egg-backend-plane2-spine02",
          + "swp58@sw-egg-backend-plane2-leaf02",
        ]
      + underlay = "enabled"
    }

  # netris_link.ew_switch_links["swp10@sw-egg-backend-plane3-spine01--swp50@sw-egg-backend-plane3-leaf02"] will be created
  + resource "netris_link" "ew_switch_links" {
      + id       = (known after apply)
      + ports    = [
          + "swp10@sw-egg-backend-plane3-spine01",
          + "swp50@sw-egg-backend-plane3-leaf02",
        ]
      + underlay = "enabled"
    }

  # netris_link.ew_switch_links["swp10@sw-egg-backend-plane3-spine02--swp58@sw-egg-backend-plane3-leaf02"] will be created
  + resource "netris_link" "ew_switch_links" {
      + id       = (known after apply)
      + ports    = [
          + "swp10@sw-egg-backend-plane3-spine02",
          + "swp58@sw-egg-backend-plane3-leaf02",
        ]
      + underlay = "enabled"
    }

  # netris_link.ew_switch_links["swp10@sw-egg-backend-plane4-spine01--swp50@sw-egg-backend-plane4-leaf02"] will be created
  + resource "netris_link" "ew_switch_links" {
      + id       = (known after apply)
      + ports    = [
          + "swp10@sw-egg-backend-plane4-spine01",
          + "swp50@sw-egg-backend-plane4-leaf02",
        ]
      + underlay = "enabled"
    }

  # netris_link.ew_switch_links["swp10@sw-egg-backend-plane4-spine02--swp58@sw-egg-backend-plane4-leaf02"] will be created
  + resource "netris_link" "ew_switch_links" {
      + id       = (known after apply)
      + ports    = [
          + "swp10@sw-egg-backend-plane4-spine02",
          + "swp58@sw-egg-backend-plane4-leaf02",
        ]
      + underlay = "enabled"
    }

  # netris_link.ew_switch_links["swp11@sw-egg-backend-plane1-spine01--swp51@sw-egg-backend-plane1-leaf02"] will be created
  + resource "netris_link" "ew_switch_links" {
      + id       = (known after apply)
      + ports    = [
          + "swp11@sw-egg-backend-plane1-spine01",
          + "swp51@sw-egg-backend-plane1-leaf02",
        ]
      + underlay = "enabled"
    }

  # netris_link.ew_switch_links["swp11@sw-egg-backend-plane1-spine02--swp59@sw-egg-backend-plane1-leaf02"] will be created
  + resource "netris_link" "ew_switch_links" {
      + id       = (known after apply)
      + ports    = [
          + "swp11@sw-egg-backend-plane1-spine02",
          + "swp59@sw-egg-backend-plane1-leaf02",
        ]
      + underlay = "enabled"
    }

  # netris_link.ew_switch_links["swp11@sw-egg-backend-plane2-spine01--swp51@sw-egg-backend-plane2-leaf02"] will be created
  + resource "netris_link" "ew_switch_links" {
      + id       = (known after apply)
      + ports    = [
          + "swp11@sw-egg-backend-plane2-spine01",
          + "swp51@sw-egg-backend-plane2-leaf02",
        ]
      + underlay = "enabled"
    }

  # netris_link.ew_switch_links["swp11@sw-egg-backend-plane2-spine02--swp59@sw-egg-backend-plane2-leaf02"] will be created
  + resource "netris_link" "ew_switch_links" {
      + id       = (known after apply)
      + ports    = [
          + "swp11@sw-egg-backend-plane2-spine02",
          + "swp59@sw-egg-backend-plane2-leaf02",
        ]
      + underlay = "enabled"
    }

  # netris_link.ew_switch_links["swp11@sw-egg-backend-plane3-spine01--swp51@sw-egg-backend-plane3-leaf02"] will be created
  + resource "netris_link" "ew_switch_links" {
      + id       = (known after apply)
      + ports    = [
          + "swp11@sw-egg-backend-plane3-spine01",
          + "swp51@sw-egg-backend-plane3-leaf02",
        ]
      + underlay = "enabled"
    }

  # netris_link.ew_switch_links["swp11@sw-egg-backend-plane3-spine02--swp59@sw-egg-backend-plane3-leaf02"] will be created
  + resource "netris_link" "ew_switch_links" {
      + id       = (known after apply)
      + ports    = [
          + "swp11@sw-egg-backend-plane3-spine02",
          + "swp59@sw-egg-backend-plane3-leaf02",
        ]
      + underlay = "enabled"
    }

  # netris_link.ew_switch_links["swp11@sw-egg-backend-plane4-spine01--swp51@sw-egg-backend-plane4-leaf02"] will be created
  + resource "netris_link" "ew_switch_links" {
      + id       = (known after apply)
      + ports    = [
          + "swp11@sw-egg-backend-plane4-spine01",
          + "swp51@sw-egg-backend-plane4-leaf02",
        ]
      + underlay = "enabled"
    }

  # netris_link.ew_switch_links["swp11@sw-egg-backend-plane4-spine02--swp59@sw-egg-backend-plane4-leaf02"] will be created
  + resource "netris_link" "ew_switch_links" {
      + id       = (known after apply)
      + ports    = [
          + "swp11@sw-egg-backend-plane4-spine02",
          + "swp59@sw-egg-backend-plane4-leaf02",
        ]
      + underlay = "enabled"
    }

  # netris_link.ew_switch_links["swp12@sw-egg-backend-plane1-spine01--swp52@sw-egg-backend-plane1-leaf02"] will be created
  + resource "netris_link" "ew_switch_links" {
      + id       = (known after apply)
      + ports    = [
          + "swp12@sw-egg-backend-plane1-spine01",
          + "swp52@sw-egg-backend-plane1-leaf02",
        ]
      + underlay = "enabled"
    }

  # netris_link.ew_switch_links["swp12@sw-egg-backend-plane1-spine02--swp60@sw-egg-backend-plane1-leaf02"] will be created
  + resource "netris_link" "ew_switch_links" {
      + id       = (known after apply)
      + ports    = [
          + "swp12@sw-egg-backend-plane1-spine02",
          + "swp60@sw-egg-backend-plane1-leaf02",
        ]
      + underlay = "enabled"
    }

  # netris_link.ew_switch_links["swp12@sw-egg-backend-plane2-spine01--swp52@sw-egg-backend-plane2-leaf02"] will be created
  + resource "netris_link" "ew_switch_links" {
      + id       = (known after apply)
      + ports    = [
          + "swp12@sw-egg-backend-plane2-spine01",
          + "swp52@sw-egg-backend-plane2-leaf02",
        ]
      + underlay = "enabled"
    }

  # netris_link.ew_switch_links["swp12@sw-egg-backend-plane2-spine02--swp60@sw-egg-backend-plane2-leaf02"] will be created
  + resource "netris_link" "ew_switch_links" {
      + id       = (known after apply)
      + ports    = [
          + "swp12@sw-egg-backend-plane2-spine02",
          + "swp60@sw-egg-backend-plane2-leaf02",
        ]
      + underlay = "enabled"
    }

  # netris_link.ew_switch_links["swp12@sw-egg-backend-plane3-spine01--swp52@sw-egg-backend-plane3-leaf02"] will be created
  + resource "netris_link" "ew_switch_links" {
      + id       = (known after apply)
      + ports    = [
          + "swp12@sw-egg-backend-plane3-spine01",
          + "swp52@sw-egg-backend-plane3-leaf02",
        ]
      + underlay = "enabled"
    }

  # netris_link.ew_switch_links["swp12@sw-egg-backend-plane3-spine02--swp60@sw-egg-backend-plane3-leaf02"] will be created
  + resource "netris_link" "ew_switch_links" {
      + id       = (known after apply)
      + ports    = [
          + "swp12@sw-egg-backend-plane3-spine02",
          + "swp60@sw-egg-backend-plane3-leaf02",
        ]
      + underlay = "enabled"
    }

  # netris_link.ew_switch_links["swp12@sw-egg-backend-plane4-spine01--swp52@sw-egg-backend-plane4-leaf02"] will be created
  + resource "netris_link" "ew_switch_links" {
      + id       = (known after apply)
      + ports    = [
          + "swp12@sw-egg-backend-plane4-spine01",
          + "swp52@sw-egg-backend-plane4-leaf02",
        ]
      + underlay = "enabled"
    }

  # netris_link.ew_switch_links["swp12@sw-egg-backend-plane4-spine02--swp60@sw-egg-backend-plane4-leaf02"] will be created
  + resource "netris_link" "ew_switch_links" {
      + id       = (known after apply)
      + ports    = [
          + "swp12@sw-egg-backend-plane4-spine02",
          + "swp60@sw-egg-backend-plane4-leaf02",
        ]
      + underlay = "enabled"
    }

  # netris_link.ew_switch_links["swp13@sw-egg-backend-plane1-spine01--swp53@sw-egg-backend-plane1-leaf02"] will be created
  + resource "netris_link" "ew_switch_links" {
      + id       = (known after apply)
      + ports    = [
          + "swp13@sw-egg-backend-plane1-spine01",
          + "swp53@sw-egg-backend-plane1-leaf02",
        ]
      + underlay = "enabled"
    }

  # netris_link.ew_switch_links["swp13@sw-egg-backend-plane1-spine02--swp61@sw-egg-backend-plane1-leaf02"] will be created
  + resource "netris_link" "ew_switch_links" {
      + id       = (known after apply)
      + ports    = [
          + "swp13@sw-egg-backend-plane1-spine02",
          + "swp61@sw-egg-backend-plane1-leaf02",
        ]
      + underlay = "enabled"
    }

  # netris_link.ew_switch_links["swp13@sw-egg-backend-plane2-spine01--swp53@sw-egg-backend-plane2-leaf02"] will be created
  + resource "netris_link" "ew_switch_links" {
      + id       = (known after apply)
      + ports    = [
          + "swp13@sw-egg-backend-plane2-spine01",
          + "swp53@sw-egg-backend-plane2-leaf02",
        ]
      + underlay = "enabled"
    }

  # netris_link.ew_switch_links["swp13@sw-egg-backend-plane2-spine02--swp61@sw-egg-backend-plane2-leaf02"] will be created
  + resource "netris_link" "ew_switch_links" {
      + id       = (known after apply)
      + ports    = [
          + "swp13@sw-egg-backend-plane2-spine02",
          + "swp61@sw-egg-backend-plane2-leaf02",
        ]
      + underlay = "enabled"
    }

  # netris_link.ew_switch_links["swp13@sw-egg-backend-plane3-spine01--swp53@sw-egg-backend-plane3-leaf02"] will be created
  + resource "netris_link" "ew_switch_links" {
      + id       = (known after apply)
      + ports    = [
          + "swp13@sw-egg-backend-plane3-spine01",
          + "swp53@sw-egg-backend-plane3-leaf02",
        ]
      + underlay = "enabled"
    }

  # netris_link.ew_switch_links["swp13@sw-egg-backend-plane3-spine02--swp61@sw-egg-backend-plane3-leaf02"] will be created
  + resource "netris_link" "ew_switch_links" {
      + id       = (known after apply)
      + ports    = [
          + "swp13@sw-egg-backend-plane3-spine02",
          + "swp61@sw-egg-backend-plane3-leaf02",
        ]
      + underlay = "enabled"
    }

  # netris_link.ew_switch_links["swp13@sw-egg-backend-plane4-spine01--swp53@sw-egg-backend-plane4-leaf02"] will be created
  + resource "netris_link" "ew_switch_links" {
      + id       = (known after apply)
      + ports    = [
          + "swp13@sw-egg-backend-plane4-spine01",
          + "swp53@sw-egg-backend-plane4-leaf02",
        ]
      + underlay = "enabled"
    }

  # netris_link.ew_switch_links["swp13@sw-egg-backend-plane4-spine02--swp61@sw-egg-backend-plane4-leaf02"] will be created
  + resource "netris_link" "ew_switch_links" {
      + id       = (known after apply)
      + ports    = [
          + "swp13@sw-egg-backend-plane4-spine02",
          + "swp61@sw-egg-backend-plane4-leaf02",
        ]
      + underlay = "enabled"
    }

  # netris_link.ew_switch_links["swp14@sw-egg-backend-plane1-spine01--swp54@sw-egg-backend-plane1-leaf02"] will be created
  + resource "netris_link" "ew_switch_links" {
      + id       = (known after apply)
      + ports    = [
          + "swp14@sw-egg-backend-plane1-spine01",
          + "swp54@sw-egg-backend-plane1-leaf02",
        ]
      + underlay = "enabled"
    }

  # netris_link.ew_switch_links["swp14@sw-egg-backend-plane1-spine02--swp62@sw-egg-backend-plane1-leaf02"] will be created
  + resource "netris_link" "ew_switch_links" {
      + id       = (known after apply)
      + ports    = [
          + "swp14@sw-egg-backend-plane1-spine02",
          + "swp62@sw-egg-backend-plane1-leaf02",
        ]
      + underlay = "enabled"
    }

  # netris_link.ew_switch_links["swp14@sw-egg-backend-plane2-spine01--swp54@sw-egg-backend-plane2-leaf02"] will be created
  + resource "netris_link" "ew_switch_links" {
      + id       = (known after apply)
      + ports    = [
          + "swp14@sw-egg-backend-plane2-spine01",
          + "swp54@sw-egg-backend-plane2-leaf02",
        ]
      + underlay = "enabled"
    }

  # netris_link.ew_switch_links["swp14@sw-egg-backend-plane2-spine02--swp62@sw-egg-backend-plane2-leaf02"] will be created
  + resource "netris_link" "ew_switch_links" {
      + id       = (known after apply)
      + ports    = [
          + "swp14@sw-egg-backend-plane2-spine02",
          + "swp62@sw-egg-backend-plane2-leaf02",
        ]
      + underlay = "enabled"
    }

  # netris_link.ew_switch_links["swp14@sw-egg-backend-plane3-spine01--swp54@sw-egg-backend-plane3-leaf02"] will be created
  + resource "netris_link" "ew_switch_links" {
      + id       = (known after apply)
      + ports    = [
          + "swp14@sw-egg-backend-plane3-spine01",
          + "swp54@sw-egg-backend-plane3-leaf02",
        ]
      + underlay = "enabled"
    }

  # netris_link.ew_switch_links["swp14@sw-egg-backend-plane3-spine02--swp62@sw-egg-backend-plane3-leaf02"] will be created
  + resource "netris_link" "ew_switch_links" {
      + id       = (known after apply)
      + ports    = [
          + "swp14@sw-egg-backend-plane3-spine02",
          + "swp62@sw-egg-backend-plane3-leaf02",
        ]
      + underlay = "enabled"
    }

  # netris_link.ew_switch_links["swp14@sw-egg-backend-plane4-spine01--swp54@sw-egg-backend-plane4-leaf02"] will be created
  + resource "netris_link" "ew_switch_links" {
      + id       = (known after apply)
      + ports    = [
          + "swp14@sw-egg-backend-plane4-spine01",
          + "swp54@sw-egg-backend-plane4-leaf02",
        ]
      + underlay = "enabled"
    }

  # netris_link.ew_switch_links["swp14@sw-egg-backend-plane4-spine02--swp62@sw-egg-backend-plane4-leaf02"] will be created
  + resource "netris_link" "ew_switch_links" {
      + id       = (known after apply)
      + ports    = [
          + "swp14@sw-egg-backend-plane4-spine02",
          + "swp62@sw-egg-backend-plane4-leaf02",
        ]
      + underlay = "enabled"
    }

  # netris_link.ew_switch_links["swp15@sw-egg-backend-plane1-spine01--swp55@sw-egg-backend-plane1-leaf02"] will be created
  + resource "netris_link" "ew_switch_links" {
      + id       = (known after apply)
      + ports    = [
          + "swp15@sw-egg-backend-plane1-spine01",
          + "swp55@sw-egg-backend-plane1-leaf02",
        ]
      + underlay = "enabled"
    }

  # netris_link.ew_switch_links["swp15@sw-egg-backend-plane1-spine02--swp63@sw-egg-backend-plane1-leaf02"] will be created
  + resource "netris_link" "ew_switch_links" {
      + id       = (known after apply)
      + ports    = [
          + "swp15@sw-egg-backend-plane1-spine02",
          + "swp63@sw-egg-backend-plane1-leaf02",
        ]
      + underlay = "enabled"
    }

  # netris_link.ew_switch_links["swp15@sw-egg-backend-plane2-spine01--swp55@sw-egg-backend-plane2-leaf02"] will be created
  + resource "netris_link" "ew_switch_links" {
      + id       = (known after apply)
      + ports    = [
          + "swp15@sw-egg-backend-plane2-spine01",
          + "swp55@sw-egg-backend-plane2-leaf02",
        ]
      + underlay = "enabled"
    }

  # netris_link.ew_switch_links["swp15@sw-egg-backend-plane2-spine02--swp63@sw-egg-backend-plane2-leaf02"] will be created
  + resource "netris_link" "ew_switch_links" {
      + id       = (known after apply)
      + ports    = [
          + "swp15@sw-egg-backend-plane2-spine02",
          + "swp63@sw-egg-backend-plane2-leaf02",
        ]
      + underlay = "enabled"
    }

  # netris_link.ew_switch_links["swp15@sw-egg-backend-plane3-spine01--swp55@sw-egg-backend-plane3-leaf02"] will be created
  + resource "netris_link" "ew_switch_links" {
      + id       = (known after apply)
      + ports    = [
          + "swp15@sw-egg-backend-plane3-spine01",
          + "swp55@sw-egg-backend-plane3-leaf02",
        ]
      + underlay = "enabled"
    }

  # netris_link.ew_switch_links["swp15@sw-egg-backend-plane3-spine02--swp63@sw-egg-backend-plane3-leaf02"] will be created
  + resource "netris_link" "ew_switch_links" {
      + id       = (known after apply)
      + ports    = [
          + "swp15@sw-egg-backend-plane3-spine02",
          + "swp63@sw-egg-backend-plane3-leaf02",
        ]
      + underlay = "enabled"
    }

  # netris_link.ew_switch_links["swp15@sw-egg-backend-plane4-spine01--swp55@sw-egg-backend-plane4-leaf02"] will be created
  + resource "netris_link" "ew_switch_links" {
      + id       = (known after apply)
      + ports    = [
          + "swp15@sw-egg-backend-plane4-spine01",
          + "swp55@sw-egg-backend-plane4-leaf02",
        ]
      + underlay = "enabled"
    }

  # netris_link.ew_switch_links["swp15@sw-egg-backend-plane4-spine02--swp63@sw-egg-backend-plane4-leaf02"] will be created
  + resource "netris_link" "ew_switch_links" {
      + id       = (known after apply)
      + ports    = [
          + "swp15@sw-egg-backend-plane4-spine02",
          + "swp63@sw-egg-backend-plane4-leaf02",
        ]
      + underlay = "enabled"
    }

  # netris_link.ew_switch_links["swp16@sw-egg-backend-plane1-spine01--swp56@sw-egg-backend-plane1-leaf02"] will be created
  + resource "netris_link" "ew_switch_links" {
      + id       = (known after apply)
      + ports    = [
          + "swp16@sw-egg-backend-plane1-spine01",
          + "swp56@sw-egg-backend-plane1-leaf02",
        ]
      + underlay = "enabled"
    }

  # netris_link.ew_switch_links["swp16@sw-egg-backend-plane1-spine02--swp64@sw-egg-backend-plane1-leaf02"] will be created
  + resource "netris_link" "ew_switch_links" {
      + id       = (known after apply)
      + ports    = [
          + "swp16@sw-egg-backend-plane1-spine02",
          + "swp64@sw-egg-backend-plane1-leaf02",
        ]
      + underlay = "enabled"
    }

  # netris_link.ew_switch_links["swp16@sw-egg-backend-plane2-spine01--swp56@sw-egg-backend-plane2-leaf02"] will be created
  + resource "netris_link" "ew_switch_links" {
      + id       = (known after apply)
      + ports    = [
          + "swp16@sw-egg-backend-plane2-spine01",
          + "swp56@sw-egg-backend-plane2-leaf02",
        ]
      + underlay = "enabled"
    }

  # netris_link.ew_switch_links["swp16@sw-egg-backend-plane2-spine02--swp64@sw-egg-backend-plane2-leaf02"] will be created
  + resource "netris_link" "ew_switch_links" {
      + id       = (known after apply)
      + ports    = [
          + "swp16@sw-egg-backend-plane2-spine02",
          + "swp64@sw-egg-backend-plane2-leaf02",
        ]
      + underlay = "enabled"
    }

  # netris_link.ew_switch_links["swp16@sw-egg-backend-plane3-spine01--swp56@sw-egg-backend-plane3-leaf02"] will be created
  + resource "netris_link" "ew_switch_links" {
      + id       = (known after apply)
      + ports    = [
          + "swp16@sw-egg-backend-plane3-spine01",
          + "swp56@sw-egg-backend-plane3-leaf02",
        ]
      + underlay = "enabled"
    }

  # netris_link.ew_switch_links["swp16@sw-egg-backend-plane3-spine02--swp64@sw-egg-backend-plane3-leaf02"] will be created
  + resource "netris_link" "ew_switch_links" {
      + id       = (known after apply)
      + ports    = [
          + "swp16@sw-egg-backend-plane3-spine02",
          + "swp64@sw-egg-backend-plane3-leaf02",
        ]
      + underlay = "enabled"
    }

  # netris_link.ew_switch_links["swp16@sw-egg-backend-plane4-spine01--swp56@sw-egg-backend-plane4-leaf02"] will be created
  + resource "netris_link" "ew_switch_links" {
      + id       = (known after apply)
      + ports    = [
          + "swp16@sw-egg-backend-plane4-spine01",
          + "swp56@sw-egg-backend-plane4-leaf02",
        ]
      + underlay = "enabled"
    }

  # netris_link.ew_switch_links["swp16@sw-egg-backend-plane4-spine02--swp64@sw-egg-backend-plane4-leaf02"] will be created
  + resource "netris_link" "ew_switch_links" {
      + id       = (known after apply)
      + ports    = [
          + "swp16@sw-egg-backend-plane4-spine02",
          + "swp64@sw-egg-backend-plane4-leaf02",
        ]
      + underlay = "enabled"
    }

  # netris_link.ew_switch_links["swp17@sw-egg-backend-plane1-spine01--swp49@sw-egg-backend-plane1-leaf03"] will be created
  + resource "netris_link" "ew_switch_links" {
      + id       = (known after apply)
      + ports    = [
          + "swp17@sw-egg-backend-plane1-spine01",
          + "swp49@sw-egg-backend-plane1-leaf03",
        ]
      + underlay = "enabled"
    }

  # netris_link.ew_switch_links["swp17@sw-egg-backend-plane1-spine02--swp57@sw-egg-backend-plane1-leaf03"] will be created
  + resource "netris_link" "ew_switch_links" {
      + id       = (known after apply)
      + ports    = [
          + "swp17@sw-egg-backend-plane1-spine02",
          + "swp57@sw-egg-backend-plane1-leaf03",
        ]
      + underlay = "enabled"
    }

  # netris_link.ew_switch_links["swp17@sw-egg-backend-plane2-spine01--swp49@sw-egg-backend-plane2-leaf03"] will be created
  + resource "netris_link" "ew_switch_links" {
      + id       = (known after apply)
      + ports    = [
          + "swp17@sw-egg-backend-plane2-spine01",
          + "swp49@sw-egg-backend-plane2-leaf03",
        ]
      + underlay = "enabled"
    }

  # netris_link.ew_switch_links["swp17@sw-egg-backend-plane2-spine02--swp57@sw-egg-backend-plane2-leaf03"] will be created
  + resource "netris_link" "ew_switch_links" {
      + id       = (known after apply)
      + ports    = [
          + "swp17@sw-egg-backend-plane2-spine02",
          + "swp57@sw-egg-backend-plane2-leaf03",
        ]
      + underlay = "enabled"
    }

  # netris_link.ew_switch_links["swp17@sw-egg-backend-plane3-spine01--swp49@sw-egg-backend-plane3-leaf03"] will be created
  + resource "netris_link" "ew_switch_links" {
      + id       = (known after apply)
      + ports    = [
          + "swp17@sw-egg-backend-plane3-spine01",
          + "swp49@sw-egg-backend-plane3-leaf03",
        ]
      + underlay = "enabled"
    }

  # netris_link.ew_switch_links["swp17@sw-egg-backend-plane3-spine02--swp57@sw-egg-backend-plane3-leaf03"] will be created
  + resource "netris_link" "ew_switch_links" {
      + id       = (known after apply)
      + ports    = [
          + "swp17@sw-egg-backend-plane3-spine02",
          + "swp57@sw-egg-backend-plane3-leaf03",
        ]
      + underlay = "enabled"
    }

  # netris_link.ew_switch_links["swp17@sw-egg-backend-plane4-spine01--swp49@sw-egg-backend-plane4-leaf03"] will be created
  + resource "netris_link" "ew_switch_links" {
      + id       = (known after apply)
      + ports    = [
          + "swp17@sw-egg-backend-plane4-spine01",
          + "swp49@sw-egg-backend-plane4-leaf03",
        ]
      + underlay = "enabled"
    }

  # netris_link.ew_switch_links["swp17@sw-egg-backend-plane4-spine02--swp57@sw-egg-backend-plane4-leaf03"] will be created
  + resource "netris_link" "ew_switch_links" {
      + id       = (known after apply)
      + ports    = [
          + "swp17@sw-egg-backend-plane4-spine02",
          + "swp57@sw-egg-backend-plane4-leaf03",
        ]
      + underlay = "enabled"
    }

  # netris_link.ew_switch_links["swp18@sw-egg-backend-plane1-spine01--swp50@sw-egg-backend-plane1-leaf03"] will be created
  + resource "netris_link" "ew_switch_links" {
      + id       = (known after apply)
      + ports    = [
          + "swp18@sw-egg-backend-plane1-spine01",
          + "swp50@sw-egg-backend-plane1-leaf03",
        ]
      + underlay = "enabled"
    }

  # netris_link.ew_switch_links["swp18@sw-egg-backend-plane1-spine02--swp58@sw-egg-backend-plane1-leaf03"] will be created
  + resource "netris_link" "ew_switch_links" {
      + id       = (known after apply)
      + ports    = [
          + "swp18@sw-egg-backend-plane1-spine02",
          + "swp58@sw-egg-backend-plane1-leaf03",
        ]
      + underlay = "enabled"
    }

  # netris_link.ew_switch_links["swp18@sw-egg-backend-plane2-spine01--swp50@sw-egg-backend-plane2-leaf03"] will be created
  + resource "netris_link" "ew_switch_links" {
      + id       = (known after apply)
      + ports    = [
          + "swp18@sw-egg-backend-plane2-spine01",
          + "swp50@sw-egg-backend-plane2-leaf03",
        ]
      + underlay = "enabled"
    }

  # netris_link.ew_switch_links["swp18@sw-egg-backend-plane2-spine02--swp58@sw-egg-backend-plane2-leaf03"] will be created
  + resource "netris_link" "ew_switch_links" {
      + id       = (known after apply)
      + ports    = [
          + "swp18@sw-egg-backend-plane2-spine02",
          + "swp58@sw-egg-backend-plane2-leaf03",
        ]
      + underlay = "enabled"
    }

  # netris_link.ew_switch_links["swp18@sw-egg-backend-plane3-spine01--swp50@sw-egg-backend-plane3-leaf03"] will be created
  + resource "netris_link" "ew_switch_links" {
      + id       = (known after apply)
      + ports    = [
          + "swp18@sw-egg-backend-plane3-spine01",
          + "swp50@sw-egg-backend-plane3-leaf03",
        ]
      + underlay = "enabled"
    }

  # netris_link.ew_switch_links["swp18@sw-egg-backend-plane3-spine02--swp58@sw-egg-backend-plane3-leaf03"] will be created
  + resource "netris_link" "ew_switch_links" {
      + id       = (known after apply)
      + ports    = [
          + "swp18@sw-egg-backend-plane3-spine02",
          + "swp58@sw-egg-backend-plane3-leaf03",
        ]
      + underlay = "enabled"
    }

  # netris_link.ew_switch_links["swp18@sw-egg-backend-plane4-spine01--swp50@sw-egg-backend-plane4-leaf03"] will be created
  + resource "netris_link" "ew_switch_links" {
      + id       = (known after apply)
      + ports    = [
          + "swp18@sw-egg-backend-plane4-spine01",
          + "swp50@sw-egg-backend-plane4-leaf03",
        ]
      + underlay = "enabled"
    }

  # netris_link.ew_switch_links["swp18@sw-egg-backend-plane4-spine02--swp58@sw-egg-backend-plane4-leaf03"] will be created
  + resource "netris_link" "ew_switch_links" {
      + id       = (known after apply)
      + ports    = [
          + "swp18@sw-egg-backend-plane4-spine02",
          + "swp58@sw-egg-backend-plane4-leaf03",
        ]
      + underlay = "enabled"
    }

  # netris_link.ew_switch_links["swp19@sw-egg-backend-plane1-spine01--swp51@sw-egg-backend-plane1-leaf03"] will be created
  + resource "netris_link" "ew_switch_links" {
      + id       = (known after apply)
      + ports    = [
          + "swp19@sw-egg-backend-plane1-spine01",
          + "swp51@sw-egg-backend-plane1-leaf03",
        ]
      + underlay = "enabled"
    }

  # netris_link.ew_switch_links["swp19@sw-egg-backend-plane1-spine02--swp59@sw-egg-backend-plane1-leaf03"] will be created
  + resource "netris_link" "ew_switch_links" {
      + id       = (known after apply)
      + ports    = [
          + "swp19@sw-egg-backend-plane1-spine02",
          + "swp59@sw-egg-backend-plane1-leaf03",
        ]
      + underlay = "enabled"
    }

  # netris_link.ew_switch_links["swp19@sw-egg-backend-plane2-spine01--swp51@sw-egg-backend-plane2-leaf03"] will be created
  + resource "netris_link" "ew_switch_links" {
      + id       = (known after apply)
      + ports    = [
          + "swp19@sw-egg-backend-plane2-spine01",
          + "swp51@sw-egg-backend-plane2-leaf03",
        ]
      + underlay = "enabled"
    }

  # netris_link.ew_switch_links["swp19@sw-egg-backend-plane2-spine02--swp59@sw-egg-backend-plane2-leaf03"] will be created
  + resource "netris_link" "ew_switch_links" {
      + id       = (known after apply)
      + ports    = [
          + "swp19@sw-egg-backend-plane2-spine02",
          + "swp59@sw-egg-backend-plane2-leaf03",
        ]
      + underlay = "enabled"
    }

  # netris_link.ew_switch_links["swp19@sw-egg-backend-plane3-spine01--swp51@sw-egg-backend-plane3-leaf03"] will be created
  + resource "netris_link" "ew_switch_links" {
      + id       = (known after apply)
      + ports    = [
          + "swp19@sw-egg-backend-plane3-spine01",
          + "swp51@sw-egg-backend-plane3-leaf03",
        ]
      + underlay = "enabled"
    }

  # netris_link.ew_switch_links["swp19@sw-egg-backend-plane3-spine02--swp59@sw-egg-backend-plane3-leaf03"] will be created
  + resource "netris_link" "ew_switch_links" {
      + id       = (known after apply)
      + ports    = [
          + "swp19@sw-egg-backend-plane3-spine02",
          + "swp59@sw-egg-backend-plane3-leaf03",
        ]
      + underlay = "enabled"
    }

  # netris_link.ew_switch_links["swp19@sw-egg-backend-plane4-spine01--swp51@sw-egg-backend-plane4-leaf03"] will be created
  + resource "netris_link" "ew_switch_links" {
      + id       = (known after apply)
      + ports    = [
          + "swp19@sw-egg-backend-plane4-spine01",
          + "swp51@sw-egg-backend-plane4-leaf03",
        ]
      + underlay = "enabled"
    }

  # netris_link.ew_switch_links["swp19@sw-egg-backend-plane4-spine02--swp59@sw-egg-backend-plane4-leaf03"] will be created
  + resource "netris_link" "ew_switch_links" {
      + id       = (known after apply)
      + ports    = [
          + "swp19@sw-egg-backend-plane4-spine02",
          + "swp59@sw-egg-backend-plane4-leaf03",
        ]
      + underlay = "enabled"
    }

  # netris_link.ew_switch_links["swp1@sw-egg-backend-plane1-spine01--swp49@sw-egg-backend-plane1-leaf01"] will be created
  + resource "netris_link" "ew_switch_links" {
      + id       = (known after apply)
      + ports    = [
          + "swp1@sw-egg-backend-plane1-spine01",
          + "swp49@sw-egg-backend-plane1-leaf01",
        ]
      + underlay = "enabled"
    }

  # netris_link.ew_switch_links["swp1@sw-egg-backend-plane1-spine02--swp57@sw-egg-backend-plane1-leaf01"] will be created
  + resource "netris_link" "ew_switch_links" {
      + id       = (known after apply)
      + ports    = [
          + "swp1@sw-egg-backend-plane1-spine02",
          + "swp57@sw-egg-backend-plane1-leaf01",
        ]
      + underlay = "enabled"
    }

  # netris_link.ew_switch_links["swp1@sw-egg-backend-plane2-spine01--swp49@sw-egg-backend-plane2-leaf01"] will be created
  + resource "netris_link" "ew_switch_links" {
      + id       = (known after apply)
      + ports    = [
          + "swp1@sw-egg-backend-plane2-spine01",
          + "swp49@sw-egg-backend-plane2-leaf01",
        ]
      + underlay = "enabled"
    }

  # netris_link.ew_switch_links["swp1@sw-egg-backend-plane2-spine02--swp57@sw-egg-backend-plane2-leaf01"] will be created
  + resource "netris_link" "ew_switch_links" {
      + id       = (known after apply)
      + ports    = [
          + "swp1@sw-egg-backend-plane2-spine02",
          + "swp57@sw-egg-backend-plane2-leaf01",
        ]
      + underlay = "enabled"
    }

  # netris_link.ew_switch_links["swp1@sw-egg-backend-plane3-spine01--swp49@sw-egg-backend-plane3-leaf01"] will be created
  + resource "netris_link" "ew_switch_links" {
      + id       = (known after apply)
      + ports    = [
          + "swp1@sw-egg-backend-plane3-spine01",
          + "swp49@sw-egg-backend-plane3-leaf01",
        ]
      + underlay = "enabled"
    }

  # netris_link.ew_switch_links["swp1@sw-egg-backend-plane3-spine02--swp57@sw-egg-backend-plane3-leaf01"] will be created
  + resource "netris_link" "ew_switch_links" {
      + id       = (known after apply)
      + ports    = [
          + "swp1@sw-egg-backend-plane3-spine02",
          + "swp57@sw-egg-backend-plane3-leaf01",
        ]
      + underlay = "enabled"
    }

  # netris_link.ew_switch_links["swp1@sw-egg-backend-plane4-spine01--swp49@sw-egg-backend-plane4-leaf01"] will be created
  + resource "netris_link" "ew_switch_links" {
      + id       = (known after apply)
      + ports    = [
          + "swp1@sw-egg-backend-plane4-spine01",
          + "swp49@sw-egg-backend-plane4-leaf01",
        ]
      + underlay = "enabled"
    }

  # netris_link.ew_switch_links["swp1@sw-egg-backend-plane4-spine02--swp57@sw-egg-backend-plane4-leaf01"] will be created
  + resource "netris_link" "ew_switch_links" {
      + id       = (known after apply)
      + ports    = [
          + "swp1@sw-egg-backend-plane4-spine02",
          + "swp57@sw-egg-backend-plane4-leaf01",
        ]
      + underlay = "enabled"
    }

  # netris_link.ew_switch_links["swp20@sw-egg-backend-plane1-spine01--swp52@sw-egg-backend-plane1-leaf03"] will be created
  + resource "netris_link" "ew_switch_links" {
      + id       = (known after apply)
      + ports    = [
          + "swp20@sw-egg-backend-plane1-spine01",
          + "swp52@sw-egg-backend-plane1-leaf03",
        ]
      + underlay = "enabled"
    }

  # netris_link.ew_switch_links["swp20@sw-egg-backend-plane1-spine02--swp60@sw-egg-backend-plane1-leaf03"] will be created
  + resource "netris_link" "ew_switch_links" {
      + id       = (known after apply)
      + ports    = [
          + "swp20@sw-egg-backend-plane1-spine02",
          + "swp60@sw-egg-backend-plane1-leaf03",
        ]
      + underlay = "enabled"
    }

  # netris_link.ew_switch_links["swp20@sw-egg-backend-plane2-spine01--swp52@sw-egg-backend-plane2-leaf03"] will be created
  + resource "netris_link" "ew_switch_links" {
      + id       = (known after apply)
      + ports    = [
          + "swp20@sw-egg-backend-plane2-spine01",
          + "swp52@sw-egg-backend-plane2-leaf03",
        ]
      + underlay = "enabled"
    }

  # netris_link.ew_switch_links["swp20@sw-egg-backend-plane2-spine02--swp60@sw-egg-backend-plane2-leaf03"] will be created
  + resource "netris_link" "ew_switch_links" {
      + id       = (known after apply)
      + ports    = [
          + "swp20@sw-egg-backend-plane2-spine02",
          + "swp60@sw-egg-backend-plane2-leaf03",
        ]
      + underlay = "enabled"
    }

  # netris_link.ew_switch_links["swp20@sw-egg-backend-plane3-spine01--swp52@sw-egg-backend-plane3-leaf03"] will be created
  + resource "netris_link" "ew_switch_links" {
      + id       = (known after apply)
      + ports    = [
          + "swp20@sw-egg-backend-plane3-spine01",
          + "swp52@sw-egg-backend-plane3-leaf03",
        ]
      + underlay = "enabled"
    }

  # netris_link.ew_switch_links["swp20@sw-egg-backend-plane3-spine02--swp60@sw-egg-backend-plane3-leaf03"] will be created
  + resource "netris_link" "ew_switch_links" {
      + id       = (known after apply)
      + ports    = [
          + "swp20@sw-egg-backend-plane3-spine02",
          + "swp60@sw-egg-backend-plane3-leaf03",
        ]
      + underlay = "enabled"
    }

  # netris_link.ew_switch_links["swp20@sw-egg-backend-plane4-spine01--swp52@sw-egg-backend-plane4-leaf03"] will be created
  + resource "netris_link" "ew_switch_links" {
      + id       = (known after apply)
      + ports    = [
          + "swp20@sw-egg-backend-plane4-spine01",
          + "swp52@sw-egg-backend-plane4-leaf03",
        ]
      + underlay = "enabled"
    }

  # netris_link.ew_switch_links["swp20@sw-egg-backend-plane4-spine02--swp60@sw-egg-backend-plane4-leaf03"] will be created
  + resource "netris_link" "ew_switch_links" {
      + id       = (known after apply)
      + ports    = [
          + "swp20@sw-egg-backend-plane4-spine02",
          + "swp60@sw-egg-backend-plane4-leaf03",
        ]
      + underlay = "enabled"
    }

  # netris_link.ew_switch_links["swp21@sw-egg-backend-plane1-spine01--swp53@sw-egg-backend-plane1-leaf03"] will be created
  + resource "netris_link" "ew_switch_links" {
      + id       = (known after apply)
      + ports    = [
          + "swp21@sw-egg-backend-plane1-spine01",
          + "swp53@sw-egg-backend-plane1-leaf03",
        ]
      + underlay = "enabled"
    }

  # netris_link.ew_switch_links["swp21@sw-egg-backend-plane1-spine02--swp61@sw-egg-backend-plane1-leaf03"] will be created
  + resource "netris_link" "ew_switch_links" {
      + id       = (known after apply)
      + ports    = [
          + "swp21@sw-egg-backend-plane1-spine02",
          + "swp61@sw-egg-backend-plane1-leaf03",
        ]
      + underlay = "enabled"
    }

  # netris_link.ew_switch_links["swp21@sw-egg-backend-plane2-spine01--swp53@sw-egg-backend-plane2-leaf03"] will be created
  + resource "netris_link" "ew_switch_links" {
      + id       = (known after apply)
      + ports    = [
          + "swp21@sw-egg-backend-plane2-spine01",
          + "swp53@sw-egg-backend-plane2-leaf03",
        ]
      + underlay = "enabled"
    }

  # netris_link.ew_switch_links["swp21@sw-egg-backend-plane2-spine02--swp61@sw-egg-backend-plane2-leaf03"] will be created
  + resource "netris_link" "ew_switch_links" {
      + id       = (known after apply)
      + ports    = [
          + "swp21@sw-egg-backend-plane2-spine02",
          + "swp61@sw-egg-backend-plane2-leaf03",
        ]
      + underlay = "enabled"
    }

  # netris_link.ew_switch_links["swp21@sw-egg-backend-plane3-spine01--swp53@sw-egg-backend-plane3-leaf03"] will be created
  + resource "netris_link" "ew_switch_links" {
      + id       = (known after apply)
      + ports    = [
          + "swp21@sw-egg-backend-plane3-spine01",
          + "swp53@sw-egg-backend-plane3-leaf03",
        ]
      + underlay = "enabled"
    }

  # netris_link.ew_switch_links["swp21@sw-egg-backend-plane3-spine02--swp61@sw-egg-backend-plane3-leaf03"] will be created
  + resource "netris_link" "ew_switch_links" {
      + id       = (known after apply)
      + ports    = [
          + "swp21@sw-egg-backend-plane3-spine02",
          + "swp61@sw-egg-backend-plane3-leaf03",
        ]
      + underlay = "enabled"
    }

  # netris_link.ew_switch_links["swp21@sw-egg-backend-plane4-spine01--swp53@sw-egg-backend-plane4-leaf03"] will be created
  + resource "netris_link" "ew_switch_links" {
      + id       = (known after apply)
      + ports    = [
          + "swp21@sw-egg-backend-plane4-spine01",
          + "swp53@sw-egg-backend-plane4-leaf03",
        ]
      + underlay = "enabled"
    }

  # netris_link.ew_switch_links["swp21@sw-egg-backend-plane4-spine02--swp61@sw-egg-backend-plane4-leaf03"] will be created
  + resource "netris_link" "ew_switch_links" {
      + id       = (known after apply)
      + ports    = [
          + "swp21@sw-egg-backend-plane4-spine02",
          + "swp61@sw-egg-backend-plane4-leaf03",
        ]
      + underlay = "enabled"
    }

  # netris_link.ew_switch_links["swp22@sw-egg-backend-plane1-spine01--swp54@sw-egg-backend-plane1-leaf03"] will be created
  + resource "netris_link" "ew_switch_links" {
      + id       = (known after apply)
      + ports    = [
          + "swp22@sw-egg-backend-plane1-spine01",
          + "swp54@sw-egg-backend-plane1-leaf03",
        ]
      + underlay = "enabled"
    }

  # netris_link.ew_switch_links["swp22@sw-egg-backend-plane1-spine02--swp62@sw-egg-backend-plane1-leaf03"] will be created
  + resource "netris_link" "ew_switch_links" {
      + id       = (known after apply)
      + ports    = [
          + "swp22@sw-egg-backend-plane1-spine02",
          + "swp62@sw-egg-backend-plane1-leaf03",
        ]
      + underlay = "enabled"
    }

  # netris_link.ew_switch_links["swp22@sw-egg-backend-plane2-spine01--swp54@sw-egg-backend-plane2-leaf03"] will be created
  + resource "netris_link" "ew_switch_links" {
      + id       = (known after apply)
      + ports    = [
          + "swp22@sw-egg-backend-plane2-spine01",
          + "swp54@sw-egg-backend-plane2-leaf03",
        ]
      + underlay = "enabled"
    }

  # netris_link.ew_switch_links["swp22@sw-egg-backend-plane2-spine02--swp62@sw-egg-backend-plane2-leaf03"] will be created
  + resource "netris_link" "ew_switch_links" {
      + id       = (known after apply)
      + ports    = [
          + "swp22@sw-egg-backend-plane2-spine02",
          + "swp62@sw-egg-backend-plane2-leaf03",
        ]
      + underlay = "enabled"
    }

  # netris_link.ew_switch_links["swp22@sw-egg-backend-plane3-spine01--swp54@sw-egg-backend-plane3-leaf03"] will be created
  + resource "netris_link" "ew_switch_links" {
      + id       = (known after apply)
      + ports    = [
          + "swp22@sw-egg-backend-plane3-spine01",
          + "swp54@sw-egg-backend-plane3-leaf03",
        ]
      + underlay = "enabled"
    }

  # netris_link.ew_switch_links["swp22@sw-egg-backend-plane3-spine02--swp62@sw-egg-backend-plane3-leaf03"] will be created
  + resource "netris_link" "ew_switch_links" {
      + id       = (known after apply)
      + ports    = [
          + "swp22@sw-egg-backend-plane3-spine02",
          + "swp62@sw-egg-backend-plane3-leaf03",
        ]
      + underlay = "enabled"
    }

  # netris_link.ew_switch_links["swp22@sw-egg-backend-plane4-spine01--swp54@sw-egg-backend-plane4-leaf03"] will be created
  + resource "netris_link" "ew_switch_links" {
      + id       = (known after apply)
      + ports    = [
          + "swp22@sw-egg-backend-plane4-spine01",
          + "swp54@sw-egg-backend-plane4-leaf03",
        ]
      + underlay = "enabled"
    }

  # netris_link.ew_switch_links["swp22@sw-egg-backend-plane4-spine02--swp62@sw-egg-backend-plane4-leaf03"] will be created
  + resource "netris_link" "ew_switch_links" {
      + id       = (known after apply)
      + ports    = [
          + "swp22@sw-egg-backend-plane4-spine02",
          + "swp62@sw-egg-backend-plane4-leaf03",
        ]
      + underlay = "enabled"
    }

  # netris_link.ew_switch_links["swp23@sw-egg-backend-plane1-spine01--swp55@sw-egg-backend-plane1-leaf03"] will be created
  + resource "netris_link" "ew_switch_links" {
      + id       = (known after apply)
      + ports    = [
          + "swp23@sw-egg-backend-plane1-spine01",
          + "swp55@sw-egg-backend-plane1-leaf03",
        ]
      + underlay = "enabled"
    }

  # netris_link.ew_switch_links["swp23@sw-egg-backend-plane1-spine02--swp63@sw-egg-backend-plane1-leaf03"] will be created
  + resource "netris_link" "ew_switch_links" {
      + id       = (known after apply)
      + ports    = [
          + "swp23@sw-egg-backend-plane1-spine02",
          + "swp63@sw-egg-backend-plane1-leaf03",
        ]
      + underlay = "enabled"
    }

  # netris_link.ew_switch_links["swp23@sw-egg-backend-plane2-spine01--swp55@sw-egg-backend-plane2-leaf03"] will be created
  + resource "netris_link" "ew_switch_links" {
      + id       = (known after apply)
      + ports    = [
          + "swp23@sw-egg-backend-plane2-spine01",
          + "swp55@sw-egg-backend-plane2-leaf03",
        ]
      + underlay = "enabled"
    }

  # netris_link.ew_switch_links["swp23@sw-egg-backend-plane2-spine02--swp63@sw-egg-backend-plane2-leaf03"] will be created
  + resource "netris_link" "ew_switch_links" {
      + id       = (known after apply)
      + ports    = [
          + "swp23@sw-egg-backend-plane2-spine02",
          + "swp63@sw-egg-backend-plane2-leaf03",
        ]
      + underlay = "enabled"
    }

  # netris_link.ew_switch_links["swp23@sw-egg-backend-plane3-spine01--swp55@sw-egg-backend-plane3-leaf03"] will be created
  + resource "netris_link" "ew_switch_links" {
      + id       = (known after apply)
      + ports    = [
          + "swp23@sw-egg-backend-plane3-spine01",
          + "swp55@sw-egg-backend-plane3-leaf03",
        ]
      + underlay = "enabled"
    }

  # netris_link.ew_switch_links["swp23@sw-egg-backend-plane3-spine02--swp63@sw-egg-backend-plane3-leaf03"] will be created
  + resource "netris_link" "ew_switch_links" {
      + id       = (known after apply)
      + ports    = [
          + "swp23@sw-egg-backend-plane3-spine02",
          + "swp63@sw-egg-backend-plane3-leaf03",
        ]
      + underlay = "enabled"
    }

  # netris_link.ew_switch_links["swp23@sw-egg-backend-plane4-spine01--swp55@sw-egg-backend-plane4-leaf03"] will be created
  + resource "netris_link" "ew_switch_links" {
      + id       = (known after apply)
      + ports    = [
          + "swp23@sw-egg-backend-plane4-spine01",
          + "swp55@sw-egg-backend-plane4-leaf03",
        ]
      + underlay = "enabled"
    }

  # netris_link.ew_switch_links["swp23@sw-egg-backend-plane4-spine02--swp63@sw-egg-backend-plane4-leaf03"] will be created
  + resource "netris_link" "ew_switch_links" {
      + id       = (known after apply)
      + ports    = [
          + "swp23@sw-egg-backend-plane4-spine02",
          + "swp63@sw-egg-backend-plane4-leaf03",
        ]
      + underlay = "enabled"
    }

  # netris_link.ew_switch_links["swp24@sw-egg-backend-plane1-spine01--swp56@sw-egg-backend-plane1-leaf03"] will be created
  + resource "netris_link" "ew_switch_links" {
      + id       = (known after apply)
      + ports    = [
          + "swp24@sw-egg-backend-plane1-spine01",
          + "swp56@sw-egg-backend-plane1-leaf03",
        ]
      + underlay = "enabled"
    }

  # netris_link.ew_switch_links["swp24@sw-egg-backend-plane1-spine02--swp64@sw-egg-backend-plane1-leaf03"] will be created
  + resource "netris_link" "ew_switch_links" {
      + id       = (known after apply)
      + ports    = [
          + "swp24@sw-egg-backend-plane1-spine02",
          + "swp64@sw-egg-backend-plane1-leaf03",
        ]
      + underlay = "enabled"
    }

  # netris_link.ew_switch_links["swp24@sw-egg-backend-plane2-spine01--swp56@sw-egg-backend-plane2-leaf03"] will be created
  + resource "netris_link" "ew_switch_links" {
      + id       = (known after apply)
      + ports    = [
          + "swp24@sw-egg-backend-plane2-spine01",
          + "swp56@sw-egg-backend-plane2-leaf03",
        ]
      + underlay = "enabled"
    }

  # netris_link.ew_switch_links["swp24@sw-egg-backend-plane2-spine02--swp64@sw-egg-backend-plane2-leaf03"] will be created
  + resource "netris_link" "ew_switch_links" {
      + id       = (known after apply)
      + ports    = [
          + "swp24@sw-egg-backend-plane2-spine02",
          + "swp64@sw-egg-backend-plane2-leaf03",
        ]
      + underlay = "enabled"
    }

  # netris_link.ew_switch_links["swp24@sw-egg-backend-plane3-spine01--swp56@sw-egg-backend-plane3-leaf03"] will be created
  + resource "netris_link" "ew_switch_links" {
      + id       = (known after apply)
      + ports    = [
          + "swp24@sw-egg-backend-plane3-spine01",
          + "swp56@sw-egg-backend-plane3-leaf03",
        ]
      + underlay = "enabled"
    }

  # netris_link.ew_switch_links["swp24@sw-egg-backend-plane3-spine02--swp64@sw-egg-backend-plane3-leaf03"] will be created
  + resource "netris_link" "ew_switch_links" {
      + id       = (known after apply)
      + ports    = [
          + "swp24@sw-egg-backend-plane3-spine02",
          + "swp64@sw-egg-backend-plane3-leaf03",
        ]
      + underlay = "enabled"
    }

  # netris_link.ew_switch_links["swp24@sw-egg-backend-plane4-spine01--swp56@sw-egg-backend-plane4-leaf03"] will be created
  + resource "netris_link" "ew_switch_links" {
      + id       = (known after apply)
      + ports    = [
          + "swp24@sw-egg-backend-plane4-spine01",
          + "swp56@sw-egg-backend-plane4-leaf03",
        ]
      + underlay = "enabled"
    }

  # netris_link.ew_switch_links["swp24@sw-egg-backend-plane4-spine02--swp64@sw-egg-backend-plane4-leaf03"] will be created
  + resource "netris_link" "ew_switch_links" {
      + id       = (known after apply)
      + ports    = [
          + "swp24@sw-egg-backend-plane4-spine02",
          + "swp64@sw-egg-backend-plane4-leaf03",
        ]
      + underlay = "enabled"
    }

  # netris_link.ew_switch_links["swp25@sw-egg-backend-plane1-spine01--swp49@sw-egg-backend-plane1-leaf04"] will be created
  + resource "netris_link" "ew_switch_links" {
      + id       = (known after apply)
      + ports    = [
          + "swp25@sw-egg-backend-plane1-spine01",
          + "swp49@sw-egg-backend-plane1-leaf04",
        ]
      + underlay = "enabled"
    }

  # netris_link.ew_switch_links["swp25@sw-egg-backend-plane1-spine02--swp57@sw-egg-backend-plane1-leaf04"] will be created
  + resource "netris_link" "ew_switch_links" {
      + id       = (known after apply)
      + ports    = [
          + "swp25@sw-egg-backend-plane1-spine02",
          + "swp57@sw-egg-backend-plane1-leaf04",
        ]
      + underlay = "enabled"
    }

  # netris_link.ew_switch_links["swp25@sw-egg-backend-plane2-spine01--swp49@sw-egg-backend-plane2-leaf04"] will be created
  + resource "netris_link" "ew_switch_links" {
      + id       = (known after apply)
      + ports    = [
          + "swp25@sw-egg-backend-plane2-spine01",
          + "swp49@sw-egg-backend-plane2-leaf04",
        ]
      + underlay = "enabled"
    }

  # netris_link.ew_switch_links["swp25@sw-egg-backend-plane2-spine02--swp57@sw-egg-backend-plane2-leaf04"] will be created
  + resource "netris_link" "ew_switch_links" {
      + id       = (known after apply)
      + ports    = [
          + "swp25@sw-egg-backend-plane2-spine02",
          + "swp57@sw-egg-backend-plane2-leaf04",
        ]
      + underlay = "enabled"
    }

  # netris_link.ew_switch_links["swp25@sw-egg-backend-plane3-spine01--swp49@sw-egg-backend-plane3-leaf04"] will be created
  + resource "netris_link" "ew_switch_links" {
      + id       = (known after apply)
      + ports    = [
          + "swp25@sw-egg-backend-plane3-spine01",
          + "swp49@sw-egg-backend-plane3-leaf04",
        ]
      + underlay = "enabled"
    }

  # netris_link.ew_switch_links["swp25@sw-egg-backend-plane3-spine02--swp57@sw-egg-backend-plane3-leaf04"] will be created
  + resource "netris_link" "ew_switch_links" {
      + id       = (known after apply)
      + ports    = [
          + "swp25@sw-egg-backend-plane3-spine02",
          + "swp57@sw-egg-backend-plane3-leaf04",
        ]
      + underlay = "enabled"
    }

  # netris_link.ew_switch_links["swp25@sw-egg-backend-plane4-spine01--swp49@sw-egg-backend-plane4-leaf04"] will be created
  + resource "netris_link" "ew_switch_links" {
      + id       = (known after apply)
      + ports    = [
          + "swp25@sw-egg-backend-plane4-spine01",
          + "swp49@sw-egg-backend-plane4-leaf04",
        ]
      + underlay = "enabled"
    }

  # netris_link.ew_switch_links["swp25@sw-egg-backend-plane4-spine02--swp57@sw-egg-backend-plane4-leaf04"] will be created
  + resource "netris_link" "ew_switch_links" {
      + id       = (known after apply)
      + ports    = [
          + "swp25@sw-egg-backend-plane4-spine02",
          + "swp57@sw-egg-backend-plane4-leaf04",
        ]
      + underlay = "enabled"
    }

  # netris_link.ew_switch_links["swp26@sw-egg-backend-plane1-spine01--swp50@sw-egg-backend-plane1-leaf04"] will be created
  + resource "netris_link" "ew_switch_links" {
      + id       = (known after apply)
      + ports    = [
          + "swp26@sw-egg-backend-plane1-spine01",
          + "swp50@sw-egg-backend-plane1-leaf04",
        ]
      + underlay = "enabled"
    }

  # netris_link.ew_switch_links["swp26@sw-egg-backend-plane1-spine02--swp58@sw-egg-backend-plane1-leaf04"] will be created
  + resource "netris_link" "ew_switch_links" {
      + id       = (known after apply)
      + ports    = [
          + "swp26@sw-egg-backend-plane1-spine02",
          + "swp58@sw-egg-backend-plane1-leaf04",
        ]
      + underlay = "enabled"
    }

  # netris_link.ew_switch_links["swp26@sw-egg-backend-plane2-spine01--swp50@sw-egg-backend-plane2-leaf04"] will be created
  + resource "netris_link" "ew_switch_links" {
      + id       = (known after apply)
      + ports    = [
          + "swp26@sw-egg-backend-plane2-spine01",
          + "swp50@sw-egg-backend-plane2-leaf04",
        ]
      + underlay = "enabled"
    }

  # netris_link.ew_switch_links["swp26@sw-egg-backend-plane2-spine02--swp58@sw-egg-backend-plane2-leaf04"] will be created
  + resource "netris_link" "ew_switch_links" {
      + id       = (known after apply)
      + ports    = [
          + "swp26@sw-egg-backend-plane2-spine02",
          + "swp58@sw-egg-backend-plane2-leaf04",
        ]
      + underlay = "enabled"
    }

  # netris_link.ew_switch_links["swp26@sw-egg-backend-plane3-spine01--swp50@sw-egg-backend-plane3-leaf04"] will be created
  + resource "netris_link" "ew_switch_links" {
      + id       = (known after apply)
      + ports    = [
          + "swp26@sw-egg-backend-plane3-spine01",
          + "swp50@sw-egg-backend-plane3-leaf04",
        ]
      + underlay = "enabled"
    }

  # netris_link.ew_switch_links["swp26@sw-egg-backend-plane3-spine02--swp58@sw-egg-backend-plane3-leaf04"] will be created
  + resource "netris_link" "ew_switch_links" {
      + id       = (known after apply)
      + ports    = [
          + "swp26@sw-egg-backend-plane3-spine02",
          + "swp58@sw-egg-backend-plane3-leaf04",
        ]
      + underlay = "enabled"
    }

  # netris_link.ew_switch_links["swp26@sw-egg-backend-plane4-spine01--swp50@sw-egg-backend-plane4-leaf04"] will be created
  + resource "netris_link" "ew_switch_links" {
      + id       = (known after apply)
      + ports    = [
          + "swp26@sw-egg-backend-plane4-spine01",
          + "swp50@sw-egg-backend-plane4-leaf04",
        ]
      + underlay = "enabled"
    }

  # netris_link.ew_switch_links["swp26@sw-egg-backend-plane4-spine02--swp58@sw-egg-backend-plane4-leaf04"] will be created
  + resource "netris_link" "ew_switch_links" {
      + id       = (known after apply)
      + ports    = [
          + "swp26@sw-egg-backend-plane4-spine02",
          + "swp58@sw-egg-backend-plane4-leaf04",
        ]
      + underlay = "enabled"
    }

  # netris_link.ew_switch_links["swp27@sw-egg-backend-plane1-spine01--swp51@sw-egg-backend-plane1-leaf04"] will be created
  + resource "netris_link" "ew_switch_links" {
      + id       = (known after apply)
      + ports    = [
          + "swp27@sw-egg-backend-plane1-spine01",
          + "swp51@sw-egg-backend-plane1-leaf04",
        ]
      + underlay = "enabled"
    }

  # netris_link.ew_switch_links["swp27@sw-egg-backend-plane1-spine02--swp59@sw-egg-backend-plane1-leaf04"] will be created
  + resource "netris_link" "ew_switch_links" {
      + id       = (known after apply)
      + ports    = [
          + "swp27@sw-egg-backend-plane1-spine02",
          + "swp59@sw-egg-backend-plane1-leaf04",
        ]
      + underlay = "enabled"
    }

  # netris_link.ew_switch_links["swp27@sw-egg-backend-plane2-spine01--swp51@sw-egg-backend-plane2-leaf04"] will be created
  + resource "netris_link" "ew_switch_links" {
      + id       = (known after apply)
      + ports    = [
          + "swp27@sw-egg-backend-plane2-spine01",
          + "swp51@sw-egg-backend-plane2-leaf04",
        ]
      + underlay = "enabled"
    }

  # netris_link.ew_switch_links["swp27@sw-egg-backend-plane2-spine02--swp59@sw-egg-backend-plane2-leaf04"] will be created
  + resource "netris_link" "ew_switch_links" {
      + id       = (known after apply)
      + ports    = [
          + "swp27@sw-egg-backend-plane2-spine02",
          + "swp59@sw-egg-backend-plane2-leaf04",
        ]
      + underlay = "enabled"
    }

  # netris_link.ew_switch_links["swp27@sw-egg-backend-plane3-spine01--swp51@sw-egg-backend-plane3-leaf04"] will be created
  + resource "netris_link" "ew_switch_links" {
      + id       = (known after apply)
      + ports    = [
          + "swp27@sw-egg-backend-plane3-spine01",
          + "swp51@sw-egg-backend-plane3-leaf04",
        ]
      + underlay = "enabled"
    }

  # netris_link.ew_switch_links["swp27@sw-egg-backend-plane3-spine02--swp59@sw-egg-backend-plane3-leaf04"] will be created
  + resource "netris_link" "ew_switch_links" {
      + id       = (known after apply)
      + ports    = [
          + "swp27@sw-egg-backend-plane3-spine02",
          + "swp59@sw-egg-backend-plane3-leaf04",
        ]
      + underlay = "enabled"
    }

  # netris_link.ew_switch_links["swp27@sw-egg-backend-plane4-spine01--swp51@sw-egg-backend-plane4-leaf04"] will be created
  + resource "netris_link" "ew_switch_links" {
      + id       = (known after apply)
      + ports    = [
          + "swp27@sw-egg-backend-plane4-spine01",
          + "swp51@sw-egg-backend-plane4-leaf04",
        ]
      + underlay = "enabled"
    }

  # netris_link.ew_switch_links["swp27@sw-egg-backend-plane4-spine02--swp59@sw-egg-backend-plane4-leaf04"] will be created
  + resource "netris_link" "ew_switch_links" {
      + id       = (known after apply)
      + ports    = [
          + "swp27@sw-egg-backend-plane4-spine02",
          + "swp59@sw-egg-backend-plane4-leaf04",
        ]
      + underlay = "enabled"
    }

  # netris_link.ew_switch_links["swp28@sw-egg-backend-plane1-spine01--swp52@sw-egg-backend-plane1-leaf04"] will be created
  + resource "netris_link" "ew_switch_links" {
      + id       = (known after apply)
      + ports    = [
          + "swp28@sw-egg-backend-plane1-spine01",
          + "swp52@sw-egg-backend-plane1-leaf04",
        ]
      + underlay = "enabled"
    }

  # netris_link.ew_switch_links["swp28@sw-egg-backend-plane1-spine02--swp60@sw-egg-backend-plane1-leaf04"] will be created
  + resource "netris_link" "ew_switch_links" {
      + id       = (known after apply)
      + ports    = [
          + "swp28@sw-egg-backend-plane1-spine02",
          + "swp60@sw-egg-backend-plane1-leaf04",
        ]
      + underlay = "enabled"
    }

  # netris_link.ew_switch_links["swp28@sw-egg-backend-plane2-spine01--swp52@sw-egg-backend-plane2-leaf04"] will be created
  + resource "netris_link" "ew_switch_links" {
      + id       = (known after apply)
      + ports    = [
          + "swp28@sw-egg-backend-plane2-spine01",
          + "swp52@sw-egg-backend-plane2-leaf04",
        ]
      + underlay = "enabled"
    }

  # netris_link.ew_switch_links["swp28@sw-egg-backend-plane2-spine02--swp60@sw-egg-backend-plane2-leaf04"] will be created
  + resource "netris_link" "ew_switch_links" {
      + id       = (known after apply)
      + ports    = [
          + "swp28@sw-egg-backend-plane2-spine02",
          + "swp60@sw-egg-backend-plane2-leaf04",
        ]
      + underlay = "enabled"
    }

  # netris_link.ew_switch_links["swp28@sw-egg-backend-plane3-spine01--swp52@sw-egg-backend-plane3-leaf04"] will be created
  + resource "netris_link" "ew_switch_links" {
      + id       = (known after apply)
      + ports    = [
          + "swp28@sw-egg-backend-plane3-spine01",
          + "swp52@sw-egg-backend-plane3-leaf04",
        ]
      + underlay = "enabled"
    }

  # netris_link.ew_switch_links["swp28@sw-egg-backend-plane3-spine02--swp60@sw-egg-backend-plane3-leaf04"] will be created
  + resource "netris_link" "ew_switch_links" {
      + id       = (known after apply)
      + ports    = [
          + "swp28@sw-egg-backend-plane3-spine02",
          + "swp60@sw-egg-backend-plane3-leaf04",
        ]
      + underlay = "enabled"
    }

  # netris_link.ew_switch_links["swp28@sw-egg-backend-plane4-spine01--swp52@sw-egg-backend-plane4-leaf04"] will be created
  + resource "netris_link" "ew_switch_links" {
      + id       = (known after apply)
      + ports    = [
          + "swp28@sw-egg-backend-plane4-spine01",
          + "swp52@sw-egg-backend-plane4-leaf04",
        ]
      + underlay = "enabled"
    }

  # netris_link.ew_switch_links["swp28@sw-egg-backend-plane4-spine02--swp60@sw-egg-backend-plane4-leaf04"] will be created
  + resource "netris_link" "ew_switch_links" {
      + id       = (known after apply)
      + ports    = [
          + "swp28@sw-egg-backend-plane4-spine02",
          + "swp60@sw-egg-backend-plane4-leaf04",
        ]
      + underlay = "enabled"
    }

  # netris_link.ew_switch_links["swp29@sw-egg-backend-plane1-spine01--swp53@sw-egg-backend-plane1-leaf04"] will be created
  + resource "netris_link" "ew_switch_links" {
      + id       = (known after apply)
      + ports    = [
          + "swp29@sw-egg-backend-plane1-spine01",
          + "swp53@sw-egg-backend-plane1-leaf04",
        ]
      + underlay = "enabled"
    }

  # netris_link.ew_switch_links["swp29@sw-egg-backend-plane1-spine02--swp61@sw-egg-backend-plane1-leaf04"] will be created
  + resource "netris_link" "ew_switch_links" {
      + id       = (known after apply)
      + ports    = [
          + "swp29@sw-egg-backend-plane1-spine02",
          + "swp61@sw-egg-backend-plane1-leaf04",
        ]
      + underlay = "enabled"
    }

  # netris_link.ew_switch_links["swp29@sw-egg-backend-plane2-spine01--swp53@sw-egg-backend-plane2-leaf04"] will be created
  + resource "netris_link" "ew_switch_links" {
      + id       = (known after apply)
      + ports    = [
          + "swp29@sw-egg-backend-plane2-spine01",
          + "swp53@sw-egg-backend-plane2-leaf04",
        ]
      + underlay = "enabled"
    }

  # netris_link.ew_switch_links["swp29@sw-egg-backend-plane2-spine02--swp61@sw-egg-backend-plane2-leaf04"] will be created
  + resource "netris_link" "ew_switch_links" {
      + id       = (known after apply)
      + ports    = [
          + "swp29@sw-egg-backend-plane2-spine02",
          + "swp61@sw-egg-backend-plane2-leaf04",
        ]
      + underlay = "enabled"
    }

  # netris_link.ew_switch_links["swp29@sw-egg-backend-plane3-spine01--swp53@sw-egg-backend-plane3-leaf04"] will be created
  + resource "netris_link" "ew_switch_links" {
      + id       = (known after apply)
      + ports    = [
          + "swp29@sw-egg-backend-plane3-spine01",
          + "swp53@sw-egg-backend-plane3-leaf04",
        ]
      + underlay = "enabled"
    }

  # netris_link.ew_switch_links["swp29@sw-egg-backend-plane3-spine02--swp61@sw-egg-backend-plane3-leaf04"] will be created
  + resource "netris_link" "ew_switch_links" {
      + id       = (known after apply)
      + ports    = [
          + "swp29@sw-egg-backend-plane3-spine02",
          + "swp61@sw-egg-backend-plane3-leaf04",
        ]
      + underlay = "enabled"
    }

  # netris_link.ew_switch_links["swp29@sw-egg-backend-plane4-spine01--swp53@sw-egg-backend-plane4-leaf04"] will be created
  + resource "netris_link" "ew_switch_links" {
      + id       = (known after apply)
      + ports    = [
          + "swp29@sw-egg-backend-plane4-spine01",
          + "swp53@sw-egg-backend-plane4-leaf04",
        ]
      + underlay = "enabled"
    }

  # netris_link.ew_switch_links["swp29@sw-egg-backend-plane4-spine02--swp61@sw-egg-backend-plane4-leaf04"] will be created
  + resource "netris_link" "ew_switch_links" {
      + id       = (known after apply)
      + ports    = [
          + "swp29@sw-egg-backend-plane4-spine02",
          + "swp61@sw-egg-backend-plane4-leaf04",
        ]
      + underlay = "enabled"
    }

  # netris_link.ew_switch_links["swp2@sw-egg-backend-plane1-spine01--swp50@sw-egg-backend-plane1-leaf01"] will be created
  + resource "netris_link" "ew_switch_links" {
      + id       = (known after apply)
      + ports    = [
          + "swp2@sw-egg-backend-plane1-spine01",
          + "swp50@sw-egg-backend-plane1-leaf01",
        ]
      + underlay = "enabled"
    }

  # netris_link.ew_switch_links["swp2@sw-egg-backend-plane1-spine02--swp58@sw-egg-backend-plane1-leaf01"] will be created
  + resource "netris_link" "ew_switch_links" {
      + id       = (known after apply)
      + ports    = [
          + "swp2@sw-egg-backend-plane1-spine02",
          + "swp58@sw-egg-backend-plane1-leaf01",
        ]
      + underlay = "enabled"
    }

  # netris_link.ew_switch_links["swp2@sw-egg-backend-plane2-spine01--swp50@sw-egg-backend-plane2-leaf01"] will be created
  + resource "netris_link" "ew_switch_links" {
      + id       = (known after apply)
      + ports    = [
          + "swp2@sw-egg-backend-plane2-spine01",
          + "swp50@sw-egg-backend-plane2-leaf01",
        ]
      + underlay = "enabled"
    }

  # netris_link.ew_switch_links["swp2@sw-egg-backend-plane2-spine02--swp58@sw-egg-backend-plane2-leaf01"] will be created
  + resource "netris_link" "ew_switch_links" {
      + id       = (known after apply)
      + ports    = [
          + "swp2@sw-egg-backend-plane2-spine02",
          + "swp58@sw-egg-backend-plane2-leaf01",
        ]
      + underlay = "enabled"
    }

  # netris_link.ew_switch_links["swp2@sw-egg-backend-plane3-spine01--swp50@sw-egg-backend-plane3-leaf01"] will be created
  + resource "netris_link" "ew_switch_links" {
      + id       = (known after apply)
      + ports    = [
          + "swp2@sw-egg-backend-plane3-spine01",
          + "swp50@sw-egg-backend-plane3-leaf01",
        ]
      + underlay = "enabled"
    }

  # netris_link.ew_switch_links["swp2@sw-egg-backend-plane3-spine02--swp58@sw-egg-backend-plane3-leaf01"] will be created
  + resource "netris_link" "ew_switch_links" {
      + id       = (known after apply)
      + ports    = [
          + "swp2@sw-egg-backend-plane3-spine02",
          + "swp58@sw-egg-backend-plane3-leaf01",
        ]
      + underlay = "enabled"
    }

  # netris_link.ew_switch_links["swp2@sw-egg-backend-plane4-spine01--swp50@sw-egg-backend-plane4-leaf01"] will be created
  + resource "netris_link" "ew_switch_links" {
      + id       = (known after apply)
      + ports    = [
          + "swp2@sw-egg-backend-plane4-spine01",
          + "swp50@sw-egg-backend-plane4-leaf01",
        ]
      + underlay = "enabled"
    }

  # netris_link.ew_switch_links["swp2@sw-egg-backend-plane4-spine02--swp58@sw-egg-backend-plane4-leaf01"] will be created
  + resource "netris_link" "ew_switch_links" {
      + id       = (known after apply)
      + ports    = [
          + "swp2@sw-egg-backend-plane4-spine02",
          + "swp58@sw-egg-backend-plane4-leaf01",
        ]
      + underlay = "enabled"
    }

  # netris_link.ew_switch_links["swp30@sw-egg-backend-plane1-spine01--swp54@sw-egg-backend-plane1-leaf04"] will be created
  + resource "netris_link" "ew_switch_links" {
      + id       = (known after apply)
      + ports    = [
          + "swp30@sw-egg-backend-plane1-spine01",
          + "swp54@sw-egg-backend-plane1-leaf04",
        ]
      + underlay = "enabled"
    }

  # netris_link.ew_switch_links["swp30@sw-egg-backend-plane1-spine02--swp62@sw-egg-backend-plane1-leaf04"] will be created
  + resource "netris_link" "ew_switch_links" {
      + id       = (known after apply)
      + ports    = [
          + "swp30@sw-egg-backend-plane1-spine02",
          + "swp62@sw-egg-backend-plane1-leaf04",
        ]
      + underlay = "enabled"
    }

  # netris_link.ew_switch_links["swp30@sw-egg-backend-plane2-spine01--swp54@sw-egg-backend-plane2-leaf04"] will be created
  + resource "netris_link" "ew_switch_links" {
      + id       = (known after apply)
      + ports    = [
          + "swp30@sw-egg-backend-plane2-spine01",
          + "swp54@sw-egg-backend-plane2-leaf04",
        ]
      + underlay = "enabled"
    }

  # netris_link.ew_switch_links["swp30@sw-egg-backend-plane2-spine02--swp62@sw-egg-backend-plane2-leaf04"] will be created
  + resource "netris_link" "ew_switch_links" {
      + id       = (known after apply)
      + ports    = [
          + "swp30@sw-egg-backend-plane2-spine02",
          + "swp62@sw-egg-backend-plane2-leaf04",
        ]
      + underlay = "enabled"
    }

  # netris_link.ew_switch_links["swp30@sw-egg-backend-plane3-spine01--swp54@sw-egg-backend-plane3-leaf04"] will be created
  + resource "netris_link" "ew_switch_links" {
      + id       = (known after apply)
      + ports    = [
          + "swp30@sw-egg-backend-plane3-spine01",
          + "swp54@sw-egg-backend-plane3-leaf04",
        ]
      + underlay = "enabled"
    }

  # netris_link.ew_switch_links["swp30@sw-egg-backend-plane3-spine02--swp62@sw-egg-backend-plane3-leaf04"] will be created
  + resource "netris_link" "ew_switch_links" {
      + id       = (known after apply)
      + ports    = [
          + "swp30@sw-egg-backend-plane3-spine02",
          + "swp62@sw-egg-backend-plane3-leaf04",
        ]
      + underlay = "enabled"
    }

  # netris_link.ew_switch_links["swp30@sw-egg-backend-plane4-spine01--swp54@sw-egg-backend-plane4-leaf04"] will be created
  + resource "netris_link" "ew_switch_links" {
      + id       = (known after apply)
      + ports    = [
          + "swp30@sw-egg-backend-plane4-spine01",
          + "swp54@sw-egg-backend-plane4-leaf04",
        ]
      + underlay = "enabled"
    }

  # netris_link.ew_switch_links["swp30@sw-egg-backend-plane4-spine02--swp62@sw-egg-backend-plane4-leaf04"] will be created
  + resource "netris_link" "ew_switch_links" {
      + id       = (known after apply)
      + ports    = [
          + "swp30@sw-egg-backend-plane4-spine02",
          + "swp62@sw-egg-backend-plane4-leaf04",
        ]
      + underlay = "enabled"
    }

  # netris_link.ew_switch_links["swp31@sw-egg-backend-plane1-spine01--swp55@sw-egg-backend-plane1-leaf04"] will be created
  + resource "netris_link" "ew_switch_links" {
      + id       = (known after apply)
      + ports    = [
          + "swp31@sw-egg-backend-plane1-spine01",
          + "swp55@sw-egg-backend-plane1-leaf04",
        ]
      + underlay = "enabled"
    }

  # netris_link.ew_switch_links["swp31@sw-egg-backend-plane1-spine02--swp63@sw-egg-backend-plane1-leaf04"] will be created
  + resource "netris_link" "ew_switch_links" {
      + id       = (known after apply)
      + ports    = [
          + "swp31@sw-egg-backend-plane1-spine02",
          + "swp63@sw-egg-backend-plane1-leaf04",
        ]
      + underlay = "enabled"
    }

  # netris_link.ew_switch_links["swp31@sw-egg-backend-plane2-spine01--swp55@sw-egg-backend-plane2-leaf04"] will be created
  + resource "netris_link" "ew_switch_links" {
      + id       = (known after apply)
      + ports    = [
          + "swp31@sw-egg-backend-plane2-spine01",
          + "swp55@sw-egg-backend-plane2-leaf04",
        ]
      + underlay = "enabled"
    }

  # netris_link.ew_switch_links["swp31@sw-egg-backend-plane2-spine02--swp63@sw-egg-backend-plane2-leaf04"] will be created
  + resource "netris_link" "ew_switch_links" {
      + id       = (known after apply)
      + ports    = [
          + "swp31@sw-egg-backend-plane2-spine02",
          + "swp63@sw-egg-backend-plane2-leaf04",
        ]
      + underlay = "enabled"
    }

  # netris_link.ew_switch_links["swp31@sw-egg-backend-plane3-spine01--swp55@sw-egg-backend-plane3-leaf04"] will be created
  + resource "netris_link" "ew_switch_links" {
      + id       = (known after apply)
      + ports    = [
          + "swp31@sw-egg-backend-plane3-spine01",
          + "swp55@sw-egg-backend-plane3-leaf04",
        ]
      + underlay = "enabled"
    }

  # netris_link.ew_switch_links["swp31@sw-egg-backend-plane3-spine02--swp63@sw-egg-backend-plane3-leaf04"] will be created
  + resource "netris_link" "ew_switch_links" {
      + id       = (known after apply)
      + ports    = [
          + "swp31@sw-egg-backend-plane3-spine02",
          + "swp63@sw-egg-backend-plane3-leaf04",
        ]
      + underlay = "enabled"
    }

  # netris_link.ew_switch_links["swp31@sw-egg-backend-plane4-spine01--swp55@sw-egg-backend-plane4-leaf04"] will be created
  + resource "netris_link" "ew_switch_links" {
      + id       = (known after apply)
      + ports    = [
          + "swp31@sw-egg-backend-plane4-spine01",
          + "swp55@sw-egg-backend-plane4-leaf04",
        ]
      + underlay = "enabled"
    }

  # netris_link.ew_switch_links["swp31@sw-egg-backend-plane4-spine02--swp63@sw-egg-backend-plane4-leaf04"] will be created
  + resource "netris_link" "ew_switch_links" {
      + id       = (known after apply)
      + ports    = [
          + "swp31@sw-egg-backend-plane4-spine02",
          + "swp63@sw-egg-backend-plane4-leaf04",
        ]
      + underlay = "enabled"
    }

  # netris_link.ew_switch_links["swp32@sw-egg-backend-plane1-spine01--swp56@sw-egg-backend-plane1-leaf04"] will be created
  + resource "netris_link" "ew_switch_links" {
      + id       = (known after apply)
      + ports    = [
          + "swp32@sw-egg-backend-plane1-spine01",
          + "swp56@sw-egg-backend-plane1-leaf04",
        ]
      + underlay = "enabled"
    }

  # netris_link.ew_switch_links["swp32@sw-egg-backend-plane1-spine02--swp64@sw-egg-backend-plane1-leaf04"] will be created
  + resource "netris_link" "ew_switch_links" {
      + id       = (known after apply)
      + ports    = [
          + "swp32@sw-egg-backend-plane1-spine02",
          + "swp64@sw-egg-backend-plane1-leaf04",
        ]
      + underlay = "enabled"
    }

  # netris_link.ew_switch_links["swp32@sw-egg-backend-plane2-spine01--swp56@sw-egg-backend-plane2-leaf04"] will be created
  + resource "netris_link" "ew_switch_links" {
      + id       = (known after apply)
      + ports    = [
          + "swp32@sw-egg-backend-plane2-spine01",
          + "swp56@sw-egg-backend-plane2-leaf04",
        ]
      + underlay = "enabled"
    }

  # netris_link.ew_switch_links["swp32@sw-egg-backend-plane2-spine02--swp64@sw-egg-backend-plane2-leaf04"] will be created
  + resource "netris_link" "ew_switch_links" {
      + id       = (known after apply)
      + ports    = [
          + "swp32@sw-egg-backend-plane2-spine02",
          + "swp64@sw-egg-backend-plane2-leaf04",
        ]
      + underlay = "enabled"
    }

  # netris_link.ew_switch_links["swp32@sw-egg-backend-plane3-spine01--swp56@sw-egg-backend-plane3-leaf04"] will be created
  + resource "netris_link" "ew_switch_links" {
      + id       = (known after apply)
      + ports    = [
          + "swp32@sw-egg-backend-plane3-spine01",
          + "swp56@sw-egg-backend-plane3-leaf04",
        ]
      + underlay = "enabled"
    }

  # netris_link.ew_switch_links["swp32@sw-egg-backend-plane3-spine02--swp64@sw-egg-backend-plane3-leaf04"] will be created
  + resource "netris_link" "ew_switch_links" {
      + id       = (known after apply)
      + ports    = [
          + "swp32@sw-egg-backend-plane3-spine02",
          + "swp64@sw-egg-backend-plane3-leaf04",
        ]
      + underlay = "enabled"
    }

  # netris_link.ew_switch_links["swp32@sw-egg-backend-plane4-spine01--swp56@sw-egg-backend-plane4-leaf04"] will be created
  + resource "netris_link" "ew_switch_links" {
      + id       = (known after apply)
      + ports    = [
          + "swp32@sw-egg-backend-plane4-spine01",
          + "swp56@sw-egg-backend-plane4-leaf04",
        ]
      + underlay = "enabled"
    }

  # netris_link.ew_switch_links["swp32@sw-egg-backend-plane4-spine02--swp64@sw-egg-backend-plane4-leaf04"] will be created
  + resource "netris_link" "ew_switch_links" {
      + id       = (known after apply)
      + ports    = [
          + "swp32@sw-egg-backend-plane4-spine02",
          + "swp64@sw-egg-backend-plane4-leaf04",
        ]
      + underlay = "enabled"
    }

  # netris_link.ew_switch_links["swp33@sw-egg-backend-plane1-spine01--swp49@sw-egg-backend-plane1-leaf05"] will be created
  + resource "netris_link" "ew_switch_links" {
      + id       = (known after apply)
      + ports    = [
          + "swp33@sw-egg-backend-plane1-spine01",
          + "swp49@sw-egg-backend-plane1-leaf05",
        ]
      + underlay = "enabled"
    }

  # netris_link.ew_switch_links["swp33@sw-egg-backend-plane1-spine02--swp57@sw-egg-backend-plane1-leaf05"] will be created
  + resource "netris_link" "ew_switch_links" {
      + id       = (known after apply)
      + ports    = [
          + "swp33@sw-egg-backend-plane1-spine02",
          + "swp57@sw-egg-backend-plane1-leaf05",
        ]
      + underlay = "enabled"
    }

  # netris_link.ew_switch_links["swp33@sw-egg-backend-plane2-spine01--swp49@sw-egg-backend-plane2-leaf05"] will be created
  + resource "netris_link" "ew_switch_links" {
      + id       = (known after apply)
      + ports    = [
          + "swp33@sw-egg-backend-plane2-spine01",
          + "swp49@sw-egg-backend-plane2-leaf05",
        ]
      + underlay = "enabled"
    }

  # netris_link.ew_switch_links["swp33@sw-egg-backend-plane2-spine02--swp57@sw-egg-backend-plane2-leaf05"] will be created
  + resource "netris_link" "ew_switch_links" {
      + id       = (known after apply)
      + ports    = [
          + "swp33@sw-egg-backend-plane2-spine02",
          + "swp57@sw-egg-backend-plane2-leaf05",
        ]
      + underlay = "enabled"
    }

  # netris_link.ew_switch_links["swp33@sw-egg-backend-plane3-spine01--swp49@sw-egg-backend-plane3-leaf05"] will be created
  + resource "netris_link" "ew_switch_links" {
      + id       = (known after apply)
      + ports    = [
          + "swp33@sw-egg-backend-plane3-spine01",
          + "swp49@sw-egg-backend-plane3-leaf05",
        ]
      + underlay = "enabled"
    }

  # netris_link.ew_switch_links["swp33@sw-egg-backend-plane3-spine02--swp57@sw-egg-backend-plane3-leaf05"] will be created
  + resource "netris_link" "ew_switch_links" {
      + id       = (known after apply)
      + ports    = [
          + "swp33@sw-egg-backend-plane3-spine02",
          + "swp57@sw-egg-backend-plane3-leaf05",
        ]
      + underlay = "enabled"
    }

  # netris_link.ew_switch_links["swp33@sw-egg-backend-plane4-spine01--swp49@sw-egg-backend-plane4-leaf05"] will be created
  + resource "netris_link" "ew_switch_links" {
      + id       = (known after apply)
      + ports    = [
          + "swp33@sw-egg-backend-plane4-spine01",
          + "swp49@sw-egg-backend-plane4-leaf05",
        ]
      + underlay = "enabled"
    }

  # netris_link.ew_switch_links["swp33@sw-egg-backend-plane4-spine02--swp57@sw-egg-backend-plane4-leaf05"] will be created
  + resource "netris_link" "ew_switch_links" {
      + id       = (known after apply)
      + ports    = [
          + "swp33@sw-egg-backend-plane4-spine02",
          + "swp57@sw-egg-backend-plane4-leaf05",
        ]
      + underlay = "enabled"
    }

  # netris_link.ew_switch_links["swp34@sw-egg-backend-plane1-spine01--swp50@sw-egg-backend-plane1-leaf05"] will be created
  + resource "netris_link" "ew_switch_links" {
      + id       = (known after apply)
      + ports    = [
          + "swp34@sw-egg-backend-plane1-spine01",
          + "swp50@sw-egg-backend-plane1-leaf05",
        ]
      + underlay = "enabled"
    }

  # netris_link.ew_switch_links["swp34@sw-egg-backend-plane1-spine02--swp58@sw-egg-backend-plane1-leaf05"] will be created
  + resource "netris_link" "ew_switch_links" {
      + id       = (known after apply)
      + ports    = [
          + "swp34@sw-egg-backend-plane1-spine02",
          + "swp58@sw-egg-backend-plane1-leaf05",
        ]
      + underlay = "enabled"
    }

  # netris_link.ew_switch_links["swp34@sw-egg-backend-plane2-spine01--swp50@sw-egg-backend-plane2-leaf05"] will be created
  + resource "netris_link" "ew_switch_links" {
      + id       = (known after apply)
      + ports    = [
          + "swp34@sw-egg-backend-plane2-spine01",
          + "swp50@sw-egg-backend-plane2-leaf05",
        ]
      + underlay = "enabled"
    }

  # netris_link.ew_switch_links["swp34@sw-egg-backend-plane2-spine02--swp58@sw-egg-backend-plane2-leaf05"] will be created
  + resource "netris_link" "ew_switch_links" {
      + id       = (known after apply)
      + ports    = [
          + "swp34@sw-egg-backend-plane2-spine02",
          + "swp58@sw-egg-backend-plane2-leaf05",
        ]
      + underlay = "enabled"
    }

  # netris_link.ew_switch_links["swp34@sw-egg-backend-plane3-spine01--swp50@sw-egg-backend-plane3-leaf05"] will be created
  + resource "netris_link" "ew_switch_links" {
      + id       = (known after apply)
      + ports    = [
          + "swp34@sw-egg-backend-plane3-spine01",
          + "swp50@sw-egg-backend-plane3-leaf05",
        ]
      + underlay = "enabled"
    }

  # netris_link.ew_switch_links["swp34@sw-egg-backend-plane3-spine02--swp58@sw-egg-backend-plane3-leaf05"] will be created
  + resource "netris_link" "ew_switch_links" {
      + id       = (known after apply)
      + ports    = [
          + "swp34@sw-egg-backend-plane3-spine02",
          + "swp58@sw-egg-backend-plane3-leaf05",
        ]
      + underlay = "enabled"
    }

  # netris_link.ew_switch_links["swp34@sw-egg-backend-plane4-spine01--swp50@sw-egg-backend-plane4-leaf05"] will be created
  + resource "netris_link" "ew_switch_links" {
      + id       = (known after apply)
      + ports    = [
          + "swp34@sw-egg-backend-plane4-spine01",
          + "swp50@sw-egg-backend-plane4-leaf05",
        ]
      + underlay = "enabled"
    }

  # netris_link.ew_switch_links["swp34@sw-egg-backend-plane4-spine02--swp58@sw-egg-backend-plane4-leaf05"] will be created
  + resource "netris_link" "ew_switch_links" {
      + id       = (known after apply)
      + ports    = [
          + "swp34@sw-egg-backend-plane4-spine02",
          + "swp58@sw-egg-backend-plane4-leaf05",
        ]
      + underlay = "enabled"
    }

  # netris_link.ew_switch_links["swp35@sw-egg-backend-plane1-spine01--swp51@sw-egg-backend-plane1-leaf05"] will be created
  + resource "netris_link" "ew_switch_links" {
      + id       = (known after apply)
      + ports    = [
          + "swp35@sw-egg-backend-plane1-spine01",
          + "swp51@sw-egg-backend-plane1-leaf05",
        ]
      + underlay = "enabled"
    }

  # netris_link.ew_switch_links["swp35@sw-egg-backend-plane1-spine02--swp59@sw-egg-backend-plane1-leaf05"] will be created
  + resource "netris_link" "ew_switch_links" {
      + id       = (known after apply)
      + ports    = [
          + "swp35@sw-egg-backend-plane1-spine02",
          + "swp59@sw-egg-backend-plane1-leaf05",
        ]
      + underlay = "enabled"
    }

  # netris_link.ew_switch_links["swp35@sw-egg-backend-plane2-spine01--swp51@sw-egg-backend-plane2-leaf05"] will be created
  + resource "netris_link" "ew_switch_links" {
      + id       = (known after apply)
      + ports    = [
          + "swp35@sw-egg-backend-plane2-spine01",
          + "swp51@sw-egg-backend-plane2-leaf05",
        ]
      + underlay = "enabled"
    }

  # netris_link.ew_switch_links["swp35@sw-egg-backend-plane2-spine02--swp59@sw-egg-backend-plane2-leaf05"] will be created
  + resource "netris_link" "ew_switch_links" {
      + id       = (known after apply)
      + ports    = [
          + "swp35@sw-egg-backend-plane2-spine02",
          + "swp59@sw-egg-backend-plane2-leaf05",
        ]
      + underlay = "enabled"
    }

  # netris_link.ew_switch_links["swp35@sw-egg-backend-plane3-spine01--swp51@sw-egg-backend-plane3-leaf05"] will be created
  + resource "netris_link" "ew_switch_links" {
      + id       = (known after apply)
      + ports    = [
          + "swp35@sw-egg-backend-plane3-spine01",
          + "swp51@sw-egg-backend-plane3-leaf05",
        ]
      + underlay = "enabled"
    }

  # netris_link.ew_switch_links["swp35@sw-egg-backend-plane3-spine02--swp59@sw-egg-backend-plane3-leaf05"] will be created
  + resource "netris_link" "ew_switch_links" {
      + id       = (known after apply)
      + ports    = [
          + "swp35@sw-egg-backend-plane3-spine02",
          + "swp59@sw-egg-backend-plane3-leaf05",
        ]
      + underlay = "enabled"
    }

  # netris_link.ew_switch_links["swp35@sw-egg-backend-plane4-spine01--swp51@sw-egg-backend-plane4-leaf05"] will be created
  + resource "netris_link" "ew_switch_links" {
      + id       = (known after apply)
      + ports    = [
          + "swp35@sw-egg-backend-plane4-spine01",
          + "swp51@sw-egg-backend-plane4-leaf05",
        ]
      + underlay = "enabled"
    }

  # netris_link.ew_switch_links["swp35@sw-egg-backend-plane4-spine02--swp59@sw-egg-backend-plane4-leaf05"] will be created
  + resource "netris_link" "ew_switch_links" {
      + id       = (known after apply)
      + ports    = [
          + "swp35@sw-egg-backend-plane4-spine02",
          + "swp59@sw-egg-backend-plane4-leaf05",
        ]
      + underlay = "enabled"
    }

  # netris_link.ew_switch_links["swp36@sw-egg-backend-plane1-spine01--swp52@sw-egg-backend-plane1-leaf05"] will be created
  + resource "netris_link" "ew_switch_links" {
      + id       = (known after apply)
      + ports    = [
          + "swp36@sw-egg-backend-plane1-spine01",
          + "swp52@sw-egg-backend-plane1-leaf05",
        ]
      + underlay = "enabled"
    }

  # netris_link.ew_switch_links["swp36@sw-egg-backend-plane1-spine02--swp60@sw-egg-backend-plane1-leaf05"] will be created
  + resource "netris_link" "ew_switch_links" {
      + id       = (known after apply)
      + ports    = [
          + "swp36@sw-egg-backend-plane1-spine02",
          + "swp60@sw-egg-backend-plane1-leaf05",
        ]
      + underlay = "enabled"
    }

  # netris_link.ew_switch_links["swp36@sw-egg-backend-plane2-spine01--swp52@sw-egg-backend-plane2-leaf05"] will be created
  + resource "netris_link" "ew_switch_links" {
      + id       = (known after apply)
      + ports    = [
          + "swp36@sw-egg-backend-plane2-spine01",
          + "swp52@sw-egg-backend-plane2-leaf05",
        ]
      + underlay = "enabled"
    }

  # netris_link.ew_switch_links["swp36@sw-egg-backend-plane2-spine02--swp60@sw-egg-backend-plane2-leaf05"] will be created
  + resource "netris_link" "ew_switch_links" {
      + id       = (known after apply)
      + ports    = [
          + "swp36@sw-egg-backend-plane2-spine02",
          + "swp60@sw-egg-backend-plane2-leaf05",
        ]
      + underlay = "enabled"
    }

  # netris_link.ew_switch_links["swp36@sw-egg-backend-plane3-spine01--swp52@sw-egg-backend-plane3-leaf05"] will be created
  + resource "netris_link" "ew_switch_links" {
      + id       = (known after apply)
      + ports    = [
          + "swp36@sw-egg-backend-plane3-spine01",
          + "swp52@sw-egg-backend-plane3-leaf05",
        ]
      + underlay = "enabled"
    }

  # netris_link.ew_switch_links["swp36@sw-egg-backend-plane3-spine02--swp60@sw-egg-backend-plane3-leaf05"] will be created
  + resource "netris_link" "ew_switch_links" {
      + id       = (known after apply)
      + ports    = [
          + "swp36@sw-egg-backend-plane3-spine02",
          + "swp60@sw-egg-backend-plane3-leaf05",
        ]
      + underlay = "enabled"
    }

  # netris_link.ew_switch_links["swp36@sw-egg-backend-plane4-spine01--swp52@sw-egg-backend-plane4-leaf05"] will be created
  + resource "netris_link" "ew_switch_links" {
      + id       = (known after apply)
      + ports    = [
          + "swp36@sw-egg-backend-plane4-spine01",
          + "swp52@sw-egg-backend-plane4-leaf05",
        ]
      + underlay = "enabled"
    }

  # netris_link.ew_switch_links["swp36@sw-egg-backend-plane4-spine02--swp60@sw-egg-backend-plane4-leaf05"] will be created
  + resource "netris_link" "ew_switch_links" {
      + id       = (known after apply)
      + ports    = [
          + "swp36@sw-egg-backend-plane4-spine02",
          + "swp60@sw-egg-backend-plane4-leaf05",
        ]
      + underlay = "enabled"
    }

  # netris_link.ew_switch_links["swp37@sw-egg-backend-plane1-spine01--swp53@sw-egg-backend-plane1-leaf05"] will be created
  + resource "netris_link" "ew_switch_links" {
      + id       = (known after apply)
      + ports    = [
          + "swp37@sw-egg-backend-plane1-spine01",
          + "swp53@sw-egg-backend-plane1-leaf05",
        ]
      + underlay = "enabled"
    }

  # netris_link.ew_switch_links["swp37@sw-egg-backend-plane1-spine02--swp61@sw-egg-backend-plane1-leaf05"] will be created
  + resource "netris_link" "ew_switch_links" {
      + id       = (known after apply)
      + ports    = [
          + "swp37@sw-egg-backend-plane1-spine02",
          + "swp61@sw-egg-backend-plane1-leaf05",
        ]
      + underlay = "enabled"
    }

  # netris_link.ew_switch_links["swp37@sw-egg-backend-plane2-spine01--swp53@sw-egg-backend-plane2-leaf05"] will be created
  + resource "netris_link" "ew_switch_links" {
      + id       = (known after apply)
      + ports    = [
          + "swp37@sw-egg-backend-plane2-spine01",
          + "swp53@sw-egg-backend-plane2-leaf05",
        ]
      + underlay = "enabled"
    }

  # netris_link.ew_switch_links["swp37@sw-egg-backend-plane2-spine02--swp61@sw-egg-backend-plane2-leaf05"] will be created
  + resource "netris_link" "ew_switch_links" {
      + id       = (known after apply)
      + ports    = [
          + "swp37@sw-egg-backend-plane2-spine02",
          + "swp61@sw-egg-backend-plane2-leaf05",
        ]
      + underlay = "enabled"
    }

  # netris_link.ew_switch_links["swp37@sw-egg-backend-plane3-spine01--swp53@sw-egg-backend-plane3-leaf05"] will be created
  + resource "netris_link" "ew_switch_links" {
      + id       = (known after apply)
      + ports    = [
          + "swp37@sw-egg-backend-plane3-spine01",
          + "swp53@sw-egg-backend-plane3-leaf05",
        ]
      + underlay = "enabled"
    }

  # netris_link.ew_switch_links["swp37@sw-egg-backend-plane3-spine02--swp61@sw-egg-backend-plane3-leaf05"] will be created
  + resource "netris_link" "ew_switch_links" {
      + id       = (known after apply)
      + ports    = [
          + "swp37@sw-egg-backend-plane3-spine02",
          + "swp61@sw-egg-backend-plane3-leaf05",
        ]
      + underlay = "enabled"
    }

  # netris_link.ew_switch_links["swp37@sw-egg-backend-plane4-spine01--swp53@sw-egg-backend-plane4-leaf05"] will be created
  + resource "netris_link" "ew_switch_links" {
      + id       = (known after apply)
      + ports    = [
          + "swp37@sw-egg-backend-plane4-spine01",
          + "swp53@sw-egg-backend-plane4-leaf05",
        ]
      + underlay = "enabled"
    }

  # netris_link.ew_switch_links["swp37@sw-egg-backend-plane4-spine02--swp61@sw-egg-backend-plane4-leaf05"] will be created
  + resource "netris_link" "ew_switch_links" {
      + id       = (known after apply)
      + ports    = [
          + "swp37@sw-egg-backend-plane4-spine02",
          + "swp61@sw-egg-backend-plane4-leaf05",
        ]
      + underlay = "enabled"
    }

  # netris_link.ew_switch_links["swp38@sw-egg-backend-plane1-spine01--swp54@sw-egg-backend-plane1-leaf05"] will be created
  + resource "netris_link" "ew_switch_links" {
      + id       = (known after apply)
      + ports    = [
          + "swp38@sw-egg-backend-plane1-spine01",
          + "swp54@sw-egg-backend-plane1-leaf05",
        ]
      + underlay = "enabled"
    }

  # netris_link.ew_switch_links["swp38@sw-egg-backend-plane1-spine02--swp62@sw-egg-backend-plane1-leaf05"] will be created
  + resource "netris_link" "ew_switch_links" {
      + id       = (known after apply)
      + ports    = [
          + "swp38@sw-egg-backend-plane1-spine02",
          + "swp62@sw-egg-backend-plane1-leaf05",
        ]
      + underlay = "enabled"
    }

  # netris_link.ew_switch_links["swp38@sw-egg-backend-plane2-spine01--swp54@sw-egg-backend-plane2-leaf05"] will be created
  + resource "netris_link" "ew_switch_links" {
      + id       = (known after apply)
      + ports    = [
          + "swp38@sw-egg-backend-plane2-spine01",
          + "swp54@sw-egg-backend-plane2-leaf05",
        ]
      + underlay = "enabled"
    }

  # netris_link.ew_switch_links["swp38@sw-egg-backend-plane2-spine02--swp62@sw-egg-backend-plane2-leaf05"] will be created
  + resource "netris_link" "ew_switch_links" {
      + id       = (known after apply)
      + ports    = [
          + "swp38@sw-egg-backend-plane2-spine02",
          + "swp62@sw-egg-backend-plane2-leaf05",
        ]
      + underlay = "enabled"
    }

  # netris_link.ew_switch_links["swp38@sw-egg-backend-plane3-spine01--swp54@sw-egg-backend-plane3-leaf05"] will be created
  + resource "netris_link" "ew_switch_links" {
      + id       = (known after apply)
      + ports    = [
          + "swp38@sw-egg-backend-plane3-spine01",
          + "swp54@sw-egg-backend-plane3-leaf05",
        ]
      + underlay = "enabled"
    }

  # netris_link.ew_switch_links["swp38@sw-egg-backend-plane3-spine02--swp62@sw-egg-backend-plane3-leaf05"] will be created
  + resource "netris_link" "ew_switch_links" {
      + id       = (known after apply)
      + ports    = [
          + "swp38@sw-egg-backend-plane3-spine02",
          + "swp62@sw-egg-backend-plane3-leaf05",
        ]
      + underlay = "enabled"
    }

  # netris_link.ew_switch_links["swp38@sw-egg-backend-plane4-spine01--swp54@sw-egg-backend-plane4-leaf05"] will be created
  + resource "netris_link" "ew_switch_links" {
      + id       = (known after apply)
      + ports    = [
          + "swp38@sw-egg-backend-plane4-spine01",
          + "swp54@sw-egg-backend-plane4-leaf05",
        ]
      + underlay = "enabled"
    }

  # netris_link.ew_switch_links["swp38@sw-egg-backend-plane4-spine02--swp62@sw-egg-backend-plane4-leaf05"] will be created
  + resource "netris_link" "ew_switch_links" {
      + id       = (known after apply)
      + ports    = [
          + "swp38@sw-egg-backend-plane4-spine02",
          + "swp62@sw-egg-backend-plane4-leaf05",
        ]
      + underlay = "enabled"
    }

  # netris_link.ew_switch_links["swp39@sw-egg-backend-plane1-spine01--swp55@sw-egg-backend-plane1-leaf05"] will be created
  + resource "netris_link" "ew_switch_links" {
      + id       = (known after apply)
      + ports    = [
          + "swp39@sw-egg-backend-plane1-spine01",
          + "swp55@sw-egg-backend-plane1-leaf05",
        ]
      + underlay = "enabled"
    }

  # netris_link.ew_switch_links["swp39@sw-egg-backend-plane1-spine02--swp63@sw-egg-backend-plane1-leaf05"] will be created
  + resource "netris_link" "ew_switch_links" {
      + id       = (known after apply)
      + ports    = [
          + "swp39@sw-egg-backend-plane1-spine02",
          + "swp63@sw-egg-backend-plane1-leaf05",
        ]
      + underlay = "enabled"
    }

  # netris_link.ew_switch_links["swp39@sw-egg-backend-plane2-spine01--swp55@sw-egg-backend-plane2-leaf05"] will be created
  + resource "netris_link" "ew_switch_links" {
      + id       = (known after apply)
      + ports    = [
          + "swp39@sw-egg-backend-plane2-spine01",
          + "swp55@sw-egg-backend-plane2-leaf05",
        ]
      + underlay = "enabled"
    }

  # netris_link.ew_switch_links["swp39@sw-egg-backend-plane2-spine02--swp63@sw-egg-backend-plane2-leaf05"] will be created
  + resource "netris_link" "ew_switch_links" {
      + id       = (known after apply)
      + ports    = [
          + "swp39@sw-egg-backend-plane2-spine02",
          + "swp63@sw-egg-backend-plane2-leaf05",
        ]
      + underlay = "enabled"
    }

  # netris_link.ew_switch_links["swp39@sw-egg-backend-plane3-spine01--swp55@sw-egg-backend-plane3-leaf05"] will be created
  + resource "netris_link" "ew_switch_links" {
      + id       = (known after apply)
      + ports    = [
          + "swp39@sw-egg-backend-plane3-spine01",
          + "swp55@sw-egg-backend-plane3-leaf05",
        ]
      + underlay = "enabled"
    }

  # netris_link.ew_switch_links["swp39@sw-egg-backend-plane3-spine02--swp63@sw-egg-backend-plane3-leaf05"] will be created
  + resource "netris_link" "ew_switch_links" {
      + id       = (known after apply)
      + ports    = [
          + "swp39@sw-egg-backend-plane3-spine02",
          + "swp63@sw-egg-backend-plane3-leaf05",
        ]
      + underlay = "enabled"
    }

  # netris_link.ew_switch_links["swp39@sw-egg-backend-plane4-spine01--swp55@sw-egg-backend-plane4-leaf05"] will be created
  + resource "netris_link" "ew_switch_links" {
      + id       = (known after apply)
      + ports    = [
          + "swp39@sw-egg-backend-plane4-spine01",
          + "swp55@sw-egg-backend-plane4-leaf05",
        ]
      + underlay = "enabled"
    }

  # netris_link.ew_switch_links["swp39@sw-egg-backend-plane4-spine02--swp63@sw-egg-backend-plane4-leaf05"] will be created
  + resource "netris_link" "ew_switch_links" {
      + id       = (known after apply)
      + ports    = [
          + "swp39@sw-egg-backend-plane4-spine02",
          + "swp63@sw-egg-backend-plane4-leaf05",
        ]
      + underlay = "enabled"
    }

  # netris_link.ew_switch_links["swp3@sw-egg-backend-plane1-spine01--swp51@sw-egg-backend-plane1-leaf01"] will be created
  + resource "netris_link" "ew_switch_links" {
      + id       = (known after apply)
      + ports    = [
          + "swp3@sw-egg-backend-plane1-spine01",
          + "swp51@sw-egg-backend-plane1-leaf01",
        ]
      + underlay = "enabled"
    }

  # netris_link.ew_switch_links["swp3@sw-egg-backend-plane1-spine02--swp59@sw-egg-backend-plane1-leaf01"] will be created
  + resource "netris_link" "ew_switch_links" {
      + id       = (known after apply)
      + ports    = [
          + "swp3@sw-egg-backend-plane1-spine02",
          + "swp59@sw-egg-backend-plane1-leaf01",
        ]
      + underlay = "enabled"
    }

  # netris_link.ew_switch_links["swp3@sw-egg-backend-plane2-spine01--swp51@sw-egg-backend-plane2-leaf01"] will be created
  + resource "netris_link" "ew_switch_links" {
      + id       = (known after apply)
      + ports    = [
          + "swp3@sw-egg-backend-plane2-spine01",
          + "swp51@sw-egg-backend-plane2-leaf01",
        ]
      + underlay = "enabled"
    }

  # netris_link.ew_switch_links["swp3@sw-egg-backend-plane2-spine02--swp59@sw-egg-backend-plane2-leaf01"] will be created
  + resource "netris_link" "ew_switch_links" {
      + id       = (known after apply)
      + ports    = [
          + "swp3@sw-egg-backend-plane2-spine02",
          + "swp59@sw-egg-backend-plane2-leaf01",
        ]
      + underlay = "enabled"
    }

  # netris_link.ew_switch_links["swp3@sw-egg-backend-plane3-spine01--swp51@sw-egg-backend-plane3-leaf01"] will be created
  + resource "netris_link" "ew_switch_links" {
      + id       = (known after apply)
      + ports    = [
          + "swp3@sw-egg-backend-plane3-spine01",
          + "swp51@sw-egg-backend-plane3-leaf01",
        ]
      + underlay = "enabled"
    }

  # netris_link.ew_switch_links["swp3@sw-egg-backend-plane3-spine02--swp59@sw-egg-backend-plane3-leaf01"] will be created
  + resource "netris_link" "ew_switch_links" {
      + id       = (known after apply)
      + ports    = [
          + "swp3@sw-egg-backend-plane3-spine02",
          + "swp59@sw-egg-backend-plane3-leaf01",
        ]
      + underlay = "enabled"
    }

  # netris_link.ew_switch_links["swp3@sw-egg-backend-plane4-spine01--swp51@sw-egg-backend-plane4-leaf01"] will be created
  + resource "netris_link" "ew_switch_links" {
      + id       = (known after apply)
      + ports    = [
          + "swp3@sw-egg-backend-plane4-spine01",
          + "swp51@sw-egg-backend-plane4-leaf01",
        ]
      + underlay = "enabled"
    }

  # netris_link.ew_switch_links["swp3@sw-egg-backend-plane4-spine02--swp59@sw-egg-backend-plane4-leaf01"] will be created
  + resource "netris_link" "ew_switch_links" {
      + id       = (known after apply)
      + ports    = [
          + "swp3@sw-egg-backend-plane4-spine02",
          + "swp59@sw-egg-backend-plane4-leaf01",
        ]
      + underlay = "enabled"
    }

  # netris_link.ew_switch_links["swp40@sw-egg-backend-plane1-spine01--swp56@sw-egg-backend-plane1-leaf05"] will be created
  + resource "netris_link" "ew_switch_links" {
      + id       = (known after apply)
      + ports    = [
          + "swp40@sw-egg-backend-plane1-spine01",
          + "swp56@sw-egg-backend-plane1-leaf05",
        ]
      + underlay = "enabled"
    }

  # netris_link.ew_switch_links["swp40@sw-egg-backend-plane1-spine02--swp64@sw-egg-backend-plane1-leaf05"] will be created
  + resource "netris_link" "ew_switch_links" {
      + id       = (known after apply)
      + ports    = [
          + "swp40@sw-egg-backend-plane1-spine02",
          + "swp64@sw-egg-backend-plane1-leaf05",
        ]
      + underlay = "enabled"
    }

  # netris_link.ew_switch_links["swp40@sw-egg-backend-plane2-spine01--swp56@sw-egg-backend-plane2-leaf05"] will be created
  + resource "netris_link" "ew_switch_links" {
      + id       = (known after apply)
      + ports    = [
          + "swp40@sw-egg-backend-plane2-spine01",
          + "swp56@sw-egg-backend-plane2-leaf05",
        ]
      + underlay = "enabled"
    }

  # netris_link.ew_switch_links["swp40@sw-egg-backend-plane2-spine02--swp64@sw-egg-backend-plane2-leaf05"] will be created
  + resource "netris_link" "ew_switch_links" {
      + id       = (known after apply)
      + ports    = [
          + "swp40@sw-egg-backend-plane2-spine02",
          + "swp64@sw-egg-backend-plane2-leaf05",
        ]
      + underlay = "enabled"
    }

  # netris_link.ew_switch_links["swp40@sw-egg-backend-plane3-spine01--swp56@sw-egg-backend-plane3-leaf05"] will be created
  + resource "netris_link" "ew_switch_links" {
      + id       = (known after apply)
      + ports    = [
          + "swp40@sw-egg-backend-plane3-spine01",
          + "swp56@sw-egg-backend-plane3-leaf05",
        ]
      + underlay = "enabled"
    }

  # netris_link.ew_switch_links["swp40@sw-egg-backend-plane3-spine02--swp64@sw-egg-backend-plane3-leaf05"] will be created
  + resource "netris_link" "ew_switch_links" {
      + id       = (known after apply)
      + ports    = [
          + "swp40@sw-egg-backend-plane3-spine02",
          + "swp64@sw-egg-backend-plane3-leaf05",
        ]
      + underlay = "enabled"
    }

  # netris_link.ew_switch_links["swp40@sw-egg-backend-plane4-spine01--swp56@sw-egg-backend-plane4-leaf05"] will be created
  + resource "netris_link" "ew_switch_links" {
      + id       = (known after apply)
      + ports    = [
          + "swp40@sw-egg-backend-plane4-spine01",
          + "swp56@sw-egg-backend-plane4-leaf05",
        ]
      + underlay = "enabled"
    }

  # netris_link.ew_switch_links["swp40@sw-egg-backend-plane4-spine02--swp64@sw-egg-backend-plane4-leaf05"] will be created
  + resource "netris_link" "ew_switch_links" {
      + id       = (known after apply)
      + ports    = [
          + "swp40@sw-egg-backend-plane4-spine02",
          + "swp64@sw-egg-backend-plane4-leaf05",
        ]
      + underlay = "enabled"
    }

  # netris_link.ew_switch_links["swp41@sw-egg-backend-plane1-spine01--swp49@sw-egg-backend-plane1-leaf06"] will be created
  + resource "netris_link" "ew_switch_links" {
      + id       = (known after apply)
      + ports    = [
          + "swp41@sw-egg-backend-plane1-spine01",
          + "swp49@sw-egg-backend-plane1-leaf06",
        ]
      + underlay = "enabled"
    }

  # netris_link.ew_switch_links["swp41@sw-egg-backend-plane1-spine02--swp57@sw-egg-backend-plane1-leaf06"] will be created
  + resource "netris_link" "ew_switch_links" {
      + id       = (known after apply)
      + ports    = [
          + "swp41@sw-egg-backend-plane1-spine02",
          + "swp57@sw-egg-backend-plane1-leaf06",
        ]
      + underlay = "enabled"
    }

  # netris_link.ew_switch_links["swp41@sw-egg-backend-plane2-spine01--swp49@sw-egg-backend-plane2-leaf06"] will be created
  + resource "netris_link" "ew_switch_links" {
      + id       = (known after apply)
      + ports    = [
          + "swp41@sw-egg-backend-plane2-spine01",
          + "swp49@sw-egg-backend-plane2-leaf06",
        ]
      + underlay = "enabled"
    }

  # netris_link.ew_switch_links["swp41@sw-egg-backend-plane2-spine02--swp57@sw-egg-backend-plane2-leaf06"] will be created
  + resource "netris_link" "ew_switch_links" {
      + id       = (known after apply)
      + ports    = [
          + "swp41@sw-egg-backend-plane2-spine02",
          + "swp57@sw-egg-backend-plane2-leaf06",
        ]
      + underlay = "enabled"
    }

  # netris_link.ew_switch_links["swp41@sw-egg-backend-plane3-spine01--swp49@sw-egg-backend-plane3-leaf06"] will be created
  + resource "netris_link" "ew_switch_links" {
      + id       = (known after apply)
      + ports    = [
          + "swp41@sw-egg-backend-plane3-spine01",
          + "swp49@sw-egg-backend-plane3-leaf06",
        ]
      + underlay = "enabled"
    }

  # netris_link.ew_switch_links["swp41@sw-egg-backend-plane3-spine02--swp57@sw-egg-backend-plane3-leaf06"] will be created
  + resource "netris_link" "ew_switch_links" {
      + id       = (known after apply)
      + ports    = [
          + "swp41@sw-egg-backend-plane3-spine02",
          + "swp57@sw-egg-backend-plane3-leaf06",
        ]
      + underlay = "enabled"
    }

  # netris_link.ew_switch_links["swp41@sw-egg-backend-plane4-spine01--swp49@sw-egg-backend-plane4-leaf06"] will be created
  + resource "netris_link" "ew_switch_links" {
      + id       = (known after apply)
      + ports    = [
          + "swp41@sw-egg-backend-plane4-spine01",
          + "swp49@sw-egg-backend-plane4-leaf06",
        ]
      + underlay = "enabled"
    }

  # netris_link.ew_switch_links["swp41@sw-egg-backend-plane4-spine02--swp57@sw-egg-backend-plane4-leaf06"] will be created
  + resource "netris_link" "ew_switch_links" {
      + id       = (known after apply)
      + ports    = [
          + "swp41@sw-egg-backend-plane4-spine02",
          + "swp57@sw-egg-backend-plane4-leaf06",
        ]
      + underlay = "enabled"
    }

  # netris_link.ew_switch_links["swp42@sw-egg-backend-plane1-spine01--swp50@sw-egg-backend-plane1-leaf06"] will be created
  + resource "netris_link" "ew_switch_links" {
      + id       = (known after apply)
      + ports    = [
          + "swp42@sw-egg-backend-plane1-spine01",
          + "swp50@sw-egg-backend-plane1-leaf06",
        ]
      + underlay = "enabled"
    }

  # netris_link.ew_switch_links["swp42@sw-egg-backend-plane1-spine02--swp58@sw-egg-backend-plane1-leaf06"] will be created
  + resource "netris_link" "ew_switch_links" {
      + id       = (known after apply)
      + ports    = [
          + "swp42@sw-egg-backend-plane1-spine02",
          + "swp58@sw-egg-backend-plane1-leaf06",
        ]
      + underlay = "enabled"
    }

  # netris_link.ew_switch_links["swp42@sw-egg-backend-plane2-spine01--swp50@sw-egg-backend-plane2-leaf06"] will be created
  + resource "netris_link" "ew_switch_links" {
      + id       = (known after apply)
      + ports    = [
          + "swp42@sw-egg-backend-plane2-spine01",
          + "swp50@sw-egg-backend-plane2-leaf06",
        ]
      + underlay = "enabled"
    }

  # netris_link.ew_switch_links["swp42@sw-egg-backend-plane2-spine02--swp58@sw-egg-backend-plane2-leaf06"] will be created
  + resource "netris_link" "ew_switch_links" {
      + id       = (known after apply)
      + ports    = [
          + "swp42@sw-egg-backend-plane2-spine02",
          + "swp58@sw-egg-backend-plane2-leaf06",
        ]
      + underlay = "enabled"
    }

  # netris_link.ew_switch_links["swp42@sw-egg-backend-plane3-spine01--swp50@sw-egg-backend-plane3-leaf06"] will be created
  + resource "netris_link" "ew_switch_links" {
      + id       = (known after apply)
      + ports    = [
          + "swp42@sw-egg-backend-plane3-spine01",
          + "swp50@sw-egg-backend-plane3-leaf06",
        ]
      + underlay = "enabled"
    }

  # netris_link.ew_switch_links["swp42@sw-egg-backend-plane3-spine02--swp58@sw-egg-backend-plane3-leaf06"] will be created
  + resource "netris_link" "ew_switch_links" {
      + id       = (known after apply)
      + ports    = [
          + "swp42@sw-egg-backend-plane3-spine02",
          + "swp58@sw-egg-backend-plane3-leaf06",
        ]
      + underlay = "enabled"
    }

  # netris_link.ew_switch_links["swp42@sw-egg-backend-plane4-spine01--swp50@sw-egg-backend-plane4-leaf06"] will be created
  + resource "netris_link" "ew_switch_links" {
      + id       = (known after apply)
      + ports    = [
          + "swp42@sw-egg-backend-plane4-spine01",
          + "swp50@sw-egg-backend-plane4-leaf06",
        ]
      + underlay = "enabled"
    }

  # netris_link.ew_switch_links["swp42@sw-egg-backend-plane4-spine02--swp58@sw-egg-backend-plane4-leaf06"] will be created
  + resource "netris_link" "ew_switch_links" {
      + id       = (known after apply)
      + ports    = [
          + "swp42@sw-egg-backend-plane4-spine02",
          + "swp58@sw-egg-backend-plane4-leaf06",
        ]
      + underlay = "enabled"
    }

  # netris_link.ew_switch_links["swp43@sw-egg-backend-plane1-spine01--swp51@sw-egg-backend-plane1-leaf06"] will be created
  + resource "netris_link" "ew_switch_links" {
      + id       = (known after apply)
      + ports    = [
          + "swp43@sw-egg-backend-plane1-spine01",
          + "swp51@sw-egg-backend-plane1-leaf06",
        ]
      + underlay = "enabled"
    }

  # netris_link.ew_switch_links["swp43@sw-egg-backend-plane1-spine02--swp59@sw-egg-backend-plane1-leaf06"] will be created
  + resource "netris_link" "ew_switch_links" {
      + id       = (known after apply)
      + ports    = [
          + "swp43@sw-egg-backend-plane1-spine02",
          + "swp59@sw-egg-backend-plane1-leaf06",
        ]
      + underlay = "enabled"
    }

  # netris_link.ew_switch_links["swp43@sw-egg-backend-plane2-spine01--swp51@sw-egg-backend-plane2-leaf06"] will be created
  + resource "netris_link" "ew_switch_links" {
      + id       = (known after apply)
      + ports    = [
          + "swp43@sw-egg-backend-plane2-spine01",
          + "swp51@sw-egg-backend-plane2-leaf06",
        ]
      + underlay = "enabled"
    }

  # netris_link.ew_switch_links["swp43@sw-egg-backend-plane2-spine02--swp59@sw-egg-backend-plane2-leaf06"] will be created
  + resource "netris_link" "ew_switch_links" {
      + id       = (known after apply)
      + ports    = [
          + "swp43@sw-egg-backend-plane2-spine02",
          + "swp59@sw-egg-backend-plane2-leaf06",
        ]
      + underlay = "enabled"
    }

  # netris_link.ew_switch_links["swp43@sw-egg-backend-plane3-spine01--swp51@sw-egg-backend-plane3-leaf06"] will be created
  + resource "netris_link" "ew_switch_links" {
      + id       = (known after apply)
      + ports    = [
          + "swp43@sw-egg-backend-plane3-spine01",
          + "swp51@sw-egg-backend-plane3-leaf06",
        ]
      + underlay = "enabled"
    }

  # netris_link.ew_switch_links["swp43@sw-egg-backend-plane3-spine02--swp59@sw-egg-backend-plane3-leaf06"] will be created
  + resource "netris_link" "ew_switch_links" {
      + id       = (known after apply)
      + ports    = [
          + "swp43@sw-egg-backend-plane3-spine02",
          + "swp59@sw-egg-backend-plane3-leaf06",
        ]
      + underlay = "enabled"
    }

  # netris_link.ew_switch_links["swp43@sw-egg-backend-plane4-spine01--swp51@sw-egg-backend-plane4-leaf06"] will be created
  + resource "netris_link" "ew_switch_links" {
      + id       = (known after apply)
      + ports    = [
          + "swp43@sw-egg-backend-plane4-spine01",
          + "swp51@sw-egg-backend-plane4-leaf06",
        ]
      + underlay = "enabled"
    }

  # netris_link.ew_switch_links["swp43@sw-egg-backend-plane4-spine02--swp59@sw-egg-backend-plane4-leaf06"] will be created
  + resource "netris_link" "ew_switch_links" {
      + id       = (known after apply)
      + ports    = [
          + "swp43@sw-egg-backend-plane4-spine02",
          + "swp59@sw-egg-backend-plane4-leaf06",
        ]
      + underlay = "enabled"
    }

  # netris_link.ew_switch_links["swp44@sw-egg-backend-plane1-spine01--swp52@sw-egg-backend-plane1-leaf06"] will be created
  + resource "netris_link" "ew_switch_links" {
      + id       = (known after apply)
      + ports    = [
          + "swp44@sw-egg-backend-plane1-spine01",
          + "swp52@sw-egg-backend-plane1-leaf06",
        ]
      + underlay = "enabled"
    }

  # netris_link.ew_switch_links["swp44@sw-egg-backend-plane1-spine02--swp60@sw-egg-backend-plane1-leaf06"] will be created
  + resource "netris_link" "ew_switch_links" {
      + id       = (known after apply)
      + ports    = [
          + "swp44@sw-egg-backend-plane1-spine02",
          + "swp60@sw-egg-backend-plane1-leaf06",
        ]
      + underlay = "enabled"
    }

  # netris_link.ew_switch_links["swp44@sw-egg-backend-plane2-spine01--swp52@sw-egg-backend-plane2-leaf06"] will be created
  + resource "netris_link" "ew_switch_links" {
      + id       = (known after apply)
      + ports    = [
          + "swp44@sw-egg-backend-plane2-spine01",
          + "swp52@sw-egg-backend-plane2-leaf06",
        ]
      + underlay = "enabled"
    }

  # netris_link.ew_switch_links["swp44@sw-egg-backend-plane2-spine02--swp60@sw-egg-backend-plane2-leaf06"] will be created
  + resource "netris_link" "ew_switch_links" {
      + id       = (known after apply)
      + ports    = [
          + "swp44@sw-egg-backend-plane2-spine02",
          + "swp60@sw-egg-backend-plane2-leaf06",
        ]
      + underlay = "enabled"
    }

  # netris_link.ew_switch_links["swp44@sw-egg-backend-plane3-spine01--swp52@sw-egg-backend-plane3-leaf06"] will be created
  + resource "netris_link" "ew_switch_links" {
      + id       = (known after apply)
      + ports    = [
          + "swp44@sw-egg-backend-plane3-spine01",
          + "swp52@sw-egg-backend-plane3-leaf06",
        ]
      + underlay = "enabled"
    }

  # netris_link.ew_switch_links["swp44@sw-egg-backend-plane3-spine02--swp60@sw-egg-backend-plane3-leaf06"] will be created
  + resource "netris_link" "ew_switch_links" {
      + id       = (known after apply)
      + ports    = [
          + "swp44@sw-egg-backend-plane3-spine02",
          + "swp60@sw-egg-backend-plane3-leaf06",
        ]
      + underlay = "enabled"
    }

  # netris_link.ew_switch_links["swp44@sw-egg-backend-plane4-spine01--swp52@sw-egg-backend-plane4-leaf06"] will be created
  + resource "netris_link" "ew_switch_links" {
      + id       = (known after apply)
      + ports    = [
          + "swp44@sw-egg-backend-plane4-spine01",
          + "swp52@sw-egg-backend-plane4-leaf06",
        ]
      + underlay = "enabled"
    }

  # netris_link.ew_switch_links["swp44@sw-egg-backend-plane4-spine02--swp60@sw-egg-backend-plane4-leaf06"] will be created
  + resource "netris_link" "ew_switch_links" {
      + id       = (known after apply)
      + ports    = [
          + "swp44@sw-egg-backend-plane4-spine02",
          + "swp60@sw-egg-backend-plane4-leaf06",
        ]
      + underlay = "enabled"
    }

  # netris_link.ew_switch_links["swp45@sw-egg-backend-plane1-spine01--swp53@sw-egg-backend-plane1-leaf06"] will be created
  + resource "netris_link" "ew_switch_links" {
      + id       = (known after apply)
      + ports    = [
          + "swp45@sw-egg-backend-plane1-spine01",
          + "swp53@sw-egg-backend-plane1-leaf06",
        ]
      + underlay = "enabled"
    }

  # netris_link.ew_switch_links["swp45@sw-egg-backend-plane1-spine02--swp61@sw-egg-backend-plane1-leaf06"] will be created
  + resource "netris_link" "ew_switch_links" {
      + id       = (known after apply)
      + ports    = [
          + "swp45@sw-egg-backend-plane1-spine02",
          + "swp61@sw-egg-backend-plane1-leaf06",
        ]
      + underlay = "enabled"
    }

  # netris_link.ew_switch_links["swp45@sw-egg-backend-plane2-spine01--swp53@sw-egg-backend-plane2-leaf06"] will be created
  + resource "netris_link" "ew_switch_links" {
      + id       = (known after apply)
      + ports    = [
          + "swp45@sw-egg-backend-plane2-spine01",
          + "swp53@sw-egg-backend-plane2-leaf06",
        ]
      + underlay = "enabled"
    }

  # netris_link.ew_switch_links["swp45@sw-egg-backend-plane2-spine02--swp61@sw-egg-backend-plane2-leaf06"] will be created
  + resource "netris_link" "ew_switch_links" {
      + id       = (known after apply)
      + ports    = [
          + "swp45@sw-egg-backend-plane2-spine02",
          + "swp61@sw-egg-backend-plane2-leaf06",
        ]
      + underlay = "enabled"
    }

  # netris_link.ew_switch_links["swp45@sw-egg-backend-plane3-spine01--swp53@sw-egg-backend-plane3-leaf06"] will be created
  + resource "netris_link" "ew_switch_links" {
      + id       = (known after apply)
      + ports    = [
          + "swp45@sw-egg-backend-plane3-spine01",
          + "swp53@sw-egg-backend-plane3-leaf06",
        ]
      + underlay = "enabled"
    }

  # netris_link.ew_switch_links["swp45@sw-egg-backend-plane3-spine02--swp61@sw-egg-backend-plane3-leaf06"] will be created
  + resource "netris_link" "ew_switch_links" {
      + id       = (known after apply)
      + ports    = [
          + "swp45@sw-egg-backend-plane3-spine02",
          + "swp61@sw-egg-backend-plane3-leaf06",
        ]
      + underlay = "enabled"
    }

  # netris_link.ew_switch_links["swp45@sw-egg-backend-plane4-spine01--swp53@sw-egg-backend-plane4-leaf06"] will be created
  + resource "netris_link" "ew_switch_links" {
      + id       = (known after apply)
      + ports    = [
          + "swp45@sw-egg-backend-plane4-spine01",
          + "swp53@sw-egg-backend-plane4-leaf06",
        ]
      + underlay = "enabled"
    }

  # netris_link.ew_switch_links["swp45@sw-egg-backend-plane4-spine02--swp61@sw-egg-backend-plane4-leaf06"] will be created
  + resource "netris_link" "ew_switch_links" {
      + id       = (known after apply)
      + ports    = [
          + "swp45@sw-egg-backend-plane4-spine02",
          + "swp61@sw-egg-backend-plane4-leaf06",
        ]
      + underlay = "enabled"
    }

  # netris_link.ew_switch_links["swp46@sw-egg-backend-plane1-spine01--swp54@sw-egg-backend-plane1-leaf06"] will be created
  + resource "netris_link" "ew_switch_links" {
      + id       = (known after apply)
      + ports    = [
          + "swp46@sw-egg-backend-plane1-spine01",
          + "swp54@sw-egg-backend-plane1-leaf06",
        ]
      + underlay = "enabled"
    }

  # netris_link.ew_switch_links["swp46@sw-egg-backend-plane1-spine02--swp62@sw-egg-backend-plane1-leaf06"] will be created
  + resource "netris_link" "ew_switch_links" {
      + id       = (known after apply)
      + ports    = [
          + "swp46@sw-egg-backend-plane1-spine02",
          + "swp62@sw-egg-backend-plane1-leaf06",
        ]
      + underlay = "enabled"
    }

  # netris_link.ew_switch_links["swp46@sw-egg-backend-plane2-spine01--swp54@sw-egg-backend-plane2-leaf06"] will be created
  + resource "netris_link" "ew_switch_links" {
      + id       = (known after apply)
      + ports    = [
          + "swp46@sw-egg-backend-plane2-spine01",
          + "swp54@sw-egg-backend-plane2-leaf06",
        ]
      + underlay = "enabled"
    }

  # netris_link.ew_switch_links["swp46@sw-egg-backend-plane2-spine02--swp62@sw-egg-backend-plane2-leaf06"] will be created
  + resource "netris_link" "ew_switch_links" {
      + id       = (known after apply)
      + ports    = [
          + "swp46@sw-egg-backend-plane2-spine02",
          + "swp62@sw-egg-backend-plane2-leaf06",
        ]
      + underlay = "enabled"
    }

  # netris_link.ew_switch_links["swp46@sw-egg-backend-plane3-spine01--swp54@sw-egg-backend-plane3-leaf06"] will be created
  + resource "netris_link" "ew_switch_links" {
      + id       = (known after apply)
      + ports    = [
          + "swp46@sw-egg-backend-plane3-spine01",
          + "swp54@sw-egg-backend-plane3-leaf06",
        ]
      + underlay = "enabled"
    }

  # netris_link.ew_switch_links["swp46@sw-egg-backend-plane3-spine02--swp62@sw-egg-backend-plane3-leaf06"] will be created
  + resource "netris_link" "ew_switch_links" {
      + id       = (known after apply)
      + ports    = [
          + "swp46@sw-egg-backend-plane3-spine02",
          + "swp62@sw-egg-backend-plane3-leaf06",
        ]
      + underlay = "enabled"
    }

  # netris_link.ew_switch_links["swp46@sw-egg-backend-plane4-spine01--swp54@sw-egg-backend-plane4-leaf06"] will be created
  + resource "netris_link" "ew_switch_links" {
      + id       = (known after apply)
      + ports    = [
          + "swp46@sw-egg-backend-plane4-spine01",
          + "swp54@sw-egg-backend-plane4-leaf06",
        ]
      + underlay = "enabled"
    }

  # netris_link.ew_switch_links["swp46@sw-egg-backend-plane4-spine02--swp62@sw-egg-backend-plane4-leaf06"] will be created
  + resource "netris_link" "ew_switch_links" {
      + id       = (known after apply)
      + ports    = [
          + "swp46@sw-egg-backend-plane4-spine02",
          + "swp62@sw-egg-backend-plane4-leaf06",
        ]
      + underlay = "enabled"
    }

  # netris_link.ew_switch_links["swp47@sw-egg-backend-plane1-spine01--swp55@sw-egg-backend-plane1-leaf06"] will be created
  + resource "netris_link" "ew_switch_links" {
      + id       = (known after apply)
      + ports    = [
          + "swp47@sw-egg-backend-plane1-spine01",
          + "swp55@sw-egg-backend-plane1-leaf06",
        ]
      + underlay = "enabled"
    }

  # netris_link.ew_switch_links["swp47@sw-egg-backend-plane1-spine02--swp63@sw-egg-backend-plane1-leaf06"] will be created
  + resource "netris_link" "ew_switch_links" {
      + id       = (known after apply)
      + ports    = [
          + "swp47@sw-egg-backend-plane1-spine02",
          + "swp63@sw-egg-backend-plane1-leaf06",
        ]
      + underlay = "enabled"
    }

  # netris_link.ew_switch_links["swp47@sw-egg-backend-plane2-spine01--swp55@sw-egg-backend-plane2-leaf06"] will be created
  + resource "netris_link" "ew_switch_links" {
      + id       = (known after apply)
      + ports    = [
          + "swp47@sw-egg-backend-plane2-spine01",
          + "swp55@sw-egg-backend-plane2-leaf06",
        ]
      + underlay = "enabled"
    }

  # netris_link.ew_switch_links["swp47@sw-egg-backend-plane2-spine02--swp63@sw-egg-backend-plane2-leaf06"] will be created
  + resource "netris_link" "ew_switch_links" {
      + id       = (known after apply)
      + ports    = [
          + "swp47@sw-egg-backend-plane2-spine02",
          + "swp63@sw-egg-backend-plane2-leaf06",
        ]
      + underlay = "enabled"
    }

  # netris_link.ew_switch_links["swp47@sw-egg-backend-plane3-spine01--swp55@sw-egg-backend-plane3-leaf06"] will be created
  + resource "netris_link" "ew_switch_links" {
      + id       = (known after apply)
      + ports    = [
          + "swp47@sw-egg-backend-plane3-spine01",
          + "swp55@sw-egg-backend-plane3-leaf06",
        ]
      + underlay = "enabled"
    }

  # netris_link.ew_switch_links["swp47@sw-egg-backend-plane3-spine02--swp63@sw-egg-backend-plane3-leaf06"] will be created
  + resource "netris_link" "ew_switch_links" {
      + id       = (known after apply)
      + ports    = [
          + "swp47@sw-egg-backend-plane3-spine02",
          + "swp63@sw-egg-backend-plane3-leaf06",
        ]
      + underlay = "enabled"
    }

  # netris_link.ew_switch_links["swp47@sw-egg-backend-plane4-spine01--swp55@sw-egg-backend-plane4-leaf06"] will be created
  + resource "netris_link" "ew_switch_links" {
      + id       = (known after apply)
      + ports    = [
          + "swp47@sw-egg-backend-plane4-spine01",
          + "swp55@sw-egg-backend-plane4-leaf06",
        ]
      + underlay = "enabled"
    }

  # netris_link.ew_switch_links["swp47@sw-egg-backend-plane4-spine02--swp63@sw-egg-backend-plane4-leaf06"] will be created
  + resource "netris_link" "ew_switch_links" {
      + id       = (known after apply)
      + ports    = [
          + "swp47@sw-egg-backend-plane4-spine02",
          + "swp63@sw-egg-backend-plane4-leaf06",
        ]
      + underlay = "enabled"
    }

  # netris_link.ew_switch_links["swp48@sw-egg-backend-plane1-spine01--swp56@sw-egg-backend-plane1-leaf06"] will be created
  + resource "netris_link" "ew_switch_links" {
      + id       = (known after apply)
      + ports    = [
          + "swp48@sw-egg-backend-plane1-spine01",
          + "swp56@sw-egg-backend-plane1-leaf06",
        ]
      + underlay = "enabled"
    }

  # netris_link.ew_switch_links["swp48@sw-egg-backend-plane1-spine02--swp64@sw-egg-backend-plane1-leaf06"] will be created
  + resource "netris_link" "ew_switch_links" {
      + id       = (known after apply)
      + ports    = [
          + "swp48@sw-egg-backend-plane1-spine02",
          + "swp64@sw-egg-backend-plane1-leaf06",
        ]
      + underlay = "enabled"
    }

  # netris_link.ew_switch_links["swp48@sw-egg-backend-plane2-spine01--swp56@sw-egg-backend-plane2-leaf06"] will be created
  + resource "netris_link" "ew_switch_links" {
      + id       = (known after apply)
      + ports    = [
          + "swp48@sw-egg-backend-plane2-spine01",
          + "swp56@sw-egg-backend-plane2-leaf06",
        ]
      + underlay = "enabled"
    }

  # netris_link.ew_switch_links["swp48@sw-egg-backend-plane2-spine02--swp64@sw-egg-backend-plane2-leaf06"] will be created
  + resource "netris_link" "ew_switch_links" {
      + id       = (known after apply)
      + ports    = [
          + "swp48@sw-egg-backend-plane2-spine02",
          + "swp64@sw-egg-backend-plane2-leaf06",
        ]
      + underlay = "enabled"
    }

  # netris_link.ew_switch_links["swp48@sw-egg-backend-plane3-spine01--swp56@sw-egg-backend-plane3-leaf06"] will be created
  + resource "netris_link" "ew_switch_links" {
      + id       = (known after apply)
      + ports    = [
          + "swp48@sw-egg-backend-plane3-spine01",
          + "swp56@sw-egg-backend-plane3-leaf06",
        ]
      + underlay = "enabled"
    }

  # netris_link.ew_switch_links["swp48@sw-egg-backend-plane3-spine02--swp64@sw-egg-backend-plane3-leaf06"] will be created
  + resource "netris_link" "ew_switch_links" {
      + id       = (known after apply)
      + ports    = [
          + "swp48@sw-egg-backend-plane3-spine02",
          + "swp64@sw-egg-backend-plane3-leaf06",
        ]
      + underlay = "enabled"
    }

  # netris_link.ew_switch_links["swp48@sw-egg-backend-plane4-spine01--swp56@sw-egg-backend-plane4-leaf06"] will be created
  + resource "netris_link" "ew_switch_links" {
      + id       = (known after apply)
      + ports    = [
          + "swp48@sw-egg-backend-plane4-spine01",
          + "swp56@sw-egg-backend-plane4-leaf06",
        ]
      + underlay = "enabled"
    }

  # netris_link.ew_switch_links["swp48@sw-egg-backend-plane4-spine02--swp64@sw-egg-backend-plane4-leaf06"] will be created
  + resource "netris_link" "ew_switch_links" {
      + id       = (known after apply)
      + ports    = [
          + "swp48@sw-egg-backend-plane4-spine02",
          + "swp64@sw-egg-backend-plane4-leaf06",
        ]
      + underlay = "enabled"
    }

  # netris_link.ew_switch_links["swp49@sw-egg-backend-plane1-spine01--swp49@sw-egg-backend-plane1-leaf07"] will be created
  + resource "netris_link" "ew_switch_links" {
      + id       = (known after apply)
      + ports    = [
          + "swp49@sw-egg-backend-plane1-spine01",
          + "swp49@sw-egg-backend-plane1-leaf07",
        ]
      + underlay = "enabled"
    }

  # netris_link.ew_switch_links["swp49@sw-egg-backend-plane1-spine02--swp57@sw-egg-backend-plane1-leaf07"] will be created
  + resource "netris_link" "ew_switch_links" {
      + id       = (known after apply)
      + ports    = [
          + "swp49@sw-egg-backend-plane1-spine02",
          + "swp57@sw-egg-backend-plane1-leaf07",
        ]
      + underlay = "enabled"
    }

  # netris_link.ew_switch_links["swp49@sw-egg-backend-plane2-spine01--swp49@sw-egg-backend-plane2-leaf07"] will be created
  + resource "netris_link" "ew_switch_links" {
      + id       = (known after apply)
      + ports    = [
          + "swp49@sw-egg-backend-plane2-spine01",
          + "swp49@sw-egg-backend-plane2-leaf07",
        ]
      + underlay = "enabled"
    }

  # netris_link.ew_switch_links["swp49@sw-egg-backend-plane2-spine02--swp57@sw-egg-backend-plane2-leaf07"] will be created
  + resource "netris_link" "ew_switch_links" {
      + id       = (known after apply)
      + ports    = [
          + "swp49@sw-egg-backend-plane2-spine02",
          + "swp57@sw-egg-backend-plane2-leaf07",
        ]
      + underlay = "enabled"
    }

  # netris_link.ew_switch_links["swp49@sw-egg-backend-plane3-spine01--swp49@sw-egg-backend-plane3-leaf07"] will be created
  + resource "netris_link" "ew_switch_links" {
      + id       = (known after apply)
      + ports    = [
          + "swp49@sw-egg-backend-plane3-spine01",
          + "swp49@sw-egg-backend-plane3-leaf07",
        ]
      + underlay = "enabled"
    }

  # netris_link.ew_switch_links["swp49@sw-egg-backend-plane3-spine02--swp57@sw-egg-backend-plane3-leaf07"] will be created
  + resource "netris_link" "ew_switch_links" {
      + id       = (known after apply)
      + ports    = [
          + "swp49@sw-egg-backend-plane3-spine02",
          + "swp57@sw-egg-backend-plane3-leaf07",
        ]
      + underlay = "enabled"
    }

  # netris_link.ew_switch_links["swp49@sw-egg-backend-plane4-spine01--swp49@sw-egg-backend-plane4-leaf07"] will be created
  + resource "netris_link" "ew_switch_links" {
      + id       = (known after apply)
      + ports    = [
          + "swp49@sw-egg-backend-plane4-spine01",
          + "swp49@sw-egg-backend-plane4-leaf07",
        ]
      + underlay = "enabled"
    }

  # netris_link.ew_switch_links["swp49@sw-egg-backend-plane4-spine02--swp57@sw-egg-backend-plane4-leaf07"] will be created
  + resource "netris_link" "ew_switch_links" {
      + id       = (known after apply)
      + ports    = [
          + "swp49@sw-egg-backend-plane4-spine02",
          + "swp57@sw-egg-backend-plane4-leaf07",
        ]
      + underlay = "enabled"
    }

  # netris_link.ew_switch_links["swp4@sw-egg-backend-plane1-spine01--swp52@sw-egg-backend-plane1-leaf01"] will be created
  + resource "netris_link" "ew_switch_links" {
      + id       = (known after apply)
      + ports    = [
          + "swp4@sw-egg-backend-plane1-spine01",
          + "swp52@sw-egg-backend-plane1-leaf01",
        ]
      + underlay = "enabled"
    }

  # netris_link.ew_switch_links["swp4@sw-egg-backend-plane1-spine02--swp60@sw-egg-backend-plane1-leaf01"] will be created
  + resource "netris_link" "ew_switch_links" {
      + id       = (known after apply)
      + ports    = [
          + "swp4@sw-egg-backend-plane1-spine02",
          + "swp60@sw-egg-backend-plane1-leaf01",
        ]
      + underlay = "enabled"
    }

  # netris_link.ew_switch_links["swp4@sw-egg-backend-plane2-spine01--swp52@sw-egg-backend-plane2-leaf01"] will be created
  + resource "netris_link" "ew_switch_links" {
      + id       = (known after apply)
      + ports    = [
          + "swp4@sw-egg-backend-plane2-spine01",
          + "swp52@sw-egg-backend-plane2-leaf01",
        ]
      + underlay = "enabled"
    }

  # netris_link.ew_switch_links["swp4@sw-egg-backend-plane2-spine02--swp60@sw-egg-backend-plane2-leaf01"] will be created
  + resource "netris_link" "ew_switch_links" {
      + id       = (known after apply)
      + ports    = [
          + "swp4@sw-egg-backend-plane2-spine02",
          + "swp60@sw-egg-backend-plane2-leaf01",
        ]
      + underlay = "enabled"
    }

  # netris_link.ew_switch_links["swp4@sw-egg-backend-plane3-spine01--swp52@sw-egg-backend-plane3-leaf01"] will be created
  + resource "netris_link" "ew_switch_links" {
      + id       = (known after apply)
      + ports    = [
          + "swp4@sw-egg-backend-plane3-spine01",
          + "swp52@sw-egg-backend-plane3-leaf01",
        ]
      + underlay = "enabled"
    }

  # netris_link.ew_switch_links["swp4@sw-egg-backend-plane3-spine02--swp60@sw-egg-backend-plane3-leaf01"] will be created
  + resource "netris_link" "ew_switch_links" {
      + id       = (known after apply)
      + ports    = [
          + "swp4@sw-egg-backend-plane3-spine02",
          + "swp60@sw-egg-backend-plane3-leaf01",
        ]
      + underlay = "enabled"
    }

  # netris_link.ew_switch_links["swp4@sw-egg-backend-plane4-spine01--swp52@sw-egg-backend-plane4-leaf01"] will be created
  + resource "netris_link" "ew_switch_links" {
      + id       = (known after apply)
      + ports    = [
          + "swp4@sw-egg-backend-plane4-spine01",
          + "swp52@sw-egg-backend-plane4-leaf01",
        ]
      + underlay = "enabled"
    }

  # netris_link.ew_switch_links["swp4@sw-egg-backend-plane4-spine02--swp60@sw-egg-backend-plane4-leaf01"] will be created
  + resource "netris_link" "ew_switch_links" {
      + id       = (known after apply)
      + ports    = [
          + "swp4@sw-egg-backend-plane4-spine02",
          + "swp60@sw-egg-backend-plane4-leaf01",
        ]
      + underlay = "enabled"
    }

  # netris_link.ew_switch_links["swp50@sw-egg-backend-plane1-spine01--swp50@sw-egg-backend-plane1-leaf07"] will be created
  + resource "netris_link" "ew_switch_links" {
      + id       = (known after apply)
      + ports    = [
          + "swp50@sw-egg-backend-plane1-spine01",
          + "swp50@sw-egg-backend-plane1-leaf07",
        ]
      + underlay = "enabled"
    }

  # netris_link.ew_switch_links["swp50@sw-egg-backend-plane1-spine02--swp58@sw-egg-backend-plane1-leaf07"] will be created
  + resource "netris_link" "ew_switch_links" {
      + id       = (known after apply)
      + ports    = [
          + "swp50@sw-egg-backend-plane1-spine02",
          + "swp58@sw-egg-backend-plane1-leaf07",
        ]
      + underlay = "enabled"
    }

  # netris_link.ew_switch_links["swp50@sw-egg-backend-plane2-spine01--swp50@sw-egg-backend-plane2-leaf07"] will be created
  + resource "netris_link" "ew_switch_links" {
      + id       = (known after apply)
      + ports    = [
          + "swp50@sw-egg-backend-plane2-spine01",
          + "swp50@sw-egg-backend-plane2-leaf07",
        ]
      + underlay = "enabled"
    }

  # netris_link.ew_switch_links["swp50@sw-egg-backend-plane2-spine02--swp58@sw-egg-backend-plane2-leaf07"] will be created
  + resource "netris_link" "ew_switch_links" {
      + id       = (known after apply)
      + ports    = [
          + "swp50@sw-egg-backend-plane2-spine02",
          + "swp58@sw-egg-backend-plane2-leaf07",
        ]
      + underlay = "enabled"
    }

  # netris_link.ew_switch_links["swp50@sw-egg-backend-plane3-spine01--swp50@sw-egg-backend-plane3-leaf07"] will be created
  + resource "netris_link" "ew_switch_links" {
      + id       = (known after apply)
      + ports    = [
          + "swp50@sw-egg-backend-plane3-spine01",
          + "swp50@sw-egg-backend-plane3-leaf07",
        ]
      + underlay = "enabled"
    }

  # netris_link.ew_switch_links["swp50@sw-egg-backend-plane3-spine02--swp58@sw-egg-backend-plane3-leaf07"] will be created
  + resource "netris_link" "ew_switch_links" {
      + id       = (known after apply)
      + ports    = [
          + "swp50@sw-egg-backend-plane3-spine02",
          + "swp58@sw-egg-backend-plane3-leaf07",
        ]
      + underlay = "enabled"
    }

  # netris_link.ew_switch_links["swp50@sw-egg-backend-plane4-spine01--swp50@sw-egg-backend-plane4-leaf07"] will be created
  + resource "netris_link" "ew_switch_links" {
      + id       = (known after apply)
      + ports    = [
          + "swp50@sw-egg-backend-plane4-spine01",
          + "swp50@sw-egg-backend-plane4-leaf07",
        ]
      + underlay = "enabled"
    }

  # netris_link.ew_switch_links["swp50@sw-egg-backend-plane4-spine02--swp58@sw-egg-backend-plane4-leaf07"] will be created
  + resource "netris_link" "ew_switch_links" {
      + id       = (known after apply)
      + ports    = [
          + "swp50@sw-egg-backend-plane4-spine02",
          + "swp58@sw-egg-backend-plane4-leaf07",
        ]
      + underlay = "enabled"
    }

  # netris_link.ew_switch_links["swp51@sw-egg-backend-plane1-spine01--swp51@sw-egg-backend-plane1-leaf07"] will be created
  + resource "netris_link" "ew_switch_links" {
      + id       = (known after apply)
      + ports    = [
          + "swp51@sw-egg-backend-plane1-spine01",
          + "swp51@sw-egg-backend-plane1-leaf07",
        ]
      + underlay = "enabled"
    }

  # netris_link.ew_switch_links["swp51@sw-egg-backend-plane1-spine02--swp59@sw-egg-backend-plane1-leaf07"] will be created
  + resource "netris_link" "ew_switch_links" {
      + id       = (known after apply)
      + ports    = [
          + "swp51@sw-egg-backend-plane1-spine02",
          + "swp59@sw-egg-backend-plane1-leaf07",
        ]
      + underlay = "enabled"
    }

  # netris_link.ew_switch_links["swp51@sw-egg-backend-plane2-spine01--swp51@sw-egg-backend-plane2-leaf07"] will be created
  + resource "netris_link" "ew_switch_links" {
      + id       = (known after apply)
      + ports    = [
          + "swp51@sw-egg-backend-plane2-spine01",
          + "swp51@sw-egg-backend-plane2-leaf07",
        ]
      + underlay = "enabled"
    }

  # netris_link.ew_switch_links["swp51@sw-egg-backend-plane2-spine02--swp59@sw-egg-backend-plane2-leaf07"] will be created
  + resource "netris_link" "ew_switch_links" {
      + id       = (known after apply)
      + ports    = [
          + "swp51@sw-egg-backend-plane2-spine02",
          + "swp59@sw-egg-backend-plane2-leaf07",
        ]
      + underlay = "enabled"
    }

  # netris_link.ew_switch_links["swp51@sw-egg-backend-plane3-spine01--swp51@sw-egg-backend-plane3-leaf07"] will be created
  + resource "netris_link" "ew_switch_links" {
      + id       = (known after apply)
      + ports    = [
          + "swp51@sw-egg-backend-plane3-spine01",
          + "swp51@sw-egg-backend-plane3-leaf07",
        ]
      + underlay = "enabled"
    }

  # netris_link.ew_switch_links["swp51@sw-egg-backend-plane3-spine02--swp59@sw-egg-backend-plane3-leaf07"] will be created
  + resource "netris_link" "ew_switch_links" {
      + id       = (known after apply)
      + ports    = [
          + "swp51@sw-egg-backend-plane3-spine02",
          + "swp59@sw-egg-backend-plane3-leaf07",
        ]
      + underlay = "enabled"
    }

  # netris_link.ew_switch_links["swp51@sw-egg-backend-plane4-spine01--swp51@sw-egg-backend-plane4-leaf07"] will be created
  + resource "netris_link" "ew_switch_links" {
      + id       = (known after apply)
      + ports    = [
          + "swp51@sw-egg-backend-plane4-spine01",
          + "swp51@sw-egg-backend-plane4-leaf07",
        ]
      + underlay = "enabled"
    }

  # netris_link.ew_switch_links["swp51@sw-egg-backend-plane4-spine02--swp59@sw-egg-backend-plane4-leaf07"] will be created
  + resource "netris_link" "ew_switch_links" {
      + id       = (known after apply)
      + ports    = [
          + "swp51@sw-egg-backend-plane4-spine02",
          + "swp59@sw-egg-backend-plane4-leaf07",
        ]
      + underlay = "enabled"
    }

  # netris_link.ew_switch_links["swp52@sw-egg-backend-plane1-spine01--swp52@sw-egg-backend-plane1-leaf07"] will be created
  + resource "netris_link" "ew_switch_links" {
      + id       = (known after apply)
      + ports    = [
          + "swp52@sw-egg-backend-plane1-spine01",
          + "swp52@sw-egg-backend-plane1-leaf07",
        ]
      + underlay = "enabled"
    }

  # netris_link.ew_switch_links["swp52@sw-egg-backend-plane1-spine02--swp60@sw-egg-backend-plane1-leaf07"] will be created
  + resource "netris_link" "ew_switch_links" {
      + id       = (known after apply)
      + ports    = [
          + "swp52@sw-egg-backend-plane1-spine02",
          + "swp60@sw-egg-backend-plane1-leaf07",
        ]
      + underlay = "enabled"
    }

  # netris_link.ew_switch_links["swp52@sw-egg-backend-plane2-spine01--swp52@sw-egg-backend-plane2-leaf07"] will be created
  + resource "netris_link" "ew_switch_links" {
      + id       = (known after apply)
      + ports    = [
          + "swp52@sw-egg-backend-plane2-spine01",
          + "swp52@sw-egg-backend-plane2-leaf07",
        ]
      + underlay = "enabled"
    }

  # netris_link.ew_switch_links["swp52@sw-egg-backend-plane2-spine02--swp60@sw-egg-backend-plane2-leaf07"] will be created
  + resource "netris_link" "ew_switch_links" {
      + id       = (known after apply)
      + ports    = [
          + "swp52@sw-egg-backend-plane2-spine02",
          + "swp60@sw-egg-backend-plane2-leaf07",
        ]
      + underlay = "enabled"
    }

  # netris_link.ew_switch_links["swp52@sw-egg-backend-plane3-spine01--swp52@sw-egg-backend-plane3-leaf07"] will be created
  + resource "netris_link" "ew_switch_links" {
      + id       = (known after apply)
      + ports    = [
          + "swp52@sw-egg-backend-plane3-spine01",
          + "swp52@sw-egg-backend-plane3-leaf07",
        ]
      + underlay = "enabled"
    }

  # netris_link.ew_switch_links["swp52@sw-egg-backend-plane3-spine02--swp60@sw-egg-backend-plane3-leaf07"] will be created
  + resource "netris_link" "ew_switch_links" {
      + id       = (known after apply)
      + ports    = [
          + "swp52@sw-egg-backend-plane3-spine02",
          + "swp60@sw-egg-backend-plane3-leaf07",
        ]
      + underlay = "enabled"
    }

  # netris_link.ew_switch_links["swp52@sw-egg-backend-plane4-spine01--swp52@sw-egg-backend-plane4-leaf07"] will be created
  + resource "netris_link" "ew_switch_links" {
      + id       = (known after apply)
      + ports    = [
          + "swp52@sw-egg-backend-plane4-spine01",
          + "swp52@sw-egg-backend-plane4-leaf07",
        ]
      + underlay = "enabled"
    }

  # netris_link.ew_switch_links["swp52@sw-egg-backend-plane4-spine02--swp60@sw-egg-backend-plane4-leaf07"] will be created
  + resource "netris_link" "ew_switch_links" {
      + id       = (known after apply)
      + ports    = [
          + "swp52@sw-egg-backend-plane4-spine02",
          + "swp60@sw-egg-backend-plane4-leaf07",
        ]
      + underlay = "enabled"
    }

  # netris_link.ew_switch_links["swp53@sw-egg-backend-plane1-spine01--swp53@sw-egg-backend-plane1-leaf07"] will be created
  + resource "netris_link" "ew_switch_links" {
      + id       = (known after apply)
      + ports    = [
          + "swp53@sw-egg-backend-plane1-spine01",
          + "swp53@sw-egg-backend-plane1-leaf07",
        ]
      + underlay = "enabled"
    }

  # netris_link.ew_switch_links["swp53@sw-egg-backend-plane1-spine02--swp61@sw-egg-backend-plane1-leaf07"] will be created
  + resource "netris_link" "ew_switch_links" {
      + id       = (known after apply)
      + ports    = [
          + "swp53@sw-egg-backend-plane1-spine02",
          + "swp61@sw-egg-backend-plane1-leaf07",
        ]
      + underlay = "enabled"
    }

  # netris_link.ew_switch_links["swp53@sw-egg-backend-plane2-spine01--swp53@sw-egg-backend-plane2-leaf07"] will be created
  + resource "netris_link" "ew_switch_links" {
      + id       = (known after apply)
      + ports    = [
          + "swp53@sw-egg-backend-plane2-spine01",
          + "swp53@sw-egg-backend-plane2-leaf07",
        ]
      + underlay = "enabled"
    }

  # netris_link.ew_switch_links["swp53@sw-egg-backend-plane2-spine02--swp61@sw-egg-backend-plane2-leaf07"] will be created
  + resource "netris_link" "ew_switch_links" {
      + id       = (known after apply)
      + ports    = [
          + "swp53@sw-egg-backend-plane2-spine02",
          + "swp61@sw-egg-backend-plane2-leaf07",
        ]
      + underlay = "enabled"
    }

  # netris_link.ew_switch_links["swp53@sw-egg-backend-plane3-spine01--swp53@sw-egg-backend-plane3-leaf07"] will be created
  + resource "netris_link" "ew_switch_links" {
      + id       = (known after apply)
      + ports    = [
          + "swp53@sw-egg-backend-plane3-spine01",
          + "swp53@sw-egg-backend-plane3-leaf07",
        ]
      + underlay = "enabled"
    }

  # netris_link.ew_switch_links["swp53@sw-egg-backend-plane3-spine02--swp61@sw-egg-backend-plane3-leaf07"] will be created
  + resource "netris_link" "ew_switch_links" {
      + id       = (known after apply)
      + ports    = [
          + "swp53@sw-egg-backend-plane3-spine02",
          + "swp61@sw-egg-backend-plane3-leaf07",
        ]
      + underlay = "enabled"
    }

  # netris_link.ew_switch_links["swp53@sw-egg-backend-plane4-spine01--swp53@sw-egg-backend-plane4-leaf07"] will be created
  + resource "netris_link" "ew_switch_links" {
      + id       = (known after apply)
      + ports    = [
          + "swp53@sw-egg-backend-plane4-spine01",
          + "swp53@sw-egg-backend-plane4-leaf07",
        ]
      + underlay = "enabled"
    }

  # netris_link.ew_switch_links["swp53@sw-egg-backend-plane4-spine02--swp61@sw-egg-backend-plane4-leaf07"] will be created
  + resource "netris_link" "ew_switch_links" {
      + id       = (known after apply)
      + ports    = [
          + "swp53@sw-egg-backend-plane4-spine02",
          + "swp61@sw-egg-backend-plane4-leaf07",
        ]
      + underlay = "enabled"
    }

  # netris_link.ew_switch_links["swp54@sw-egg-backend-plane1-spine01--swp54@sw-egg-backend-plane1-leaf07"] will be created
  + resource "netris_link" "ew_switch_links" {
      + id       = (known after apply)
      + ports    = [
          + "swp54@sw-egg-backend-plane1-spine01",
          + "swp54@sw-egg-backend-plane1-leaf07",
        ]
      + underlay = "enabled"
    }

  # netris_link.ew_switch_links["swp54@sw-egg-backend-plane1-spine02--swp62@sw-egg-backend-plane1-leaf07"] will be created
  + resource "netris_link" "ew_switch_links" {
      + id       = (known after apply)
      + ports    = [
          + "swp54@sw-egg-backend-plane1-spine02",
          + "swp62@sw-egg-backend-plane1-leaf07",
        ]
      + underlay = "enabled"
    }

  # netris_link.ew_switch_links["swp54@sw-egg-backend-plane2-spine01--swp54@sw-egg-backend-plane2-leaf07"] will be created
  + resource "netris_link" "ew_switch_links" {
      + id       = (known after apply)
      + ports    = [
          + "swp54@sw-egg-backend-plane2-spine01",
          + "swp54@sw-egg-backend-plane2-leaf07",
        ]
      + underlay = "enabled"
    }

  # netris_link.ew_switch_links["swp54@sw-egg-backend-plane2-spine02--swp62@sw-egg-backend-plane2-leaf07"] will be created
  + resource "netris_link" "ew_switch_links" {
      + id       = (known after apply)
      + ports    = [
          + "swp54@sw-egg-backend-plane2-spine02",
          + "swp62@sw-egg-backend-plane2-leaf07",
        ]
      + underlay = "enabled"
    }

  # netris_link.ew_switch_links["swp54@sw-egg-backend-plane3-spine01--swp54@sw-egg-backend-plane3-leaf07"] will be created
  + resource "netris_link" "ew_switch_links" {
      + id       = (known after apply)
      + ports    = [
          + "swp54@sw-egg-backend-plane3-spine01",
          + "swp54@sw-egg-backend-plane3-leaf07",
        ]
      + underlay = "enabled"
    }

  # netris_link.ew_switch_links["swp54@sw-egg-backend-plane3-spine02--swp62@sw-egg-backend-plane3-leaf07"] will be created
  + resource "netris_link" "ew_switch_links" {
      + id       = (known after apply)
      + ports    = [
          + "swp54@sw-egg-backend-plane3-spine02",
          + "swp62@sw-egg-backend-plane3-leaf07",
        ]
      + underlay = "enabled"
    }

  # netris_link.ew_switch_links["swp54@sw-egg-backend-plane4-spine01--swp54@sw-egg-backend-plane4-leaf07"] will be created
  + resource "netris_link" "ew_switch_links" {
      + id       = (known after apply)
      + ports    = [
          + "swp54@sw-egg-backend-plane4-spine01",
          + "swp54@sw-egg-backend-plane4-leaf07",
        ]
      + underlay = "enabled"
    }

  # netris_link.ew_switch_links["swp54@sw-egg-backend-plane4-spine02--swp62@sw-egg-backend-plane4-leaf07"] will be created
  + resource "netris_link" "ew_switch_links" {
      + id       = (known after apply)
      + ports    = [
          + "swp54@sw-egg-backend-plane4-spine02",
          + "swp62@sw-egg-backend-plane4-leaf07",
        ]
      + underlay = "enabled"
    }

  # netris_link.ew_switch_links["swp55@sw-egg-backend-plane1-spine01--swp55@sw-egg-backend-plane1-leaf07"] will be created
  + resource "netris_link" "ew_switch_links" {
      + id       = (known after apply)
      + ports    = [
          + "swp55@sw-egg-backend-plane1-spine01",
          + "swp55@sw-egg-backend-plane1-leaf07",
        ]
      + underlay = "enabled"
    }

  # netris_link.ew_switch_links["swp55@sw-egg-backend-plane1-spine02--swp63@sw-egg-backend-plane1-leaf07"] will be created
  + resource "netris_link" "ew_switch_links" {
      + id       = (known after apply)
      + ports    = [
          + "swp55@sw-egg-backend-plane1-spine02",
          + "swp63@sw-egg-backend-plane1-leaf07",
        ]
      + underlay = "enabled"
    }

  # netris_link.ew_switch_links["swp55@sw-egg-backend-plane2-spine01--swp55@sw-egg-backend-plane2-leaf07"] will be created
  + resource "netris_link" "ew_switch_links" {
      + id       = (known after apply)
      + ports    = [
          + "swp55@sw-egg-backend-plane2-spine01",
          + "swp55@sw-egg-backend-plane2-leaf07",
        ]
      + underlay = "enabled"
    }

  # netris_link.ew_switch_links["swp55@sw-egg-backend-plane2-spine02--swp63@sw-egg-backend-plane2-leaf07"] will be created
  + resource "netris_link" "ew_switch_links" {
      + id       = (known after apply)
      + ports    = [
          + "swp55@sw-egg-backend-plane2-spine02",
          + "swp63@sw-egg-backend-plane2-leaf07",
        ]
      + underlay = "enabled"
    }

  # netris_link.ew_switch_links["swp55@sw-egg-backend-plane3-spine01--swp55@sw-egg-backend-plane3-leaf07"] will be created
  + resource "netris_link" "ew_switch_links" {
      + id       = (known after apply)
      + ports    = [
          + "swp55@sw-egg-backend-plane3-spine01",
          + "swp55@sw-egg-backend-plane3-leaf07",
        ]
      + underlay = "enabled"
    }

  # netris_link.ew_switch_links["swp55@sw-egg-backend-plane3-spine02--swp63@sw-egg-backend-plane3-leaf07"] will be created
  + resource "netris_link" "ew_switch_links" {
      + id       = (known after apply)
      + ports    = [
          + "swp55@sw-egg-backend-plane3-spine02",
          + "swp63@sw-egg-backend-plane3-leaf07",
        ]
      + underlay = "enabled"
    }

  # netris_link.ew_switch_links["swp55@sw-egg-backend-plane4-spine01--swp55@sw-egg-backend-plane4-leaf07"] will be created
  + resource "netris_link" "ew_switch_links" {
      + id       = (known after apply)
      + ports    = [
          + "swp55@sw-egg-backend-plane4-spine01",
          + "swp55@sw-egg-backend-plane4-leaf07",
        ]
      + underlay = "enabled"
    }

  # netris_link.ew_switch_links["swp55@sw-egg-backend-plane4-spine02--swp63@sw-egg-backend-plane4-leaf07"] will be created
  + resource "netris_link" "ew_switch_links" {
      + id       = (known after apply)
      + ports    = [
          + "swp55@sw-egg-backend-plane4-spine02",
          + "swp63@sw-egg-backend-plane4-leaf07",
        ]
      + underlay = "enabled"
    }

  # netris_link.ew_switch_links["swp56@sw-egg-backend-plane1-spine01--swp56@sw-egg-backend-plane1-leaf07"] will be created
  + resource "netris_link" "ew_switch_links" {
      + id       = (known after apply)
      + ports    = [
          + "swp56@sw-egg-backend-plane1-spine01",
          + "swp56@sw-egg-backend-plane1-leaf07",
        ]
      + underlay = "enabled"
    }

  # netris_link.ew_switch_links["swp56@sw-egg-backend-plane1-spine02--swp64@sw-egg-backend-plane1-leaf07"] will be created
  + resource "netris_link" "ew_switch_links" {
      + id       = (known after apply)
      + ports    = [
          + "swp56@sw-egg-backend-plane1-spine02",
          + "swp64@sw-egg-backend-plane1-leaf07",
        ]
      + underlay = "enabled"
    }

  # netris_link.ew_switch_links["swp56@sw-egg-backend-plane2-spine01--swp56@sw-egg-backend-plane2-leaf07"] will be created
  + resource "netris_link" "ew_switch_links" {
      + id       = (known after apply)
      + ports    = [
          + "swp56@sw-egg-backend-plane2-spine01",
          + "swp56@sw-egg-backend-plane2-leaf07",
        ]
      + underlay = "enabled"
    }

  # netris_link.ew_switch_links["swp56@sw-egg-backend-plane2-spine02--swp64@sw-egg-backend-plane2-leaf07"] will be created
  + resource "netris_link" "ew_switch_links" {
      + id       = (known after apply)
      + ports    = [
          + "swp56@sw-egg-backend-plane2-spine02",
          + "swp64@sw-egg-backend-plane2-leaf07",
        ]
      + underlay = "enabled"
    }

  # netris_link.ew_switch_links["swp56@sw-egg-backend-plane3-spine01--swp56@sw-egg-backend-plane3-leaf07"] will be created
  + resource "netris_link" "ew_switch_links" {
      + id       = (known after apply)
      + ports    = [
          + "swp56@sw-egg-backend-plane3-spine01",
          + "swp56@sw-egg-backend-plane3-leaf07",
        ]
      + underlay = "enabled"
    }

  # netris_link.ew_switch_links["swp56@sw-egg-backend-plane3-spine02--swp64@sw-egg-backend-plane3-leaf07"] will be created
  + resource "netris_link" "ew_switch_links" {
      + id       = (known after apply)
      + ports    = [
          + "swp56@sw-egg-backend-plane3-spine02",
          + "swp64@sw-egg-backend-plane3-leaf07",
        ]
      + underlay = "enabled"
    }

  # netris_link.ew_switch_links["swp56@sw-egg-backend-plane4-spine01--swp56@sw-egg-backend-plane4-leaf07"] will be created
  + resource "netris_link" "ew_switch_links" {
      + id       = (known after apply)
      + ports    = [
          + "swp56@sw-egg-backend-plane4-spine01",
          + "swp56@sw-egg-backend-plane4-leaf07",
        ]
      + underlay = "enabled"
    }

  # netris_link.ew_switch_links["swp56@sw-egg-backend-plane4-spine02--swp64@sw-egg-backend-plane4-leaf07"] will be created
  + resource "netris_link" "ew_switch_links" {
      + id       = (known after apply)
      + ports    = [
          + "swp56@sw-egg-backend-plane4-spine02",
          + "swp64@sw-egg-backend-plane4-leaf07",
        ]
      + underlay = "enabled"
    }

  # netris_link.ew_switch_links["swp57@sw-egg-backend-plane1-spine01--swp49@sw-egg-backend-plane1-leaf08"] will be created
  + resource "netris_link" "ew_switch_links" {
      + id       = (known after apply)
      + ports    = [
          + "swp57@sw-egg-backend-plane1-spine01",
          + "swp49@sw-egg-backend-plane1-leaf08",
        ]
      + underlay = "enabled"
    }

  # netris_link.ew_switch_links["swp57@sw-egg-backend-plane1-spine02--swp57@sw-egg-backend-plane1-leaf08"] will be created
  + resource "netris_link" "ew_switch_links" {
      + id       = (known after apply)
      + ports    = [
          + "swp57@sw-egg-backend-plane1-spine02",
          + "swp57@sw-egg-backend-plane1-leaf08",
        ]
      + underlay = "enabled"
    }

  # netris_link.ew_switch_links["swp57@sw-egg-backend-plane2-spine01--swp49@sw-egg-backend-plane2-leaf08"] will be created
  + resource "netris_link" "ew_switch_links" {
      + id       = (known after apply)
      + ports    = [
          + "swp57@sw-egg-backend-plane2-spine01",
          + "swp49@sw-egg-backend-plane2-leaf08",
        ]
      + underlay = "enabled"
    }

  # netris_link.ew_switch_links["swp57@sw-egg-backend-plane2-spine02--swp57@sw-egg-backend-plane2-leaf08"] will be created
  + resource "netris_link" "ew_switch_links" {
      + id       = (known after apply)
      + ports    = [
          + "swp57@sw-egg-backend-plane2-spine02",
          + "swp57@sw-egg-backend-plane2-leaf08",
        ]
      + underlay = "enabled"
    }

  # netris_link.ew_switch_links["swp57@sw-egg-backend-plane3-spine01--swp49@sw-egg-backend-plane3-leaf08"] will be created
  + resource "netris_link" "ew_switch_links" {
      + id       = (known after apply)
      + ports    = [
          + "swp57@sw-egg-backend-plane3-spine01",
          + "swp49@sw-egg-backend-plane3-leaf08",
        ]
      + underlay = "enabled"
    }

  # netris_link.ew_switch_links["swp57@sw-egg-backend-plane3-spine02--swp57@sw-egg-backend-plane3-leaf08"] will be created
  + resource "netris_link" "ew_switch_links" {
      + id       = (known after apply)
      + ports    = [
          + "swp57@sw-egg-backend-plane3-spine02",
          + "swp57@sw-egg-backend-plane3-leaf08",
        ]
      + underlay = "enabled"
    }

  # netris_link.ew_switch_links["swp57@sw-egg-backend-plane4-spine01--swp49@sw-egg-backend-plane4-leaf08"] will be created
  + resource "netris_link" "ew_switch_links" {
      + id       = (known after apply)
      + ports    = [
          + "swp57@sw-egg-backend-plane4-spine01",
          + "swp49@sw-egg-backend-plane4-leaf08",
        ]
      + underlay = "enabled"
    }

  # netris_link.ew_switch_links["swp57@sw-egg-backend-plane4-spine02--swp57@sw-egg-backend-plane4-leaf08"] will be created
  + resource "netris_link" "ew_switch_links" {
      + id       = (known after apply)
      + ports    = [
          + "swp57@sw-egg-backend-plane4-spine02",
          + "swp57@sw-egg-backend-plane4-leaf08",
        ]
      + underlay = "enabled"
    }

  # netris_link.ew_switch_links["swp58@sw-egg-backend-plane1-spine01--swp50@sw-egg-backend-plane1-leaf08"] will be created
  + resource "netris_link" "ew_switch_links" {
      + id       = (known after apply)
      + ports    = [
          + "swp58@sw-egg-backend-plane1-spine01",
          + "swp50@sw-egg-backend-plane1-leaf08",
        ]
      + underlay = "enabled"
    }

  # netris_link.ew_switch_links["swp58@sw-egg-backend-plane1-spine02--swp58@sw-egg-backend-plane1-leaf08"] will be created
  + resource "netris_link" "ew_switch_links" {
      + id       = (known after apply)
      + ports    = [
          + "swp58@sw-egg-backend-plane1-spine02",
          + "swp58@sw-egg-backend-plane1-leaf08",
        ]
      + underlay = "enabled"
    }

  # netris_link.ew_switch_links["swp58@sw-egg-backend-plane2-spine01--swp50@sw-egg-backend-plane2-leaf08"] will be created
  + resource "netris_link" "ew_switch_links" {
      + id       = (known after apply)
      + ports    = [
          + "swp58@sw-egg-backend-plane2-spine01",
          + "swp50@sw-egg-backend-plane2-leaf08",
        ]
      + underlay = "enabled"
    }

  # netris_link.ew_switch_links["swp58@sw-egg-backend-plane2-spine02--swp58@sw-egg-backend-plane2-leaf08"] will be created
  + resource "netris_link" "ew_switch_links" {
      + id       = (known after apply)
      + ports    = [
          + "swp58@sw-egg-backend-plane2-spine02",
          + "swp58@sw-egg-backend-plane2-leaf08",
        ]
      + underlay = "enabled"
    }

  # netris_link.ew_switch_links["swp58@sw-egg-backend-plane3-spine01--swp50@sw-egg-backend-plane3-leaf08"] will be created
  + resource "netris_link" "ew_switch_links" {
      + id       = (known after apply)
      + ports    = [
          + "swp58@sw-egg-backend-plane3-spine01",
          + "swp50@sw-egg-backend-plane3-leaf08",
        ]
      + underlay = "enabled"
    }

  # netris_link.ew_switch_links["swp58@sw-egg-backend-plane3-spine02--swp58@sw-egg-backend-plane3-leaf08"] will be created
  + resource "netris_link" "ew_switch_links" {
      + id       = (known after apply)
      + ports    = [
          + "swp58@sw-egg-backend-plane3-spine02",
          + "swp58@sw-egg-backend-plane3-leaf08",
        ]
      + underlay = "enabled"
    }

  # netris_link.ew_switch_links["swp58@sw-egg-backend-plane4-spine01--swp50@sw-egg-backend-plane4-leaf08"] will be created
  + resource "netris_link" "ew_switch_links" {
      + id       = (known after apply)
      + ports    = [
          + "swp58@sw-egg-backend-plane4-spine01",
          + "swp50@sw-egg-backend-plane4-leaf08",
        ]
      + underlay = "enabled"
    }

  # netris_link.ew_switch_links["swp58@sw-egg-backend-plane4-spine02--swp58@sw-egg-backend-plane4-leaf08"] will be created
  + resource "netris_link" "ew_switch_links" {
      + id       = (known after apply)
      + ports    = [
          + "swp58@sw-egg-backend-plane4-spine02",
          + "swp58@sw-egg-backend-plane4-leaf08",
        ]
      + underlay = "enabled"
    }

  # netris_link.ew_switch_links["swp59@sw-egg-backend-plane1-spine01--swp51@sw-egg-backend-plane1-leaf08"] will be created
  + resource "netris_link" "ew_switch_links" {
      + id       = (known after apply)
      + ports    = [
          + "swp59@sw-egg-backend-plane1-spine01",
          + "swp51@sw-egg-backend-plane1-leaf08",
        ]
      + underlay = "enabled"
    }

  # netris_link.ew_switch_links["swp59@sw-egg-backend-plane1-spine02--swp59@sw-egg-backend-plane1-leaf08"] will be created
  + resource "netris_link" "ew_switch_links" {
      + id       = (known after apply)
      + ports    = [
          + "swp59@sw-egg-backend-plane1-spine02",
          + "swp59@sw-egg-backend-plane1-leaf08",
        ]
      + underlay = "enabled"
    }

  # netris_link.ew_switch_links["swp59@sw-egg-backend-plane2-spine01--swp51@sw-egg-backend-plane2-leaf08"] will be created
  + resource "netris_link" "ew_switch_links" {
      + id       = (known after apply)
      + ports    = [
          + "swp59@sw-egg-backend-plane2-spine01",
          + "swp51@sw-egg-backend-plane2-leaf08",
        ]
      + underlay = "enabled"
    }

  # netris_link.ew_switch_links["swp59@sw-egg-backend-plane2-spine02--swp59@sw-egg-backend-plane2-leaf08"] will be created
  + resource "netris_link" "ew_switch_links" {
      + id       = (known after apply)
      + ports    = [
          + "swp59@sw-egg-backend-plane2-spine02",
          + "swp59@sw-egg-backend-plane2-leaf08",
        ]
      + underlay = "enabled"
    }

  # netris_link.ew_switch_links["swp59@sw-egg-backend-plane3-spine01--swp51@sw-egg-backend-plane3-leaf08"] will be created
  + resource "netris_link" "ew_switch_links" {
      + id       = (known after apply)
      + ports    = [
          + "swp59@sw-egg-backend-plane3-spine01",
          + "swp51@sw-egg-backend-plane3-leaf08",
        ]
      + underlay = "enabled"
    }

  # netris_link.ew_switch_links["swp59@sw-egg-backend-plane3-spine02--swp59@sw-egg-backend-plane3-leaf08"] will be created
  + resource "netris_link" "ew_switch_links" {
      + id       = (known after apply)
      + ports    = [
          + "swp59@sw-egg-backend-plane3-spine02",
          + "swp59@sw-egg-backend-plane3-leaf08",
        ]
      + underlay = "enabled"
    }

  # netris_link.ew_switch_links["swp59@sw-egg-backend-plane4-spine01--swp51@sw-egg-backend-plane4-leaf08"] will be created
  + resource "netris_link" "ew_switch_links" {
      + id       = (known after apply)
      + ports    = [
          + "swp59@sw-egg-backend-plane4-spine01",
          + "swp51@sw-egg-backend-plane4-leaf08",
        ]
      + underlay = "enabled"
    }

  # netris_link.ew_switch_links["swp59@sw-egg-backend-plane4-spine02--swp59@sw-egg-backend-plane4-leaf08"] will be created
  + resource "netris_link" "ew_switch_links" {
      + id       = (known after apply)
      + ports    = [
          + "swp59@sw-egg-backend-plane4-spine02",
          + "swp59@sw-egg-backend-plane4-leaf08",
        ]
      + underlay = "enabled"
    }

  # netris_link.ew_switch_links["swp5@sw-egg-backend-plane1-spine01--swp53@sw-egg-backend-plane1-leaf01"] will be created
  + resource "netris_link" "ew_switch_links" {
      + id       = (known after apply)
      + ports    = [
          + "swp5@sw-egg-backend-plane1-spine01",
          + "swp53@sw-egg-backend-plane1-leaf01",
        ]
      + underlay = "enabled"
    }

  # netris_link.ew_switch_links["swp5@sw-egg-backend-plane1-spine02--swp61@sw-egg-backend-plane1-leaf01"] will be created
  + resource "netris_link" "ew_switch_links" {
      + id       = (known after apply)
      + ports    = [
          + "swp5@sw-egg-backend-plane1-spine02",
          + "swp61@sw-egg-backend-plane1-leaf01",
        ]
      + underlay = "enabled"
    }

  # netris_link.ew_switch_links["swp5@sw-egg-backend-plane2-spine01--swp53@sw-egg-backend-plane2-leaf01"] will be created
  + resource "netris_link" "ew_switch_links" {
      + id       = (known after apply)
      + ports    = [
          + "swp5@sw-egg-backend-plane2-spine01",
          + "swp53@sw-egg-backend-plane2-leaf01",
        ]
      + underlay = "enabled"
    }

  # netris_link.ew_switch_links["swp5@sw-egg-backend-plane2-spine02--swp61@sw-egg-backend-plane2-leaf01"] will be created
  + resource "netris_link" "ew_switch_links" {
      + id       = (known after apply)
      + ports    = [
          + "swp5@sw-egg-backend-plane2-spine02",
          + "swp61@sw-egg-backend-plane2-leaf01",
        ]
      + underlay = "enabled"
    }

  # netris_link.ew_switch_links["swp5@sw-egg-backend-plane3-spine01--swp53@sw-egg-backend-plane3-leaf01"] will be created
  + resource "netris_link" "ew_switch_links" {
      + id       = (known after apply)
      + ports    = [
          + "swp5@sw-egg-backend-plane3-spine01",
          + "swp53@sw-egg-backend-plane3-leaf01",
        ]
      + underlay = "enabled"
    }

  # netris_link.ew_switch_links["swp5@sw-egg-backend-plane3-spine02--swp61@sw-egg-backend-plane3-leaf01"] will be created
  + resource "netris_link" "ew_switch_links" {
      + id       = (known after apply)
      + ports    = [
          + "swp5@sw-egg-backend-plane3-spine02",
          + "swp61@sw-egg-backend-plane3-leaf01",
        ]
      + underlay = "enabled"
    }

  # netris_link.ew_switch_links["swp5@sw-egg-backend-plane4-spine01--swp53@sw-egg-backend-plane4-leaf01"] will be created
  + resource "netris_link" "ew_switch_links" {
      + id       = (known after apply)
      + ports    = [
          + "swp5@sw-egg-backend-plane4-spine01",
          + "swp53@sw-egg-backend-plane4-leaf01",
        ]
      + underlay = "enabled"
    }

  # netris_link.ew_switch_links["swp5@sw-egg-backend-plane4-spine02--swp61@sw-egg-backend-plane4-leaf01"] will be created
  + resource "netris_link" "ew_switch_links" {
      + id       = (known after apply)
      + ports    = [
          + "swp5@sw-egg-backend-plane4-spine02",
          + "swp61@sw-egg-backend-plane4-leaf01",
        ]
      + underlay = "enabled"
    }

  # netris_link.ew_switch_links["swp60@sw-egg-backend-plane1-spine01--swp52@sw-egg-backend-plane1-leaf08"] will be created
  + resource "netris_link" "ew_switch_links" {
      + id       = (known after apply)
      + ports    = [
          + "swp60@sw-egg-backend-plane1-spine01",
          + "swp52@sw-egg-backend-plane1-leaf08",
        ]
      + underlay = "enabled"
    }

  # netris_link.ew_switch_links["swp60@sw-egg-backend-plane1-spine02--swp60@sw-egg-backend-plane1-leaf08"] will be created
  + resource "netris_link" "ew_switch_links" {
      + id       = (known after apply)
      + ports    = [
          + "swp60@sw-egg-backend-plane1-spine02",
          + "swp60@sw-egg-backend-plane1-leaf08",
        ]
      + underlay = "enabled"
    }

  # netris_link.ew_switch_links["swp60@sw-egg-backend-plane2-spine01--swp52@sw-egg-backend-plane2-leaf08"] will be created
  + resource "netris_link" "ew_switch_links" {
      + id       = (known after apply)
      + ports    = [
          + "swp60@sw-egg-backend-plane2-spine01",
          + "swp52@sw-egg-backend-plane2-leaf08",
        ]
      + underlay = "enabled"
    }

  # netris_link.ew_switch_links["swp60@sw-egg-backend-plane2-spine02--swp60@sw-egg-backend-plane2-leaf08"] will be created
  + resource "netris_link" "ew_switch_links" {
      + id       = (known after apply)
      + ports    = [
          + "swp60@sw-egg-backend-plane2-spine02",
          + "swp60@sw-egg-backend-plane2-leaf08",
        ]
      + underlay = "enabled"
    }

  # netris_link.ew_switch_links["swp60@sw-egg-backend-plane3-spine01--swp52@sw-egg-backend-plane3-leaf08"] will be created
  + resource "netris_link" "ew_switch_links" {
      + id       = (known after apply)
      + ports    = [
          + "swp60@sw-egg-backend-plane3-spine01",
          + "swp52@sw-egg-backend-plane3-leaf08",
        ]
      + underlay = "enabled"
    }

  # netris_link.ew_switch_links["swp60@sw-egg-backend-plane3-spine02--swp60@sw-egg-backend-plane3-leaf08"] will be created
  + resource "netris_link" "ew_switch_links" {
      + id       = (known after apply)
      + ports    = [
          + "swp60@sw-egg-backend-plane3-spine02",
          + "swp60@sw-egg-backend-plane3-leaf08",
        ]
      + underlay = "enabled"
    }

  # netris_link.ew_switch_links["swp60@sw-egg-backend-plane4-spine01--swp52@sw-egg-backend-plane4-leaf08"] will be created
  + resource "netris_link" "ew_switch_links" {
      + id       = (known after apply)
      + ports    = [
          + "swp60@sw-egg-backend-plane4-spine01",
          + "swp52@sw-egg-backend-plane4-leaf08",
        ]
      + underlay = "enabled"
    }

  # netris_link.ew_switch_links["swp60@sw-egg-backend-plane4-spine02--swp60@sw-egg-backend-plane4-leaf08"] will be created
  + resource "netris_link" "ew_switch_links" {
      + id       = (known after apply)
      + ports    = [
          + "swp60@sw-egg-backend-plane4-spine02",
          + "swp60@sw-egg-backend-plane4-leaf08",
        ]
      + underlay = "enabled"
    }

  # netris_link.ew_switch_links["swp61@sw-egg-backend-plane1-spine01--swp53@sw-egg-backend-plane1-leaf08"] will be created
  + resource "netris_link" "ew_switch_links" {
      + id       = (known after apply)
      + ports    = [
          + "swp61@sw-egg-backend-plane1-spine01",
          + "swp53@sw-egg-backend-plane1-leaf08",
        ]
      + underlay = "enabled"
    }

  # netris_link.ew_switch_links["swp61@sw-egg-backend-plane1-spine02--swp61@sw-egg-backend-plane1-leaf08"] will be created
  + resource "netris_link" "ew_switch_links" {
      + id       = (known after apply)
      + ports    = [
          + "swp61@sw-egg-backend-plane1-spine02",
          + "swp61@sw-egg-backend-plane1-leaf08",
        ]
      + underlay = "enabled"
    }

  # netris_link.ew_switch_links["swp61@sw-egg-backend-plane2-spine01--swp53@sw-egg-backend-plane2-leaf08"] will be created
  + resource "netris_link" "ew_switch_links" {
      + id       = (known after apply)
      + ports    = [
          + "swp61@sw-egg-backend-plane2-spine01",
          + "swp53@sw-egg-backend-plane2-leaf08",
        ]
      + underlay = "enabled"
    }

  # netris_link.ew_switch_links["swp61@sw-egg-backend-plane2-spine02--swp61@sw-egg-backend-plane2-leaf08"] will be created
  + resource "netris_link" "ew_switch_links" {
      + id       = (known after apply)
      + ports    = [
          + "swp61@sw-egg-backend-plane2-spine02",
          + "swp61@sw-egg-backend-plane2-leaf08",
        ]
      + underlay = "enabled"
    }

  # netris_link.ew_switch_links["swp61@sw-egg-backend-plane3-spine01--swp53@sw-egg-backend-plane3-leaf08"] will be created
  + resource "netris_link" "ew_switch_links" {
      + id       = (known after apply)
      + ports    = [
          + "swp61@sw-egg-backend-plane3-spine01",
          + "swp53@sw-egg-backend-plane3-leaf08",
        ]
      + underlay = "enabled"
    }

  # netris_link.ew_switch_links["swp61@sw-egg-backend-plane3-spine02--swp61@sw-egg-backend-plane3-leaf08"] will be created
  + resource "netris_link" "ew_switch_links" {
      + id       = (known after apply)
      + ports    = [
          + "swp61@sw-egg-backend-plane3-spine02",
          + "swp61@sw-egg-backend-plane3-leaf08",
        ]
      + underlay = "enabled"
    }

  # netris_link.ew_switch_links["swp61@sw-egg-backend-plane4-spine01--swp53@sw-egg-backend-plane4-leaf08"] will be created
  + resource "netris_link" "ew_switch_links" {
      + id       = (known after apply)
      + ports    = [
          + "swp61@sw-egg-backend-plane4-spine01",
          + "swp53@sw-egg-backend-plane4-leaf08",
        ]
      + underlay = "enabled"
    }

  # netris_link.ew_switch_links["swp61@sw-egg-backend-plane4-spine02--swp61@sw-egg-backend-plane4-leaf08"] will be created
  + resource "netris_link" "ew_switch_links" {
      + id       = (known after apply)
      + ports    = [
          + "swp61@sw-egg-backend-plane4-spine02",
          + "swp61@sw-egg-backend-plane4-leaf08",
        ]
      + underlay = "enabled"
    }

  # netris_link.ew_switch_links["swp62@sw-egg-backend-plane1-spine01--swp54@sw-egg-backend-plane1-leaf08"] will be created
  + resource "netris_link" "ew_switch_links" {
      + id       = (known after apply)
      + ports    = [
          + "swp62@sw-egg-backend-plane1-spine01",
          + "swp54@sw-egg-backend-plane1-leaf08",
        ]
      + underlay = "enabled"
    }

  # netris_link.ew_switch_links["swp62@sw-egg-backend-plane1-spine02--swp62@sw-egg-backend-plane1-leaf08"] will be created
  + resource "netris_link" "ew_switch_links" {
      + id       = (known after apply)
      + ports    = [
          + "swp62@sw-egg-backend-plane1-spine02",
          + "swp62@sw-egg-backend-plane1-leaf08",
        ]
      + underlay = "enabled"
    }

  # netris_link.ew_switch_links["swp62@sw-egg-backend-plane2-spine01--swp54@sw-egg-backend-plane2-leaf08"] will be created
  + resource "netris_link" "ew_switch_links" {
      + id       = (known after apply)
      + ports    = [
          + "swp62@sw-egg-backend-plane2-spine01",
          + "swp54@sw-egg-backend-plane2-leaf08",
        ]
      + underlay = "enabled"
    }

  # netris_link.ew_switch_links["swp62@sw-egg-backend-plane2-spine02--swp62@sw-egg-backend-plane2-leaf08"] will be created
  + resource "netris_link" "ew_switch_links" {
      + id       = (known after apply)
      + ports    = [
          + "swp62@sw-egg-backend-plane2-spine02",
          + "swp62@sw-egg-backend-plane2-leaf08",
        ]
      + underlay = "enabled"
    }

  # netris_link.ew_switch_links["swp62@sw-egg-backend-plane3-spine01--swp54@sw-egg-backend-plane3-leaf08"] will be created
  + resource "netris_link" "ew_switch_links" {
      + id       = (known after apply)
      + ports    = [
          + "swp62@sw-egg-backend-plane3-spine01",
          + "swp54@sw-egg-backend-plane3-leaf08",
        ]
      + underlay = "enabled"
    }

  # netris_link.ew_switch_links["swp62@sw-egg-backend-plane3-spine02--swp62@sw-egg-backend-plane3-leaf08"] will be created
  + resource "netris_link" "ew_switch_links" {
      + id       = (known after apply)
      + ports    = [
          + "swp62@sw-egg-backend-plane3-spine02",
          + "swp62@sw-egg-backend-plane3-leaf08",
        ]
      + underlay = "enabled"
    }

  # netris_link.ew_switch_links["swp62@sw-egg-backend-plane4-spine01--swp54@sw-egg-backend-plane4-leaf08"] will be created
  + resource "netris_link" "ew_switch_links" {
      + id       = (known after apply)
      + ports    = [
          + "swp62@sw-egg-backend-plane4-spine01",
          + "swp54@sw-egg-backend-plane4-leaf08",
        ]
      + underlay = "enabled"
    }

  # netris_link.ew_switch_links["swp62@sw-egg-backend-plane4-spine02--swp62@sw-egg-backend-plane4-leaf08"] will be created
  + resource "netris_link" "ew_switch_links" {
      + id       = (known after apply)
      + ports    = [
          + "swp62@sw-egg-backend-plane4-spine02",
          + "swp62@sw-egg-backend-plane4-leaf08",
        ]
      + underlay = "enabled"
    }

  # netris_link.ew_switch_links["swp63@sw-egg-backend-plane1-spine01--swp55@sw-egg-backend-plane1-leaf08"] will be created
  + resource "netris_link" "ew_switch_links" {
      + id       = (known after apply)
      + ports    = [
          + "swp63@sw-egg-backend-plane1-spine01",
          + "swp55@sw-egg-backend-plane1-leaf08",
        ]
      + underlay = "enabled"
    }

  # netris_link.ew_switch_links["swp63@sw-egg-backend-plane1-spine02--swp63@sw-egg-backend-plane1-leaf08"] will be created
  + resource "netris_link" "ew_switch_links" {
      + id       = (known after apply)
      + ports    = [
          + "swp63@sw-egg-backend-plane1-spine02",
          + "swp63@sw-egg-backend-plane1-leaf08",
        ]
      + underlay = "enabled"
    }

  # netris_link.ew_switch_links["swp63@sw-egg-backend-plane2-spine01--swp55@sw-egg-backend-plane2-leaf08"] will be created
  + resource "netris_link" "ew_switch_links" {
      + id       = (known after apply)
      + ports    = [
          + "swp63@sw-egg-backend-plane2-spine01",
          + "swp55@sw-egg-backend-plane2-leaf08",
        ]
      + underlay = "enabled"
    }

  # netris_link.ew_switch_links["swp63@sw-egg-backend-plane2-spine02--swp63@sw-egg-backend-plane2-leaf08"] will be created
  + resource "netris_link" "ew_switch_links" {
      + id       = (known after apply)
      + ports    = [
          + "swp63@sw-egg-backend-plane2-spine02",
          + "swp63@sw-egg-backend-plane2-leaf08",
        ]
      + underlay = "enabled"
    }

  # netris_link.ew_switch_links["swp63@sw-egg-backend-plane3-spine01--swp55@sw-egg-backend-plane3-leaf08"] will be created
  + resource "netris_link" "ew_switch_links" {
      + id       = (known after apply)
      + ports    = [
          + "swp63@sw-egg-backend-plane3-spine01",
          + "swp55@sw-egg-backend-plane3-leaf08",
        ]
      + underlay = "enabled"
    }

  # netris_link.ew_switch_links["swp63@sw-egg-backend-plane3-spine02--swp63@sw-egg-backend-plane3-leaf08"] will be created
  + resource "netris_link" "ew_switch_links" {
      + id       = (known after apply)
      + ports    = [
          + "swp63@sw-egg-backend-plane3-spine02",
          + "swp63@sw-egg-backend-plane3-leaf08",
        ]
      + underlay = "enabled"
    }

  # netris_link.ew_switch_links["swp63@sw-egg-backend-plane4-spine01--swp55@sw-egg-backend-plane4-leaf08"] will be created
  + resource "netris_link" "ew_switch_links" {
      + id       = (known after apply)
      + ports    = [
          + "swp63@sw-egg-backend-plane4-spine01",
          + "swp55@sw-egg-backend-plane4-leaf08",
        ]
      + underlay = "enabled"
    }

  # netris_link.ew_switch_links["swp63@sw-egg-backend-plane4-spine02--swp63@sw-egg-backend-plane4-leaf08"] will be created
  + resource "netris_link" "ew_switch_links" {
      + id       = (known after apply)
      + ports    = [
          + "swp63@sw-egg-backend-plane4-spine02",
          + "swp63@sw-egg-backend-plane4-leaf08",
        ]
      + underlay = "enabled"
    }

  # netris_link.ew_switch_links["swp64@sw-egg-backend-plane1-spine01--swp56@sw-egg-backend-plane1-leaf08"] will be created
  + resource "netris_link" "ew_switch_links" {
      + id       = (known after apply)
      + ports    = [
          + "swp64@sw-egg-backend-plane1-spine01",
          + "swp56@sw-egg-backend-plane1-leaf08",
        ]
      + underlay = "enabled"
    }

  # netris_link.ew_switch_links["swp64@sw-egg-backend-plane1-spine02--swp64@sw-egg-backend-plane1-leaf08"] will be created
  + resource "netris_link" "ew_switch_links" {
      + id       = (known after apply)
      + ports    = [
          + "swp64@sw-egg-backend-plane1-spine02",
          + "swp64@sw-egg-backend-plane1-leaf08",
        ]
      + underlay = "enabled"
    }

  # netris_link.ew_switch_links["swp64@sw-egg-backend-plane2-spine01--swp56@sw-egg-backend-plane2-leaf08"] will be created
  + resource "netris_link" "ew_switch_links" {
      + id       = (known after apply)
      + ports    = [
          + "swp64@sw-egg-backend-plane2-spine01",
          + "swp56@sw-egg-backend-plane2-leaf08",
        ]
      + underlay = "enabled"
    }

  # netris_link.ew_switch_links["swp64@sw-egg-backend-plane2-spine02--swp64@sw-egg-backend-plane2-leaf08"] will be created
  + resource "netris_link" "ew_switch_links" {
      + id       = (known after apply)
      + ports    = [
          + "swp64@sw-egg-backend-plane2-spine02",
          + "swp64@sw-egg-backend-plane2-leaf08",
        ]
      + underlay = "enabled"
    }

  # netris_link.ew_switch_links["swp64@sw-egg-backend-plane3-spine01--swp56@sw-egg-backend-plane3-leaf08"] will be created
  + resource "netris_link" "ew_switch_links" {
      + id       = (known after apply)
      + ports    = [
          + "swp64@sw-egg-backend-plane3-spine01",
          + "swp56@sw-egg-backend-plane3-leaf08",
        ]
      + underlay = "enabled"
    }

  # netris_link.ew_switch_links["swp64@sw-egg-backend-plane3-spine02--swp64@sw-egg-backend-plane3-leaf08"] will be created
  + resource "netris_link" "ew_switch_links" {
      + id       = (known after apply)
      + ports    = [
          + "swp64@sw-egg-backend-plane3-spine02",
          + "swp64@sw-egg-backend-plane3-leaf08",
        ]
      + underlay = "enabled"
    }

  # netris_link.ew_switch_links["swp64@sw-egg-backend-plane4-spine01--swp56@sw-egg-backend-plane4-leaf08"] will be created
  + resource "netris_link" "ew_switch_links" {
      + id       = (known after apply)
      + ports    = [
          + "swp64@sw-egg-backend-plane4-spine01",
          + "swp56@sw-egg-backend-plane4-leaf08",
        ]
      + underlay = "enabled"
    }

  # netris_link.ew_switch_links["swp64@sw-egg-backend-plane4-spine02--swp64@sw-egg-backend-plane4-leaf08"] will be created
  + resource "netris_link" "ew_switch_links" {
      + id       = (known after apply)
      + ports    = [
          + "swp64@sw-egg-backend-plane4-spine02",
          + "swp64@sw-egg-backend-plane4-leaf08",
        ]
      + underlay = "enabled"
    }

  # netris_link.ew_switch_links["swp6@sw-egg-backend-plane1-spine01--swp54@sw-egg-backend-plane1-leaf01"] will be created
  + resource "netris_link" "ew_switch_links" {
      + id       = (known after apply)
      + ports    = [
          + "swp6@sw-egg-backend-plane1-spine01",
          + "swp54@sw-egg-backend-plane1-leaf01",
        ]
      + underlay = "enabled"
    }

  # netris_link.ew_switch_links["swp6@sw-egg-backend-plane1-spine02--swp62@sw-egg-backend-plane1-leaf01"] will be created
  + resource "netris_link" "ew_switch_links" {
      + id       = (known after apply)
      + ports    = [
          + "swp6@sw-egg-backend-plane1-spine02",
          + "swp62@sw-egg-backend-plane1-leaf01",
        ]
      + underlay = "enabled"
    }

  # netris_link.ew_switch_links["swp6@sw-egg-backend-plane2-spine01--swp54@sw-egg-backend-plane2-leaf01"] will be created
  + resource "netris_link" "ew_switch_links" {
      + id       = (known after apply)
      + ports    = [
          + "swp6@sw-egg-backend-plane2-spine01",
          + "swp54@sw-egg-backend-plane2-leaf01",
        ]
      + underlay = "enabled"
    }

  # netris_link.ew_switch_links["swp6@sw-egg-backend-plane2-spine02--swp62@sw-egg-backend-plane2-leaf01"] will be created
  + resource "netris_link" "ew_switch_links" {
      + id       = (known after apply)
      + ports    = [
          + "swp6@sw-egg-backend-plane2-spine02",
          + "swp62@sw-egg-backend-plane2-leaf01",
        ]
      + underlay = "enabled"
    }

  # netris_link.ew_switch_links["swp6@sw-egg-backend-plane3-spine01--swp54@sw-egg-backend-plane3-leaf01"] will be created
  + resource "netris_link" "ew_switch_links" {
      + id       = (known after apply)
      + ports    = [
          + "swp6@sw-egg-backend-plane3-spine01",
          + "swp54@sw-egg-backend-plane3-leaf01",
        ]
      + underlay = "enabled"
    }

  # netris_link.ew_switch_links["swp6@sw-egg-backend-plane3-spine02--swp62@sw-egg-backend-plane3-leaf01"] will be created
  + resource "netris_link" "ew_switch_links" {
      + id       = (known after apply)
      + ports    = [
          + "swp6@sw-egg-backend-plane3-spine02",
          + "swp62@sw-egg-backend-plane3-leaf01",
        ]
      + underlay = "enabled"
    }

  # netris_link.ew_switch_links["swp6@sw-egg-backend-plane4-spine01--swp54@sw-egg-backend-plane4-leaf01"] will be created
  + resource "netris_link" "ew_switch_links" {
      + id       = (known after apply)
      + ports    = [
          + "swp6@sw-egg-backend-plane4-spine01",
          + "swp54@sw-egg-backend-plane4-leaf01",
        ]
      + underlay = "enabled"
    }

  # netris_link.ew_switch_links["swp6@sw-egg-backend-plane4-spine02--swp62@sw-egg-backend-plane4-leaf01"] will be created
  + resource "netris_link" "ew_switch_links" {
      + id       = (known after apply)
      + ports    = [
          + "swp6@sw-egg-backend-plane4-spine02",
          + "swp62@sw-egg-backend-plane4-leaf01",
        ]
      + underlay = "enabled"
    }

  # netris_link.ew_switch_links["swp7@sw-egg-backend-plane1-spine01--swp55@sw-egg-backend-plane1-leaf01"] will be created
  + resource "netris_link" "ew_switch_links" {
      + id       = (known after apply)
      + ports    = [
          + "swp7@sw-egg-backend-plane1-spine01",
          + "swp55@sw-egg-backend-plane1-leaf01",
        ]
      + underlay = "enabled"
    }

  # netris_link.ew_switch_links["swp7@sw-egg-backend-plane1-spine02--swp63@sw-egg-backend-plane1-leaf01"] will be created
  + resource "netris_link" "ew_switch_links" {
      + id       = (known after apply)
      + ports    = [
          + "swp7@sw-egg-backend-plane1-spine02",
          + "swp63@sw-egg-backend-plane1-leaf01",
        ]
      + underlay = "enabled"
    }

  # netris_link.ew_switch_links["swp7@sw-egg-backend-plane2-spine01--swp55@sw-egg-backend-plane2-leaf01"] will be created
  + resource "netris_link" "ew_switch_links" {
      + id       = (known after apply)
      + ports    = [
          + "swp7@sw-egg-backend-plane2-spine01",
          + "swp55@sw-egg-backend-plane2-leaf01",
        ]
      + underlay = "enabled"
    }

  # netris_link.ew_switch_links["swp7@sw-egg-backend-plane2-spine02--swp63@sw-egg-backend-plane2-leaf01"] will be created
  + resource "netris_link" "ew_switch_links" {
      + id       = (known after apply)
      + ports    = [
          + "swp7@sw-egg-backend-plane2-spine02",
          + "swp63@sw-egg-backend-plane2-leaf01",
        ]
      + underlay = "enabled"
    }

  # netris_link.ew_switch_links["swp7@sw-egg-backend-plane3-spine01--swp55@sw-egg-backend-plane3-leaf01"] will be created
  + resource "netris_link" "ew_switch_links" {
      + id       = (known after apply)
      + ports    = [
          + "swp7@sw-egg-backend-plane3-spine01",
          + "swp55@sw-egg-backend-plane3-leaf01",
        ]
      + underlay = "enabled"
    }

  # netris_link.ew_switch_links["swp7@sw-egg-backend-plane3-spine02--swp63@sw-egg-backend-plane3-leaf01"] will be created
  + resource "netris_link" "ew_switch_links" {
      + id       = (known after apply)
      + ports    = [
          + "swp7@sw-egg-backend-plane3-spine02",
          + "swp63@sw-egg-backend-plane3-leaf01",
        ]
      + underlay = "enabled"
    }

  # netris_link.ew_switch_links["swp7@sw-egg-backend-plane4-spine01--swp55@sw-egg-backend-plane4-leaf01"] will be created
  + resource "netris_link" "ew_switch_links" {
      + id       = (known after apply)
      + ports    = [
          + "swp7@sw-egg-backend-plane4-spine01",
          + "swp55@sw-egg-backend-plane4-leaf01",
        ]
      + underlay = "enabled"
    }

  # netris_link.ew_switch_links["swp7@sw-egg-backend-plane4-spine02--swp63@sw-egg-backend-plane4-leaf01"] will be created
  + resource "netris_link" "ew_switch_links" {
      + id       = (known after apply)
      + ports    = [
          + "swp7@sw-egg-backend-plane4-spine02",
          + "swp63@sw-egg-backend-plane4-leaf01",
        ]
      + underlay = "enabled"
    }

  # netris_link.ew_switch_links["swp8@sw-egg-backend-plane1-spine01--swp56@sw-egg-backend-plane1-leaf01"] will be created
  + resource "netris_link" "ew_switch_links" {
      + id       = (known after apply)
      + ports    = [
          + "swp8@sw-egg-backend-plane1-spine01",
          + "swp56@sw-egg-backend-plane1-leaf01",
        ]
      + underlay = "enabled"
    }

  # netris_link.ew_switch_links["swp8@sw-egg-backend-plane1-spine02--swp64@sw-egg-backend-plane1-leaf01"] will be created
  + resource "netris_link" "ew_switch_links" {
      + id       = (known after apply)
      + ports    = [
          + "swp8@sw-egg-backend-plane1-spine02",
          + "swp64@sw-egg-backend-plane1-leaf01",
        ]
      + underlay = "enabled"
    }

  # netris_link.ew_switch_links["swp8@sw-egg-backend-plane2-spine01--swp56@sw-egg-backend-plane2-leaf01"] will be created
  + resource "netris_link" "ew_switch_links" {
      + id       = (known after apply)
      + ports    = [
          + "swp8@sw-egg-backend-plane2-spine01",
          + "swp56@sw-egg-backend-plane2-leaf01",
        ]
      + underlay = "enabled"
    }

  # netris_link.ew_switch_links["swp8@sw-egg-backend-plane2-spine02--swp64@sw-egg-backend-plane2-leaf01"] will be created
  + resource "netris_link" "ew_switch_links" {
      + id       = (known after apply)
      + ports    = [
          + "swp8@sw-egg-backend-plane2-spine02",
          + "swp64@sw-egg-backend-plane2-leaf01",
        ]
      + underlay = "enabled"
    }

  # netris_link.ew_switch_links["swp8@sw-egg-backend-plane3-spine01--swp56@sw-egg-backend-plane3-leaf01"] will be created
  + resource "netris_link" "ew_switch_links" {
      + id       = (known after apply)
      + ports    = [
          + "swp8@sw-egg-backend-plane3-spine01",
          + "swp56@sw-egg-backend-plane3-leaf01",
        ]
      + underlay = "enabled"
    }

  # netris_link.ew_switch_links["swp8@sw-egg-backend-plane3-spine02--swp64@sw-egg-backend-plane3-leaf01"] will be created
  + resource "netris_link" "ew_switch_links" {
      + id       = (known after apply)
      + ports    = [
          + "swp8@sw-egg-backend-plane3-spine02",
          + "swp64@sw-egg-backend-plane3-leaf01",
        ]
      + underlay = "enabled"
    }

  # netris_link.ew_switch_links["swp8@sw-egg-backend-plane4-spine01--swp56@sw-egg-backend-plane4-leaf01"] will be created
  + resource "netris_link" "ew_switch_links" {
      + id       = (known after apply)
      + ports    = [
          + "swp8@sw-egg-backend-plane4-spine01",
          + "swp56@sw-egg-backend-plane4-leaf01",
        ]
      + underlay = "enabled"
    }

  # netris_link.ew_switch_links["swp8@sw-egg-backend-plane4-spine02--swp64@sw-egg-backend-plane4-leaf01"] will be created
  + resource "netris_link" "ew_switch_links" {
      + id       = (known after apply)
      + ports    = [
          + "swp8@sw-egg-backend-plane4-spine02",
          + "swp64@sw-egg-backend-plane4-leaf01",
        ]
      + underlay = "enabled"
    }

  # netris_link.ew_switch_links["swp9@sw-egg-backend-plane1-spine01--swp49@sw-egg-backend-plane1-leaf02"] will be created
  + resource "netris_link" "ew_switch_links" {
      + id       = (known after apply)
      + ports    = [
          + "swp9@sw-egg-backend-plane1-spine01",
          + "swp49@sw-egg-backend-plane1-leaf02",
        ]
      + underlay = "enabled"
    }

  # netris_link.ew_switch_links["swp9@sw-egg-backend-plane1-spine02--swp57@sw-egg-backend-plane1-leaf02"] will be created
  + resource "netris_link" "ew_switch_links" {
      + id       = (known after apply)
      + ports    = [
          + "swp9@sw-egg-backend-plane1-spine02",
          + "swp57@sw-egg-backend-plane1-leaf02",
        ]
      + underlay = "enabled"
    }

  # netris_link.ew_switch_links["swp9@sw-egg-backend-plane2-spine01--swp49@sw-egg-backend-plane2-leaf02"] will be created
  + resource "netris_link" "ew_switch_links" {
      + id       = (known after apply)
      + ports    = [
          + "swp9@sw-egg-backend-plane2-spine01",
          + "swp49@sw-egg-backend-plane2-leaf02",
        ]
      + underlay = "enabled"
    }

  # netris_link.ew_switch_links["swp9@sw-egg-backend-plane2-spine02--swp57@sw-egg-backend-plane2-leaf02"] will be created
  + resource "netris_link" "ew_switch_links" {
      + id       = (known after apply)
      + ports    = [
          + "swp9@sw-egg-backend-plane2-spine02",
          + "swp57@sw-egg-backend-plane2-leaf02",
        ]
      + underlay = "enabled"
    }

  # netris_link.ew_switch_links["swp9@sw-egg-backend-plane3-spine01--swp49@sw-egg-backend-plane3-leaf02"] will be created
  + resource "netris_link" "ew_switch_links" {
      + id       = (known after apply)
      + ports    = [
          + "swp9@sw-egg-backend-plane3-spine01",
          + "swp49@sw-egg-backend-plane3-leaf02",
        ]
      + underlay = "enabled"
    }

  # netris_link.ew_switch_links["swp9@sw-egg-backend-plane3-spine02--swp57@sw-egg-backend-plane3-leaf02"] will be created
  + resource "netris_link" "ew_switch_links" {
      + id       = (known after apply)
      + ports    = [
          + "swp9@sw-egg-backend-plane3-spine02",
          + "swp57@sw-egg-backend-plane3-leaf02",
        ]
      + underlay = "enabled"
    }

  # netris_link.ew_switch_links["swp9@sw-egg-backend-plane4-spine01--swp49@sw-egg-backend-plane4-leaf02"] will be created
  + resource "netris_link" "ew_switch_links" {
      + id       = (known after apply)
      + ports    = [
          + "swp9@sw-egg-backend-plane4-spine01",
          + "swp49@sw-egg-backend-plane4-leaf02",
        ]
      + underlay = "enabled"
    }

  # netris_link.ew_switch_links["swp9@sw-egg-backend-plane4-spine02--swp57@sw-egg-backend-plane4-leaf02"] will be created
  + resource "netris_link" "ew_switch_links" {
      + id       = (known after apply)
      + ports    = [
          + "swp9@sw-egg-backend-plane4-spine02",
          + "swp57@sw-egg-backend-plane4-leaf02",
        ]
      + underlay = "enabled"
    }

  # netris_link.ns_gpu_links["swp10@sw-egg-frontend-leaf01--eth9@gpu-egg-028"] will be created
  + resource "netris_link" "ns_gpu_links" {
      + id       = (known after apply)
      + ports    = [
          + "swp10@sw-egg-frontend-leaf01",
          + "eth9@gpu-egg-028",
        ]
      + underlay = "enabled"
    }

  # netris_link.ns_gpu_links["swp10@sw-egg-frontend-leaf02--eth10@gpu-egg-028"] will be created
  + resource "netris_link" "ns_gpu_links" {
      + id       = (known after apply)
      + ports    = [
          + "swp10@sw-egg-frontend-leaf02",
          + "eth10@gpu-egg-028",
        ]
      + underlay = "enabled"
    }

  # netris_link.ns_gpu_links["swp10@sw-egg-frontend-leaf03--eth9@gpu-egg-029"] will be created
  + resource "netris_link" "ns_gpu_links" {
      + id       = (known after apply)
      + ports    = [
          + "swp10@sw-egg-frontend-leaf03",
          + "eth9@gpu-egg-029",
        ]
      + underlay = "enabled"
    }

  # netris_link.ns_gpu_links["swp10@sw-egg-frontend-leaf04--eth10@gpu-egg-029"] will be created
  + resource "netris_link" "ns_gpu_links" {
      + id       = (known after apply)
      + ports    = [
          + "swp10@sw-egg-frontend-leaf04",
          + "eth10@gpu-egg-029",
        ]
      + underlay = "enabled"
    }

  # netris_link.ns_gpu_links["swp10@sw-egg-frontend-leaf05--eth9@gpu-egg-030"] will be created
  + resource "netris_link" "ns_gpu_links" {
      + id       = (known after apply)
      + ports    = [
          + "swp10@sw-egg-frontend-leaf05",
          + "eth9@gpu-egg-030",
        ]
      + underlay = "enabled"
    }

  # netris_link.ns_gpu_links["swp10@sw-egg-frontend-leaf06--eth10@gpu-egg-030"] will be created
  + resource "netris_link" "ns_gpu_links" {
      + id       = (known after apply)
      + ports    = [
          + "swp10@sw-egg-frontend-leaf06",
          + "eth10@gpu-egg-030",
        ]
      + underlay = "enabled"
    }

  # netris_link.ns_gpu_links["swp11@sw-egg-frontend-leaf01--eth9@gpu-egg-031"] will be created
  + resource "netris_link" "ns_gpu_links" {
      + id       = (known after apply)
      + ports    = [
          + "swp11@sw-egg-frontend-leaf01",
          + "eth9@gpu-egg-031",
        ]
      + underlay = "enabled"
    }

  # netris_link.ns_gpu_links["swp11@sw-egg-frontend-leaf02--eth10@gpu-egg-031"] will be created
  + resource "netris_link" "ns_gpu_links" {
      + id       = (known after apply)
      + ports    = [
          + "swp11@sw-egg-frontend-leaf02",
          + "eth10@gpu-egg-031",
        ]
      + underlay = "enabled"
    }

  # netris_link.ns_gpu_links["swp11@sw-egg-frontend-leaf03--eth9@gpu-egg-032"] will be created
  + resource "netris_link" "ns_gpu_links" {
      + id       = (known after apply)
      + ports    = [
          + "swp11@sw-egg-frontend-leaf03",
          + "eth9@gpu-egg-032",
        ]
      + underlay = "enabled"
    }

  # netris_link.ns_gpu_links["swp11@sw-egg-frontend-leaf04--eth10@gpu-egg-032"] will be created
  + resource "netris_link" "ns_gpu_links" {
      + id       = (known after apply)
      + ports    = [
          + "swp11@sw-egg-frontend-leaf04",
          + "eth10@gpu-egg-032",
        ]
      + underlay = "enabled"
    }

  # netris_link.ns_gpu_links["swp11@sw-egg-frontend-leaf05--eth9@gpu-egg-033"] will be created
  + resource "netris_link" "ns_gpu_links" {
      + id       = (known after apply)
      + ports    = [
          + "swp11@sw-egg-frontend-leaf05",
          + "eth9@gpu-egg-033",
        ]
      + underlay = "enabled"
    }

  # netris_link.ns_gpu_links["swp11@sw-egg-frontend-leaf06--eth10@gpu-egg-033"] will be created
  + resource "netris_link" "ns_gpu_links" {
      + id       = (known after apply)
      + ports    = [
          + "swp11@sw-egg-frontend-leaf06",
          + "eth10@gpu-egg-033",
        ]
      + underlay = "enabled"
    }

  # netris_link.ns_gpu_links["swp12@sw-egg-frontend-leaf01--eth9@gpu-egg-034"] will be created
  + resource "netris_link" "ns_gpu_links" {
      + id       = (known after apply)
      + ports    = [
          + "swp12@sw-egg-frontend-leaf01",
          + "eth9@gpu-egg-034",
        ]
      + underlay = "enabled"
    }

  # netris_link.ns_gpu_links["swp12@sw-egg-frontend-leaf02--eth10@gpu-egg-034"] will be created
  + resource "netris_link" "ns_gpu_links" {
      + id       = (known after apply)
      + ports    = [
          + "swp12@sw-egg-frontend-leaf02",
          + "eth10@gpu-egg-034",
        ]
      + underlay = "enabled"
    }

  # netris_link.ns_gpu_links["swp12@sw-egg-frontend-leaf03--eth9@gpu-egg-035"] will be created
  + resource "netris_link" "ns_gpu_links" {
      + id       = (known after apply)
      + ports    = [
          + "swp12@sw-egg-frontend-leaf03",
          + "eth9@gpu-egg-035",
        ]
      + underlay = "enabled"
    }

  # netris_link.ns_gpu_links["swp12@sw-egg-frontend-leaf04--eth10@gpu-egg-035"] will be created
  + resource "netris_link" "ns_gpu_links" {
      + id       = (known after apply)
      + ports    = [
          + "swp12@sw-egg-frontend-leaf04",
          + "eth10@gpu-egg-035",
        ]
      + underlay = "enabled"
    }

  # netris_link.ns_gpu_links["swp12@sw-egg-frontend-leaf05--eth9@gpu-egg-036"] will be created
  + resource "netris_link" "ns_gpu_links" {
      + id       = (known after apply)
      + ports    = [
          + "swp12@sw-egg-frontend-leaf05",
          + "eth9@gpu-egg-036",
        ]
      + underlay = "enabled"
    }

  # netris_link.ns_gpu_links["swp12@sw-egg-frontend-leaf06--eth10@gpu-egg-036"] will be created
  + resource "netris_link" "ns_gpu_links" {
      + id       = (known after apply)
      + ports    = [
          + "swp12@sw-egg-frontend-leaf06",
          + "eth10@gpu-egg-036",
        ]
      + underlay = "enabled"
    }

  # netris_link.ns_gpu_links["swp13@sw-egg-frontend-leaf01--eth9@gpu-egg-037"] will be created
  + resource "netris_link" "ns_gpu_links" {
      + id       = (known after apply)
      + ports    = [
          + "swp13@sw-egg-frontend-leaf01",
          + "eth9@gpu-egg-037",
        ]
      + underlay = "enabled"
    }

  # netris_link.ns_gpu_links["swp13@sw-egg-frontend-leaf02--eth10@gpu-egg-037"] will be created
  + resource "netris_link" "ns_gpu_links" {
      + id       = (known after apply)
      + ports    = [
          + "swp13@sw-egg-frontend-leaf02",
          + "eth10@gpu-egg-037",
        ]
      + underlay = "enabled"
    }

  # netris_link.ns_gpu_links["swp13@sw-egg-frontend-leaf03--eth9@gpu-egg-038"] will be created
  + resource "netris_link" "ns_gpu_links" {
      + id       = (known after apply)
      + ports    = [
          + "swp13@sw-egg-frontend-leaf03",
          + "eth9@gpu-egg-038",
        ]
      + underlay = "enabled"
    }

  # netris_link.ns_gpu_links["swp13@sw-egg-frontend-leaf04--eth10@gpu-egg-038"] will be created
  + resource "netris_link" "ns_gpu_links" {
      + id       = (known after apply)
      + ports    = [
          + "swp13@sw-egg-frontend-leaf04",
          + "eth10@gpu-egg-038",
        ]
      + underlay = "enabled"
    }

  # netris_link.ns_gpu_links["swp13@sw-egg-frontend-leaf05--eth9@gpu-egg-039"] will be created
  + resource "netris_link" "ns_gpu_links" {
      + id       = (known after apply)
      + ports    = [
          + "swp13@sw-egg-frontend-leaf05",
          + "eth9@gpu-egg-039",
        ]
      + underlay = "enabled"
    }

  # netris_link.ns_gpu_links["swp13@sw-egg-frontend-leaf06--eth10@gpu-egg-039"] will be created
  + resource "netris_link" "ns_gpu_links" {
      + id       = (known after apply)
      + ports    = [
          + "swp13@sw-egg-frontend-leaf06",
          + "eth10@gpu-egg-039",
        ]
      + underlay = "enabled"
    }

  # netris_link.ns_gpu_links["swp14@sw-egg-frontend-leaf01--eth9@gpu-egg-040"] will be created
  + resource "netris_link" "ns_gpu_links" {
      + id       = (known after apply)
      + ports    = [
          + "swp14@sw-egg-frontend-leaf01",
          + "eth9@gpu-egg-040",
        ]
      + underlay = "enabled"
    }

  # netris_link.ns_gpu_links["swp14@sw-egg-frontend-leaf02--eth10@gpu-egg-040"] will be created
  + resource "netris_link" "ns_gpu_links" {
      + id       = (known after apply)
      + ports    = [
          + "swp14@sw-egg-frontend-leaf02",
          + "eth10@gpu-egg-040",
        ]
      + underlay = "enabled"
    }

  # netris_link.ns_gpu_links["swp14@sw-egg-frontend-leaf03--eth9@gpu-egg-041"] will be created
  + resource "netris_link" "ns_gpu_links" {
      + id       = (known after apply)
      + ports    = [
          + "swp14@sw-egg-frontend-leaf03",
          + "eth9@gpu-egg-041",
        ]
      + underlay = "enabled"
    }

  # netris_link.ns_gpu_links["swp14@sw-egg-frontend-leaf04--eth10@gpu-egg-041"] will be created
  + resource "netris_link" "ns_gpu_links" {
      + id       = (known after apply)
      + ports    = [
          + "swp14@sw-egg-frontend-leaf04",
          + "eth10@gpu-egg-041",
        ]
      + underlay = "enabled"
    }

  # netris_link.ns_gpu_links["swp14@sw-egg-frontend-leaf05--eth9@gpu-egg-042"] will be created
  + resource "netris_link" "ns_gpu_links" {
      + id       = (known after apply)
      + ports    = [
          + "swp14@sw-egg-frontend-leaf05",
          + "eth9@gpu-egg-042",
        ]
      + underlay = "enabled"
    }

  # netris_link.ns_gpu_links["swp14@sw-egg-frontend-leaf06--eth10@gpu-egg-042"] will be created
  + resource "netris_link" "ns_gpu_links" {
      + id       = (known after apply)
      + ports    = [
          + "swp14@sw-egg-frontend-leaf06",
          + "eth10@gpu-egg-042",
        ]
      + underlay = "enabled"
    }

  # netris_link.ns_gpu_links["swp15@sw-egg-frontend-leaf01--eth9@gpu-egg-043"] will be created
  + resource "netris_link" "ns_gpu_links" {
      + id       = (known after apply)
      + ports    = [
          + "swp15@sw-egg-frontend-leaf01",
          + "eth9@gpu-egg-043",
        ]
      + underlay = "enabled"
    }

  # netris_link.ns_gpu_links["swp15@sw-egg-frontend-leaf02--eth10@gpu-egg-043"] will be created
  + resource "netris_link" "ns_gpu_links" {
      + id       = (known after apply)
      + ports    = [
          + "swp15@sw-egg-frontend-leaf02",
          + "eth10@gpu-egg-043",
        ]
      + underlay = "enabled"
    }

  # netris_link.ns_gpu_links["swp15@sw-egg-frontend-leaf03--eth9@gpu-egg-044"] will be created
  + resource "netris_link" "ns_gpu_links" {
      + id       = (known after apply)
      + ports    = [
          + "swp15@sw-egg-frontend-leaf03",
          + "eth9@gpu-egg-044",
        ]
      + underlay = "enabled"
    }

  # netris_link.ns_gpu_links["swp15@sw-egg-frontend-leaf04--eth10@gpu-egg-044"] will be created
  + resource "netris_link" "ns_gpu_links" {
      + id       = (known after apply)
      + ports    = [
          + "swp15@sw-egg-frontend-leaf04",
          + "eth10@gpu-egg-044",
        ]
      + underlay = "enabled"
    }

  # netris_link.ns_gpu_links["swp15@sw-egg-frontend-leaf05--eth9@gpu-egg-045"] will be created
  + resource "netris_link" "ns_gpu_links" {
      + id       = (known after apply)
      + ports    = [
          + "swp15@sw-egg-frontend-leaf05",
          + "eth9@gpu-egg-045",
        ]
      + underlay = "enabled"
    }

  # netris_link.ns_gpu_links["swp15@sw-egg-frontend-leaf06--eth10@gpu-egg-045"] will be created
  + resource "netris_link" "ns_gpu_links" {
      + id       = (known after apply)
      + ports    = [
          + "swp15@sw-egg-frontend-leaf06",
          + "eth10@gpu-egg-045",
        ]
      + underlay = "enabled"
    }

  # netris_link.ns_gpu_links["swp16@sw-egg-frontend-leaf01--eth9@gpu-egg-046"] will be created
  + resource "netris_link" "ns_gpu_links" {
      + id       = (known after apply)
      + ports    = [
          + "swp16@sw-egg-frontend-leaf01",
          + "eth9@gpu-egg-046",
        ]
      + underlay = "enabled"
    }

  # netris_link.ns_gpu_links["swp16@sw-egg-frontend-leaf02--eth10@gpu-egg-046"] will be created
  + resource "netris_link" "ns_gpu_links" {
      + id       = (known after apply)
      + ports    = [
          + "swp16@sw-egg-frontend-leaf02",
          + "eth10@gpu-egg-046",
        ]
      + underlay = "enabled"
    }

  # netris_link.ns_gpu_links["swp16@sw-egg-frontend-leaf03--eth9@gpu-egg-047"] will be created
  + resource "netris_link" "ns_gpu_links" {
      + id       = (known after apply)
      + ports    = [
          + "swp16@sw-egg-frontend-leaf03",
          + "eth9@gpu-egg-047",
        ]
      + underlay = "enabled"
    }

  # netris_link.ns_gpu_links["swp16@sw-egg-frontend-leaf04--eth10@gpu-egg-047"] will be created
  + resource "netris_link" "ns_gpu_links" {
      + id       = (known after apply)
      + ports    = [
          + "swp16@sw-egg-frontend-leaf04",
          + "eth10@gpu-egg-047",
        ]
      + underlay = "enabled"
    }

  # netris_link.ns_gpu_links["swp16@sw-egg-frontend-leaf05--eth9@gpu-egg-048"] will be created
  + resource "netris_link" "ns_gpu_links" {
      + id       = (known after apply)
      + ports    = [
          + "swp16@sw-egg-frontend-leaf05",
          + "eth9@gpu-egg-048",
        ]
      + underlay = "enabled"
    }

  # netris_link.ns_gpu_links["swp16@sw-egg-frontend-leaf06--eth10@gpu-egg-048"] will be created
  + resource "netris_link" "ns_gpu_links" {
      + id       = (known after apply)
      + ports    = [
          + "swp16@sw-egg-frontend-leaf06",
          + "eth10@gpu-egg-048",
        ]
      + underlay = "enabled"
    }

  # netris_link.ns_gpu_links["swp17@sw-egg-frontend-leaf01--eth9@gpu-egg-049"] will be created
  + resource "netris_link" "ns_gpu_links" {
      + id       = (known after apply)
      + ports    = [
          + "swp17@sw-egg-frontend-leaf01",
          + "eth9@gpu-egg-049",
        ]
      + underlay = "enabled"
    }

  # netris_link.ns_gpu_links["swp17@sw-egg-frontend-leaf02--eth10@gpu-egg-049"] will be created
  + resource "netris_link" "ns_gpu_links" {
      + id       = (known after apply)
      + ports    = [
          + "swp17@sw-egg-frontend-leaf02",
          + "eth10@gpu-egg-049",
        ]
      + underlay = "enabled"
    }

  # netris_link.ns_gpu_links["swp17@sw-egg-frontend-leaf03--eth9@gpu-egg-050"] will be created
  + resource "netris_link" "ns_gpu_links" {
      + id       = (known after apply)
      + ports    = [
          + "swp17@sw-egg-frontend-leaf03",
          + "eth9@gpu-egg-050",
        ]
      + underlay = "enabled"
    }

  # netris_link.ns_gpu_links["swp17@sw-egg-frontend-leaf04--eth10@gpu-egg-050"] will be created
  + resource "netris_link" "ns_gpu_links" {
      + id       = (known after apply)
      + ports    = [
          + "swp17@sw-egg-frontend-leaf04",
          + "eth10@gpu-egg-050",
        ]
      + underlay = "enabled"
    }

  # netris_link.ns_gpu_links["swp17@sw-egg-frontend-leaf05--eth9@gpu-egg-051"] will be created
  + resource "netris_link" "ns_gpu_links" {
      + id       = (known after apply)
      + ports    = [
          + "swp17@sw-egg-frontend-leaf05",
          + "eth9@gpu-egg-051",
        ]
      + underlay = "enabled"
    }

  # netris_link.ns_gpu_links["swp17@sw-egg-frontend-leaf06--eth10@gpu-egg-051"] will be created
  + resource "netris_link" "ns_gpu_links" {
      + id       = (known after apply)
      + ports    = [
          + "swp17@sw-egg-frontend-leaf06",
          + "eth10@gpu-egg-051",
        ]
      + underlay = "enabled"
    }

  # netris_link.ns_gpu_links["swp18@sw-egg-frontend-leaf01--eth9@gpu-egg-052"] will be created
  + resource "netris_link" "ns_gpu_links" {
      + id       = (known after apply)
      + ports    = [
          + "swp18@sw-egg-frontend-leaf01",
          + "eth9@gpu-egg-052",
        ]
      + underlay = "enabled"
    }

  # netris_link.ns_gpu_links["swp18@sw-egg-frontend-leaf02--eth10@gpu-egg-052"] will be created
  + resource "netris_link" "ns_gpu_links" {
      + id       = (known after apply)
      + ports    = [
          + "swp18@sw-egg-frontend-leaf02",
          + "eth10@gpu-egg-052",
        ]
      + underlay = "enabled"
    }

  # netris_link.ns_gpu_links["swp18@sw-egg-frontend-leaf03--eth9@gpu-egg-053"] will be created
  + resource "netris_link" "ns_gpu_links" {
      + id       = (known after apply)
      + ports    = [
          + "swp18@sw-egg-frontend-leaf03",
          + "eth9@gpu-egg-053",
        ]
      + underlay = "enabled"
    }

  # netris_link.ns_gpu_links["swp18@sw-egg-frontend-leaf04--eth10@gpu-egg-053"] will be created
  + resource "netris_link" "ns_gpu_links" {
      + id       = (known after apply)
      + ports    = [
          + "swp18@sw-egg-frontend-leaf04",
          + "eth10@gpu-egg-053",
        ]
      + underlay = "enabled"
    }

  # netris_link.ns_gpu_links["swp18@sw-egg-frontend-leaf05--eth9@gpu-egg-054"] will be created
  + resource "netris_link" "ns_gpu_links" {
      + id       = (known after apply)
      + ports    = [
          + "swp18@sw-egg-frontend-leaf05",
          + "eth9@gpu-egg-054",
        ]
      + underlay = "enabled"
    }

  # netris_link.ns_gpu_links["swp18@sw-egg-frontend-leaf06--eth10@gpu-egg-054"] will be created
  + resource "netris_link" "ns_gpu_links" {
      + id       = (known after apply)
      + ports    = [
          + "swp18@sw-egg-frontend-leaf06",
          + "eth10@gpu-egg-054",
        ]
      + underlay = "enabled"
    }

  # netris_link.ns_gpu_links["swp19@sw-egg-frontend-leaf01--eth9@gpu-egg-055"] will be created
  + resource "netris_link" "ns_gpu_links" {
      + id       = (known after apply)
      + ports    = [
          + "swp19@sw-egg-frontend-leaf01",
          + "eth9@gpu-egg-055",
        ]
      + underlay = "enabled"
    }

  # netris_link.ns_gpu_links["swp19@sw-egg-frontend-leaf02--eth10@gpu-egg-055"] will be created
  + resource "netris_link" "ns_gpu_links" {
      + id       = (known after apply)
      + ports    = [
          + "swp19@sw-egg-frontend-leaf02",
          + "eth10@gpu-egg-055",
        ]
      + underlay = "enabled"
    }

  # netris_link.ns_gpu_links["swp19@sw-egg-frontend-leaf03--eth9@gpu-egg-056"] will be created
  + resource "netris_link" "ns_gpu_links" {
      + id       = (known after apply)
      + ports    = [
          + "swp19@sw-egg-frontend-leaf03",
          + "eth9@gpu-egg-056",
        ]
      + underlay = "enabled"
    }

  # netris_link.ns_gpu_links["swp19@sw-egg-frontend-leaf04--eth10@gpu-egg-056"] will be created
  + resource "netris_link" "ns_gpu_links" {
      + id       = (known after apply)
      + ports    = [
          + "swp19@sw-egg-frontend-leaf04",
          + "eth10@gpu-egg-056",
        ]
      + underlay = "enabled"
    }

  # netris_link.ns_gpu_links["swp19@sw-egg-frontend-leaf05--eth9@gpu-egg-057"] will be created
  + resource "netris_link" "ns_gpu_links" {
      + id       = (known after apply)
      + ports    = [
          + "swp19@sw-egg-frontend-leaf05",
          + "eth9@gpu-egg-057",
        ]
      + underlay = "enabled"
    }

  # netris_link.ns_gpu_links["swp19@sw-egg-frontend-leaf06--eth10@gpu-egg-057"] will be created
  + resource "netris_link" "ns_gpu_links" {
      + id       = (known after apply)
      + ports    = [
          + "swp19@sw-egg-frontend-leaf06",
          + "eth10@gpu-egg-057",
        ]
      + underlay = "enabled"
    }

  # netris_link.ns_gpu_links["swp1@sw-egg-frontend-leaf01--eth9@gpu-egg-001"] will be created
  + resource "netris_link" "ns_gpu_links" {
      + id       = (known after apply)
      + ports    = [
          + "swp1@sw-egg-frontend-leaf01",
          + "eth9@gpu-egg-001",
        ]
      + underlay = "enabled"
    }

  # netris_link.ns_gpu_links["swp1@sw-egg-frontend-leaf02--eth10@gpu-egg-001"] will be created
  + resource "netris_link" "ns_gpu_links" {
      + id       = (known after apply)
      + ports    = [
          + "swp1@sw-egg-frontend-leaf02",
          + "eth10@gpu-egg-001",
        ]
      + underlay = "enabled"
    }

  # netris_link.ns_gpu_links["swp1@sw-egg-frontend-leaf03--eth9@gpu-egg-002"] will be created
  + resource "netris_link" "ns_gpu_links" {
      + id       = (known after apply)
      + ports    = [
          + "swp1@sw-egg-frontend-leaf03",
          + "eth9@gpu-egg-002",
        ]
      + underlay = "enabled"
    }

  # netris_link.ns_gpu_links["swp1@sw-egg-frontend-leaf04--eth10@gpu-egg-002"] will be created
  + resource "netris_link" "ns_gpu_links" {
      + id       = (known after apply)
      + ports    = [
          + "swp1@sw-egg-frontend-leaf04",
          + "eth10@gpu-egg-002",
        ]
      + underlay = "enabled"
    }

  # netris_link.ns_gpu_links["swp1@sw-egg-frontend-leaf05--eth9@gpu-egg-003"] will be created
  + resource "netris_link" "ns_gpu_links" {
      + id       = (known after apply)
      + ports    = [
          + "swp1@sw-egg-frontend-leaf05",
          + "eth9@gpu-egg-003",
        ]
      + underlay = "enabled"
    }

  # netris_link.ns_gpu_links["swp1@sw-egg-frontend-leaf06--eth10@gpu-egg-003"] will be created
  + resource "netris_link" "ns_gpu_links" {
      + id       = (known after apply)
      + ports    = [
          + "swp1@sw-egg-frontend-leaf06",
          + "eth10@gpu-egg-003",
        ]
      + underlay = "enabled"
    }

  # netris_link.ns_gpu_links["swp20@sw-egg-frontend-leaf01--eth9@gpu-egg-058"] will be created
  + resource "netris_link" "ns_gpu_links" {
      + id       = (known after apply)
      + ports    = [
          + "swp20@sw-egg-frontend-leaf01",
          + "eth9@gpu-egg-058",
        ]
      + underlay = "enabled"
    }

  # netris_link.ns_gpu_links["swp20@sw-egg-frontend-leaf02--eth10@gpu-egg-058"] will be created
  + resource "netris_link" "ns_gpu_links" {
      + id       = (known after apply)
      + ports    = [
          + "swp20@sw-egg-frontend-leaf02",
          + "eth10@gpu-egg-058",
        ]
      + underlay = "enabled"
    }

  # netris_link.ns_gpu_links["swp20@sw-egg-frontend-leaf03--eth9@gpu-egg-059"] will be created
  + resource "netris_link" "ns_gpu_links" {
      + id       = (known after apply)
      + ports    = [
          + "swp20@sw-egg-frontend-leaf03",
          + "eth9@gpu-egg-059",
        ]
      + underlay = "enabled"
    }

  # netris_link.ns_gpu_links["swp20@sw-egg-frontend-leaf04--eth10@gpu-egg-059"] will be created
  + resource "netris_link" "ns_gpu_links" {
      + id       = (known after apply)
      + ports    = [
          + "swp20@sw-egg-frontend-leaf04",
          + "eth10@gpu-egg-059",
        ]
      + underlay = "enabled"
    }

  # netris_link.ns_gpu_links["swp20@sw-egg-frontend-leaf05--eth9@gpu-egg-060"] will be created
  + resource "netris_link" "ns_gpu_links" {
      + id       = (known after apply)
      + ports    = [
          + "swp20@sw-egg-frontend-leaf05",
          + "eth9@gpu-egg-060",
        ]
      + underlay = "enabled"
    }

  # netris_link.ns_gpu_links["swp20@sw-egg-frontend-leaf06--eth10@gpu-egg-060"] will be created
  + resource "netris_link" "ns_gpu_links" {
      + id       = (known after apply)
      + ports    = [
          + "swp20@sw-egg-frontend-leaf06",
          + "eth10@gpu-egg-060",
        ]
      + underlay = "enabled"
    }

  # netris_link.ns_gpu_links["swp21@sw-egg-frontend-leaf01--eth9@gpu-egg-061"] will be created
  + resource "netris_link" "ns_gpu_links" {
      + id       = (known after apply)
      + ports    = [
          + "swp21@sw-egg-frontend-leaf01",
          + "eth9@gpu-egg-061",
        ]
      + underlay = "enabled"
    }

  # netris_link.ns_gpu_links["swp21@sw-egg-frontend-leaf02--eth10@gpu-egg-061"] will be created
  + resource "netris_link" "ns_gpu_links" {
      + id       = (known after apply)
      + ports    = [
          + "swp21@sw-egg-frontend-leaf02",
          + "eth10@gpu-egg-061",
        ]
      + underlay = "enabled"
    }

  # netris_link.ns_gpu_links["swp21@sw-egg-frontend-leaf03--eth9@gpu-egg-062"] will be created
  + resource "netris_link" "ns_gpu_links" {
      + id       = (known after apply)
      + ports    = [
          + "swp21@sw-egg-frontend-leaf03",
          + "eth9@gpu-egg-062",
        ]
      + underlay = "enabled"
    }

  # netris_link.ns_gpu_links["swp21@sw-egg-frontend-leaf04--eth10@gpu-egg-062"] will be created
  + resource "netris_link" "ns_gpu_links" {
      + id       = (known after apply)
      + ports    = [
          + "swp21@sw-egg-frontend-leaf04",
          + "eth10@gpu-egg-062",
        ]
      + underlay = "enabled"
    }

  # netris_link.ns_gpu_links["swp21@sw-egg-frontend-leaf05--eth9@gpu-egg-063"] will be created
  + resource "netris_link" "ns_gpu_links" {
      + id       = (known after apply)
      + ports    = [
          + "swp21@sw-egg-frontend-leaf05",
          + "eth9@gpu-egg-063",
        ]
      + underlay = "enabled"
    }

  # netris_link.ns_gpu_links["swp21@sw-egg-frontend-leaf06--eth10@gpu-egg-063"] will be created
  + resource "netris_link" "ns_gpu_links" {
      + id       = (known after apply)
      + ports    = [
          + "swp21@sw-egg-frontend-leaf06",
          + "eth10@gpu-egg-063",
        ]
      + underlay = "enabled"
    }

  # netris_link.ns_gpu_links["swp22@sw-egg-frontend-leaf01--eth9@gpu-egg-064"] will be created
  + resource "netris_link" "ns_gpu_links" {
      + id       = (known after apply)
      + ports    = [
          + "swp22@sw-egg-frontend-leaf01",
          + "eth9@gpu-egg-064",
        ]
      + underlay = "enabled"
    }

  # netris_link.ns_gpu_links["swp22@sw-egg-frontend-leaf02--eth10@gpu-egg-064"] will be created
  + resource "netris_link" "ns_gpu_links" {
      + id       = (known after apply)
      + ports    = [
          + "swp22@sw-egg-frontend-leaf02",
          + "eth10@gpu-egg-064",
        ]
      + underlay = "enabled"
    }

  # netris_link.ns_gpu_links["swp22@sw-egg-frontend-leaf03--eth9@gpu-egg-065"] will be created
  + resource "netris_link" "ns_gpu_links" {
      + id       = (known after apply)
      + ports    = [
          + "swp22@sw-egg-frontend-leaf03",
          + "eth9@gpu-egg-065",
        ]
      + underlay = "enabled"
    }

  # netris_link.ns_gpu_links["swp22@sw-egg-frontend-leaf04--eth10@gpu-egg-065"] will be created
  + resource "netris_link" "ns_gpu_links" {
      + id       = (known after apply)
      + ports    = [
          + "swp22@sw-egg-frontend-leaf04",
          + "eth10@gpu-egg-065",
        ]
      + underlay = "enabled"
    }

  # netris_link.ns_gpu_links["swp22@sw-egg-frontend-leaf05--eth9@gpu-egg-066"] will be created
  + resource "netris_link" "ns_gpu_links" {
      + id       = (known after apply)
      + ports    = [
          + "swp22@sw-egg-frontend-leaf05",
          + "eth9@gpu-egg-066",
        ]
      + underlay = "enabled"
    }

  # netris_link.ns_gpu_links["swp22@sw-egg-frontend-leaf06--eth10@gpu-egg-066"] will be created
  + resource "netris_link" "ns_gpu_links" {
      + id       = (known after apply)
      + ports    = [
          + "swp22@sw-egg-frontend-leaf06",
          + "eth10@gpu-egg-066",
        ]
      + underlay = "enabled"
    }

  # netris_link.ns_gpu_links["swp23@sw-egg-frontend-leaf01--eth9@gpu-egg-067"] will be created
  + resource "netris_link" "ns_gpu_links" {
      + id       = (known after apply)
      + ports    = [
          + "swp23@sw-egg-frontend-leaf01",
          + "eth9@gpu-egg-067",
        ]
      + underlay = "enabled"
    }

  # netris_link.ns_gpu_links["swp23@sw-egg-frontend-leaf02--eth10@gpu-egg-067"] will be created
  + resource "netris_link" "ns_gpu_links" {
      + id       = (known after apply)
      + ports    = [
          + "swp23@sw-egg-frontend-leaf02",
          + "eth10@gpu-egg-067",
        ]
      + underlay = "enabled"
    }

  # netris_link.ns_gpu_links["swp23@sw-egg-frontend-leaf03--eth9@gpu-egg-068"] will be created
  + resource "netris_link" "ns_gpu_links" {
      + id       = (known after apply)
      + ports    = [
          + "swp23@sw-egg-frontend-leaf03",
          + "eth9@gpu-egg-068",
        ]
      + underlay = "enabled"
    }

  # netris_link.ns_gpu_links["swp23@sw-egg-frontend-leaf04--eth10@gpu-egg-068"] will be created
  + resource "netris_link" "ns_gpu_links" {
      + id       = (known after apply)
      + ports    = [
          + "swp23@sw-egg-frontend-leaf04",
          + "eth10@gpu-egg-068",
        ]
      + underlay = "enabled"
    }

  # netris_link.ns_gpu_links["swp23@sw-egg-frontend-leaf05--eth9@gpu-egg-069"] will be created
  + resource "netris_link" "ns_gpu_links" {
      + id       = (known after apply)
      + ports    = [
          + "swp23@sw-egg-frontend-leaf05",
          + "eth9@gpu-egg-069",
        ]
      + underlay = "enabled"
    }

  # netris_link.ns_gpu_links["swp23@sw-egg-frontend-leaf06--eth10@gpu-egg-069"] will be created
  + resource "netris_link" "ns_gpu_links" {
      + id       = (known after apply)
      + ports    = [
          + "swp23@sw-egg-frontend-leaf06",
          + "eth10@gpu-egg-069",
        ]
      + underlay = "enabled"
    }

  # netris_link.ns_gpu_links["swp24@sw-egg-frontend-leaf01--eth9@gpu-egg-070"] will be created
  + resource "netris_link" "ns_gpu_links" {
      + id       = (known after apply)
      + ports    = [
          + "swp24@sw-egg-frontend-leaf01",
          + "eth9@gpu-egg-070",
        ]
      + underlay = "enabled"
    }

  # netris_link.ns_gpu_links["swp24@sw-egg-frontend-leaf02--eth10@gpu-egg-070"] will be created
  + resource "netris_link" "ns_gpu_links" {
      + id       = (known after apply)
      + ports    = [
          + "swp24@sw-egg-frontend-leaf02",
          + "eth10@gpu-egg-070",
        ]
      + underlay = "enabled"
    }

  # netris_link.ns_gpu_links["swp24@sw-egg-frontend-leaf03--eth9@gpu-egg-071"] will be created
  + resource "netris_link" "ns_gpu_links" {
      + id       = (known after apply)
      + ports    = [
          + "swp24@sw-egg-frontend-leaf03",
          + "eth9@gpu-egg-071",
        ]
      + underlay = "enabled"
    }

  # netris_link.ns_gpu_links["swp24@sw-egg-frontend-leaf04--eth10@gpu-egg-071"] will be created
  + resource "netris_link" "ns_gpu_links" {
      + id       = (known after apply)
      + ports    = [
          + "swp24@sw-egg-frontend-leaf04",
          + "eth10@gpu-egg-071",
        ]
      + underlay = "enabled"
    }

  # netris_link.ns_gpu_links["swp24@sw-egg-frontend-leaf05--eth9@gpu-egg-072"] will be created
  + resource "netris_link" "ns_gpu_links" {
      + id       = (known after apply)
      + ports    = [
          + "swp24@sw-egg-frontend-leaf05",
          + "eth9@gpu-egg-072",
        ]
      + underlay = "enabled"
    }

  # netris_link.ns_gpu_links["swp24@sw-egg-frontend-leaf06--eth10@gpu-egg-072"] will be created
  + resource "netris_link" "ns_gpu_links" {
      + id       = (known after apply)
      + ports    = [
          + "swp24@sw-egg-frontend-leaf06",
          + "eth10@gpu-egg-072",
        ]
      + underlay = "enabled"
    }

  # netris_link.ns_gpu_links["swp25@sw-egg-frontend-leaf01--eth9@gpu-egg-073"] will be created
  + resource "netris_link" "ns_gpu_links" {
      + id       = (known after apply)
      + ports    = [
          + "swp25@sw-egg-frontend-leaf01",
          + "eth9@gpu-egg-073",
        ]
      + underlay = "enabled"
    }

  # netris_link.ns_gpu_links["swp25@sw-egg-frontend-leaf02--eth10@gpu-egg-073"] will be created
  + resource "netris_link" "ns_gpu_links" {
      + id       = (known after apply)
      + ports    = [
          + "swp25@sw-egg-frontend-leaf02",
          + "eth10@gpu-egg-073",
        ]
      + underlay = "enabled"
    }

  # netris_link.ns_gpu_links["swp25@sw-egg-frontend-leaf03--eth9@gpu-egg-074"] will be created
  + resource "netris_link" "ns_gpu_links" {
      + id       = (known after apply)
      + ports    = [
          + "swp25@sw-egg-frontend-leaf03",
          + "eth9@gpu-egg-074",
        ]
      + underlay = "enabled"
    }

  # netris_link.ns_gpu_links["swp25@sw-egg-frontend-leaf04--eth10@gpu-egg-074"] will be created
  + resource "netris_link" "ns_gpu_links" {
      + id       = (known after apply)
      + ports    = [
          + "swp25@sw-egg-frontend-leaf04",
          + "eth10@gpu-egg-074",
        ]
      + underlay = "enabled"
    }

  # netris_link.ns_gpu_links["swp25@sw-egg-frontend-leaf05--eth9@gpu-egg-075"] will be created
  + resource "netris_link" "ns_gpu_links" {
      + id       = (known after apply)
      + ports    = [
          + "swp25@sw-egg-frontend-leaf05",
          + "eth9@gpu-egg-075",
        ]
      + underlay = "enabled"
    }

  # netris_link.ns_gpu_links["swp25@sw-egg-frontend-leaf06--eth10@gpu-egg-075"] will be created
  + resource "netris_link" "ns_gpu_links" {
      + id       = (known after apply)
      + ports    = [
          + "swp25@sw-egg-frontend-leaf06",
          + "eth10@gpu-egg-075",
        ]
      + underlay = "enabled"
    }

  # netris_link.ns_gpu_links["swp26@sw-egg-frontend-leaf01--eth9@gpu-egg-076"] will be created
  + resource "netris_link" "ns_gpu_links" {
      + id       = (known after apply)
      + ports    = [
          + "swp26@sw-egg-frontend-leaf01",
          + "eth9@gpu-egg-076",
        ]
      + underlay = "enabled"
    }

  # netris_link.ns_gpu_links["swp26@sw-egg-frontend-leaf02--eth10@gpu-egg-076"] will be created
  + resource "netris_link" "ns_gpu_links" {
      + id       = (known after apply)
      + ports    = [
          + "swp26@sw-egg-frontend-leaf02",
          + "eth10@gpu-egg-076",
        ]
      + underlay = "enabled"
    }

  # netris_link.ns_gpu_links["swp26@sw-egg-frontend-leaf03--eth9@gpu-egg-077"] will be created
  + resource "netris_link" "ns_gpu_links" {
      + id       = (known after apply)
      + ports    = [
          + "swp26@sw-egg-frontend-leaf03",
          + "eth9@gpu-egg-077",
        ]
      + underlay = "enabled"
    }

  # netris_link.ns_gpu_links["swp26@sw-egg-frontend-leaf04--eth10@gpu-egg-077"] will be created
  + resource "netris_link" "ns_gpu_links" {
      + id       = (known after apply)
      + ports    = [
          + "swp26@sw-egg-frontend-leaf04",
          + "eth10@gpu-egg-077",
        ]
      + underlay = "enabled"
    }

  # netris_link.ns_gpu_links["swp26@sw-egg-frontend-leaf05--eth9@gpu-egg-078"] will be created
  + resource "netris_link" "ns_gpu_links" {
      + id       = (known after apply)
      + ports    = [
          + "swp26@sw-egg-frontend-leaf05",
          + "eth9@gpu-egg-078",
        ]
      + underlay = "enabled"
    }

  # netris_link.ns_gpu_links["swp26@sw-egg-frontend-leaf06--eth10@gpu-egg-078"] will be created
  + resource "netris_link" "ns_gpu_links" {
      + id       = (known after apply)
      + ports    = [
          + "swp26@sw-egg-frontend-leaf06",
          + "eth10@gpu-egg-078",
        ]
      + underlay = "enabled"
    }

  # netris_link.ns_gpu_links["swp27@sw-egg-frontend-leaf01--eth9@gpu-egg-079"] will be created
  + resource "netris_link" "ns_gpu_links" {
      + id       = (known after apply)
      + ports    = [
          + "swp27@sw-egg-frontend-leaf01",
          + "eth9@gpu-egg-079",
        ]
      + underlay = "enabled"
    }

  # netris_link.ns_gpu_links["swp27@sw-egg-frontend-leaf02--eth10@gpu-egg-079"] will be created
  + resource "netris_link" "ns_gpu_links" {
      + id       = (known after apply)
      + ports    = [
          + "swp27@sw-egg-frontend-leaf02",
          + "eth10@gpu-egg-079",
        ]
      + underlay = "enabled"
    }

  # netris_link.ns_gpu_links["swp27@sw-egg-frontend-leaf03--eth9@gpu-egg-080"] will be created
  + resource "netris_link" "ns_gpu_links" {
      + id       = (known after apply)
      + ports    = [
          + "swp27@sw-egg-frontend-leaf03",
          + "eth9@gpu-egg-080",
        ]
      + underlay = "enabled"
    }

  # netris_link.ns_gpu_links["swp27@sw-egg-frontend-leaf04--eth10@gpu-egg-080"] will be created
  + resource "netris_link" "ns_gpu_links" {
      + id       = (known after apply)
      + ports    = [
          + "swp27@sw-egg-frontend-leaf04",
          + "eth10@gpu-egg-080",
        ]
      + underlay = "enabled"
    }

  # netris_link.ns_gpu_links["swp27@sw-egg-frontend-leaf05--eth9@gpu-egg-081"] will be created
  + resource "netris_link" "ns_gpu_links" {
      + id       = (known after apply)
      + ports    = [
          + "swp27@sw-egg-frontend-leaf05",
          + "eth9@gpu-egg-081",
        ]
      + underlay = "enabled"
    }

  # netris_link.ns_gpu_links["swp27@sw-egg-frontend-leaf06--eth10@gpu-egg-081"] will be created
  + resource "netris_link" "ns_gpu_links" {
      + id       = (known after apply)
      + ports    = [
          + "swp27@sw-egg-frontend-leaf06",
          + "eth10@gpu-egg-081",
        ]
      + underlay = "enabled"
    }

  # netris_link.ns_gpu_links["swp28@sw-egg-frontend-leaf01--eth9@gpu-egg-082"] will be created
  + resource "netris_link" "ns_gpu_links" {
      + id       = (known after apply)
      + ports    = [
          + "swp28@sw-egg-frontend-leaf01",
          + "eth9@gpu-egg-082",
        ]
      + underlay = "enabled"
    }

  # netris_link.ns_gpu_links["swp28@sw-egg-frontend-leaf02--eth10@gpu-egg-082"] will be created
  + resource "netris_link" "ns_gpu_links" {
      + id       = (known after apply)
      + ports    = [
          + "swp28@sw-egg-frontend-leaf02",
          + "eth10@gpu-egg-082",
        ]
      + underlay = "enabled"
    }

  # netris_link.ns_gpu_links["swp28@sw-egg-frontend-leaf03--eth9@gpu-egg-083"] will be created
  + resource "netris_link" "ns_gpu_links" {
      + id       = (known after apply)
      + ports    = [
          + "swp28@sw-egg-frontend-leaf03",
          + "eth9@gpu-egg-083",
        ]
      + underlay = "enabled"
    }

  # netris_link.ns_gpu_links["swp28@sw-egg-frontend-leaf04--eth10@gpu-egg-083"] will be created
  + resource "netris_link" "ns_gpu_links" {
      + id       = (known after apply)
      + ports    = [
          + "swp28@sw-egg-frontend-leaf04",
          + "eth10@gpu-egg-083",
        ]
      + underlay = "enabled"
    }

  # netris_link.ns_gpu_links["swp28@sw-egg-frontend-leaf05--eth9@gpu-egg-084"] will be created
  + resource "netris_link" "ns_gpu_links" {
      + id       = (known after apply)
      + ports    = [
          + "swp28@sw-egg-frontend-leaf05",
          + "eth9@gpu-egg-084",
        ]
      + underlay = "enabled"
    }

  # netris_link.ns_gpu_links["swp28@sw-egg-frontend-leaf06--eth10@gpu-egg-084"] will be created
  + resource "netris_link" "ns_gpu_links" {
      + id       = (known after apply)
      + ports    = [
          + "swp28@sw-egg-frontend-leaf06",
          + "eth10@gpu-egg-084",
        ]
      + underlay = "enabled"
    }

  # netris_link.ns_gpu_links["swp29@sw-egg-frontend-leaf01--eth9@gpu-egg-085"] will be created
  + resource "netris_link" "ns_gpu_links" {
      + id       = (known after apply)
      + ports    = [
          + "swp29@sw-egg-frontend-leaf01",
          + "eth9@gpu-egg-085",
        ]
      + underlay = "enabled"
    }

  # netris_link.ns_gpu_links["swp29@sw-egg-frontend-leaf02--eth10@gpu-egg-085"] will be created
  + resource "netris_link" "ns_gpu_links" {
      + id       = (known after apply)
      + ports    = [
          + "swp29@sw-egg-frontend-leaf02",
          + "eth10@gpu-egg-085",
        ]
      + underlay = "enabled"
    }

  # netris_link.ns_gpu_links["swp29@sw-egg-frontend-leaf03--eth9@gpu-egg-086"] will be created
  + resource "netris_link" "ns_gpu_links" {
      + id       = (known after apply)
      + ports    = [
          + "swp29@sw-egg-frontend-leaf03",
          + "eth9@gpu-egg-086",
        ]
      + underlay = "enabled"
    }

  # netris_link.ns_gpu_links["swp29@sw-egg-frontend-leaf04--eth10@gpu-egg-086"] will be created
  + resource "netris_link" "ns_gpu_links" {
      + id       = (known after apply)
      + ports    = [
          + "swp29@sw-egg-frontend-leaf04",
          + "eth10@gpu-egg-086",
        ]
      + underlay = "enabled"
    }

  # netris_link.ns_gpu_links["swp29@sw-egg-frontend-leaf05--eth9@gpu-egg-087"] will be created
  + resource "netris_link" "ns_gpu_links" {
      + id       = (known after apply)
      + ports    = [
          + "swp29@sw-egg-frontend-leaf05",
          + "eth9@gpu-egg-087",
        ]
      + underlay = "enabled"
    }

  # netris_link.ns_gpu_links["swp29@sw-egg-frontend-leaf06--eth10@gpu-egg-087"] will be created
  + resource "netris_link" "ns_gpu_links" {
      + id       = (known after apply)
      + ports    = [
          + "swp29@sw-egg-frontend-leaf06",
          + "eth10@gpu-egg-087",
        ]
      + underlay = "enabled"
    }

  # netris_link.ns_gpu_links["swp2@sw-egg-frontend-leaf01--eth9@gpu-egg-004"] will be created
  + resource "netris_link" "ns_gpu_links" {
      + id       = (known after apply)
      + ports    = [
          + "swp2@sw-egg-frontend-leaf01",
          + "eth9@gpu-egg-004",
        ]
      + underlay = "enabled"
    }

  # netris_link.ns_gpu_links["swp2@sw-egg-frontend-leaf02--eth10@gpu-egg-004"] will be created
  + resource "netris_link" "ns_gpu_links" {
      + id       = (known after apply)
      + ports    = [
          + "swp2@sw-egg-frontend-leaf02",
          + "eth10@gpu-egg-004",
        ]
      + underlay = "enabled"
    }

  # netris_link.ns_gpu_links["swp2@sw-egg-frontend-leaf03--eth9@gpu-egg-005"] will be created
  + resource "netris_link" "ns_gpu_links" {
      + id       = (known after apply)
      + ports    = [
          + "swp2@sw-egg-frontend-leaf03",
          + "eth9@gpu-egg-005",
        ]
      + underlay = "enabled"
    }

  # netris_link.ns_gpu_links["swp2@sw-egg-frontend-leaf04--eth10@gpu-egg-005"] will be created
  + resource "netris_link" "ns_gpu_links" {
      + id       = (known after apply)
      + ports    = [
          + "swp2@sw-egg-frontend-leaf04",
          + "eth10@gpu-egg-005",
        ]
      + underlay = "enabled"
    }

  # netris_link.ns_gpu_links["swp2@sw-egg-frontend-leaf05--eth9@gpu-egg-006"] will be created
  + resource "netris_link" "ns_gpu_links" {
      + id       = (known after apply)
      + ports    = [
          + "swp2@sw-egg-frontend-leaf05",
          + "eth9@gpu-egg-006",
        ]
      + underlay = "enabled"
    }

  # netris_link.ns_gpu_links["swp2@sw-egg-frontend-leaf06--eth10@gpu-egg-006"] will be created
  + resource "netris_link" "ns_gpu_links" {
      + id       = (known after apply)
      + ports    = [
          + "swp2@sw-egg-frontend-leaf06",
          + "eth10@gpu-egg-006",
        ]
      + underlay = "enabled"
    }

  # netris_link.ns_gpu_links["swp30@sw-egg-frontend-leaf01--eth9@gpu-egg-088"] will be created
  + resource "netris_link" "ns_gpu_links" {
      + id       = (known after apply)
      + ports    = [
          + "swp30@sw-egg-frontend-leaf01",
          + "eth9@gpu-egg-088",
        ]
      + underlay = "enabled"
    }

  # netris_link.ns_gpu_links["swp30@sw-egg-frontend-leaf02--eth10@gpu-egg-088"] will be created
  + resource "netris_link" "ns_gpu_links" {
      + id       = (known after apply)
      + ports    = [
          + "swp30@sw-egg-frontend-leaf02",
          + "eth10@gpu-egg-088",
        ]
      + underlay = "enabled"
    }

  # netris_link.ns_gpu_links["swp30@sw-egg-frontend-leaf03--eth9@gpu-egg-089"] will be created
  + resource "netris_link" "ns_gpu_links" {
      + id       = (known after apply)
      + ports    = [
          + "swp30@sw-egg-frontend-leaf03",
          + "eth9@gpu-egg-089",
        ]
      + underlay = "enabled"
    }

  # netris_link.ns_gpu_links["swp30@sw-egg-frontend-leaf04--eth10@gpu-egg-089"] will be created
  + resource "netris_link" "ns_gpu_links" {
      + id       = (known after apply)
      + ports    = [
          + "swp30@sw-egg-frontend-leaf04",
          + "eth10@gpu-egg-089",
        ]
      + underlay = "enabled"
    }

  # netris_link.ns_gpu_links["swp30@sw-egg-frontend-leaf05--eth9@gpu-egg-090"] will be created
  + resource "netris_link" "ns_gpu_links" {
      + id       = (known after apply)
      + ports    = [
          + "swp30@sw-egg-frontend-leaf05",
          + "eth9@gpu-egg-090",
        ]
      + underlay = "enabled"
    }

  # netris_link.ns_gpu_links["swp30@sw-egg-frontend-leaf06--eth10@gpu-egg-090"] will be created
  + resource "netris_link" "ns_gpu_links" {
      + id       = (known after apply)
      + ports    = [
          + "swp30@sw-egg-frontend-leaf06",
          + "eth10@gpu-egg-090",
        ]
      + underlay = "enabled"
    }

  # netris_link.ns_gpu_links["swp31@sw-egg-frontend-leaf01--eth9@gpu-egg-091"] will be created
  + resource "netris_link" "ns_gpu_links" {
      + id       = (known after apply)
      + ports    = [
          + "swp31@sw-egg-frontend-leaf01",
          + "eth9@gpu-egg-091",
        ]
      + underlay = "enabled"
    }

  # netris_link.ns_gpu_links["swp31@sw-egg-frontend-leaf02--eth10@gpu-egg-091"] will be created
  + resource "netris_link" "ns_gpu_links" {
      + id       = (known after apply)
      + ports    = [
          + "swp31@sw-egg-frontend-leaf02",
          + "eth10@gpu-egg-091",
        ]
      + underlay = "enabled"
    }

  # netris_link.ns_gpu_links["swp31@sw-egg-frontend-leaf03--eth9@gpu-egg-092"] will be created
  + resource "netris_link" "ns_gpu_links" {
      + id       = (known after apply)
      + ports    = [
          + "swp31@sw-egg-frontend-leaf03",
          + "eth9@gpu-egg-092",
        ]
      + underlay = "enabled"
    }

  # netris_link.ns_gpu_links["swp31@sw-egg-frontend-leaf04--eth10@gpu-egg-092"] will be created
  + resource "netris_link" "ns_gpu_links" {
      + id       = (known after apply)
      + ports    = [
          + "swp31@sw-egg-frontend-leaf04",
          + "eth10@gpu-egg-092",
        ]
      + underlay = "enabled"
    }

  # netris_link.ns_gpu_links["swp31@sw-egg-frontend-leaf05--eth9@gpu-egg-093"] will be created
  + resource "netris_link" "ns_gpu_links" {
      + id       = (known after apply)
      + ports    = [
          + "swp31@sw-egg-frontend-leaf05",
          + "eth9@gpu-egg-093",
        ]
      + underlay = "enabled"
    }

  # netris_link.ns_gpu_links["swp31@sw-egg-frontend-leaf06--eth10@gpu-egg-093"] will be created
  + resource "netris_link" "ns_gpu_links" {
      + id       = (known after apply)
      + ports    = [
          + "swp31@sw-egg-frontend-leaf06",
          + "eth10@gpu-egg-093",
        ]
      + underlay = "enabled"
    }

  # netris_link.ns_gpu_links["swp32@sw-egg-frontend-leaf01--eth9@gpu-egg-094"] will be created
  + resource "netris_link" "ns_gpu_links" {
      + id       = (known after apply)
      + ports    = [
          + "swp32@sw-egg-frontend-leaf01",
          + "eth9@gpu-egg-094",
        ]
      + underlay = "enabled"
    }

  # netris_link.ns_gpu_links["swp32@sw-egg-frontend-leaf02--eth10@gpu-egg-094"] will be created
  + resource "netris_link" "ns_gpu_links" {
      + id       = (known after apply)
      + ports    = [
          + "swp32@sw-egg-frontend-leaf02",
          + "eth10@gpu-egg-094",
        ]
      + underlay = "enabled"
    }

  # netris_link.ns_gpu_links["swp32@sw-egg-frontend-leaf03--eth9@gpu-egg-095"] will be created
  + resource "netris_link" "ns_gpu_links" {
      + id       = (known after apply)
      + ports    = [
          + "swp32@sw-egg-frontend-leaf03",
          + "eth9@gpu-egg-095",
        ]
      + underlay = "enabled"
    }

  # netris_link.ns_gpu_links["swp32@sw-egg-frontend-leaf04--eth10@gpu-egg-095"] will be created
  + resource "netris_link" "ns_gpu_links" {
      + id       = (known after apply)
      + ports    = [
          + "swp32@sw-egg-frontend-leaf04",
          + "eth10@gpu-egg-095",
        ]
      + underlay = "enabled"
    }

  # netris_link.ns_gpu_links["swp32@sw-egg-frontend-leaf05--eth9@gpu-egg-096"] will be created
  + resource "netris_link" "ns_gpu_links" {
      + id       = (known after apply)
      + ports    = [
          + "swp32@sw-egg-frontend-leaf05",
          + "eth9@gpu-egg-096",
        ]
      + underlay = "enabled"
    }

  # netris_link.ns_gpu_links["swp32@sw-egg-frontend-leaf06--eth10@gpu-egg-096"] will be created
  + resource "netris_link" "ns_gpu_links" {
      + id       = (known after apply)
      + ports    = [
          + "swp32@sw-egg-frontend-leaf06",
          + "eth10@gpu-egg-096",
        ]
      + underlay = "enabled"
    }

  # netris_link.ns_gpu_links["swp33@sw-egg-frontend-leaf01--eth9@gpu-egg-097"] will be created
  + resource "netris_link" "ns_gpu_links" {
      + id       = (known after apply)
      + ports    = [
          + "swp33@sw-egg-frontend-leaf01",
          + "eth9@gpu-egg-097",
        ]
      + underlay = "enabled"
    }

  # netris_link.ns_gpu_links["swp33@sw-egg-frontend-leaf02--eth10@gpu-egg-097"] will be created
  + resource "netris_link" "ns_gpu_links" {
      + id       = (known after apply)
      + ports    = [
          + "swp33@sw-egg-frontend-leaf02",
          + "eth10@gpu-egg-097",
        ]
      + underlay = "enabled"
    }

  # netris_link.ns_gpu_links["swp33@sw-egg-frontend-leaf03--eth9@gpu-egg-098"] will be created
  + resource "netris_link" "ns_gpu_links" {
      + id       = (known after apply)
      + ports    = [
          + "swp33@sw-egg-frontend-leaf03",
          + "eth9@gpu-egg-098",
        ]
      + underlay = "enabled"
    }

  # netris_link.ns_gpu_links["swp33@sw-egg-frontend-leaf04--eth10@gpu-egg-098"] will be created
  + resource "netris_link" "ns_gpu_links" {
      + id       = (known after apply)
      + ports    = [
          + "swp33@sw-egg-frontend-leaf04",
          + "eth10@gpu-egg-098",
        ]
      + underlay = "enabled"
    }

  # netris_link.ns_gpu_links["swp33@sw-egg-frontend-leaf05--eth9@gpu-egg-099"] will be created
  + resource "netris_link" "ns_gpu_links" {
      + id       = (known after apply)
      + ports    = [
          + "swp33@sw-egg-frontend-leaf05",
          + "eth9@gpu-egg-099",
        ]
      + underlay = "enabled"
    }

  # netris_link.ns_gpu_links["swp33@sw-egg-frontend-leaf06--eth10@gpu-egg-099"] will be created
  + resource "netris_link" "ns_gpu_links" {
      + id       = (known after apply)
      + ports    = [
          + "swp33@sw-egg-frontend-leaf06",
          + "eth10@gpu-egg-099",
        ]
      + underlay = "enabled"
    }

  # netris_link.ns_gpu_links["swp34@sw-egg-frontend-leaf01--eth9@gpu-egg-100"] will be created
  + resource "netris_link" "ns_gpu_links" {
      + id       = (known after apply)
      + ports    = [
          + "swp34@sw-egg-frontend-leaf01",
          + "eth9@gpu-egg-100",
        ]
      + underlay = "enabled"
    }

  # netris_link.ns_gpu_links["swp34@sw-egg-frontend-leaf02--eth10@gpu-egg-100"] will be created
  + resource "netris_link" "ns_gpu_links" {
      + id       = (known after apply)
      + ports    = [
          + "swp34@sw-egg-frontend-leaf02",
          + "eth10@gpu-egg-100",
        ]
      + underlay = "enabled"
    }

  # netris_link.ns_gpu_links["swp34@sw-egg-frontend-leaf03--eth9@gpu-egg-101"] will be created
  + resource "netris_link" "ns_gpu_links" {
      + id       = (known after apply)
      + ports    = [
          + "swp34@sw-egg-frontend-leaf03",
          + "eth9@gpu-egg-101",
        ]
      + underlay = "enabled"
    }

  # netris_link.ns_gpu_links["swp34@sw-egg-frontend-leaf04--eth10@gpu-egg-101"] will be created
  + resource "netris_link" "ns_gpu_links" {
      + id       = (known after apply)
      + ports    = [
          + "swp34@sw-egg-frontend-leaf04",
          + "eth10@gpu-egg-101",
        ]
      + underlay = "enabled"
    }

  # netris_link.ns_gpu_links["swp34@sw-egg-frontend-leaf05--eth9@gpu-egg-102"] will be created
  + resource "netris_link" "ns_gpu_links" {
      + id       = (known after apply)
      + ports    = [
          + "swp34@sw-egg-frontend-leaf05",
          + "eth9@gpu-egg-102",
        ]
      + underlay = "enabled"
    }

  # netris_link.ns_gpu_links["swp34@sw-egg-frontend-leaf06--eth10@gpu-egg-102"] will be created
  + resource "netris_link" "ns_gpu_links" {
      + id       = (known after apply)
      + ports    = [
          + "swp34@sw-egg-frontend-leaf06",
          + "eth10@gpu-egg-102",
        ]
      + underlay = "enabled"
    }

  # netris_link.ns_gpu_links["swp35@sw-egg-frontend-leaf01--eth9@gpu-egg-103"] will be created
  + resource "netris_link" "ns_gpu_links" {
      + id       = (known after apply)
      + ports    = [
          + "swp35@sw-egg-frontend-leaf01",
          + "eth9@gpu-egg-103",
        ]
      + underlay = "enabled"
    }

  # netris_link.ns_gpu_links["swp35@sw-egg-frontend-leaf02--eth10@gpu-egg-103"] will be created
  + resource "netris_link" "ns_gpu_links" {
      + id       = (known after apply)
      + ports    = [
          + "swp35@sw-egg-frontend-leaf02",
          + "eth10@gpu-egg-103",
        ]
      + underlay = "enabled"
    }

  # netris_link.ns_gpu_links["swp35@sw-egg-frontend-leaf03--eth9@gpu-egg-104"] will be created
  + resource "netris_link" "ns_gpu_links" {
      + id       = (known after apply)
      + ports    = [
          + "swp35@sw-egg-frontend-leaf03",
          + "eth9@gpu-egg-104",
        ]
      + underlay = "enabled"
    }

  # netris_link.ns_gpu_links["swp35@sw-egg-frontend-leaf04--eth10@gpu-egg-104"] will be created
  + resource "netris_link" "ns_gpu_links" {
      + id       = (known after apply)
      + ports    = [
          + "swp35@sw-egg-frontend-leaf04",
          + "eth10@gpu-egg-104",
        ]
      + underlay = "enabled"
    }

  # netris_link.ns_gpu_links["swp35@sw-egg-frontend-leaf05--eth9@gpu-egg-105"] will be created
  + resource "netris_link" "ns_gpu_links" {
      + id       = (known after apply)
      + ports    = [
          + "swp35@sw-egg-frontend-leaf05",
          + "eth9@gpu-egg-105",
        ]
      + underlay = "enabled"
    }

  # netris_link.ns_gpu_links["swp35@sw-egg-frontend-leaf06--eth10@gpu-egg-105"] will be created
  + resource "netris_link" "ns_gpu_links" {
      + id       = (known after apply)
      + ports    = [
          + "swp35@sw-egg-frontend-leaf06",
          + "eth10@gpu-egg-105",
        ]
      + underlay = "enabled"
    }

  # netris_link.ns_gpu_links["swp36@sw-egg-frontend-leaf01--eth9@gpu-egg-106"] will be created
  + resource "netris_link" "ns_gpu_links" {
      + id       = (known after apply)
      + ports    = [
          + "swp36@sw-egg-frontend-leaf01",
          + "eth9@gpu-egg-106",
        ]
      + underlay = "enabled"
    }

  # netris_link.ns_gpu_links["swp36@sw-egg-frontend-leaf02--eth10@gpu-egg-106"] will be created
  + resource "netris_link" "ns_gpu_links" {
      + id       = (known after apply)
      + ports    = [
          + "swp36@sw-egg-frontend-leaf02",
          + "eth10@gpu-egg-106",
        ]
      + underlay = "enabled"
    }

  # netris_link.ns_gpu_links["swp36@sw-egg-frontend-leaf03--eth9@gpu-egg-107"] will be created
  + resource "netris_link" "ns_gpu_links" {
      + id       = (known after apply)
      + ports    = [
          + "swp36@sw-egg-frontend-leaf03",
          + "eth9@gpu-egg-107",
        ]
      + underlay = "enabled"
    }

  # netris_link.ns_gpu_links["swp36@sw-egg-frontend-leaf04--eth10@gpu-egg-107"] will be created
  + resource "netris_link" "ns_gpu_links" {
      + id       = (known after apply)
      + ports    = [
          + "swp36@sw-egg-frontend-leaf04",
          + "eth10@gpu-egg-107",
        ]
      + underlay = "enabled"
    }

  # netris_link.ns_gpu_links["swp36@sw-egg-frontend-leaf05--eth9@gpu-egg-108"] will be created
  + resource "netris_link" "ns_gpu_links" {
      + id       = (known after apply)
      + ports    = [
          + "swp36@sw-egg-frontend-leaf05",
          + "eth9@gpu-egg-108",
        ]
      + underlay = "enabled"
    }

  # netris_link.ns_gpu_links["swp36@sw-egg-frontend-leaf06--eth10@gpu-egg-108"] will be created
  + resource "netris_link" "ns_gpu_links" {
      + id       = (known after apply)
      + ports    = [
          + "swp36@sw-egg-frontend-leaf06",
          + "eth10@gpu-egg-108",
        ]
      + underlay = "enabled"
    }

  # netris_link.ns_gpu_links["swp37@sw-egg-frontend-leaf01--eth9@gpu-egg-109"] will be created
  + resource "netris_link" "ns_gpu_links" {
      + id       = (known after apply)
      + ports    = [
          + "swp37@sw-egg-frontend-leaf01",
          + "eth9@gpu-egg-109",
        ]
      + underlay = "enabled"
    }

  # netris_link.ns_gpu_links["swp37@sw-egg-frontend-leaf02--eth10@gpu-egg-109"] will be created
  + resource "netris_link" "ns_gpu_links" {
      + id       = (known after apply)
      + ports    = [
          + "swp37@sw-egg-frontend-leaf02",
          + "eth10@gpu-egg-109",
        ]
      + underlay = "enabled"
    }

  # netris_link.ns_gpu_links["swp37@sw-egg-frontend-leaf03--eth9@gpu-egg-110"] will be created
  + resource "netris_link" "ns_gpu_links" {
      + id       = (known after apply)
      + ports    = [
          + "swp37@sw-egg-frontend-leaf03",
          + "eth9@gpu-egg-110",
        ]
      + underlay = "enabled"
    }

  # netris_link.ns_gpu_links["swp37@sw-egg-frontend-leaf04--eth10@gpu-egg-110"] will be created
  + resource "netris_link" "ns_gpu_links" {
      + id       = (known after apply)
      + ports    = [
          + "swp37@sw-egg-frontend-leaf04",
          + "eth10@gpu-egg-110",
        ]
      + underlay = "enabled"
    }

  # netris_link.ns_gpu_links["swp37@sw-egg-frontend-leaf05--eth9@gpu-egg-111"] will be created
  + resource "netris_link" "ns_gpu_links" {
      + id       = (known after apply)
      + ports    = [
          + "swp37@sw-egg-frontend-leaf05",
          + "eth9@gpu-egg-111",
        ]
      + underlay = "enabled"
    }

  # netris_link.ns_gpu_links["swp37@sw-egg-frontend-leaf06--eth10@gpu-egg-111"] will be created
  + resource "netris_link" "ns_gpu_links" {
      + id       = (known after apply)
      + ports    = [
          + "swp37@sw-egg-frontend-leaf06",
          + "eth10@gpu-egg-111",
        ]
      + underlay = "enabled"
    }

  # netris_link.ns_gpu_links["swp38@sw-egg-frontend-leaf01--eth9@gpu-egg-112"] will be created
  + resource "netris_link" "ns_gpu_links" {
      + id       = (known after apply)
      + ports    = [
          + "swp38@sw-egg-frontend-leaf01",
          + "eth9@gpu-egg-112",
        ]
      + underlay = "enabled"
    }

  # netris_link.ns_gpu_links["swp38@sw-egg-frontend-leaf02--eth10@gpu-egg-112"] will be created
  + resource "netris_link" "ns_gpu_links" {
      + id       = (known after apply)
      + ports    = [
          + "swp38@sw-egg-frontend-leaf02",
          + "eth10@gpu-egg-112",
        ]
      + underlay = "enabled"
    }

  # netris_link.ns_gpu_links["swp38@sw-egg-frontend-leaf03--eth9@gpu-egg-113"] will be created
  + resource "netris_link" "ns_gpu_links" {
      + id       = (known after apply)
      + ports    = [
          + "swp38@sw-egg-frontend-leaf03",
          + "eth9@gpu-egg-113",
        ]
      + underlay = "enabled"
    }

  # netris_link.ns_gpu_links["swp38@sw-egg-frontend-leaf04--eth10@gpu-egg-113"] will be created
  + resource "netris_link" "ns_gpu_links" {
      + id       = (known after apply)
      + ports    = [
          + "swp38@sw-egg-frontend-leaf04",
          + "eth10@gpu-egg-113",
        ]
      + underlay = "enabled"
    }

  # netris_link.ns_gpu_links["swp38@sw-egg-frontend-leaf05--eth9@gpu-egg-114"] will be created
  + resource "netris_link" "ns_gpu_links" {
      + id       = (known after apply)
      + ports    = [
          + "swp38@sw-egg-frontend-leaf05",
          + "eth9@gpu-egg-114",
        ]
      + underlay = "enabled"
    }

  # netris_link.ns_gpu_links["swp38@sw-egg-frontend-leaf06--eth10@gpu-egg-114"] will be created
  + resource "netris_link" "ns_gpu_links" {
      + id       = (known after apply)
      + ports    = [
          + "swp38@sw-egg-frontend-leaf06",
          + "eth10@gpu-egg-114",
        ]
      + underlay = "enabled"
    }

  # netris_link.ns_gpu_links["swp39@sw-egg-frontend-leaf01--eth9@gpu-egg-115"] will be created
  + resource "netris_link" "ns_gpu_links" {
      + id       = (known after apply)
      + ports    = [
          + "swp39@sw-egg-frontend-leaf01",
          + "eth9@gpu-egg-115",
        ]
      + underlay = "enabled"
    }

  # netris_link.ns_gpu_links["swp39@sw-egg-frontend-leaf02--eth10@gpu-egg-115"] will be created
  + resource "netris_link" "ns_gpu_links" {
      + id       = (known after apply)
      + ports    = [
          + "swp39@sw-egg-frontend-leaf02",
          + "eth10@gpu-egg-115",
        ]
      + underlay = "enabled"
    }

  # netris_link.ns_gpu_links["swp39@sw-egg-frontend-leaf03--eth9@gpu-egg-116"] will be created
  + resource "netris_link" "ns_gpu_links" {
      + id       = (known after apply)
      + ports    = [
          + "swp39@sw-egg-frontend-leaf03",
          + "eth9@gpu-egg-116",
        ]
      + underlay = "enabled"
    }

  # netris_link.ns_gpu_links["swp39@sw-egg-frontend-leaf04--eth10@gpu-egg-116"] will be created
  + resource "netris_link" "ns_gpu_links" {
      + id       = (known after apply)
      + ports    = [
          + "swp39@sw-egg-frontend-leaf04",
          + "eth10@gpu-egg-116",
        ]
      + underlay = "enabled"
    }

  # netris_link.ns_gpu_links["swp39@sw-egg-frontend-leaf05--eth9@gpu-egg-117"] will be created
  + resource "netris_link" "ns_gpu_links" {
      + id       = (known after apply)
      + ports    = [
          + "swp39@sw-egg-frontend-leaf05",
          + "eth9@gpu-egg-117",
        ]
      + underlay = "enabled"
    }

  # netris_link.ns_gpu_links["swp39@sw-egg-frontend-leaf06--eth10@gpu-egg-117"] will be created
  + resource "netris_link" "ns_gpu_links" {
      + id       = (known after apply)
      + ports    = [
          + "swp39@sw-egg-frontend-leaf06",
          + "eth10@gpu-egg-117",
        ]
      + underlay = "enabled"
    }

  # netris_link.ns_gpu_links["swp3@sw-egg-frontend-leaf01--eth9@gpu-egg-007"] will be created
  + resource "netris_link" "ns_gpu_links" {
      + id       = (known after apply)
      + ports    = [
          + "swp3@sw-egg-frontend-leaf01",
          + "eth9@gpu-egg-007",
        ]
      + underlay = "enabled"
    }

  # netris_link.ns_gpu_links["swp3@sw-egg-frontend-leaf02--eth10@gpu-egg-007"] will be created
  + resource "netris_link" "ns_gpu_links" {
      + id       = (known after apply)
      + ports    = [
          + "swp3@sw-egg-frontend-leaf02",
          + "eth10@gpu-egg-007",
        ]
      + underlay = "enabled"
    }

  # netris_link.ns_gpu_links["swp3@sw-egg-frontend-leaf03--eth9@gpu-egg-008"] will be created
  + resource "netris_link" "ns_gpu_links" {
      + id       = (known after apply)
      + ports    = [
          + "swp3@sw-egg-frontend-leaf03",
          + "eth9@gpu-egg-008",
        ]
      + underlay = "enabled"
    }

  # netris_link.ns_gpu_links["swp3@sw-egg-frontend-leaf04--eth10@gpu-egg-008"] will be created
  + resource "netris_link" "ns_gpu_links" {
      + id       = (known after apply)
      + ports    = [
          + "swp3@sw-egg-frontend-leaf04",
          + "eth10@gpu-egg-008",
        ]
      + underlay = "enabled"
    }

  # netris_link.ns_gpu_links["swp3@sw-egg-frontend-leaf05--eth9@gpu-egg-009"] will be created
  + resource "netris_link" "ns_gpu_links" {
      + id       = (known after apply)
      + ports    = [
          + "swp3@sw-egg-frontend-leaf05",
          + "eth9@gpu-egg-009",
        ]
      + underlay = "enabled"
    }

  # netris_link.ns_gpu_links["swp3@sw-egg-frontend-leaf06--eth10@gpu-egg-009"] will be created
  + resource "netris_link" "ns_gpu_links" {
      + id       = (known after apply)
      + ports    = [
          + "swp3@sw-egg-frontend-leaf06",
          + "eth10@gpu-egg-009",
        ]
      + underlay = "enabled"
    }

  # netris_link.ns_gpu_links["swp40@sw-egg-frontend-leaf01--eth9@gpu-egg-118"] will be created
  + resource "netris_link" "ns_gpu_links" {
      + id       = (known after apply)
      + ports    = [
          + "swp40@sw-egg-frontend-leaf01",
          + "eth9@gpu-egg-118",
        ]
      + underlay = "enabled"
    }

  # netris_link.ns_gpu_links["swp40@sw-egg-frontend-leaf02--eth10@gpu-egg-118"] will be created
  + resource "netris_link" "ns_gpu_links" {
      + id       = (known after apply)
      + ports    = [
          + "swp40@sw-egg-frontend-leaf02",
          + "eth10@gpu-egg-118",
        ]
      + underlay = "enabled"
    }

  # netris_link.ns_gpu_links["swp40@sw-egg-frontend-leaf03--eth9@gpu-egg-119"] will be created
  + resource "netris_link" "ns_gpu_links" {
      + id       = (known after apply)
      + ports    = [
          + "swp40@sw-egg-frontend-leaf03",
          + "eth9@gpu-egg-119",
        ]
      + underlay = "enabled"
    }

  # netris_link.ns_gpu_links["swp40@sw-egg-frontend-leaf04--eth10@gpu-egg-119"] will be created
  + resource "netris_link" "ns_gpu_links" {
      + id       = (known after apply)
      + ports    = [
          + "swp40@sw-egg-frontend-leaf04",
          + "eth10@gpu-egg-119",
        ]
      + underlay = "enabled"
    }

  # netris_link.ns_gpu_links["swp40@sw-egg-frontend-leaf05--eth9@gpu-egg-120"] will be created
  + resource "netris_link" "ns_gpu_links" {
      + id       = (known after apply)
      + ports    = [
          + "swp40@sw-egg-frontend-leaf05",
          + "eth9@gpu-egg-120",
        ]
      + underlay = "enabled"
    }

  # netris_link.ns_gpu_links["swp40@sw-egg-frontend-leaf06--eth10@gpu-egg-120"] will be created
  + resource "netris_link" "ns_gpu_links" {
      + id       = (known after apply)
      + ports    = [
          + "swp40@sw-egg-frontend-leaf06",
          + "eth10@gpu-egg-120",
        ]
      + underlay = "enabled"
    }

  # netris_link.ns_gpu_links["swp41@sw-egg-frontend-leaf01--eth9@gpu-egg-121"] will be created
  + resource "netris_link" "ns_gpu_links" {
      + id       = (known after apply)
      + ports    = [
          + "swp41@sw-egg-frontend-leaf01",
          + "eth9@gpu-egg-121",
        ]
      + underlay = "enabled"
    }

  # netris_link.ns_gpu_links["swp41@sw-egg-frontend-leaf02--eth10@gpu-egg-121"] will be created
  + resource "netris_link" "ns_gpu_links" {
      + id       = (known after apply)
      + ports    = [
          + "swp41@sw-egg-frontend-leaf02",
          + "eth10@gpu-egg-121",
        ]
      + underlay = "enabled"
    }

  # netris_link.ns_gpu_links["swp41@sw-egg-frontend-leaf03--eth9@gpu-egg-122"] will be created
  + resource "netris_link" "ns_gpu_links" {
      + id       = (known after apply)
      + ports    = [
          + "swp41@sw-egg-frontend-leaf03",
          + "eth9@gpu-egg-122",
        ]
      + underlay = "enabled"
    }

  # netris_link.ns_gpu_links["swp41@sw-egg-frontend-leaf04--eth10@gpu-egg-122"] will be created
  + resource "netris_link" "ns_gpu_links" {
      + id       = (known after apply)
      + ports    = [
          + "swp41@sw-egg-frontend-leaf04",
          + "eth10@gpu-egg-122",
        ]
      + underlay = "enabled"
    }

  # netris_link.ns_gpu_links["swp41@sw-egg-frontend-leaf05--eth9@gpu-egg-123"] will be created
  + resource "netris_link" "ns_gpu_links" {
      + id       = (known after apply)
      + ports    = [
          + "swp41@sw-egg-frontend-leaf05",
          + "eth9@gpu-egg-123",
        ]
      + underlay = "enabled"
    }

  # netris_link.ns_gpu_links["swp41@sw-egg-frontend-leaf06--eth10@gpu-egg-123"] will be created
  + resource "netris_link" "ns_gpu_links" {
      + id       = (known after apply)
      + ports    = [
          + "swp41@sw-egg-frontend-leaf06",
          + "eth10@gpu-egg-123",
        ]
      + underlay = "enabled"
    }

  # netris_link.ns_gpu_links["swp42@sw-egg-frontend-leaf01--eth9@gpu-egg-124"] will be created
  + resource "netris_link" "ns_gpu_links" {
      + id       = (known after apply)
      + ports    = [
          + "swp42@sw-egg-frontend-leaf01",
          + "eth9@gpu-egg-124",
        ]
      + underlay = "enabled"
    }

  # netris_link.ns_gpu_links["swp42@sw-egg-frontend-leaf02--eth10@gpu-egg-124"] will be created
  + resource "netris_link" "ns_gpu_links" {
      + id       = (known after apply)
      + ports    = [
          + "swp42@sw-egg-frontend-leaf02",
          + "eth10@gpu-egg-124",
        ]
      + underlay = "enabled"
    }

  # netris_link.ns_gpu_links["swp42@sw-egg-frontend-leaf03--eth9@gpu-egg-125"] will be created
  + resource "netris_link" "ns_gpu_links" {
      + id       = (known after apply)
      + ports    = [
          + "swp42@sw-egg-frontend-leaf03",
          + "eth9@gpu-egg-125",
        ]
      + underlay = "enabled"
    }

  # netris_link.ns_gpu_links["swp42@sw-egg-frontend-leaf04--eth10@gpu-egg-125"] will be created
  + resource "netris_link" "ns_gpu_links" {
      + id       = (known after apply)
      + ports    = [
          + "swp42@sw-egg-frontend-leaf04",
          + "eth10@gpu-egg-125",
        ]
      + underlay = "enabled"
    }

  # netris_link.ns_gpu_links["swp42@sw-egg-frontend-leaf05--eth9@gpu-egg-126"] will be created
  + resource "netris_link" "ns_gpu_links" {
      + id       = (known after apply)
      + ports    = [
          + "swp42@sw-egg-frontend-leaf05",
          + "eth9@gpu-egg-126",
        ]
      + underlay = "enabled"
    }

  # netris_link.ns_gpu_links["swp42@sw-egg-frontend-leaf06--eth10@gpu-egg-126"] will be created
  + resource "netris_link" "ns_gpu_links" {
      + id       = (known after apply)
      + ports    = [
          + "swp42@sw-egg-frontend-leaf06",
          + "eth10@gpu-egg-126",
        ]
      + underlay = "enabled"
    }

  # netris_link.ns_gpu_links["swp43@sw-egg-frontend-leaf01--eth9@gpu-egg-127"] will be created
  + resource "netris_link" "ns_gpu_links" {
      + id       = (known after apply)
      + ports    = [
          + "swp43@sw-egg-frontend-leaf01",
          + "eth9@gpu-egg-127",
        ]
      + underlay = "enabled"
    }

  # netris_link.ns_gpu_links["swp43@sw-egg-frontend-leaf02--eth10@gpu-egg-127"] will be created
  + resource "netris_link" "ns_gpu_links" {
      + id       = (known after apply)
      + ports    = [
          + "swp43@sw-egg-frontend-leaf02",
          + "eth10@gpu-egg-127",
        ]
      + underlay = "enabled"
    }

  # netris_link.ns_gpu_links["swp43@sw-egg-frontend-leaf03--eth9@gpu-egg-128"] will be created
  + resource "netris_link" "ns_gpu_links" {
      + id       = (known after apply)
      + ports    = [
          + "swp43@sw-egg-frontend-leaf03",
          + "eth9@gpu-egg-128",
        ]
      + underlay = "enabled"
    }

  # netris_link.ns_gpu_links["swp43@sw-egg-frontend-leaf04--eth10@gpu-egg-128"] will be created
  + resource "netris_link" "ns_gpu_links" {
      + id       = (known after apply)
      + ports    = [
          + "swp43@sw-egg-frontend-leaf04",
          + "eth10@gpu-egg-128",
        ]
      + underlay = "enabled"
    }

  # netris_link.ns_gpu_links["swp4@sw-egg-frontend-leaf01--eth9@gpu-egg-010"] will be created
  + resource "netris_link" "ns_gpu_links" {
      + id       = (known after apply)
      + ports    = [
          + "swp4@sw-egg-frontend-leaf01",
          + "eth9@gpu-egg-010",
        ]
      + underlay = "enabled"
    }

  # netris_link.ns_gpu_links["swp4@sw-egg-frontend-leaf02--eth10@gpu-egg-010"] will be created
  + resource "netris_link" "ns_gpu_links" {
      + id       = (known after apply)
      + ports    = [
          + "swp4@sw-egg-frontend-leaf02",
          + "eth10@gpu-egg-010",
        ]
      + underlay = "enabled"
    }

  # netris_link.ns_gpu_links["swp4@sw-egg-frontend-leaf03--eth9@gpu-egg-011"] will be created
  + resource "netris_link" "ns_gpu_links" {
      + id       = (known after apply)
      + ports    = [
          + "swp4@sw-egg-frontend-leaf03",
          + "eth9@gpu-egg-011",
        ]
      + underlay = "enabled"
    }

  # netris_link.ns_gpu_links["swp4@sw-egg-frontend-leaf04--eth10@gpu-egg-011"] will be created
  + resource "netris_link" "ns_gpu_links" {
      + id       = (known after apply)
      + ports    = [
          + "swp4@sw-egg-frontend-leaf04",
          + "eth10@gpu-egg-011",
        ]
      + underlay = "enabled"
    }

  # netris_link.ns_gpu_links["swp4@sw-egg-frontend-leaf05--eth9@gpu-egg-012"] will be created
  + resource "netris_link" "ns_gpu_links" {
      + id       = (known after apply)
      + ports    = [
          + "swp4@sw-egg-frontend-leaf05",
          + "eth9@gpu-egg-012",
        ]
      + underlay = "enabled"
    }

  # netris_link.ns_gpu_links["swp4@sw-egg-frontend-leaf06--eth10@gpu-egg-012"] will be created
  + resource "netris_link" "ns_gpu_links" {
      + id       = (known after apply)
      + ports    = [
          + "swp4@sw-egg-frontend-leaf06",
          + "eth10@gpu-egg-012",
        ]
      + underlay = "enabled"
    }

  # netris_link.ns_gpu_links["swp5@sw-egg-frontend-leaf01--eth9@gpu-egg-013"] will be created
  + resource "netris_link" "ns_gpu_links" {
      + id       = (known after apply)
      + ports    = [
          + "swp5@sw-egg-frontend-leaf01",
          + "eth9@gpu-egg-013",
        ]
      + underlay = "enabled"
    }

  # netris_link.ns_gpu_links["swp5@sw-egg-frontend-leaf02--eth10@gpu-egg-013"] will be created
  + resource "netris_link" "ns_gpu_links" {
      + id       = (known after apply)
      + ports    = [
          + "swp5@sw-egg-frontend-leaf02",
          + "eth10@gpu-egg-013",
        ]
      + underlay = "enabled"
    }

  # netris_link.ns_gpu_links["swp5@sw-egg-frontend-leaf03--eth9@gpu-egg-014"] will be created
  + resource "netris_link" "ns_gpu_links" {
      + id       = (known after apply)
      + ports    = [
          + "swp5@sw-egg-frontend-leaf03",
          + "eth9@gpu-egg-014",
        ]
      + underlay = "enabled"
    }

  # netris_link.ns_gpu_links["swp5@sw-egg-frontend-leaf04--eth10@gpu-egg-014"] will be created
  + resource "netris_link" "ns_gpu_links" {
      + id       = (known after apply)
      + ports    = [
          + "swp5@sw-egg-frontend-leaf04",
          + "eth10@gpu-egg-014",
        ]
      + underlay = "enabled"
    }

  # netris_link.ns_gpu_links["swp5@sw-egg-frontend-leaf05--eth9@gpu-egg-015"] will be created
  + resource "netris_link" "ns_gpu_links" {
      + id       = (known after apply)
      + ports    = [
          + "swp5@sw-egg-frontend-leaf05",
          + "eth9@gpu-egg-015",
        ]
      + underlay = "enabled"
    }

  # netris_link.ns_gpu_links["swp5@sw-egg-frontend-leaf06--eth10@gpu-egg-015"] will be created
  + resource "netris_link" "ns_gpu_links" {
      + id       = (known after apply)
      + ports    = [
          + "swp5@sw-egg-frontend-leaf06",
          + "eth10@gpu-egg-015",
        ]
      + underlay = "enabled"
    }

  # netris_link.ns_gpu_links["swp6@sw-egg-frontend-leaf01--eth9@gpu-egg-016"] will be created
  + resource "netris_link" "ns_gpu_links" {
      + id       = (known after apply)
      + ports    = [
          + "swp6@sw-egg-frontend-leaf01",
          + "eth9@gpu-egg-016",
        ]
      + underlay = "enabled"
    }

  # netris_link.ns_gpu_links["swp6@sw-egg-frontend-leaf02--eth10@gpu-egg-016"] will be created
  + resource "netris_link" "ns_gpu_links" {
      + id       = (known after apply)
      + ports    = [
          + "swp6@sw-egg-frontend-leaf02",
          + "eth10@gpu-egg-016",
        ]
      + underlay = "enabled"
    }

  # netris_link.ns_gpu_links["swp6@sw-egg-frontend-leaf03--eth9@gpu-egg-017"] will be created
  + resource "netris_link" "ns_gpu_links" {
      + id       = (known after apply)
      + ports    = [
          + "swp6@sw-egg-frontend-leaf03",
          + "eth9@gpu-egg-017",
        ]
      + underlay = "enabled"
    }

  # netris_link.ns_gpu_links["swp6@sw-egg-frontend-leaf04--eth10@gpu-egg-017"] will be created
  + resource "netris_link" "ns_gpu_links" {
      + id       = (known after apply)
      + ports    = [
          + "swp6@sw-egg-frontend-leaf04",
          + "eth10@gpu-egg-017",
        ]
      + underlay = "enabled"
    }

  # netris_link.ns_gpu_links["swp6@sw-egg-frontend-leaf05--eth9@gpu-egg-018"] will be created
  + resource "netris_link" "ns_gpu_links" {
      + id       = (known after apply)
      + ports    = [
          + "swp6@sw-egg-frontend-leaf05",
          + "eth9@gpu-egg-018",
        ]
      + underlay = "enabled"
    }

  # netris_link.ns_gpu_links["swp6@sw-egg-frontend-leaf06--eth10@gpu-egg-018"] will be created
  + resource "netris_link" "ns_gpu_links" {
      + id       = (known after apply)
      + ports    = [
          + "swp6@sw-egg-frontend-leaf06",
          + "eth10@gpu-egg-018",
        ]
      + underlay = "enabled"
    }

  # netris_link.ns_gpu_links["swp7@sw-egg-frontend-leaf01--eth9@gpu-egg-019"] will be created
  + resource "netris_link" "ns_gpu_links" {
      + id       = (known after apply)
      + ports    = [
          + "swp7@sw-egg-frontend-leaf01",
          + "eth9@gpu-egg-019",
        ]
      + underlay = "enabled"
    }

  # netris_link.ns_gpu_links["swp7@sw-egg-frontend-leaf02--eth10@gpu-egg-019"] will be created
  + resource "netris_link" "ns_gpu_links" {
      + id       = (known after apply)
      + ports    = [
          + "swp7@sw-egg-frontend-leaf02",
          + "eth10@gpu-egg-019",
        ]
      + underlay = "enabled"
    }

  # netris_link.ns_gpu_links["swp7@sw-egg-frontend-leaf03--eth9@gpu-egg-020"] will be created
  + resource "netris_link" "ns_gpu_links" {
      + id       = (known after apply)
      + ports    = [
          + "swp7@sw-egg-frontend-leaf03",
          + "eth9@gpu-egg-020",
        ]
      + underlay = "enabled"
    }

  # netris_link.ns_gpu_links["swp7@sw-egg-frontend-leaf04--eth10@gpu-egg-020"] will be created
  + resource "netris_link" "ns_gpu_links" {
      + id       = (known after apply)
      + ports    = [
          + "swp7@sw-egg-frontend-leaf04",
          + "eth10@gpu-egg-020",
        ]
      + underlay = "enabled"
    }

  # netris_link.ns_gpu_links["swp7@sw-egg-frontend-leaf05--eth9@gpu-egg-021"] will be created
  + resource "netris_link" "ns_gpu_links" {
      + id       = (known after apply)
      + ports    = [
          + "swp7@sw-egg-frontend-leaf05",
          + "eth9@gpu-egg-021",
        ]
      + underlay = "enabled"
    }

  # netris_link.ns_gpu_links["swp7@sw-egg-frontend-leaf06--eth10@gpu-egg-021"] will be created
  + resource "netris_link" "ns_gpu_links" {
      + id       = (known after apply)
      + ports    = [
          + "swp7@sw-egg-frontend-leaf06",
          + "eth10@gpu-egg-021",
        ]
      + underlay = "enabled"
    }

  # netris_link.ns_gpu_links["swp8@sw-egg-frontend-leaf01--eth9@gpu-egg-022"] will be created
  + resource "netris_link" "ns_gpu_links" {
      + id       = (known after apply)
      + ports    = [
          + "swp8@sw-egg-frontend-leaf01",
          + "eth9@gpu-egg-022",
        ]
      + underlay = "enabled"
    }

  # netris_link.ns_gpu_links["swp8@sw-egg-frontend-leaf02--eth10@gpu-egg-022"] will be created
  + resource "netris_link" "ns_gpu_links" {
      + id       = (known after apply)
      + ports    = [
          + "swp8@sw-egg-frontend-leaf02",
          + "eth10@gpu-egg-022",
        ]
      + underlay = "enabled"
    }

  # netris_link.ns_gpu_links["swp8@sw-egg-frontend-leaf03--eth9@gpu-egg-023"] will be created
  + resource "netris_link" "ns_gpu_links" {
      + id       = (known after apply)
      + ports    = [
          + "swp8@sw-egg-frontend-leaf03",
          + "eth9@gpu-egg-023",
        ]
      + underlay = "enabled"
    }

  # netris_link.ns_gpu_links["swp8@sw-egg-frontend-leaf04--eth10@gpu-egg-023"] will be created
  + resource "netris_link" "ns_gpu_links" {
      + id       = (known after apply)
      + ports    = [
          + "swp8@sw-egg-frontend-leaf04",
          + "eth10@gpu-egg-023",
        ]
      + underlay = "enabled"
    }

  # netris_link.ns_gpu_links["swp8@sw-egg-frontend-leaf05--eth9@gpu-egg-024"] will be created
  + resource "netris_link" "ns_gpu_links" {
      + id       = (known after apply)
      + ports    = [
          + "swp8@sw-egg-frontend-leaf05",
          + "eth9@gpu-egg-024",
        ]
      + underlay = "enabled"
    }

  # netris_link.ns_gpu_links["swp8@sw-egg-frontend-leaf06--eth10@gpu-egg-024"] will be created
  + resource "netris_link" "ns_gpu_links" {
      + id       = (known after apply)
      + ports    = [
          + "swp8@sw-egg-frontend-leaf06",
          + "eth10@gpu-egg-024",
        ]
      + underlay = "enabled"
    }

  # netris_link.ns_gpu_links["swp9@sw-egg-frontend-leaf01--eth9@gpu-egg-025"] will be created
  + resource "netris_link" "ns_gpu_links" {
      + id       = (known after apply)
      + ports    = [
          + "swp9@sw-egg-frontend-leaf01",
          + "eth9@gpu-egg-025",
        ]
      + underlay = "enabled"
    }

  # netris_link.ns_gpu_links["swp9@sw-egg-frontend-leaf02--eth10@gpu-egg-025"] will be created
  + resource "netris_link" "ns_gpu_links" {
      + id       = (known after apply)
      + ports    = [
          + "swp9@sw-egg-frontend-leaf02",
          + "eth10@gpu-egg-025",
        ]
      + underlay = "enabled"
    }

  # netris_link.ns_gpu_links["swp9@sw-egg-frontend-leaf03--eth9@gpu-egg-026"] will be created
  + resource "netris_link" "ns_gpu_links" {
      + id       = (known after apply)
      + ports    = [
          + "swp9@sw-egg-frontend-leaf03",
          + "eth9@gpu-egg-026",
        ]
      + underlay = "enabled"
    }

  # netris_link.ns_gpu_links["swp9@sw-egg-frontend-leaf04--eth10@gpu-egg-026"] will be created
  + resource "netris_link" "ns_gpu_links" {
      + id       = (known after apply)
      + ports    = [
          + "swp9@sw-egg-frontend-leaf04",
          + "eth10@gpu-egg-026",
        ]
      + underlay = "enabled"
    }

  # netris_link.ns_gpu_links["swp9@sw-egg-frontend-leaf05--eth9@gpu-egg-027"] will be created
  + resource "netris_link" "ns_gpu_links" {
      + id       = (known after apply)
      + ports    = [
          + "swp9@sw-egg-frontend-leaf05",
          + "eth9@gpu-egg-027",
        ]
      + underlay = "enabled"
    }

  # netris_link.ns_gpu_links["swp9@sw-egg-frontend-leaf06--eth10@gpu-egg-027"] will be created
  + resource "netris_link" "ns_gpu_links" {
      + id       = (known after apply)
      + ports    = [
          + "swp9@sw-egg-frontend-leaf06",
          + "eth10@gpu-egg-027",
        ]
      + underlay = "enabled"
    }

  # netris_link.ns_switch_links["swp1@sw-egg-frontend-spine01--swp63@sw-egg-frontend-leaf01"] will be created
  + resource "netris_link" "ns_switch_links" {
      + id       = (known after apply)
      + ports    = [
          + "swp1@sw-egg-frontend-spine01",
          + "swp63@sw-egg-frontend-leaf01",
        ]
      + underlay = "enabled"
    }

  # netris_link.ns_switch_links["swp1@sw-egg-frontend-spine02--swp64@sw-egg-frontend-leaf01"] will be created
  + resource "netris_link" "ns_switch_links" {
      + id       = (known after apply)
      + ports    = [
          + "swp1@sw-egg-frontend-spine02",
          + "swp64@sw-egg-frontend-leaf01",
        ]
      + underlay = "enabled"
    }

  # netris_link.ns_switch_links["swp2@sw-egg-frontend-spine01--swp63@sw-egg-frontend-leaf02"] will be created
  + resource "netris_link" "ns_switch_links" {
      + id       = (known after apply)
      + ports    = [
          + "swp2@sw-egg-frontend-spine01",
          + "swp63@sw-egg-frontend-leaf02",
        ]
      + underlay = "enabled"
    }

  # netris_link.ns_switch_links["swp2@sw-egg-frontend-spine02--swp64@sw-egg-frontend-leaf02"] will be created
  + resource "netris_link" "ns_switch_links" {
      + id       = (known after apply)
      + ports    = [
          + "swp2@sw-egg-frontend-spine02",
          + "swp64@sw-egg-frontend-leaf02",
        ]
      + underlay = "enabled"
    }

  # netris_link.ns_switch_links["swp3@sw-egg-frontend-spine01--swp63@sw-egg-frontend-leaf03"] will be created
  + resource "netris_link" "ns_switch_links" {
      + id       = (known after apply)
      + ports    = [
          + "swp3@sw-egg-frontend-spine01",
          + "swp63@sw-egg-frontend-leaf03",
        ]
      + underlay = "enabled"
    }

  # netris_link.ns_switch_links["swp3@sw-egg-frontend-spine02--swp64@sw-egg-frontend-leaf03"] will be created
  + resource "netris_link" "ns_switch_links" {
      + id       = (known after apply)
      + ports    = [
          + "swp3@sw-egg-frontend-spine02",
          + "swp64@sw-egg-frontend-leaf03",
        ]
      + underlay = "enabled"
    }

  # netris_link.ns_switch_links["swp4@sw-egg-frontend-spine01--swp63@sw-egg-frontend-leaf04"] will be created
  + resource "netris_link" "ns_switch_links" {
      + id       = (known after apply)
      + ports    = [
          + "swp4@sw-egg-frontend-spine01",
          + "swp63@sw-egg-frontend-leaf04",
        ]
      + underlay = "enabled"
    }

  # netris_link.ns_switch_links["swp4@sw-egg-frontend-spine02--swp64@sw-egg-frontend-leaf04"] will be created
  + resource "netris_link" "ns_switch_links" {
      + id       = (known after apply)
      + ports    = [
          + "swp4@sw-egg-frontend-spine02",
          + "swp64@sw-egg-frontend-leaf04",
        ]
      + underlay = "enabled"
    }

  # netris_link.ns_switch_links["swp5@sw-egg-frontend-spine01--swp63@sw-egg-frontend-leaf05"] will be created
  + resource "netris_link" "ns_switch_links" {
      + id       = (known after apply)
      + ports    = [
          + "swp5@sw-egg-frontend-spine01",
          + "swp63@sw-egg-frontend-leaf05",
        ]
      + underlay = "enabled"
    }

  # netris_link.ns_switch_links["swp5@sw-egg-frontend-spine02--swp64@sw-egg-frontend-leaf05"] will be created
  + resource "netris_link" "ns_switch_links" {
      + id       = (known after apply)
      + ports    = [
          + "swp5@sw-egg-frontend-spine02",
          + "swp64@sw-egg-frontend-leaf05",
        ]
      + underlay = "enabled"
    }

  # netris_link.ns_switch_links["swp6@sw-egg-frontend-spine01--swp63@sw-egg-frontend-leaf06"] will be created
  + resource "netris_link" "ns_switch_links" {
      + id       = (known after apply)
      + ports    = [
          + "swp6@sw-egg-frontend-spine01",
          + "swp63@sw-egg-frontend-leaf06",
        ]
      + underlay = "enabled"
    }

  # netris_link.ns_switch_links["swp6@sw-egg-frontend-spine02--swp64@sw-egg-frontend-leaf06"] will be created
  + resource "netris_link" "ns_switch_links" {
      + id       = (known after apply)
      + ports    = [
          + "swp6@sw-egg-frontend-spine02",
          + "swp64@sw-egg-frontend-leaf06",
        ]
      + underlay = "enabled"
    }

  # netris_link.oob_switch_links["swp10@sw-egg-oob-mgmt01--eth11@gpu-egg-025"] will be created
  + resource "netris_link" "oob_switch_links" {
      + id       = (known after apply)
      + ports    = [
          + "swp10@sw-egg-oob-mgmt01",
          + "eth11@gpu-egg-025",
        ]
      + underlay = "enabled"
    }

  # netris_link.oob_switch_links["swp10@sw-egg-oob-mgmt02--eth11@gpu-egg-026"] will be created
  + resource "netris_link" "oob_switch_links" {
      + id       = (known after apply)
      + ports    = [
          + "swp10@sw-egg-oob-mgmt02",
          + "eth11@gpu-egg-026",
        ]
      + underlay = "enabled"
    }

  # netris_link.oob_switch_links["swp10@sw-egg-oob-mgmt03--eth11@gpu-egg-039"] will be created
  + resource "netris_link" "oob_switch_links" {
      + id       = (known after apply)
      + ports    = [
          + "swp10@sw-egg-oob-mgmt03",
          + "eth11@gpu-egg-039",
        ]
      + underlay = "enabled"
    }

  # netris_link.oob_switch_links["swp10@sw-egg-oob-mgmt04--eth11@gpu-egg-040"] will be created
  + resource "netris_link" "oob_switch_links" {
      + id       = (known after apply)
      + ports    = [
          + "swp10@sw-egg-oob-mgmt04",
          + "eth11@gpu-egg-040",
        ]
      + underlay = "enabled"
    }

  # netris_link.oob_switch_links["swp11@sw-egg-oob-mgmt01--eth11@gpu-egg-029"] will be created
  + resource "netris_link" "oob_switch_links" {
      + id       = (known after apply)
      + ports    = [
          + "swp11@sw-egg-oob-mgmt01",
          + "eth11@gpu-egg-029",
        ]
      + underlay = "enabled"
    }

  # netris_link.oob_switch_links["swp11@sw-egg-oob-mgmt02--eth11@gpu-egg-030"] will be created
  + resource "netris_link" "oob_switch_links" {
      + id       = (known after apply)
      + ports    = [
          + "swp11@sw-egg-oob-mgmt02",
          + "eth11@gpu-egg-030",
        ]
      + underlay = "enabled"
    }

  # netris_link.oob_switch_links["swp11@sw-egg-oob-mgmt03--eth11@gpu-egg-043"] will be created
  + resource "netris_link" "oob_switch_links" {
      + id       = (known after apply)
      + ports    = [
          + "swp11@sw-egg-oob-mgmt03",
          + "eth11@gpu-egg-043",
        ]
      + underlay = "enabled"
    }

  # netris_link.oob_switch_links["swp11@sw-egg-oob-mgmt04--eth11@gpu-egg-044"] will be created
  + resource "netris_link" "oob_switch_links" {
      + id       = (known after apply)
      + ports    = [
          + "swp11@sw-egg-oob-mgmt04",
          + "eth11@gpu-egg-044",
        ]
      + underlay = "enabled"
    }

  # netris_link.oob_switch_links["swp12@sw-egg-oob-mgmt01--eth11@gpu-egg-033"] will be created
  + resource "netris_link" "oob_switch_links" {
      + id       = (known after apply)
      + ports    = [
          + "swp12@sw-egg-oob-mgmt01",
          + "eth11@gpu-egg-033",
        ]
      + underlay = "enabled"
    }

  # netris_link.oob_switch_links["swp12@sw-egg-oob-mgmt02--eth11@gpu-egg-034"] will be created
  + resource "netris_link" "oob_switch_links" {
      + id       = (known after apply)
      + ports    = [
          + "swp12@sw-egg-oob-mgmt02",
          + "eth11@gpu-egg-034",
        ]
      + underlay = "enabled"
    }

  # netris_link.oob_switch_links["swp12@sw-egg-oob-mgmt03--eth11@gpu-egg-047"] will be created
  + resource "netris_link" "oob_switch_links" {
      + id       = (known after apply)
      + ports    = [
          + "swp12@sw-egg-oob-mgmt03",
          + "eth11@gpu-egg-047",
        ]
      + underlay = "enabled"
    }

  # netris_link.oob_switch_links["swp12@sw-egg-oob-mgmt04--eth11@gpu-egg-048"] will be created
  + resource "netris_link" "oob_switch_links" {
      + id       = (known after apply)
      + ports    = [
          + "swp12@sw-egg-oob-mgmt04",
          + "eth11@gpu-egg-048",
        ]
      + underlay = "enabled"
    }

  # netris_link.oob_switch_links["swp13@sw-egg-oob-mgmt01--eth11@gpu-egg-037"] will be created
  + resource "netris_link" "oob_switch_links" {
      + id       = (known after apply)
      + ports    = [
          + "swp13@sw-egg-oob-mgmt01",
          + "eth11@gpu-egg-037",
        ]
      + underlay = "enabled"
    }

  # netris_link.oob_switch_links["swp13@sw-egg-oob-mgmt02--eth11@gpu-egg-038"] will be created
  + resource "netris_link" "oob_switch_links" {
      + id       = (known after apply)
      + ports    = [
          + "swp13@sw-egg-oob-mgmt02",
          + "eth11@gpu-egg-038",
        ]
      + underlay = "enabled"
    }

  # netris_link.oob_switch_links["swp13@sw-egg-oob-mgmt03--eth11@gpu-egg-051"] will be created
  + resource "netris_link" "oob_switch_links" {
      + id       = (known after apply)
      + ports    = [
          + "swp13@sw-egg-oob-mgmt03",
          + "eth11@gpu-egg-051",
        ]
      + underlay = "enabled"
    }

  # netris_link.oob_switch_links["swp13@sw-egg-oob-mgmt04--eth11@gpu-egg-052"] will be created
  + resource "netris_link" "oob_switch_links" {
      + id       = (known after apply)
      + ports    = [
          + "swp13@sw-egg-oob-mgmt04",
          + "eth11@gpu-egg-052",
        ]
      + underlay = "enabled"
    }

  # netris_link.oob_switch_links["swp14@sw-egg-oob-mgmt01--eth11@gpu-egg-041"] will be created
  + resource "netris_link" "oob_switch_links" {
      + id       = (known after apply)
      + ports    = [
          + "swp14@sw-egg-oob-mgmt01",
          + "eth11@gpu-egg-041",
        ]
      + underlay = "enabled"
    }

  # netris_link.oob_switch_links["swp14@sw-egg-oob-mgmt02--eth11@gpu-egg-042"] will be created
  + resource "netris_link" "oob_switch_links" {
      + id       = (known after apply)
      + ports    = [
          + "swp14@sw-egg-oob-mgmt02",
          + "eth11@gpu-egg-042",
        ]
      + underlay = "enabled"
    }

  # netris_link.oob_switch_links["swp14@sw-egg-oob-mgmt03--eth11@gpu-egg-055"] will be created
  + resource "netris_link" "oob_switch_links" {
      + id       = (known after apply)
      + ports    = [
          + "swp14@sw-egg-oob-mgmt03",
          + "eth11@gpu-egg-055",
        ]
      + underlay = "enabled"
    }

  # netris_link.oob_switch_links["swp14@sw-egg-oob-mgmt04--eth11@gpu-egg-056"] will be created
  + resource "netris_link" "oob_switch_links" {
      + id       = (known after apply)
      + ports    = [
          + "swp14@sw-egg-oob-mgmt04",
          + "eth11@gpu-egg-056",
        ]
      + underlay = "enabled"
    }

  # netris_link.oob_switch_links["swp15@sw-egg-oob-mgmt01--eth11@gpu-egg-045"] will be created
  + resource "netris_link" "oob_switch_links" {
      + id       = (known after apply)
      + ports    = [
          + "swp15@sw-egg-oob-mgmt01",
          + "eth11@gpu-egg-045",
        ]
      + underlay = "enabled"
    }

  # netris_link.oob_switch_links["swp15@sw-egg-oob-mgmt02--eth11@gpu-egg-046"] will be created
  + resource "netris_link" "oob_switch_links" {
      + id       = (known after apply)
      + ports    = [
          + "swp15@sw-egg-oob-mgmt02",
          + "eth11@gpu-egg-046",
        ]
      + underlay = "enabled"
    }

  # netris_link.oob_switch_links["swp15@sw-egg-oob-mgmt03--eth11@gpu-egg-059"] will be created
  + resource "netris_link" "oob_switch_links" {
      + id       = (known after apply)
      + ports    = [
          + "swp15@sw-egg-oob-mgmt03",
          + "eth11@gpu-egg-059",
        ]
      + underlay = "enabled"
    }

  # netris_link.oob_switch_links["swp15@sw-egg-oob-mgmt04--eth11@gpu-egg-060"] will be created
  + resource "netris_link" "oob_switch_links" {
      + id       = (known after apply)
      + ports    = [
          + "swp15@sw-egg-oob-mgmt04",
          + "eth11@gpu-egg-060",
        ]
      + underlay = "enabled"
    }

  # netris_link.oob_switch_links["swp16@sw-egg-oob-mgmt01--eth11@gpu-egg-049"] will be created
  + resource "netris_link" "oob_switch_links" {
      + id       = (known after apply)
      + ports    = [
          + "swp16@sw-egg-oob-mgmt01",
          + "eth11@gpu-egg-049",
        ]
      + underlay = "enabled"
    }

  # netris_link.oob_switch_links["swp16@sw-egg-oob-mgmt02--eth11@gpu-egg-050"] will be created
  + resource "netris_link" "oob_switch_links" {
      + id       = (known after apply)
      + ports    = [
          + "swp16@sw-egg-oob-mgmt02",
          + "eth11@gpu-egg-050",
        ]
      + underlay = "enabled"
    }

  # netris_link.oob_switch_links["swp16@sw-egg-oob-mgmt03--eth11@gpu-egg-063"] will be created
  + resource "netris_link" "oob_switch_links" {
      + id       = (known after apply)
      + ports    = [
          + "swp16@sw-egg-oob-mgmt03",
          + "eth11@gpu-egg-063",
        ]
      + underlay = "enabled"
    }

  # netris_link.oob_switch_links["swp16@sw-egg-oob-mgmt04--eth11@gpu-egg-064"] will be created
  + resource "netris_link" "oob_switch_links" {
      + id       = (known after apply)
      + ports    = [
          + "swp16@sw-egg-oob-mgmt04",
          + "eth11@gpu-egg-064",
        ]
      + underlay = "enabled"
    }

  # netris_link.oob_switch_links["swp17@sw-egg-oob-mgmt01--eth11@gpu-egg-053"] will be created
  + resource "netris_link" "oob_switch_links" {
      + id       = (known after apply)
      + ports    = [
          + "swp17@sw-egg-oob-mgmt01",
          + "eth11@gpu-egg-053",
        ]
      + underlay = "enabled"
    }

  # netris_link.oob_switch_links["swp17@sw-egg-oob-mgmt02--eth11@gpu-egg-054"] will be created
  + resource "netris_link" "oob_switch_links" {
      + id       = (known after apply)
      + ports    = [
          + "swp17@sw-egg-oob-mgmt02",
          + "eth11@gpu-egg-054",
        ]
      + underlay = "enabled"
    }

  # netris_link.oob_switch_links["swp17@sw-egg-oob-mgmt03--eth11@gpu-egg-067"] will be created
  + resource "netris_link" "oob_switch_links" {
      + id       = (known after apply)
      + ports    = [
          + "swp17@sw-egg-oob-mgmt03",
          + "eth11@gpu-egg-067",
        ]
      + underlay = "enabled"
    }

  # netris_link.oob_switch_links["swp17@sw-egg-oob-mgmt04--eth11@gpu-egg-068"] will be created
  + resource "netris_link" "oob_switch_links" {
      + id       = (known after apply)
      + ports    = [
          + "swp17@sw-egg-oob-mgmt04",
          + "eth11@gpu-egg-068",
        ]
      + underlay = "enabled"
    }

  # netris_link.oob_switch_links["swp18@sw-egg-oob-mgmt01--eth11@gpu-egg-057"] will be created
  + resource "netris_link" "oob_switch_links" {
      + id       = (known after apply)
      + ports    = [
          + "swp18@sw-egg-oob-mgmt01",
          + "eth11@gpu-egg-057",
        ]
      + underlay = "enabled"
    }

  # netris_link.oob_switch_links["swp18@sw-egg-oob-mgmt02--eth11@gpu-egg-058"] will be created
  + resource "netris_link" "oob_switch_links" {
      + id       = (known after apply)
      + ports    = [
          + "swp18@sw-egg-oob-mgmt02",
          + "eth11@gpu-egg-058",
        ]
      + underlay = "enabled"
    }

  # netris_link.oob_switch_links["swp18@sw-egg-oob-mgmt03--eth11@gpu-egg-071"] will be created
  + resource "netris_link" "oob_switch_links" {
      + id       = (known after apply)
      + ports    = [
          + "swp18@sw-egg-oob-mgmt03",
          + "eth11@gpu-egg-071",
        ]
      + underlay = "enabled"
    }

  # netris_link.oob_switch_links["swp18@sw-egg-oob-mgmt04--eth11@gpu-egg-072"] will be created
  + resource "netris_link" "oob_switch_links" {
      + id       = (known after apply)
      + ports    = [
          + "swp18@sw-egg-oob-mgmt04",
          + "eth11@gpu-egg-072",
        ]
      + underlay = "enabled"
    }

  # netris_link.oob_switch_links["swp19@sw-egg-oob-mgmt01--eth11@gpu-egg-061"] will be created
  + resource "netris_link" "oob_switch_links" {
      + id       = (known after apply)
      + ports    = [
          + "swp19@sw-egg-oob-mgmt01",
          + "eth11@gpu-egg-061",
        ]
      + underlay = "enabled"
    }

  # netris_link.oob_switch_links["swp19@sw-egg-oob-mgmt02--eth11@gpu-egg-062"] will be created
  + resource "netris_link" "oob_switch_links" {
      + id       = (known after apply)
      + ports    = [
          + "swp19@sw-egg-oob-mgmt02",
          + "eth11@gpu-egg-062",
        ]
      + underlay = "enabled"
    }

  # netris_link.oob_switch_links["swp19@sw-egg-oob-mgmt03--eth11@gpu-egg-075"] will be created
  + resource "netris_link" "oob_switch_links" {
      + id       = (known after apply)
      + ports    = [
          + "swp19@sw-egg-oob-mgmt03",
          + "eth11@gpu-egg-075",
        ]
      + underlay = "enabled"
    }

  # netris_link.oob_switch_links["swp19@sw-egg-oob-mgmt04--eth11@gpu-egg-076"] will be created
  + resource "netris_link" "oob_switch_links" {
      + id       = (known after apply)
      + ports    = [
          + "swp19@sw-egg-oob-mgmt04",
          + "eth11@gpu-egg-076",
        ]
      + underlay = "enabled"
    }

  # netris_link.oob_switch_links["swp1@sw-egg-oob-mgmt01--eth1@srv-egg-cp01"] will be created
  + resource "netris_link" "oob_switch_links" {
      + id       = (known after apply)
      + ports    = [
          + "swp1@sw-egg-oob-mgmt01",
          + "eth1@srv-egg-cp01",
        ]
      + underlay = "enabled"
    }

  # netris_link.oob_switch_links["swp1@sw-egg-oob-mgmt02--eth2@srv-egg-cp01"] will be created
  + resource "netris_link" "oob_switch_links" {
      + id       = (known after apply)
      + ports    = [
          + "swp1@sw-egg-oob-mgmt02",
          + "eth2@srv-egg-cp01",
        ]
      + underlay = "enabled"
    }

  # netris_link.oob_switch_links["swp1@sw-egg-oob-mgmt03--eth11@gpu-egg-003"] will be created
  + resource "netris_link" "oob_switch_links" {
      + id       = (known after apply)
      + ports    = [
          + "swp1@sw-egg-oob-mgmt03",
          + "eth11@gpu-egg-003",
        ]
      + underlay = "enabled"
    }

  # netris_link.oob_switch_links["swp1@sw-egg-oob-mgmt04--eth11@gpu-egg-004"] will be created
  + resource "netris_link" "oob_switch_links" {
      + id       = (known after apply)
      + ports    = [
          + "swp1@sw-egg-oob-mgmt04",
          + "eth11@gpu-egg-004",
        ]
      + underlay = "enabled"
    }

  # netris_link.oob_switch_links["swp20@sw-egg-oob-mgmt01--eth11@gpu-egg-065"] will be created
  + resource "netris_link" "oob_switch_links" {
      + id       = (known after apply)
      + ports    = [
          + "swp20@sw-egg-oob-mgmt01",
          + "eth11@gpu-egg-065",
        ]
      + underlay = "enabled"
    }

  # netris_link.oob_switch_links["swp20@sw-egg-oob-mgmt02--eth11@gpu-egg-066"] will be created
  + resource "netris_link" "oob_switch_links" {
      + id       = (known after apply)
      + ports    = [
          + "swp20@sw-egg-oob-mgmt02",
          + "eth11@gpu-egg-066",
        ]
      + underlay = "enabled"
    }

  # netris_link.oob_switch_links["swp20@sw-egg-oob-mgmt03--eth11@gpu-egg-079"] will be created
  + resource "netris_link" "oob_switch_links" {
      + id       = (known after apply)
      + ports    = [
          + "swp20@sw-egg-oob-mgmt03",
          + "eth11@gpu-egg-079",
        ]
      + underlay = "enabled"
    }

  # netris_link.oob_switch_links["swp20@sw-egg-oob-mgmt04--eth11@gpu-egg-080"] will be created
  + resource "netris_link" "oob_switch_links" {
      + id       = (known after apply)
      + ports    = [
          + "swp20@sw-egg-oob-mgmt04",
          + "eth11@gpu-egg-080",
        ]
      + underlay = "enabled"
    }

  # netris_link.oob_switch_links["swp21@sw-egg-oob-mgmt01--eth11@gpu-egg-069"] will be created
  + resource "netris_link" "oob_switch_links" {
      + id       = (known after apply)
      + ports    = [
          + "swp21@sw-egg-oob-mgmt01",
          + "eth11@gpu-egg-069",
        ]
      + underlay = "enabled"
    }

  # netris_link.oob_switch_links["swp21@sw-egg-oob-mgmt02--eth11@gpu-egg-070"] will be created
  + resource "netris_link" "oob_switch_links" {
      + id       = (known after apply)
      + ports    = [
          + "swp21@sw-egg-oob-mgmt02",
          + "eth11@gpu-egg-070",
        ]
      + underlay = "enabled"
    }

  # netris_link.oob_switch_links["swp21@sw-egg-oob-mgmt03--eth11@gpu-egg-083"] will be created
  + resource "netris_link" "oob_switch_links" {
      + id       = (known after apply)
      + ports    = [
          + "swp21@sw-egg-oob-mgmt03",
          + "eth11@gpu-egg-083",
        ]
      + underlay = "enabled"
    }

  # netris_link.oob_switch_links["swp21@sw-egg-oob-mgmt04--eth11@gpu-egg-084"] will be created
  + resource "netris_link" "oob_switch_links" {
      + id       = (known after apply)
      + ports    = [
          + "swp21@sw-egg-oob-mgmt04",
          + "eth11@gpu-egg-084",
        ]
      + underlay = "enabled"
    }

  # netris_link.oob_switch_links["swp22@sw-egg-oob-mgmt01--eth11@gpu-egg-073"] will be created
  + resource "netris_link" "oob_switch_links" {
      + id       = (known after apply)
      + ports    = [
          + "swp22@sw-egg-oob-mgmt01",
          + "eth11@gpu-egg-073",
        ]
      + underlay = "enabled"
    }

  # netris_link.oob_switch_links["swp22@sw-egg-oob-mgmt02--eth11@gpu-egg-074"] will be created
  + resource "netris_link" "oob_switch_links" {
      + id       = (known after apply)
      + ports    = [
          + "swp22@sw-egg-oob-mgmt02",
          + "eth11@gpu-egg-074",
        ]
      + underlay = "enabled"
    }

  # netris_link.oob_switch_links["swp22@sw-egg-oob-mgmt03--eth11@gpu-egg-087"] will be created
  + resource "netris_link" "oob_switch_links" {
      + id       = (known after apply)
      + ports    = [
          + "swp22@sw-egg-oob-mgmt03",
          + "eth11@gpu-egg-087",
        ]
      + underlay = "enabled"
    }

  # netris_link.oob_switch_links["swp22@sw-egg-oob-mgmt04--eth11@gpu-egg-088"] will be created
  + resource "netris_link" "oob_switch_links" {
      + id       = (known after apply)
      + ports    = [
          + "swp22@sw-egg-oob-mgmt04",
          + "eth11@gpu-egg-088",
        ]
      + underlay = "enabled"
    }

  # netris_link.oob_switch_links["swp23@sw-egg-oob-mgmt01--eth11@gpu-egg-077"] will be created
  + resource "netris_link" "oob_switch_links" {
      + id       = (known after apply)
      + ports    = [
          + "swp23@sw-egg-oob-mgmt01",
          + "eth11@gpu-egg-077",
        ]
      + underlay = "enabled"
    }

  # netris_link.oob_switch_links["swp23@sw-egg-oob-mgmt02--eth11@gpu-egg-078"] will be created
  + resource "netris_link" "oob_switch_links" {
      + id       = (known after apply)
      + ports    = [
          + "swp23@sw-egg-oob-mgmt02",
          + "eth11@gpu-egg-078",
        ]
      + underlay = "enabled"
    }

  # netris_link.oob_switch_links["swp23@sw-egg-oob-mgmt03--eth11@gpu-egg-091"] will be created
  + resource "netris_link" "oob_switch_links" {
      + id       = (known after apply)
      + ports    = [
          + "swp23@sw-egg-oob-mgmt03",
          + "eth11@gpu-egg-091",
        ]
      + underlay = "enabled"
    }

  # netris_link.oob_switch_links["swp23@sw-egg-oob-mgmt04--eth11@gpu-egg-092"] will be created
  + resource "netris_link" "oob_switch_links" {
      + id       = (known after apply)
      + ports    = [
          + "swp23@sw-egg-oob-mgmt04",
          + "eth11@gpu-egg-092",
        ]
      + underlay = "enabled"
    }

  # netris_link.oob_switch_links["swp24@sw-egg-oob-mgmt01--eth11@gpu-egg-081"] will be created
  + resource "netris_link" "oob_switch_links" {
      + id       = (known after apply)
      + ports    = [
          + "swp24@sw-egg-oob-mgmt01",
          + "eth11@gpu-egg-081",
        ]
      + underlay = "enabled"
    }

  # netris_link.oob_switch_links["swp24@sw-egg-oob-mgmt02--eth11@gpu-egg-082"] will be created
  + resource "netris_link" "oob_switch_links" {
      + id       = (known after apply)
      + ports    = [
          + "swp24@sw-egg-oob-mgmt02",
          + "eth11@gpu-egg-082",
        ]
      + underlay = "enabled"
    }

  # netris_link.oob_switch_links["swp24@sw-egg-oob-mgmt03--eth11@gpu-egg-095"] will be created
  + resource "netris_link" "oob_switch_links" {
      + id       = (known after apply)
      + ports    = [
          + "swp24@sw-egg-oob-mgmt03",
          + "eth11@gpu-egg-095",
        ]
      + underlay = "enabled"
    }

  # netris_link.oob_switch_links["swp24@sw-egg-oob-mgmt04--eth11@gpu-egg-096"] will be created
  + resource "netris_link" "oob_switch_links" {
      + id       = (known after apply)
      + ports    = [
          + "swp24@sw-egg-oob-mgmt04",
          + "eth11@gpu-egg-096",
        ]
      + underlay = "enabled"
    }

  # netris_link.oob_switch_links["swp25@sw-egg-oob-mgmt01--eth11@gpu-egg-085"] will be created
  + resource "netris_link" "oob_switch_links" {
      + id       = (known after apply)
      + ports    = [
          + "swp25@sw-egg-oob-mgmt01",
          + "eth11@gpu-egg-085",
        ]
      + underlay = "enabled"
    }

  # netris_link.oob_switch_links["swp25@sw-egg-oob-mgmt02--eth11@gpu-egg-086"] will be created
  + resource "netris_link" "oob_switch_links" {
      + id       = (known after apply)
      + ports    = [
          + "swp25@sw-egg-oob-mgmt02",
          + "eth11@gpu-egg-086",
        ]
      + underlay = "enabled"
    }

  # netris_link.oob_switch_links["swp25@sw-egg-oob-mgmt03--eth11@gpu-egg-099"] will be created
  + resource "netris_link" "oob_switch_links" {
      + id       = (known after apply)
      + ports    = [
          + "swp25@sw-egg-oob-mgmt03",
          + "eth11@gpu-egg-099",
        ]
      + underlay = "enabled"
    }

  # netris_link.oob_switch_links["swp25@sw-egg-oob-mgmt04--eth11@gpu-egg-100"] will be created
  + resource "netris_link" "oob_switch_links" {
      + id       = (known after apply)
      + ports    = [
          + "swp25@sw-egg-oob-mgmt04",
          + "eth11@gpu-egg-100",
        ]
      + underlay = "enabled"
    }

  # netris_link.oob_switch_links["swp26@sw-egg-oob-mgmt01--eth11@gpu-egg-089"] will be created
  + resource "netris_link" "oob_switch_links" {
      + id       = (known after apply)
      + ports    = [
          + "swp26@sw-egg-oob-mgmt01",
          + "eth11@gpu-egg-089",
        ]
      + underlay = "enabled"
    }

  # netris_link.oob_switch_links["swp26@sw-egg-oob-mgmt02--eth11@gpu-egg-090"] will be created
  + resource "netris_link" "oob_switch_links" {
      + id       = (known after apply)
      + ports    = [
          + "swp26@sw-egg-oob-mgmt02",
          + "eth11@gpu-egg-090",
        ]
      + underlay = "enabled"
    }

  # netris_link.oob_switch_links["swp26@sw-egg-oob-mgmt03--eth11@gpu-egg-103"] will be created
  + resource "netris_link" "oob_switch_links" {
      + id       = (known after apply)
      + ports    = [
          + "swp26@sw-egg-oob-mgmt03",
          + "eth11@gpu-egg-103",
        ]
      + underlay = "enabled"
    }

  # netris_link.oob_switch_links["swp26@sw-egg-oob-mgmt04--eth11@gpu-egg-104"] will be created
  + resource "netris_link" "oob_switch_links" {
      + id       = (known after apply)
      + ports    = [
          + "swp26@sw-egg-oob-mgmt04",
          + "eth11@gpu-egg-104",
        ]
      + underlay = "enabled"
    }

  # netris_link.oob_switch_links["swp27@sw-egg-oob-mgmt01--eth11@gpu-egg-093"] will be created
  + resource "netris_link" "oob_switch_links" {
      + id       = (known after apply)
      + ports    = [
          + "swp27@sw-egg-oob-mgmt01",
          + "eth11@gpu-egg-093",
        ]
      + underlay = "enabled"
    }

  # netris_link.oob_switch_links["swp27@sw-egg-oob-mgmt02--eth11@gpu-egg-094"] will be created
  + resource "netris_link" "oob_switch_links" {
      + id       = (known after apply)
      + ports    = [
          + "swp27@sw-egg-oob-mgmt02",
          + "eth11@gpu-egg-094",
        ]
      + underlay = "enabled"
    }

  # netris_link.oob_switch_links["swp27@sw-egg-oob-mgmt03--eth11@gpu-egg-107"] will be created
  + resource "netris_link" "oob_switch_links" {
      + id       = (known after apply)
      + ports    = [
          + "swp27@sw-egg-oob-mgmt03",
          + "eth11@gpu-egg-107",
        ]
      + underlay = "enabled"
    }

  # netris_link.oob_switch_links["swp27@sw-egg-oob-mgmt04--eth11@gpu-egg-108"] will be created
  + resource "netris_link" "oob_switch_links" {
      + id       = (known after apply)
      + ports    = [
          + "swp27@sw-egg-oob-mgmt04",
          + "eth11@gpu-egg-108",
        ]
      + underlay = "enabled"
    }

  # netris_link.oob_switch_links["swp28@sw-egg-oob-mgmt01--eth11@gpu-egg-097"] will be created
  + resource "netris_link" "oob_switch_links" {
      + id       = (known after apply)
      + ports    = [
          + "swp28@sw-egg-oob-mgmt01",
          + "eth11@gpu-egg-097",
        ]
      + underlay = "enabled"
    }

  # netris_link.oob_switch_links["swp28@sw-egg-oob-mgmt02--eth11@gpu-egg-098"] will be created
  + resource "netris_link" "oob_switch_links" {
      + id       = (known after apply)
      + ports    = [
          + "swp28@sw-egg-oob-mgmt02",
          + "eth11@gpu-egg-098",
        ]
      + underlay = "enabled"
    }

  # netris_link.oob_switch_links["swp28@sw-egg-oob-mgmt03--eth11@gpu-egg-111"] will be created
  + resource "netris_link" "oob_switch_links" {
      + id       = (known after apply)
      + ports    = [
          + "swp28@sw-egg-oob-mgmt03",
          + "eth11@gpu-egg-111",
        ]
      + underlay = "enabled"
    }

  # netris_link.oob_switch_links["swp28@sw-egg-oob-mgmt04--eth11@gpu-egg-112"] will be created
  + resource "netris_link" "oob_switch_links" {
      + id       = (known after apply)
      + ports    = [
          + "swp28@sw-egg-oob-mgmt04",
          + "eth11@gpu-egg-112",
        ]
      + underlay = "enabled"
    }

  # netris_link.oob_switch_links["swp29@sw-egg-oob-mgmt01--eth11@gpu-egg-101"] will be created
  + resource "netris_link" "oob_switch_links" {
      + id       = (known after apply)
      + ports    = [
          + "swp29@sw-egg-oob-mgmt01",
          + "eth11@gpu-egg-101",
        ]
      + underlay = "enabled"
    }

  # netris_link.oob_switch_links["swp29@sw-egg-oob-mgmt02--eth11@gpu-egg-102"] will be created
  + resource "netris_link" "oob_switch_links" {
      + id       = (known after apply)
      + ports    = [
          + "swp29@sw-egg-oob-mgmt02",
          + "eth11@gpu-egg-102",
        ]
      + underlay = "enabled"
    }

  # netris_link.oob_switch_links["swp29@sw-egg-oob-mgmt03--eth11@gpu-egg-115"] will be created
  + resource "netris_link" "oob_switch_links" {
      + id       = (known after apply)
      + ports    = [
          + "swp29@sw-egg-oob-mgmt03",
          + "eth11@gpu-egg-115",
        ]
      + underlay = "enabled"
    }

  # netris_link.oob_switch_links["swp29@sw-egg-oob-mgmt04--eth11@gpu-egg-116"] will be created
  + resource "netris_link" "oob_switch_links" {
      + id       = (known after apply)
      + ports    = [
          + "swp29@sw-egg-oob-mgmt04",
          + "eth11@gpu-egg-116",
        ]
      + underlay = "enabled"
    }

  # netris_link.oob_switch_links["swp2@sw-egg-oob-mgmt01--eth1@srv-egg-cp02"] will be created
  + resource "netris_link" "oob_switch_links" {
      + id       = (known after apply)
      + ports    = [
          + "swp2@sw-egg-oob-mgmt01",
          + "eth1@srv-egg-cp02",
        ]
      + underlay = "enabled"
    }

  # netris_link.oob_switch_links["swp2@sw-egg-oob-mgmt02--eth2@srv-egg-cp02"] will be created
  + resource "netris_link" "oob_switch_links" {
      + id       = (known after apply)
      + ports    = [
          + "swp2@sw-egg-oob-mgmt02",
          + "eth2@srv-egg-cp02",
        ]
      + underlay = "enabled"
    }

  # netris_link.oob_switch_links["swp2@sw-egg-oob-mgmt03--eth11@gpu-egg-007"] will be created
  + resource "netris_link" "oob_switch_links" {
      + id       = (known after apply)
      + ports    = [
          + "swp2@sw-egg-oob-mgmt03",
          + "eth11@gpu-egg-007",
        ]
      + underlay = "enabled"
    }

  # netris_link.oob_switch_links["swp2@sw-egg-oob-mgmt04--eth11@gpu-egg-008"] will be created
  + resource "netris_link" "oob_switch_links" {
      + id       = (known after apply)
      + ports    = [
          + "swp2@sw-egg-oob-mgmt04",
          + "eth11@gpu-egg-008",
        ]
      + underlay = "enabled"
    }

  # netris_link.oob_switch_links["swp30@sw-egg-oob-mgmt01--eth11@gpu-egg-105"] will be created
  + resource "netris_link" "oob_switch_links" {
      + id       = (known after apply)
      + ports    = [
          + "swp30@sw-egg-oob-mgmt01",
          + "eth11@gpu-egg-105",
        ]
      + underlay = "enabled"
    }

  # netris_link.oob_switch_links["swp30@sw-egg-oob-mgmt02--eth11@gpu-egg-106"] will be created
  + resource "netris_link" "oob_switch_links" {
      + id       = (known after apply)
      + ports    = [
          + "swp30@sw-egg-oob-mgmt02",
          + "eth11@gpu-egg-106",
        ]
      + underlay = "enabled"
    }

  # netris_link.oob_switch_links["swp30@sw-egg-oob-mgmt03--eth11@gpu-egg-119"] will be created
  + resource "netris_link" "oob_switch_links" {
      + id       = (known after apply)
      + ports    = [
          + "swp30@sw-egg-oob-mgmt03",
          + "eth11@gpu-egg-119",
        ]
      + underlay = "enabled"
    }

  # netris_link.oob_switch_links["swp30@sw-egg-oob-mgmt04--eth11@gpu-egg-120"] will be created
  + resource "netris_link" "oob_switch_links" {
      + id       = (known after apply)
      + ports    = [
          + "swp30@sw-egg-oob-mgmt04",
          + "eth11@gpu-egg-120",
        ]
      + underlay = "enabled"
    }

  # netris_link.oob_switch_links["swp31@sw-egg-oob-mgmt01--eth11@gpu-egg-109"] will be created
  + resource "netris_link" "oob_switch_links" {
      + id       = (known after apply)
      + ports    = [
          + "swp31@sw-egg-oob-mgmt01",
          + "eth11@gpu-egg-109",
        ]
      + underlay = "enabled"
    }

  # netris_link.oob_switch_links["swp31@sw-egg-oob-mgmt02--eth11@gpu-egg-110"] will be created
  + resource "netris_link" "oob_switch_links" {
      + id       = (known after apply)
      + ports    = [
          + "swp31@sw-egg-oob-mgmt02",
          + "eth11@gpu-egg-110",
        ]
      + underlay = "enabled"
    }

  # netris_link.oob_switch_links["swp31@sw-egg-oob-mgmt03--eth11@gpu-egg-123"] will be created
  + resource "netris_link" "oob_switch_links" {
      + id       = (known after apply)
      + ports    = [
          + "swp31@sw-egg-oob-mgmt03",
          + "eth11@gpu-egg-123",
        ]
      + underlay = "enabled"
    }

  # netris_link.oob_switch_links["swp31@sw-egg-oob-mgmt04--eth11@gpu-egg-124"] will be created
  + resource "netris_link" "oob_switch_links" {
      + id       = (known after apply)
      + ports    = [
          + "swp31@sw-egg-oob-mgmt04",
          + "eth11@gpu-egg-124",
        ]
      + underlay = "enabled"
    }

  # netris_link.oob_switch_links["swp32@sw-egg-oob-mgmt01--eth11@gpu-egg-113"] will be created
  + resource "netris_link" "oob_switch_links" {
      + id       = (known after apply)
      + ports    = [
          + "swp32@sw-egg-oob-mgmt01",
          + "eth11@gpu-egg-113",
        ]
      + underlay = "enabled"
    }

  # netris_link.oob_switch_links["swp32@sw-egg-oob-mgmt02--eth11@gpu-egg-114"] will be created
  + resource "netris_link" "oob_switch_links" {
      + id       = (known after apply)
      + ports    = [
          + "swp32@sw-egg-oob-mgmt02",
          + "eth11@gpu-egg-114",
        ]
      + underlay = "enabled"
    }

  # netris_link.oob_switch_links["swp32@sw-egg-oob-mgmt03--eth11@gpu-egg-127"] will be created
  + resource "netris_link" "oob_switch_links" {
      + id       = (known after apply)
      + ports    = [
          + "swp32@sw-egg-oob-mgmt03",
          + "eth11@gpu-egg-127",
        ]
      + underlay = "enabled"
    }

  # netris_link.oob_switch_links["swp32@sw-egg-oob-mgmt04--eth11@gpu-egg-128"] will be created
  + resource "netris_link" "oob_switch_links" {
      + id       = (known after apply)
      + ports    = [
          + "swp32@sw-egg-oob-mgmt04",
          + "eth11@gpu-egg-128",
        ]
      + underlay = "enabled"
    }

  # netris_link.oob_switch_links["swp33@sw-egg-oob-mgmt01--eth11@gpu-egg-117"] will be created
  + resource "netris_link" "oob_switch_links" {
      + id       = (known after apply)
      + ports    = [
          + "swp33@sw-egg-oob-mgmt01",
          + "eth11@gpu-egg-117",
        ]
      + underlay = "enabled"
    }

  # netris_link.oob_switch_links["swp33@sw-egg-oob-mgmt02--eth11@gpu-egg-118"] will be created
  + resource "netris_link" "oob_switch_links" {
      + id       = (known after apply)
      + ports    = [
          + "swp33@sw-egg-oob-mgmt02",
          + "eth11@gpu-egg-118",
        ]
      + underlay = "enabled"
    }

  # netris_link.oob_switch_links["swp33@sw-egg-oob-mgmt03--eth5@srv-egg-storage03"] will be created
  + resource "netris_link" "oob_switch_links" {
      + id       = (known after apply)
      + ports    = [
          + "swp33@sw-egg-oob-mgmt03",
          + "eth5@srv-egg-storage03",
        ]
      + underlay = "enabled"
    }

  # netris_link.oob_switch_links["swp33@sw-egg-oob-mgmt04--eth5@srv-egg-storage04"] will be created
  + resource "netris_link" "oob_switch_links" {
      + id       = (known after apply)
      + ports    = [
          + "swp33@sw-egg-oob-mgmt04",
          + "eth5@srv-egg-storage04",
        ]
      + underlay = "enabled"
    }

  # netris_link.oob_switch_links["swp34@sw-egg-oob-mgmt01--eth11@gpu-egg-121"] will be created
  + resource "netris_link" "oob_switch_links" {
      + id       = (known after apply)
      + ports    = [
          + "swp34@sw-egg-oob-mgmt01",
          + "eth11@gpu-egg-121",
        ]
      + underlay = "enabled"
    }

  # netris_link.oob_switch_links["swp34@sw-egg-oob-mgmt02--eth11@gpu-egg-122"] will be created
  + resource "netris_link" "oob_switch_links" {
      + id       = (known after apply)
      + ports    = [
          + "swp34@sw-egg-oob-mgmt02",
          + "eth11@gpu-egg-122",
        ]
      + underlay = "enabled"
    }

  # netris_link.oob_switch_links["swp35@sw-egg-oob-mgmt01--eth11@gpu-egg-125"] will be created
  + resource "netris_link" "oob_switch_links" {
      + id       = (known after apply)
      + ports    = [
          + "swp35@sw-egg-oob-mgmt01",
          + "eth11@gpu-egg-125",
        ]
      + underlay = "enabled"
    }

  # netris_link.oob_switch_links["swp35@sw-egg-oob-mgmt02--eth11@gpu-egg-126"] will be created
  + resource "netris_link" "oob_switch_links" {
      + id       = (known after apply)
      + ports    = [
          + "swp35@sw-egg-oob-mgmt02",
          + "eth11@gpu-egg-126",
        ]
      + underlay = "enabled"
    }

  # netris_link.oob_switch_links["swp36@sw-egg-oob-mgmt01--eth5@srv-egg-storage01"] will be created
  + resource "netris_link" "oob_switch_links" {
      + id       = (known after apply)
      + ports    = [
          + "swp36@sw-egg-oob-mgmt01",
          + "eth5@srv-egg-storage01",
        ]
      + underlay = "enabled"
    }

  # netris_link.oob_switch_links["swp36@sw-egg-oob-mgmt02--eth5@srv-egg-storage02"] will be created
  + resource "netris_link" "oob_switch_links" {
      + id       = (known after apply)
      + ports    = [
          + "swp36@sw-egg-oob-mgmt02",
          + "eth5@srv-egg-storage02",
        ]
      + underlay = "enabled"
    }

  # netris_link.oob_switch_links["swp3@sw-egg-oob-mgmt01--eth1@srv-egg-cp03"] will be created
  + resource "netris_link" "oob_switch_links" {
      + id       = (known after apply)
      + ports    = [
          + "swp3@sw-egg-oob-mgmt01",
          + "eth1@srv-egg-cp03",
        ]
      + underlay = "enabled"
    }

  # netris_link.oob_switch_links["swp3@sw-egg-oob-mgmt02--eth2@srv-egg-cp03"] will be created
  + resource "netris_link" "oob_switch_links" {
      + id       = (known after apply)
      + ports    = [
          + "swp3@sw-egg-oob-mgmt02",
          + "eth2@srv-egg-cp03",
        ]
      + underlay = "enabled"
    }

  # netris_link.oob_switch_links["swp3@sw-egg-oob-mgmt03--eth11@gpu-egg-011"] will be created
  + resource "netris_link" "oob_switch_links" {
      + id       = (known after apply)
      + ports    = [
          + "swp3@sw-egg-oob-mgmt03",
          + "eth11@gpu-egg-011",
        ]
      + underlay = "enabled"
    }

  # netris_link.oob_switch_links["swp3@sw-egg-oob-mgmt04--eth11@gpu-egg-012"] will be created
  + resource "netris_link" "oob_switch_links" {
      + id       = (known after apply)
      + ports    = [
          + "swp3@sw-egg-oob-mgmt04",
          + "eth11@gpu-egg-012",
        ]
      + underlay = "enabled"
    }

  # netris_link.oob_switch_links["swp47@sw-egg-oob-mgmt01--swp47@sw-egg-oob-mgmt02"] will be created
  + resource "netris_link" "oob_switch_links" {
      + id       = (known after apply)
      + ports    = [
          + "swp47@sw-egg-oob-mgmt01",
          + "swp47@sw-egg-oob-mgmt02",
        ]
      + underlay = "enabled"
    }

  # netris_link.oob_switch_links["swp47@sw-egg-oob-mgmt03--swp47@sw-egg-oob-mgmt04"] will be created
  + resource "netris_link" "oob_switch_links" {
      + id       = (known after apply)
      + ports    = [
          + "swp47@sw-egg-oob-mgmt03",
          + "swp47@sw-egg-oob-mgmt04",
        ]
      + underlay = "enabled"
    }

  # netris_link.oob_switch_links["swp48@sw-egg-oob-mgmt01--swp48@sw-egg-oob-mgmt02"] will be created
  + resource "netris_link" "oob_switch_links" {
      + id       = (known after apply)
      + ports    = [
          + "swp48@sw-egg-oob-mgmt01",
          + "swp48@sw-egg-oob-mgmt02",
        ]
      + underlay = "enabled"
    }

  # netris_link.oob_switch_links["swp48@sw-egg-oob-mgmt03--swp48@sw-egg-oob-mgmt04"] will be created
  + resource "netris_link" "oob_switch_links" {
      + id       = (known after apply)
      + ports    = [
          + "swp48@sw-egg-oob-mgmt03",
          + "swp48@sw-egg-oob-mgmt04",
        ]
      + underlay = "enabled"
    }

  # netris_link.oob_switch_links["swp4@sw-egg-oob-mgmt01--eth11@gpu-egg-001"] will be created
  + resource "netris_link" "oob_switch_links" {
      + id       = (known after apply)
      + ports    = [
          + "swp4@sw-egg-oob-mgmt01",
          + "eth11@gpu-egg-001",
        ]
      + underlay = "enabled"
    }

  # netris_link.oob_switch_links["swp4@sw-egg-oob-mgmt02--eth11@gpu-egg-002"] will be created
  + resource "netris_link" "oob_switch_links" {
      + id       = (known after apply)
      + ports    = [
          + "swp4@sw-egg-oob-mgmt02",
          + "eth11@gpu-egg-002",
        ]
      + underlay = "enabled"
    }

  # netris_link.oob_switch_links["swp4@sw-egg-oob-mgmt03--eth11@gpu-egg-015"] will be created
  + resource "netris_link" "oob_switch_links" {
      + id       = (known after apply)
      + ports    = [
          + "swp4@sw-egg-oob-mgmt03",
          + "eth11@gpu-egg-015",
        ]
      + underlay = "enabled"
    }

  # netris_link.oob_switch_links["swp4@sw-egg-oob-mgmt04--eth11@gpu-egg-016"] will be created
  + resource "netris_link" "oob_switch_links" {
      + id       = (known after apply)
      + ports    = [
          + "swp4@sw-egg-oob-mgmt04",
          + "eth11@gpu-egg-016",
        ]
      + underlay = "enabled"
    }

  # netris_link.oob_switch_links["swp5@sw-egg-oob-mgmt01--eth11@gpu-egg-005"] will be created
  + resource "netris_link" "oob_switch_links" {
      + id       = (known after apply)
      + ports    = [
          + "swp5@sw-egg-oob-mgmt01",
          + "eth11@gpu-egg-005",
        ]
      + underlay = "enabled"
    }

  # netris_link.oob_switch_links["swp5@sw-egg-oob-mgmt02--eth11@gpu-egg-006"] will be created
  + resource "netris_link" "oob_switch_links" {
      + id       = (known after apply)
      + ports    = [
          + "swp5@sw-egg-oob-mgmt02",
          + "eth11@gpu-egg-006",
        ]
      + underlay = "enabled"
    }

  # netris_link.oob_switch_links["swp5@sw-egg-oob-mgmt03--eth11@gpu-egg-019"] will be created
  + resource "netris_link" "oob_switch_links" {
      + id       = (known after apply)
      + ports    = [
          + "swp5@sw-egg-oob-mgmt03",
          + "eth11@gpu-egg-019",
        ]
      + underlay = "enabled"
    }

  # netris_link.oob_switch_links["swp5@sw-egg-oob-mgmt04--eth11@gpu-egg-020"] will be created
  + resource "netris_link" "oob_switch_links" {
      + id       = (known after apply)
      + ports    = [
          + "swp5@sw-egg-oob-mgmt04",
          + "eth11@gpu-egg-020",
        ]
      + underlay = "enabled"
    }

  # netris_link.oob_switch_links["swp6@sw-egg-oob-mgmt01--eth11@gpu-egg-009"] will be created
  + resource "netris_link" "oob_switch_links" {
      + id       = (known after apply)
      + ports    = [
          + "swp6@sw-egg-oob-mgmt01",
          + "eth11@gpu-egg-009",
        ]
      + underlay = "enabled"
    }

  # netris_link.oob_switch_links["swp6@sw-egg-oob-mgmt02--eth11@gpu-egg-010"] will be created
  + resource "netris_link" "oob_switch_links" {
      + id       = (known after apply)
      + ports    = [
          + "swp6@sw-egg-oob-mgmt02",
          + "eth11@gpu-egg-010",
        ]
      + underlay = "enabled"
    }

  # netris_link.oob_switch_links["swp6@sw-egg-oob-mgmt03--eth11@gpu-egg-023"] will be created
  + resource "netris_link" "oob_switch_links" {
      + id       = (known after apply)
      + ports    = [
          + "swp6@sw-egg-oob-mgmt03",
          + "eth11@gpu-egg-023",
        ]
      + underlay = "enabled"
    }

  # netris_link.oob_switch_links["swp6@sw-egg-oob-mgmt04--eth11@gpu-egg-024"] will be created
  + resource "netris_link" "oob_switch_links" {
      + id       = (known after apply)
      + ports    = [
          + "swp6@sw-egg-oob-mgmt04",
          + "eth11@gpu-egg-024",
        ]
      + underlay = "enabled"
    }

  # netris_link.oob_switch_links["swp7@sw-egg-oob-mgmt01--eth11@gpu-egg-013"] will be created
  + resource "netris_link" "oob_switch_links" {
      + id       = (known after apply)
      + ports    = [
          + "swp7@sw-egg-oob-mgmt01",
          + "eth11@gpu-egg-013",
        ]
      + underlay = "enabled"
    }

  # netris_link.oob_switch_links["swp7@sw-egg-oob-mgmt02--eth11@gpu-egg-014"] will be created
  + resource "netris_link" "oob_switch_links" {
      + id       = (known after apply)
      + ports    = [
          + "swp7@sw-egg-oob-mgmt02",
          + "eth11@gpu-egg-014",
        ]
      + underlay = "enabled"
    }

  # netris_link.oob_switch_links["swp7@sw-egg-oob-mgmt03--eth11@gpu-egg-027"] will be created
  + resource "netris_link" "oob_switch_links" {
      + id       = (known after apply)
      + ports    = [
          + "swp7@sw-egg-oob-mgmt03",
          + "eth11@gpu-egg-027",
        ]
      + underlay = "enabled"
    }

  # netris_link.oob_switch_links["swp7@sw-egg-oob-mgmt04--eth11@gpu-egg-028"] will be created
  + resource "netris_link" "oob_switch_links" {
      + id       = (known after apply)
      + ports    = [
          + "swp7@sw-egg-oob-mgmt04",
          + "eth11@gpu-egg-028",
        ]
      + underlay = "enabled"
    }

  # netris_link.oob_switch_links["swp8@sw-egg-oob-mgmt01--eth11@gpu-egg-017"] will be created
  + resource "netris_link" "oob_switch_links" {
      + id       = (known after apply)
      + ports    = [
          + "swp8@sw-egg-oob-mgmt01",
          + "eth11@gpu-egg-017",
        ]
      + underlay = "enabled"
    }

  # netris_link.oob_switch_links["swp8@sw-egg-oob-mgmt02--eth11@gpu-egg-018"] will be created
  + resource "netris_link" "oob_switch_links" {
      + id       = (known after apply)
      + ports    = [
          + "swp8@sw-egg-oob-mgmt02",
          + "eth11@gpu-egg-018",
        ]
      + underlay = "enabled"
    }

  # netris_link.oob_switch_links["swp8@sw-egg-oob-mgmt03--eth11@gpu-egg-031"] will be created
  + resource "netris_link" "oob_switch_links" {
      + id       = (known after apply)
      + ports    = [
          + "swp8@sw-egg-oob-mgmt03",
          + "eth11@gpu-egg-031",
        ]
      + underlay = "enabled"
    }

  # netris_link.oob_switch_links["swp8@sw-egg-oob-mgmt04--eth11@gpu-egg-032"] will be created
  + resource "netris_link" "oob_switch_links" {
      + id       = (known after apply)
      + ports    = [
          + "swp8@sw-egg-oob-mgmt04",
          + "eth11@gpu-egg-032",
        ]
      + underlay = "enabled"
    }

  # netris_link.oob_switch_links["swp9@sw-egg-oob-mgmt01--eth11@gpu-egg-021"] will be created
  + resource "netris_link" "oob_switch_links" {
      + id       = (known after apply)
      + ports    = [
          + "swp9@sw-egg-oob-mgmt01",
          + "eth11@gpu-egg-021",
        ]
      + underlay = "enabled"
    }

  # netris_link.oob_switch_links["swp9@sw-egg-oob-mgmt02--eth11@gpu-egg-022"] will be created
  + resource "netris_link" "oob_switch_links" {
      + id       = (known after apply)
      + ports    = [
          + "swp9@sw-egg-oob-mgmt02",
          + "eth11@gpu-egg-022",
        ]
      + underlay = "enabled"
    }

  # netris_link.oob_switch_links["swp9@sw-egg-oob-mgmt03--eth11@gpu-egg-035"] will be created
  + resource "netris_link" "oob_switch_links" {
      + id       = (known after apply)
      + ports    = [
          + "swp9@sw-egg-oob-mgmt03",
          + "eth11@gpu-egg-035",
        ]
      + underlay = "enabled"
    }

  # netris_link.oob_switch_links["swp9@sw-egg-oob-mgmt04--eth11@gpu-egg-036"] will be created
  + resource "netris_link" "oob_switch_links" {
      + id       = (known after apply)
      + ports    = [
          + "swp9@sw-egg-oob-mgmt04",
          + "eth11@gpu-egg-036",
        ]
      + underlay = "enabled"
    }

  # netris_link.softgate_links["eth1@sg-egg-border-gw01--swp62@sw-egg-frontend-leaf01"] will be created
  + resource "netris_link" "softgate_links" {
      + id       = (known after apply)
      + ports    = [
          + "eth1@sg-egg-border-gw01",
          + "swp62@sw-egg-frontend-leaf01",
        ]
      + underlay = "enabled"
    }

  # netris_link.softgate_links["eth1@sg-egg-border-gw02--swp62@sw-egg-frontend-leaf03"] will be created
  + resource "netris_link" "softgate_links" {
      + id       = (known after apply)
      + ports    = [
          + "eth1@sg-egg-border-gw02",
          + "swp62@sw-egg-frontend-leaf03",
        ]
      + underlay = "enabled"
    }

  # netris_link.softgate_links["eth1@sg-egg-border-gw03--swp62@sw-egg-frontend-leaf05"] will be created
  + resource "netris_link" "softgate_links" {
      + id       = (known after apply)
      + ports    = [
          + "eth1@sg-egg-border-gw03",
          + "swp62@sw-egg-frontend-leaf05",
        ]
      + underlay = "enabled"
    }

  # netris_link.softgate_links["eth1@sg-egg-border-gw04--swp61@sw-egg-frontend-leaf01"] will be created
  + resource "netris_link" "softgate_links" {
      + id       = (known after apply)
      + ports    = [
          + "eth1@sg-egg-border-gw04",
          + "swp61@sw-egg-frontend-leaf01",
        ]
      + underlay = "enabled"
    }

  # netris_link.softgate_links["eth2@sg-egg-border-gw01--swp62@sw-egg-frontend-leaf02"] will be created
  + resource "netris_link" "softgate_links" {
      + id       = (known after apply)
      + ports    = [
          + "eth2@sg-egg-border-gw01",
          + "swp62@sw-egg-frontend-leaf02",
        ]
      + underlay = "enabled"
    }

  # netris_link.softgate_links["eth2@sg-egg-border-gw02--swp62@sw-egg-frontend-leaf04"] will be created
  + resource "netris_link" "softgate_links" {
      + id       = (known after apply)
      + ports    = [
          + "eth2@sg-egg-border-gw02",
          + "swp62@sw-egg-frontend-leaf04",
        ]
      + underlay = "enabled"
    }

  # netris_link.softgate_links["eth2@sg-egg-border-gw03--swp62@sw-egg-frontend-leaf06"] will be created
  + resource "netris_link" "softgate_links" {
      + id       = (known after apply)
      + ports    = [
          + "eth2@sg-egg-border-gw03",
          + "swp62@sw-egg-frontend-leaf06",
        ]
      + underlay = "enabled"
    }

  # netris_link.softgate_links["eth2@sg-egg-border-gw04--swp61@sw-egg-frontend-leaf02"] will be created
  + resource "netris_link" "softgate_links" {
      + id       = (known after apply)
      + ports    = [
          + "eth2@sg-egg-border-gw04",
          + "swp61@sw-egg-frontend-leaf02",
        ]
      + underlay = "enabled"
    }

  # netris_link.storage_links["swp43@sw-egg-frontend-leaf05--eth2@srv-egg-storage03"] will be created
  + resource "netris_link" "storage_links" {
      + id       = (known after apply)
      + ports    = [
          + "swp43@sw-egg-frontend-leaf05",
          + "eth2@srv-egg-storage03",
        ]
      + underlay = "enabled"
    }

  # netris_link.storage_links["swp43@sw-egg-frontend-leaf06--eth2@srv-egg-storage04"] will be created
  + resource "netris_link" "storage_links" {
      + id       = (known after apply)
      + ports    = [
          + "swp43@sw-egg-frontend-leaf06",
          + "eth2@srv-egg-storage04",
        ]
      + underlay = "enabled"
    }

  # netris_link.storage_links["swp44@sw-egg-frontend-leaf02--eth1@srv-egg-storage01"] will be created
  + resource "netris_link" "storage_links" {
      + id       = (known after apply)
      + ports    = [
          + "swp44@sw-egg-frontend-leaf02",
          + "eth1@srv-egg-storage01",
        ]
      + underlay = "enabled"
    }

  # netris_link.storage_links["swp44@sw-egg-frontend-leaf03--eth2@srv-egg-storage01"] will be created
  + resource "netris_link" "storage_links" {
      + id       = (known after apply)
      + ports    = [
          + "swp44@sw-egg-frontend-leaf03",
          + "eth2@srv-egg-storage01",
        ]
      + underlay = "enabled"
    }

  # netris_link.storage_links["swp44@sw-egg-frontend-leaf04--eth2@srv-egg-storage02"] will be created
  + resource "netris_link" "storage_links" {
      + id       = (known after apply)
      + ports    = [
          + "swp44@sw-egg-frontend-leaf04",
          + "eth2@srv-egg-storage02",
        ]
      + underlay = "enabled"
    }

  # netris_link.storage_links["swp44@sw-egg-frontend-leaf05--eth1@srv-egg-storage04"] will be created
  + resource "netris_link" "storage_links" {
      + id       = (known after apply)
      + ports    = [
          + "swp44@sw-egg-frontend-leaf05",
          + "eth1@srv-egg-storage04",
        ]
      + underlay = "enabled"
    }

  # netris_link.storage_links["swp45@sw-egg-frontend-leaf03--eth1@srv-egg-storage02"] will be created
  + resource "netris_link" "storage_links" {
      + id       = (known after apply)
      + ports    = [
          + "swp45@sw-egg-frontend-leaf03",
          + "eth1@srv-egg-storage02",
        ]
      + underlay = "enabled"
    }

  # netris_link.storage_links["swp45@sw-egg-frontend-leaf04--eth1@srv-egg-storage03"] will be created
  + resource "netris_link" "storage_links" {
      + id       = (known after apply)
      + ports    = [
          + "swp45@sw-egg-frontend-leaf04",
          + "eth1@srv-egg-storage03",
        ]
      + underlay = "enabled"
    }

  # netris_server.gpu_servers["gpu-egg-001"] will be created
  + resource "netris_server" "gpu_servers" {
      + asnumber    = "0"
      + description = "NVIDIA HGX H100/H200/B200 (Spectrum-X) Node 001 (8 RoCE + 2 NS + 1 OOB)"
      + id          = (known after apply)
      + name        = "gpu-egg-001"
      + portcount   = 11
      + role        = (known after apply)
      + siteid      = (known after apply)
      + tenantid    = 1
    }

  # netris_server.gpu_servers["gpu-egg-002"] will be created
  + resource "netris_server" "gpu_servers" {
      + asnumber    = "0"
      + description = "NVIDIA HGX H100/H200/B200 (Spectrum-X) Node 002 (8 RoCE + 2 NS + 1 OOB)"
      + id          = (known after apply)
      + name        = "gpu-egg-002"
      + portcount   = 11
      + role        = (known after apply)
      + siteid      = (known after apply)
      + tenantid    = 1
    }

  # netris_server.gpu_servers["gpu-egg-003"] will be created
  + resource "netris_server" "gpu_servers" {
      + asnumber    = "0"
      + description = "NVIDIA HGX H100/H200/B200 (Spectrum-X) Node 003 (8 RoCE + 2 NS + 1 OOB)"
      + id          = (known after apply)
      + name        = "gpu-egg-003"
      + portcount   = 11
      + role        = (known after apply)
      + siteid      = (known after apply)
      + tenantid    = 1
    }

  # netris_server.gpu_servers["gpu-egg-004"] will be created
  + resource "netris_server" "gpu_servers" {
      + asnumber    = "0"
      + description = "NVIDIA HGX H100/H200/B200 (Spectrum-X) Node 004 (8 RoCE + 2 NS + 1 OOB)"
      + id          = (known after apply)
      + name        = "gpu-egg-004"
      + portcount   = 11
      + role        = (known after apply)
      + siteid      = (known after apply)
      + tenantid    = 1
    }

  # netris_server.gpu_servers["gpu-egg-005"] will be created
  + resource "netris_server" "gpu_servers" {
      + asnumber    = "0"
      + description = "NVIDIA HGX H100/H200/B200 (Spectrum-X) Node 005 (8 RoCE + 2 NS + 1 OOB)"
      + id          = (known after apply)
      + name        = "gpu-egg-005"
      + portcount   = 11
      + role        = (known after apply)
      + siteid      = (known after apply)
      + tenantid    = 1
    }

  # netris_server.gpu_servers["gpu-egg-006"] will be created
  + resource "netris_server" "gpu_servers" {
      + asnumber    = "0"
      + description = "NVIDIA HGX H100/H200/B200 (Spectrum-X) Node 006 (8 RoCE + 2 NS + 1 OOB)"
      + id          = (known after apply)
      + name        = "gpu-egg-006"
      + portcount   = 11
      + role        = (known after apply)
      + siteid      = (known after apply)
      + tenantid    = 1
    }

  # netris_server.gpu_servers["gpu-egg-007"] will be created
  + resource "netris_server" "gpu_servers" {
      + asnumber    = "0"
      + description = "NVIDIA HGX H100/H200/B200 (Spectrum-X) Node 007 (8 RoCE + 2 NS + 1 OOB)"
      + id          = (known after apply)
      + name        = "gpu-egg-007"
      + portcount   = 11
      + role        = (known after apply)
      + siteid      = (known after apply)
      + tenantid    = 1
    }

  # netris_server.gpu_servers["gpu-egg-008"] will be created
  + resource "netris_server" "gpu_servers" {
      + asnumber    = "0"
      + description = "NVIDIA HGX H100/H200/B200 (Spectrum-X) Node 008 (8 RoCE + 2 NS + 1 OOB)"
      + id          = (known after apply)
      + name        = "gpu-egg-008"
      + portcount   = 11
      + role        = (known after apply)
      + siteid      = (known after apply)
      + tenantid    = 1
    }

  # netris_server.gpu_servers["gpu-egg-009"] will be created
  + resource "netris_server" "gpu_servers" {
      + asnumber    = "0"
      + description = "NVIDIA HGX H100/H200/B200 (Spectrum-X) Node 009 (8 RoCE + 2 NS + 1 OOB)"
      + id          = (known after apply)
      + name        = "gpu-egg-009"
      + portcount   = 11
      + role        = (known after apply)
      + siteid      = (known after apply)
      + tenantid    = 1
    }

  # netris_server.gpu_servers["gpu-egg-010"] will be created
  + resource "netris_server" "gpu_servers" {
      + asnumber    = "0"
      + description = "NVIDIA HGX H100/H200/B200 (Spectrum-X) Node 010 (8 RoCE + 2 NS + 1 OOB)"
      + id          = (known after apply)
      + name        = "gpu-egg-010"
      + portcount   = 11
      + role        = (known after apply)
      + siteid      = (known after apply)
      + tenantid    = 1
    }

  # netris_server.gpu_servers["gpu-egg-011"] will be created
  + resource "netris_server" "gpu_servers" {
      + asnumber    = "0"
      + description = "NVIDIA HGX H100/H200/B200 (Spectrum-X) Node 011 (8 RoCE + 2 NS + 1 OOB)"
      + id          = (known after apply)
      + name        = "gpu-egg-011"
      + portcount   = 11
      + role        = (known after apply)
      + siteid      = (known after apply)
      + tenantid    = 1
    }

  # netris_server.gpu_servers["gpu-egg-012"] will be created
  + resource "netris_server" "gpu_servers" {
      + asnumber    = "0"
      + description = "NVIDIA HGX H100/H200/B200 (Spectrum-X) Node 012 (8 RoCE + 2 NS + 1 OOB)"
      + id          = (known after apply)
      + name        = "gpu-egg-012"
      + portcount   = 11
      + role        = (known after apply)
      + siteid      = (known after apply)
      + tenantid    = 1
    }

  # netris_server.gpu_servers["gpu-egg-013"] will be created
  + resource "netris_server" "gpu_servers" {
      + asnumber    = "0"
      + description = "NVIDIA HGX H100/H200/B200 (Spectrum-X) Node 013 (8 RoCE + 2 NS + 1 OOB)"
      + id          = (known after apply)
      + name        = "gpu-egg-013"
      + portcount   = 11
      + role        = (known after apply)
      + siteid      = (known after apply)
      + tenantid    = 1
    }

  # netris_server.gpu_servers["gpu-egg-014"] will be created
  + resource "netris_server" "gpu_servers" {
      + asnumber    = "0"
      + description = "NVIDIA HGX H100/H200/B200 (Spectrum-X) Node 014 (8 RoCE + 2 NS + 1 OOB)"
      + id          = (known after apply)
      + name        = "gpu-egg-014"
      + portcount   = 11
      + role        = (known after apply)
      + siteid      = (known after apply)
      + tenantid    = 1
    }

  # netris_server.gpu_servers["gpu-egg-015"] will be created
  + resource "netris_server" "gpu_servers" {
      + asnumber    = "0"
      + description = "NVIDIA HGX H100/H200/B200 (Spectrum-X) Node 015 (8 RoCE + 2 NS + 1 OOB)"
      + id          = (known after apply)
      + name        = "gpu-egg-015"
      + portcount   = 11
      + role        = (known after apply)
      + siteid      = (known after apply)
      + tenantid    = 1
    }

  # netris_server.gpu_servers["gpu-egg-016"] will be created
  + resource "netris_server" "gpu_servers" {
      + asnumber    = "0"
      + description = "NVIDIA HGX H100/H200/B200 (Spectrum-X) Node 016 (8 RoCE + 2 NS + 1 OOB)"
      + id          = (known after apply)
      + name        = "gpu-egg-016"
      + portcount   = 11
      + role        = (known after apply)
      + siteid      = (known after apply)
      + tenantid    = 1
    }

  # netris_server.gpu_servers["gpu-egg-017"] will be created
  + resource "netris_server" "gpu_servers" {
      + asnumber    = "0"
      + description = "NVIDIA HGX H100/H200/B200 (Spectrum-X) Node 017 (8 RoCE + 2 NS + 1 OOB)"
      + id          = (known after apply)
      + name        = "gpu-egg-017"
      + portcount   = 11
      + role        = (known after apply)
      + siteid      = (known after apply)
      + tenantid    = 1
    }

  # netris_server.gpu_servers["gpu-egg-018"] will be created
  + resource "netris_server" "gpu_servers" {
      + asnumber    = "0"
      + description = "NVIDIA HGX H100/H200/B200 (Spectrum-X) Node 018 (8 RoCE + 2 NS + 1 OOB)"
      + id          = (known after apply)
      + name        = "gpu-egg-018"
      + portcount   = 11
      + role        = (known after apply)
      + siteid      = (known after apply)
      + tenantid    = 1
    }

  # netris_server.gpu_servers["gpu-egg-019"] will be created
  + resource "netris_server" "gpu_servers" {
      + asnumber    = "0"
      + description = "NVIDIA HGX H100/H200/B200 (Spectrum-X) Node 019 (8 RoCE + 2 NS + 1 OOB)"
      + id          = (known after apply)
      + name        = "gpu-egg-019"
      + portcount   = 11
      + role        = (known after apply)
      + siteid      = (known after apply)
      + tenantid    = 1
    }

  # netris_server.gpu_servers["gpu-egg-020"] will be created
  + resource "netris_server" "gpu_servers" {
      + asnumber    = "0"
      + description = "NVIDIA HGX H100/H200/B200 (Spectrum-X) Node 020 (8 RoCE + 2 NS + 1 OOB)"
      + id          = (known after apply)
      + name        = "gpu-egg-020"
      + portcount   = 11
      + role        = (known after apply)
      + siteid      = (known after apply)
      + tenantid    = 1
    }

  # netris_server.gpu_servers["gpu-egg-021"] will be created
  + resource "netris_server" "gpu_servers" {
      + asnumber    = "0"
      + description = "NVIDIA HGX H100/H200/B200 (Spectrum-X) Node 021 (8 RoCE + 2 NS + 1 OOB)"
      + id          = (known after apply)
      + name        = "gpu-egg-021"
      + portcount   = 11
      + role        = (known after apply)
      + siteid      = (known after apply)
      + tenantid    = 1
    }

  # netris_server.gpu_servers["gpu-egg-022"] will be created
  + resource "netris_server" "gpu_servers" {
      + asnumber    = "0"
      + description = "NVIDIA HGX H100/H200/B200 (Spectrum-X) Node 022 (8 RoCE + 2 NS + 1 OOB)"
      + id          = (known after apply)
      + name        = "gpu-egg-022"
      + portcount   = 11
      + role        = (known after apply)
      + siteid      = (known after apply)
      + tenantid    = 1
    }

  # netris_server.gpu_servers["gpu-egg-023"] will be created
  + resource "netris_server" "gpu_servers" {
      + asnumber    = "0"
      + description = "NVIDIA HGX H100/H200/B200 (Spectrum-X) Node 023 (8 RoCE + 2 NS + 1 OOB)"
      + id          = (known after apply)
      + name        = "gpu-egg-023"
      + portcount   = 11
      + role        = (known after apply)
      + siteid      = (known after apply)
      + tenantid    = 1
    }

  # netris_server.gpu_servers["gpu-egg-024"] will be created
  + resource "netris_server" "gpu_servers" {
      + asnumber    = "0"
      + description = "NVIDIA HGX H100/H200/B200 (Spectrum-X) Node 024 (8 RoCE + 2 NS + 1 OOB)"
      + id          = (known after apply)
      + name        = "gpu-egg-024"
      + portcount   = 11
      + role        = (known after apply)
      + siteid      = (known after apply)
      + tenantid    = 1
    }

  # netris_server.gpu_servers["gpu-egg-025"] will be created
  + resource "netris_server" "gpu_servers" {
      + asnumber    = "0"
      + description = "NVIDIA HGX H100/H200/B200 (Spectrum-X) Node 025 (8 RoCE + 2 NS + 1 OOB)"
      + id          = (known after apply)
      + name        = "gpu-egg-025"
      + portcount   = 11
      + role        = (known after apply)
      + siteid      = (known after apply)
      + tenantid    = 1
    }

  # netris_server.gpu_servers["gpu-egg-026"] will be created
  + resource "netris_server" "gpu_servers" {
      + asnumber    = "0"
      + description = "NVIDIA HGX H100/H200/B200 (Spectrum-X) Node 026 (8 RoCE + 2 NS + 1 OOB)"
      + id          = (known after apply)
      + name        = "gpu-egg-026"
      + portcount   = 11
      + role        = (known after apply)
      + siteid      = (known after apply)
      + tenantid    = 1
    }

  # netris_server.gpu_servers["gpu-egg-027"] will be created
  + resource "netris_server" "gpu_servers" {
      + asnumber    = "0"
      + description = "NVIDIA HGX H100/H200/B200 (Spectrum-X) Node 027 (8 RoCE + 2 NS + 1 OOB)"
      + id          = (known after apply)
      + name        = "gpu-egg-027"
      + portcount   = 11
      + role        = (known after apply)
      + siteid      = (known after apply)
      + tenantid    = 1
    }

  # netris_server.gpu_servers["gpu-egg-028"] will be created
  + resource "netris_server" "gpu_servers" {
      + asnumber    = "0"
      + description = "NVIDIA HGX H100/H200/B200 (Spectrum-X) Node 028 (8 RoCE + 2 NS + 1 OOB)"
      + id          = (known after apply)
      + name        = "gpu-egg-028"
      + portcount   = 11
      + role        = (known after apply)
      + siteid      = (known after apply)
      + tenantid    = 1
    }

  # netris_server.gpu_servers["gpu-egg-029"] will be created
  + resource "netris_server" "gpu_servers" {
      + asnumber    = "0"
      + description = "NVIDIA HGX H100/H200/B200 (Spectrum-X) Node 029 (8 RoCE + 2 NS + 1 OOB)"
      + id          = (known after apply)
      + name        = "gpu-egg-029"
      + portcount   = 11
      + role        = (known after apply)
      + siteid      = (known after apply)
      + tenantid    = 1
    }

  # netris_server.gpu_servers["gpu-egg-030"] will be created
  + resource "netris_server" "gpu_servers" {
      + asnumber    = "0"
      + description = "NVIDIA HGX H100/H200/B200 (Spectrum-X) Node 030 (8 RoCE + 2 NS + 1 OOB)"
      + id          = (known after apply)
      + name        = "gpu-egg-030"
      + portcount   = 11
      + role        = (known after apply)
      + siteid      = (known after apply)
      + tenantid    = 1
    }

  # netris_server.gpu_servers["gpu-egg-031"] will be created
  + resource "netris_server" "gpu_servers" {
      + asnumber    = "0"
      + description = "NVIDIA HGX H100/H200/B200 (Spectrum-X) Node 031 (8 RoCE + 2 NS + 1 OOB)"
      + id          = (known after apply)
      + name        = "gpu-egg-031"
      + portcount   = 11
      + role        = (known after apply)
      + siteid      = (known after apply)
      + tenantid    = 1
    }

  # netris_server.gpu_servers["gpu-egg-032"] will be created
  + resource "netris_server" "gpu_servers" {
      + asnumber    = "0"
      + description = "NVIDIA HGX H100/H200/B200 (Spectrum-X) Node 032 (8 RoCE + 2 NS + 1 OOB)"
      + id          = (known after apply)
      + name        = "gpu-egg-032"
      + portcount   = 11
      + role        = (known after apply)
      + siteid      = (known after apply)
      + tenantid    = 1
    }

  # netris_server.gpu_servers["gpu-egg-033"] will be created
  + resource "netris_server" "gpu_servers" {
      + asnumber    = "0"
      + description = "NVIDIA HGX H100/H200/B200 (Spectrum-X) Node 033 (8 RoCE + 2 NS + 1 OOB)"
      + id          = (known after apply)
      + name        = "gpu-egg-033"
      + portcount   = 11
      + role        = (known after apply)
      + siteid      = (known after apply)
      + tenantid    = 1
    }

  # netris_server.gpu_servers["gpu-egg-034"] will be created
  + resource "netris_server" "gpu_servers" {
      + asnumber    = "0"
      + description = "NVIDIA HGX H100/H200/B200 (Spectrum-X) Node 034 (8 RoCE + 2 NS + 1 OOB)"
      + id          = (known after apply)
      + name        = "gpu-egg-034"
      + portcount   = 11
      + role        = (known after apply)
      + siteid      = (known after apply)
      + tenantid    = 1
    }

  # netris_server.gpu_servers["gpu-egg-035"] will be created
  + resource "netris_server" "gpu_servers" {
      + asnumber    = "0"
      + description = "NVIDIA HGX H100/H200/B200 (Spectrum-X) Node 035 (8 RoCE + 2 NS + 1 OOB)"
      + id          = (known after apply)
      + name        = "gpu-egg-035"
      + portcount   = 11
      + role        = (known after apply)
      + siteid      = (known after apply)
      + tenantid    = 1
    }

  # netris_server.gpu_servers["gpu-egg-036"] will be created
  + resource "netris_server" "gpu_servers" {
      + asnumber    = "0"
      + description = "NVIDIA HGX H100/H200/B200 (Spectrum-X) Node 036 (8 RoCE + 2 NS + 1 OOB)"
      + id          = (known after apply)
      + name        = "gpu-egg-036"
      + portcount   = 11
      + role        = (known after apply)
      + siteid      = (known after apply)
      + tenantid    = 1
    }

  # netris_server.gpu_servers["gpu-egg-037"] will be created
  + resource "netris_server" "gpu_servers" {
      + asnumber    = "0"
      + description = "NVIDIA HGX H100/H200/B200 (Spectrum-X) Node 037 (8 RoCE + 2 NS + 1 OOB)"
      + id          = (known after apply)
      + name        = "gpu-egg-037"
      + portcount   = 11
      + role        = (known after apply)
      + siteid      = (known after apply)
      + tenantid    = 1
    }

  # netris_server.gpu_servers["gpu-egg-038"] will be created
  + resource "netris_server" "gpu_servers" {
      + asnumber    = "0"
      + description = "NVIDIA HGX H100/H200/B200 (Spectrum-X) Node 038 (8 RoCE + 2 NS + 1 OOB)"
      + id          = (known after apply)
      + name        = "gpu-egg-038"
      + portcount   = 11
      + role        = (known after apply)
      + siteid      = (known after apply)
      + tenantid    = 1
    }

  # netris_server.gpu_servers["gpu-egg-039"] will be created
  + resource "netris_server" "gpu_servers" {
      + asnumber    = "0"
      + description = "NVIDIA HGX H100/H200/B200 (Spectrum-X) Node 039 (8 RoCE + 2 NS + 1 OOB)"
      + id          = (known after apply)
      + name        = "gpu-egg-039"
      + portcount   = 11
      + role        = (known after apply)
      + siteid      = (known after apply)
      + tenantid    = 1
    }

  # netris_server.gpu_servers["gpu-egg-040"] will be created
  + resource "netris_server" "gpu_servers" {
      + asnumber    = "0"
      + description = "NVIDIA HGX H100/H200/B200 (Spectrum-X) Node 040 (8 RoCE + 2 NS + 1 OOB)"
      + id          = (known after apply)
      + name        = "gpu-egg-040"
      + portcount   = 11
      + role        = (known after apply)
      + siteid      = (known after apply)
      + tenantid    = 1
    }

  # netris_server.gpu_servers["gpu-egg-041"] will be created
  + resource "netris_server" "gpu_servers" {
      + asnumber    = "0"
      + description = "NVIDIA HGX H100/H200/B200 (Spectrum-X) Node 041 (8 RoCE + 2 NS + 1 OOB)"
      + id          = (known after apply)
      + name        = "gpu-egg-041"
      + portcount   = 11
      + role        = (known after apply)
      + siteid      = (known after apply)
      + tenantid    = 1
    }

  # netris_server.gpu_servers["gpu-egg-042"] will be created
  + resource "netris_server" "gpu_servers" {
      + asnumber    = "0"
      + description = "NVIDIA HGX H100/H200/B200 (Spectrum-X) Node 042 (8 RoCE + 2 NS + 1 OOB)"
      + id          = (known after apply)
      + name        = "gpu-egg-042"
      + portcount   = 11
      + role        = (known after apply)
      + siteid      = (known after apply)
      + tenantid    = 1
    }

  # netris_server.gpu_servers["gpu-egg-043"] will be created
  + resource "netris_server" "gpu_servers" {
      + asnumber    = "0"
      + description = "NVIDIA HGX H100/H200/B200 (Spectrum-X) Node 043 (8 RoCE + 2 NS + 1 OOB)"
      + id          = (known after apply)
      + name        = "gpu-egg-043"
      + portcount   = 11
      + role        = (known after apply)
      + siteid      = (known after apply)
      + tenantid    = 1
    }

  # netris_server.gpu_servers["gpu-egg-044"] will be created
  + resource "netris_server" "gpu_servers" {
      + asnumber    = "0"
      + description = "NVIDIA HGX H100/H200/B200 (Spectrum-X) Node 044 (8 RoCE + 2 NS + 1 OOB)"
      + id          = (known after apply)
      + name        = "gpu-egg-044"
      + portcount   = 11
      + role        = (known after apply)
      + siteid      = (known after apply)
      + tenantid    = 1
    }

  # netris_server.gpu_servers["gpu-egg-045"] will be created
  + resource "netris_server" "gpu_servers" {
      + asnumber    = "0"
      + description = "NVIDIA HGX H100/H200/B200 (Spectrum-X) Node 045 (8 RoCE + 2 NS + 1 OOB)"
      + id          = (known after apply)
      + name        = "gpu-egg-045"
      + portcount   = 11
      + role        = (known after apply)
      + siteid      = (known after apply)
      + tenantid    = 1
    }

  # netris_server.gpu_servers["gpu-egg-046"] will be created
  + resource "netris_server" "gpu_servers" {
      + asnumber    = "0"
      + description = "NVIDIA HGX H100/H200/B200 (Spectrum-X) Node 046 (8 RoCE + 2 NS + 1 OOB)"
      + id          = (known after apply)
      + name        = "gpu-egg-046"
      + portcount   = 11
      + role        = (known after apply)
      + siteid      = (known after apply)
      + tenantid    = 1
    }

  # netris_server.gpu_servers["gpu-egg-047"] will be created
  + resource "netris_server" "gpu_servers" {
      + asnumber    = "0"
      + description = "NVIDIA HGX H100/H200/B200 (Spectrum-X) Node 047 (8 RoCE + 2 NS + 1 OOB)"
      + id          = (known after apply)
      + name        = "gpu-egg-047"
      + portcount   = 11
      + role        = (known after apply)
      + siteid      = (known after apply)
      + tenantid    = 1
    }

  # netris_server.gpu_servers["gpu-egg-048"] will be created
  + resource "netris_server" "gpu_servers" {
      + asnumber    = "0"
      + description = "NVIDIA HGX H100/H200/B200 (Spectrum-X) Node 048 (8 RoCE + 2 NS + 1 OOB)"
      + id          = (known after apply)
      + name        = "gpu-egg-048"
      + portcount   = 11
      + role        = (known after apply)
      + siteid      = (known after apply)
      + tenantid    = 1
    }

  # netris_server.gpu_servers["gpu-egg-049"] will be created
  + resource "netris_server" "gpu_servers" {
      + asnumber    = "0"
      + description = "NVIDIA HGX H100/H200/B200 (Spectrum-X) Node 049 (8 RoCE + 2 NS + 1 OOB)"
      + id          = (known after apply)
      + name        = "gpu-egg-049"
      + portcount   = 11
      + role        = (known after apply)
      + siteid      = (known after apply)
      + tenantid    = 1
    }

  # netris_server.gpu_servers["gpu-egg-050"] will be created
  + resource "netris_server" "gpu_servers" {
      + asnumber    = "0"
      + description = "NVIDIA HGX H100/H200/B200 (Spectrum-X) Node 050 (8 RoCE + 2 NS + 1 OOB)"
      + id          = (known after apply)
      + name        = "gpu-egg-050"
      + portcount   = 11
      + role        = (known after apply)
      + siteid      = (known after apply)
      + tenantid    = 1
    }

  # netris_server.gpu_servers["gpu-egg-051"] will be created
  + resource "netris_server" "gpu_servers" {
      + asnumber    = "0"
      + description = "NVIDIA HGX H100/H200/B200 (Spectrum-X) Node 051 (8 RoCE + 2 NS + 1 OOB)"
      + id          = (known after apply)
      + name        = "gpu-egg-051"
      + portcount   = 11
      + role        = (known after apply)
      + siteid      = (known after apply)
      + tenantid    = 1
    }

  # netris_server.gpu_servers["gpu-egg-052"] will be created
  + resource "netris_server" "gpu_servers" {
      + asnumber    = "0"
      + description = "NVIDIA HGX H100/H200/B200 (Spectrum-X) Node 052 (8 RoCE + 2 NS + 1 OOB)"
      + id          = (known after apply)
      + name        = "gpu-egg-052"
      + portcount   = 11
      + role        = (known after apply)
      + siteid      = (known after apply)
      + tenantid    = 1
    }

  # netris_server.gpu_servers["gpu-egg-053"] will be created
  + resource "netris_server" "gpu_servers" {
      + asnumber    = "0"
      + description = "NVIDIA HGX H100/H200/B200 (Spectrum-X) Node 053 (8 RoCE + 2 NS + 1 OOB)"
      + id          = (known after apply)
      + name        = "gpu-egg-053"
      + portcount   = 11
      + role        = (known after apply)
      + siteid      = (known after apply)
      + tenantid    = 1
    }

  # netris_server.gpu_servers["gpu-egg-054"] will be created
  + resource "netris_server" "gpu_servers" {
      + asnumber    = "0"
      + description = "NVIDIA HGX H100/H200/B200 (Spectrum-X) Node 054 (8 RoCE + 2 NS + 1 OOB)"
      + id          = (known after apply)
      + name        = "gpu-egg-054"
      + portcount   = 11
      + role        = (known after apply)
      + siteid      = (known after apply)
      + tenantid    = 1
    }

  # netris_server.gpu_servers["gpu-egg-055"] will be created
  + resource "netris_server" "gpu_servers" {
      + asnumber    = "0"
      + description = "NVIDIA HGX H100/H200/B200 (Spectrum-X) Node 055 (8 RoCE + 2 NS + 1 OOB)"
      + id          = (known after apply)
      + name        = "gpu-egg-055"
      + portcount   = 11
      + role        = (known after apply)
      + siteid      = (known after apply)
      + tenantid    = 1
    }

  # netris_server.gpu_servers["gpu-egg-056"] will be created
  + resource "netris_server" "gpu_servers" {
      + asnumber    = "0"
      + description = "NVIDIA HGX H100/H200/B200 (Spectrum-X) Node 056 (8 RoCE + 2 NS + 1 OOB)"
      + id          = (known after apply)
      + name        = "gpu-egg-056"
      + portcount   = 11
      + role        = (known after apply)
      + siteid      = (known after apply)
      + tenantid    = 1
    }

  # netris_server.gpu_servers["gpu-egg-057"] will be created
  + resource "netris_server" "gpu_servers" {
      + asnumber    = "0"
      + description = "NVIDIA HGX H100/H200/B200 (Spectrum-X) Node 057 (8 RoCE + 2 NS + 1 OOB)"
      + id          = (known after apply)
      + name        = "gpu-egg-057"
      + portcount   = 11
      + role        = (known after apply)
      + siteid      = (known after apply)
      + tenantid    = 1
    }

  # netris_server.gpu_servers["gpu-egg-058"] will be created
  + resource "netris_server" "gpu_servers" {
      + asnumber    = "0"
      + description = "NVIDIA HGX H100/H200/B200 (Spectrum-X) Node 058 (8 RoCE + 2 NS + 1 OOB)"
      + id          = (known after apply)
      + name        = "gpu-egg-058"
      + portcount   = 11
      + role        = (known after apply)
      + siteid      = (known after apply)
      + tenantid    = 1
    }

  # netris_server.gpu_servers["gpu-egg-059"] will be created
  + resource "netris_server" "gpu_servers" {
      + asnumber    = "0"
      + description = "NVIDIA HGX H100/H200/B200 (Spectrum-X) Node 059 (8 RoCE + 2 NS + 1 OOB)"
      + id          = (known after apply)
      + name        = "gpu-egg-059"
      + portcount   = 11
      + role        = (known after apply)
      + siteid      = (known after apply)
      + tenantid    = 1
    }

  # netris_server.gpu_servers["gpu-egg-060"] will be created
  + resource "netris_server" "gpu_servers" {
      + asnumber    = "0"
      + description = "NVIDIA HGX H100/H200/B200 (Spectrum-X) Node 060 (8 RoCE + 2 NS + 1 OOB)"
      + id          = (known after apply)
      + name        = "gpu-egg-060"
      + portcount   = 11
      + role        = (known after apply)
      + siteid      = (known after apply)
      + tenantid    = 1
    }

  # netris_server.gpu_servers["gpu-egg-061"] will be created
  + resource "netris_server" "gpu_servers" {
      + asnumber    = "0"
      + description = "NVIDIA HGX H100/H200/B200 (Spectrum-X) Node 061 (8 RoCE + 2 NS + 1 OOB)"
      + id          = (known after apply)
      + name        = "gpu-egg-061"
      + portcount   = 11
      + role        = (known after apply)
      + siteid      = (known after apply)
      + tenantid    = 1
    }

  # netris_server.gpu_servers["gpu-egg-062"] will be created
  + resource "netris_server" "gpu_servers" {
      + asnumber    = "0"
      + description = "NVIDIA HGX H100/H200/B200 (Spectrum-X) Node 062 (8 RoCE + 2 NS + 1 OOB)"
      + id          = (known after apply)
      + name        = "gpu-egg-062"
      + portcount   = 11
      + role        = (known after apply)
      + siteid      = (known after apply)
      + tenantid    = 1
    }

  # netris_server.gpu_servers["gpu-egg-063"] will be created
  + resource "netris_server" "gpu_servers" {
      + asnumber    = "0"
      + description = "NVIDIA HGX H100/H200/B200 (Spectrum-X) Node 063 (8 RoCE + 2 NS + 1 OOB)"
      + id          = (known after apply)
      + name        = "gpu-egg-063"
      + portcount   = 11
      + role        = (known after apply)
      + siteid      = (known after apply)
      + tenantid    = 1
    }

  # netris_server.gpu_servers["gpu-egg-064"] will be created
  + resource "netris_server" "gpu_servers" {
      + asnumber    = "0"
      + description = "NVIDIA HGX H100/H200/B200 (Spectrum-X) Node 064 (8 RoCE + 2 NS + 1 OOB)"
      + id          = (known after apply)
      + name        = "gpu-egg-064"
      + portcount   = 11
      + role        = (known after apply)
      + siteid      = (known after apply)
      + tenantid    = 1
    }

  # netris_server.gpu_servers["gpu-egg-065"] will be created
  + resource "netris_server" "gpu_servers" {
      + asnumber    = "0"
      + description = "NVIDIA HGX H100/H200/B200 (Spectrum-X) Node 065 (8 RoCE + 2 NS + 1 OOB)"
      + id          = (known after apply)
      + name        = "gpu-egg-065"
      + portcount   = 11
      + role        = (known after apply)
      + siteid      = (known after apply)
      + tenantid    = 1
    }

  # netris_server.gpu_servers["gpu-egg-066"] will be created
  + resource "netris_server" "gpu_servers" {
      + asnumber    = "0"
      + description = "NVIDIA HGX H100/H200/B200 (Spectrum-X) Node 066 (8 RoCE + 2 NS + 1 OOB)"
      + id          = (known after apply)
      + name        = "gpu-egg-066"
      + portcount   = 11
      + role        = (known after apply)
      + siteid      = (known after apply)
      + tenantid    = 1
    }

  # netris_server.gpu_servers["gpu-egg-067"] will be created
  + resource "netris_server" "gpu_servers" {
      + asnumber    = "0"
      + description = "NVIDIA HGX H100/H200/B200 (Spectrum-X) Node 067 (8 RoCE + 2 NS + 1 OOB)"
      + id          = (known after apply)
      + name        = "gpu-egg-067"
      + portcount   = 11
      + role        = (known after apply)
      + siteid      = (known after apply)
      + tenantid    = 1
    }

  # netris_server.gpu_servers["gpu-egg-068"] will be created
  + resource "netris_server" "gpu_servers" {
      + asnumber    = "0"
      + description = "NVIDIA HGX H100/H200/B200 (Spectrum-X) Node 068 (8 RoCE + 2 NS + 1 OOB)"
      + id          = (known after apply)
      + name        = "gpu-egg-068"
      + portcount   = 11
      + role        = (known after apply)
      + siteid      = (known after apply)
      + tenantid    = 1
    }

  # netris_server.gpu_servers["gpu-egg-069"] will be created
  + resource "netris_server" "gpu_servers" {
      + asnumber    = "0"
      + description = "NVIDIA HGX H100/H200/B200 (Spectrum-X) Node 069 (8 RoCE + 2 NS + 1 OOB)"
      + id          = (known after apply)
      + name        = "gpu-egg-069"
      + portcount   = 11
      + role        = (known after apply)
      + siteid      = (known after apply)
      + tenantid    = 1
    }

  # netris_server.gpu_servers["gpu-egg-070"] will be created
  + resource "netris_server" "gpu_servers" {
      + asnumber    = "0"
      + description = "NVIDIA HGX H100/H200/B200 (Spectrum-X) Node 070 (8 RoCE + 2 NS + 1 OOB)"
      + id          = (known after apply)
      + name        = "gpu-egg-070"
      + portcount   = 11
      + role        = (known after apply)
      + siteid      = (known after apply)
      + tenantid    = 1
    }

  # netris_server.gpu_servers["gpu-egg-071"] will be created
  + resource "netris_server" "gpu_servers" {
      + asnumber    = "0"
      + description = "NVIDIA HGX H100/H200/B200 (Spectrum-X) Node 071 (8 RoCE + 2 NS + 1 OOB)"
      + id          = (known after apply)
      + name        = "gpu-egg-071"
      + portcount   = 11
      + role        = (known after apply)
      + siteid      = (known after apply)
      + tenantid    = 1
    }

  # netris_server.gpu_servers["gpu-egg-072"] will be created
  + resource "netris_server" "gpu_servers" {
      + asnumber    = "0"
      + description = "NVIDIA HGX H100/H200/B200 (Spectrum-X) Node 072 (8 RoCE + 2 NS + 1 OOB)"
      + id          = (known after apply)
      + name        = "gpu-egg-072"
      + portcount   = 11
      + role        = (known after apply)
      + siteid      = (known after apply)
      + tenantid    = 1
    }

  # netris_server.gpu_servers["gpu-egg-073"] will be created
  + resource "netris_server" "gpu_servers" {
      + asnumber    = "0"
      + description = "NVIDIA HGX H100/H200/B200 (Spectrum-X) Node 073 (8 RoCE + 2 NS + 1 OOB)"
      + id          = (known after apply)
      + name        = "gpu-egg-073"
      + portcount   = 11
      + role        = (known after apply)
      + siteid      = (known after apply)
      + tenantid    = 1
    }

  # netris_server.gpu_servers["gpu-egg-074"] will be created
  + resource "netris_server" "gpu_servers" {
      + asnumber    = "0"
      + description = "NVIDIA HGX H100/H200/B200 (Spectrum-X) Node 074 (8 RoCE + 2 NS + 1 OOB)"
      + id          = (known after apply)
      + name        = "gpu-egg-074"
      + portcount   = 11
      + role        = (known after apply)
      + siteid      = (known after apply)
      + tenantid    = 1
    }

  # netris_server.gpu_servers["gpu-egg-075"] will be created
  + resource "netris_server" "gpu_servers" {
      + asnumber    = "0"
      + description = "NVIDIA HGX H100/H200/B200 (Spectrum-X) Node 075 (8 RoCE + 2 NS + 1 OOB)"
      + id          = (known after apply)
      + name        = "gpu-egg-075"
      + portcount   = 11
      + role        = (known after apply)
      + siteid      = (known after apply)
      + tenantid    = 1
    }

  # netris_server.gpu_servers["gpu-egg-076"] will be created
  + resource "netris_server" "gpu_servers" {
      + asnumber    = "0"
      + description = "NVIDIA HGX H100/H200/B200 (Spectrum-X) Node 076 (8 RoCE + 2 NS + 1 OOB)"
      + id          = (known after apply)
      + name        = "gpu-egg-076"
      + portcount   = 11
      + role        = (known after apply)
      + siteid      = (known after apply)
      + tenantid    = 1
    }

  # netris_server.gpu_servers["gpu-egg-077"] will be created
  + resource "netris_server" "gpu_servers" {
      + asnumber    = "0"
      + description = "NVIDIA HGX H100/H200/B200 (Spectrum-X) Node 077 (8 RoCE + 2 NS + 1 OOB)"
      + id          = (known after apply)
      + name        = "gpu-egg-077"
      + portcount   = 11
      + role        = (known after apply)
      + siteid      = (known after apply)
      + tenantid    = 1
    }

  # netris_server.gpu_servers["gpu-egg-078"] will be created
  + resource "netris_server" "gpu_servers" {
      + asnumber    = "0"
      + description = "NVIDIA HGX H100/H200/B200 (Spectrum-X) Node 078 (8 RoCE + 2 NS + 1 OOB)"
      + id          = (known after apply)
      + name        = "gpu-egg-078"
      + portcount   = 11
      + role        = (known after apply)
      + siteid      = (known after apply)
      + tenantid    = 1
    }

  # netris_server.gpu_servers["gpu-egg-079"] will be created
  + resource "netris_server" "gpu_servers" {
      + asnumber    = "0"
      + description = "NVIDIA HGX H100/H200/B200 (Spectrum-X) Node 079 (8 RoCE + 2 NS + 1 OOB)"
      + id          = (known after apply)
      + name        = "gpu-egg-079"
      + portcount   = 11
      + role        = (known after apply)
      + siteid      = (known after apply)
      + tenantid    = 1
    }

  # netris_server.gpu_servers["gpu-egg-080"] will be created
  + resource "netris_server" "gpu_servers" {
      + asnumber    = "0"
      + description = "NVIDIA HGX H100/H200/B200 (Spectrum-X) Node 080 (8 RoCE + 2 NS + 1 OOB)"
      + id          = (known after apply)
      + name        = "gpu-egg-080"
      + portcount   = 11
      + role        = (known after apply)
      + siteid      = (known after apply)
      + tenantid    = 1
    }

  # netris_server.gpu_servers["gpu-egg-081"] will be created
  + resource "netris_server" "gpu_servers" {
      + asnumber    = "0"
      + description = "NVIDIA HGX H100/H200/B200 (Spectrum-X) Node 081 (8 RoCE + 2 NS + 1 OOB)"
      + id          = (known after apply)
      + name        = "gpu-egg-081"
      + portcount   = 11
      + role        = (known after apply)
      + siteid      = (known after apply)
      + tenantid    = 1
    }

  # netris_server.gpu_servers["gpu-egg-082"] will be created
  + resource "netris_server" "gpu_servers" {
      + asnumber    = "0"
      + description = "NVIDIA HGX H100/H200/B200 (Spectrum-X) Node 082 (8 RoCE + 2 NS + 1 OOB)"
      + id          = (known after apply)
      + name        = "gpu-egg-082"
      + portcount   = 11
      + role        = (known after apply)
      + siteid      = (known after apply)
      + tenantid    = 1
    }

  # netris_server.gpu_servers["gpu-egg-083"] will be created
  + resource "netris_server" "gpu_servers" {
      + asnumber    = "0"
      + description = "NVIDIA HGX H100/H200/B200 (Spectrum-X) Node 083 (8 RoCE + 2 NS + 1 OOB)"
      + id          = (known after apply)
      + name        = "gpu-egg-083"
      + portcount   = 11
      + role        = (known after apply)
      + siteid      = (known after apply)
      + tenantid    = 1
    }

  # netris_server.gpu_servers["gpu-egg-084"] will be created
  + resource "netris_server" "gpu_servers" {
      + asnumber    = "0"
      + description = "NVIDIA HGX H100/H200/B200 (Spectrum-X) Node 084 (8 RoCE + 2 NS + 1 OOB)"
      + id          = (known after apply)
      + name        = "gpu-egg-084"
      + portcount   = 11
      + role        = (known after apply)
      + siteid      = (known after apply)
      + tenantid    = 1
    }

  # netris_server.gpu_servers["gpu-egg-085"] will be created
  + resource "netris_server" "gpu_servers" {
      + asnumber    = "0"
      + description = "NVIDIA HGX H100/H200/B200 (Spectrum-X) Node 085 (8 RoCE + 2 NS + 1 OOB)"
      + id          = (known after apply)
      + name        = "gpu-egg-085"
      + portcount   = 11
      + role        = (known after apply)
      + siteid      = (known after apply)
      + tenantid    = 1
    }

  # netris_server.gpu_servers["gpu-egg-086"] will be created
  + resource "netris_server" "gpu_servers" {
      + asnumber    = "0"
      + description = "NVIDIA HGX H100/H200/B200 (Spectrum-X) Node 086 (8 RoCE + 2 NS + 1 OOB)"
      + id          = (known after apply)
      + name        = "gpu-egg-086"
      + portcount   = 11
      + role        = (known after apply)
      + siteid      = (known after apply)
      + tenantid    = 1
    }

  # netris_server.gpu_servers["gpu-egg-087"] will be created
  + resource "netris_server" "gpu_servers" {
      + asnumber    = "0"
      + description = "NVIDIA HGX H100/H200/B200 (Spectrum-X) Node 087 (8 RoCE + 2 NS + 1 OOB)"
      + id          = (known after apply)
      + name        = "gpu-egg-087"
      + portcount   = 11
      + role        = (known after apply)
      + siteid      = (known after apply)
      + tenantid    = 1
    }

  # netris_server.gpu_servers["gpu-egg-088"] will be created
  + resource "netris_server" "gpu_servers" {
      + asnumber    = "0"
      + description = "NVIDIA HGX H100/H200/B200 (Spectrum-X) Node 088 (8 RoCE + 2 NS + 1 OOB)"
      + id          = (known after apply)
      + name        = "gpu-egg-088"
      + portcount   = 11
      + role        = (known after apply)
      + siteid      = (known after apply)
      + tenantid    = 1
    }

  # netris_server.gpu_servers["gpu-egg-089"] will be created
  + resource "netris_server" "gpu_servers" {
      + asnumber    = "0"
      + description = "NVIDIA HGX H100/H200/B200 (Spectrum-X) Node 089 (8 RoCE + 2 NS + 1 OOB)"
      + id          = (known after apply)
      + name        = "gpu-egg-089"
      + portcount   = 11
      + role        = (known after apply)
      + siteid      = (known after apply)
      + tenantid    = 1
    }

  # netris_server.gpu_servers["gpu-egg-090"] will be created
  + resource "netris_server" "gpu_servers" {
      + asnumber    = "0"
      + description = "NVIDIA HGX H100/H200/B200 (Spectrum-X) Node 090 (8 RoCE + 2 NS + 1 OOB)"
      + id          = (known after apply)
      + name        = "gpu-egg-090"
      + portcount   = 11
      + role        = (known after apply)
      + siteid      = (known after apply)
      + tenantid    = 1
    }

  # netris_server.gpu_servers["gpu-egg-091"] will be created
  + resource "netris_server" "gpu_servers" {
      + asnumber    = "0"
      + description = "NVIDIA HGX H100/H200/B200 (Spectrum-X) Node 091 (8 RoCE + 2 NS + 1 OOB)"
      + id          = (known after apply)
      + name        = "gpu-egg-091"
      + portcount   = 11
      + role        = (known after apply)
      + siteid      = (known after apply)
      + tenantid    = 1
    }

  # netris_server.gpu_servers["gpu-egg-092"] will be created
  + resource "netris_server" "gpu_servers" {
      + asnumber    = "0"
      + description = "NVIDIA HGX H100/H200/B200 (Spectrum-X) Node 092 (8 RoCE + 2 NS + 1 OOB)"
      + id          = (known after apply)
      + name        = "gpu-egg-092"
      + portcount   = 11
      + role        = (known after apply)
      + siteid      = (known after apply)
      + tenantid    = 1
    }

  # netris_server.gpu_servers["gpu-egg-093"] will be created
  + resource "netris_server" "gpu_servers" {
      + asnumber    = "0"
      + description = "NVIDIA HGX H100/H200/B200 (Spectrum-X) Node 093 (8 RoCE + 2 NS + 1 OOB)"
      + id          = (known after apply)
      + name        = "gpu-egg-093"
      + portcount   = 11
      + role        = (known after apply)
      + siteid      = (known after apply)
      + tenantid    = 1
    }

  # netris_server.gpu_servers["gpu-egg-094"] will be created
  + resource "netris_server" "gpu_servers" {
      + asnumber    = "0"
      + description = "NVIDIA HGX H100/H200/B200 (Spectrum-X) Node 094 (8 RoCE + 2 NS + 1 OOB)"
      + id          = (known after apply)
      + name        = "gpu-egg-094"
      + portcount   = 11
      + role        = (known after apply)
      + siteid      = (known after apply)
      + tenantid    = 1
    }

  # netris_server.gpu_servers["gpu-egg-095"] will be created
  + resource "netris_server" "gpu_servers" {
      + asnumber    = "0"
      + description = "NVIDIA HGX H100/H200/B200 (Spectrum-X) Node 095 (8 RoCE + 2 NS + 1 OOB)"
      + id          = (known after apply)
      + name        = "gpu-egg-095"
      + portcount   = 11
      + role        = (known after apply)
      + siteid      = (known after apply)
      + tenantid    = 1
    }

  # netris_server.gpu_servers["gpu-egg-096"] will be created
  + resource "netris_server" "gpu_servers" {
      + asnumber    = "0"
      + description = "NVIDIA HGX H100/H200/B200 (Spectrum-X) Node 096 (8 RoCE + 2 NS + 1 OOB)"
      + id          = (known after apply)
      + name        = "gpu-egg-096"
      + portcount   = 11
      + role        = (known after apply)
      + siteid      = (known after apply)
      + tenantid    = 1
    }

  # netris_server.gpu_servers["gpu-egg-097"] will be created
  + resource "netris_server" "gpu_servers" {
      + asnumber    = "0"
      + description = "NVIDIA HGX H100/H200/B200 (Spectrum-X) Node 097 (8 RoCE + 2 NS + 1 OOB)"
      + id          = (known after apply)
      + name        = "gpu-egg-097"
      + portcount   = 11
      + role        = (known after apply)
      + siteid      = (known after apply)
      + tenantid    = 1
    }

  # netris_server.gpu_servers["gpu-egg-098"] will be created
  + resource "netris_server" "gpu_servers" {
      + asnumber    = "0"
      + description = "NVIDIA HGX H100/H200/B200 (Spectrum-X) Node 098 (8 RoCE + 2 NS + 1 OOB)"
      + id          = (known after apply)
      + name        = "gpu-egg-098"
      + portcount   = 11
      + role        = (known after apply)
      + siteid      = (known after apply)
      + tenantid    = 1
    }

  # netris_server.gpu_servers["gpu-egg-099"] will be created
  + resource "netris_server" "gpu_servers" {
      + asnumber    = "0"
      + description = "NVIDIA HGX H100/H200/B200 (Spectrum-X) Node 099 (8 RoCE + 2 NS + 1 OOB)"
      + id          = (known after apply)
      + name        = "gpu-egg-099"
      + portcount   = 11
      + role        = (known after apply)
      + siteid      = (known after apply)
      + tenantid    = 1
    }

  # netris_server.gpu_servers["gpu-egg-100"] will be created
  + resource "netris_server" "gpu_servers" {
      + asnumber    = "0"
      + description = "NVIDIA HGX H100/H200/B200 (Spectrum-X) Node 100 (8 RoCE + 2 NS + 1 OOB)"
      + id          = (known after apply)
      + name        = "gpu-egg-100"
      + portcount   = 11
      + role        = (known after apply)
      + siteid      = (known after apply)
      + tenantid    = 1
    }

  # netris_server.gpu_servers["gpu-egg-101"] will be created
  + resource "netris_server" "gpu_servers" {
      + asnumber    = "0"
      + description = "NVIDIA HGX H100/H200/B200 (Spectrum-X) Node 101 (8 RoCE + 2 NS + 1 OOB)"
      + id          = (known after apply)
      + name        = "gpu-egg-101"
      + portcount   = 11
      + role        = (known after apply)
      + siteid      = (known after apply)
      + tenantid    = 1
    }

  # netris_server.gpu_servers["gpu-egg-102"] will be created
  + resource "netris_server" "gpu_servers" {
      + asnumber    = "0"
      + description = "NVIDIA HGX H100/H200/B200 (Spectrum-X) Node 102 (8 RoCE + 2 NS + 1 OOB)"
      + id          = (known after apply)
      + name        = "gpu-egg-102"
      + portcount   = 11
      + role        = (known after apply)
      + siteid      = (known after apply)
      + tenantid    = 1
    }

  # netris_server.gpu_servers["gpu-egg-103"] will be created
  + resource "netris_server" "gpu_servers" {
      + asnumber    = "0"
      + description = "NVIDIA HGX H100/H200/B200 (Spectrum-X) Node 103 (8 RoCE + 2 NS + 1 OOB)"
      + id          = (known after apply)
      + name        = "gpu-egg-103"
      + portcount   = 11
      + role        = (known after apply)
      + siteid      = (known after apply)
      + tenantid    = 1
    }

  # netris_server.gpu_servers["gpu-egg-104"] will be created
  + resource "netris_server" "gpu_servers" {
      + asnumber    = "0"
      + description = "NVIDIA HGX H100/H200/B200 (Spectrum-X) Node 104 (8 RoCE + 2 NS + 1 OOB)"
      + id          = (known after apply)
      + name        = "gpu-egg-104"
      + portcount   = 11
      + role        = (known after apply)
      + siteid      = (known after apply)
      + tenantid    = 1
    }

  # netris_server.gpu_servers["gpu-egg-105"] will be created
  + resource "netris_server" "gpu_servers" {
      + asnumber    = "0"
      + description = "NVIDIA HGX H100/H200/B200 (Spectrum-X) Node 105 (8 RoCE + 2 NS + 1 OOB)"
      + id          = (known after apply)
      + name        = "gpu-egg-105"
      + portcount   = 11
      + role        = (known after apply)
      + siteid      = (known after apply)
      + tenantid    = 1
    }

  # netris_server.gpu_servers["gpu-egg-106"] will be created
  + resource "netris_server" "gpu_servers" {
      + asnumber    = "0"
      + description = "NVIDIA HGX H100/H200/B200 (Spectrum-X) Node 106 (8 RoCE + 2 NS + 1 OOB)"
      + id          = (known after apply)
      + name        = "gpu-egg-106"
      + portcount   = 11
      + role        = (known after apply)
      + siteid      = (known after apply)
      + tenantid    = 1
    }

  # netris_server.gpu_servers["gpu-egg-107"] will be created
  + resource "netris_server" "gpu_servers" {
      + asnumber    = "0"
      + description = "NVIDIA HGX H100/H200/B200 (Spectrum-X) Node 107 (8 RoCE + 2 NS + 1 OOB)"
      + id          = (known after apply)
      + name        = "gpu-egg-107"
      + portcount   = 11
      + role        = (known after apply)
      + siteid      = (known after apply)
      + tenantid    = 1
    }

  # netris_server.gpu_servers["gpu-egg-108"] will be created
  + resource "netris_server" "gpu_servers" {
      + asnumber    = "0"
      + description = "NVIDIA HGX H100/H200/B200 (Spectrum-X) Node 108 (8 RoCE + 2 NS + 1 OOB)"
      + id          = (known after apply)
      + name        = "gpu-egg-108"
      + portcount   = 11
      + role        = (known after apply)
      + siteid      = (known after apply)
      + tenantid    = 1
    }

  # netris_server.gpu_servers["gpu-egg-109"] will be created
  + resource "netris_server" "gpu_servers" {
      + asnumber    = "0"
      + description = "NVIDIA HGX H100/H200/B200 (Spectrum-X) Node 109 (8 RoCE + 2 NS + 1 OOB)"
      + id          = (known after apply)
      + name        = "gpu-egg-109"
      + portcount   = 11
      + role        = (known after apply)
      + siteid      = (known after apply)
      + tenantid    = 1
    }

  # netris_server.gpu_servers["gpu-egg-110"] will be created
  + resource "netris_server" "gpu_servers" {
      + asnumber    = "0"
      + description = "NVIDIA HGX H100/H200/B200 (Spectrum-X) Node 110 (8 RoCE + 2 NS + 1 OOB)"
      + id          = (known after apply)
      + name        = "gpu-egg-110"
      + portcount   = 11
      + role        = (known after apply)
      + siteid      = (known after apply)
      + tenantid    = 1
    }

  # netris_server.gpu_servers["gpu-egg-111"] will be created
  + resource "netris_server" "gpu_servers" {
      + asnumber    = "0"
      + description = "NVIDIA HGX H100/H200/B200 (Spectrum-X) Node 111 (8 RoCE + 2 NS + 1 OOB)"
      + id          = (known after apply)
      + name        = "gpu-egg-111"
      + portcount   = 11
      + role        = (known after apply)
      + siteid      = (known after apply)
      + tenantid    = 1
    }

  # netris_server.gpu_servers["gpu-egg-112"] will be created
  + resource "netris_server" "gpu_servers" {
      + asnumber    = "0"
      + description = "NVIDIA HGX H100/H200/B200 (Spectrum-X) Node 112 (8 RoCE + 2 NS + 1 OOB)"
      + id          = (known after apply)
      + name        = "gpu-egg-112"
      + portcount   = 11
      + role        = (known after apply)
      + siteid      = (known after apply)
      + tenantid    = 1
    }

  # netris_server.gpu_servers["gpu-egg-113"] will be created
  + resource "netris_server" "gpu_servers" {
      + asnumber    = "0"
      + description = "NVIDIA HGX H100/H200/B200 (Spectrum-X) Node 113 (8 RoCE + 2 NS + 1 OOB)"
      + id          = (known after apply)
      + name        = "gpu-egg-113"
      + portcount   = 11
      + role        = (known after apply)
      + siteid      = (known after apply)
      + tenantid    = 1
    }

  # netris_server.gpu_servers["gpu-egg-114"] will be created
  + resource "netris_server" "gpu_servers" {
      + asnumber    = "0"
      + description = "NVIDIA HGX H100/H200/B200 (Spectrum-X) Node 114 (8 RoCE + 2 NS + 1 OOB)"
      + id          = (known after apply)
      + name        = "gpu-egg-114"
      + portcount   = 11
      + role        = (known after apply)
      + siteid      = (known after apply)
      + tenantid    = 1
    }

  # netris_server.gpu_servers["gpu-egg-115"] will be created
  + resource "netris_server" "gpu_servers" {
      + asnumber    = "0"
      + description = "NVIDIA HGX H100/H200/B200 (Spectrum-X) Node 115 (8 RoCE + 2 NS + 1 OOB)"
      + id          = (known after apply)
      + name        = "gpu-egg-115"
      + portcount   = 11
      + role        = (known after apply)
      + siteid      = (known after apply)
      + tenantid    = 1
    }

  # netris_server.gpu_servers["gpu-egg-116"] will be created
  + resource "netris_server" "gpu_servers" {
      + asnumber    = "0"
      + description = "NVIDIA HGX H100/H200/B200 (Spectrum-X) Node 116 (8 RoCE + 2 NS + 1 OOB)"
      + id          = (known after apply)
      + name        = "gpu-egg-116"
      + portcount   = 11
      + role        = (known after apply)
      + siteid      = (known after apply)
      + tenantid    = 1
    }

  # netris_server.gpu_servers["gpu-egg-117"] will be created
  + resource "netris_server" "gpu_servers" {
      + asnumber    = "0"
      + description = "NVIDIA HGX H100/H200/B200 (Spectrum-X) Node 117 (8 RoCE + 2 NS + 1 OOB)"
      + id          = (known after apply)
      + name        = "gpu-egg-117"
      + portcount   = 11
      + role        = (known after apply)
      + siteid      = (known after apply)
      + tenantid    = 1
    }

  # netris_server.gpu_servers["gpu-egg-118"] will be created
  + resource "netris_server" "gpu_servers" {
      + asnumber    = "0"
      + description = "NVIDIA HGX H100/H200/B200 (Spectrum-X) Node 118 (8 RoCE + 2 NS + 1 OOB)"
      + id          = (known after apply)
      + name        = "gpu-egg-118"
      + portcount   = 11
      + role        = (known after apply)
      + siteid      = (known after apply)
      + tenantid    = 1
    }

  # netris_server.gpu_servers["gpu-egg-119"] will be created
  + resource "netris_server" "gpu_servers" {
      + asnumber    = "0"
      + description = "NVIDIA HGX H100/H200/B200 (Spectrum-X) Node 119 (8 RoCE + 2 NS + 1 OOB)"
      + id          = (known after apply)
      + name        = "gpu-egg-119"
      + portcount   = 11
      + role        = (known after apply)
      + siteid      = (known after apply)
      + tenantid    = 1
    }

  # netris_server.gpu_servers["gpu-egg-120"] will be created
  + resource "netris_server" "gpu_servers" {
      + asnumber    = "0"
      + description = "NVIDIA HGX H100/H200/B200 (Spectrum-X) Node 120 (8 RoCE + 2 NS + 1 OOB)"
      + id          = (known after apply)
      + name        = "gpu-egg-120"
      + portcount   = 11
      + role        = (known after apply)
      + siteid      = (known after apply)
      + tenantid    = 1
    }

  # netris_server.gpu_servers["gpu-egg-121"] will be created
  + resource "netris_server" "gpu_servers" {
      + asnumber    = "0"
      + description = "NVIDIA HGX H100/H200/B200 (Spectrum-X) Node 121 (8 RoCE + 2 NS + 1 OOB)"
      + id          = (known after apply)
      + name        = "gpu-egg-121"
      + portcount   = 11
      + role        = (known after apply)
      + siteid      = (known after apply)
      + tenantid    = 1
    }

  # netris_server.gpu_servers["gpu-egg-122"] will be created
  + resource "netris_server" "gpu_servers" {
      + asnumber    = "0"
      + description = "NVIDIA HGX H100/H200/B200 (Spectrum-X) Node 122 (8 RoCE + 2 NS + 1 OOB)"
      + id          = (known after apply)
      + name        = "gpu-egg-122"
      + portcount   = 11
      + role        = (known after apply)
      + siteid      = (known after apply)
      + tenantid    = 1
    }

  # netris_server.gpu_servers["gpu-egg-123"] will be created
  + resource "netris_server" "gpu_servers" {
      + asnumber    = "0"
      + description = "NVIDIA HGX H100/H200/B200 (Spectrum-X) Node 123 (8 RoCE + 2 NS + 1 OOB)"
      + id          = (known after apply)
      + name        = "gpu-egg-123"
      + portcount   = 11
      + role        = (known after apply)
      + siteid      = (known after apply)
      + tenantid    = 1
    }

  # netris_server.gpu_servers["gpu-egg-124"] will be created
  + resource "netris_server" "gpu_servers" {
      + asnumber    = "0"
      + description = "NVIDIA HGX H100/H200/B200 (Spectrum-X) Node 124 (8 RoCE + 2 NS + 1 OOB)"
      + id          = (known after apply)
      + name        = "gpu-egg-124"
      + portcount   = 11
      + role        = (known after apply)
      + siteid      = (known after apply)
      + tenantid    = 1
    }

  # netris_server.gpu_servers["gpu-egg-125"] will be created
  + resource "netris_server" "gpu_servers" {
      + asnumber    = "0"
      + description = "NVIDIA HGX H100/H200/B200 (Spectrum-X) Node 125 (8 RoCE + 2 NS + 1 OOB)"
      + id          = (known after apply)
      + name        = "gpu-egg-125"
      + portcount   = 11
      + role        = (known after apply)
      + siteid      = (known after apply)
      + tenantid    = 1
    }

  # netris_server.gpu_servers["gpu-egg-126"] will be created
  + resource "netris_server" "gpu_servers" {
      + asnumber    = "0"
      + description = "NVIDIA HGX H100/H200/B200 (Spectrum-X) Node 126 (8 RoCE + 2 NS + 1 OOB)"
      + id          = (known after apply)
      + name        = "gpu-egg-126"
      + portcount   = 11
      + role        = (known after apply)
      + siteid      = (known after apply)
      + tenantid    = 1
    }

  # netris_server.gpu_servers["gpu-egg-127"] will be created
  + resource "netris_server" "gpu_servers" {
      + asnumber    = "0"
      + description = "NVIDIA HGX H100/H200/B200 (Spectrum-X) Node 127 (8 RoCE + 2 NS + 1 OOB)"
      + id          = (known after apply)
      + name        = "gpu-egg-127"
      + portcount   = 11
      + role        = (known after apply)
      + siteid      = (known after apply)
      + tenantid    = 1
    }

  # netris_server.gpu_servers["gpu-egg-128"] will be created
  + resource "netris_server" "gpu_servers" {
      + asnumber    = "0"
      + description = "NVIDIA HGX H100/H200/B200 (Spectrum-X) Node 128 (8 RoCE + 2 NS + 1 OOB)"
      + id          = (known after apply)
      + name        = "gpu-egg-128"
      + portcount   = 11
      + role        = (known after apply)
      + siteid      = (known after apply)
      + tenantid    = 1
    }

  # netris_server.mgmt_servers["srv-egg-cp01"] will be created
  + resource "netris_server" "mgmt_servers" {
      + asnumber    = "0"
      + description = "Control Plane / K8s Node 01"
      + id          = (known after apply)
      + name        = "srv-egg-cp01"
      + portcount   = 2
      + role        = (known after apply)
      + siteid      = (known after apply)
      + tenantid    = 1
    }

  # netris_server.mgmt_servers["srv-egg-cp02"] will be created
  + resource "netris_server" "mgmt_servers" {
      + asnumber    = "0"
      + description = "Control Plane / K8s Node 02"
      + id          = (known after apply)
      + name        = "srv-egg-cp02"
      + portcount   = 2
      + role        = (known after apply)
      + siteid      = (known after apply)
      + tenantid    = 1
    }

  # netris_server.mgmt_servers["srv-egg-cp03"] will be created
  + resource "netris_server" "mgmt_servers" {
      + asnumber    = "0"
      + description = "Control Plane / K8s Node 03"
      + id          = (known after apply)
      + name        = "srv-egg-cp03"
      + portcount   = 2
      + role        = (known after apply)
      + siteid      = (known after apply)
      + tenantid    = 1
    }

  # netris_server.storage_servers["srv-egg-storage01"] will be created
  + resource "netris_server" "storage_servers" {
      + asnumber    = "0"
      + description = "Storage Node 01 (2 Storage + 2 NS + 1 OOB)"
      + id          = (known after apply)
      + name        = "srv-egg-storage01"
      + portcount   = 5
      + role        = (known after apply)
      + siteid      = (known after apply)
      + tenantid    = 1
    }

  # netris_server.storage_servers["srv-egg-storage02"] will be created
  + resource "netris_server" "storage_servers" {
      + asnumber    = "0"
      + description = "Storage Node 02 (2 Storage + 2 NS + 1 OOB)"
      + id          = (known after apply)
      + name        = "srv-egg-storage02"
      + portcount   = 5
      + role        = (known after apply)
      + siteid      = (known after apply)
      + tenantid    = 1
    }

  # netris_server.storage_servers["srv-egg-storage03"] will be created
  + resource "netris_server" "storage_servers" {
      + asnumber    = "0"
      + description = "Storage Node 03 (2 Storage + 2 NS + 1 OOB)"
      + id          = (known after apply)
      + name        = "srv-egg-storage03"
      + portcount   = 5
      + role        = (known after apply)
      + siteid      = (known after apply)
      + tenantid    = 1
    }

  # netris_server.storage_servers["srv-egg-storage04"] will be created
  + resource "netris_server" "storage_servers" {
      + asnumber    = "0"
      + description = "Storage Node 04 (2 Storage + 2 NS + 1 OOB)"
      + id          = (known after apply)
      + name        = "srv-egg-storage04"
      + portcount   = 5
      + role        = (known after apply)
      + siteid      = (known after apply)
      + tenantid    = 1
    }

  # netris_site.site will be created
  + resource "netris_site" "site" {
      + acldefaultpolicy    = "permit"
      + id                  = (known after apply)
      + name                = "Egg"
      + publicasn           = 65502
      + sitemesh            = (known after apply)
      + switchfabric        = "netris"
      + vlanrange           = "2-4094"
      + vlanrangeautoassign = "2-3999"
    }

  # netris_softgate.softgates["1"] will be created
  + resource "netris_softgate" "softgates" {
      + description = "Border Gateway — SoftGate 01 (Stateful NAT, Border BGP Routing, L4 Load Balancing & External Ingress/Egress Gateway)"
      + flavor      = "sg-hs"
      + id          = (known after apply)
      + mainip      = "172.16.6.13"
      + mgmtip      = "172.16.7.53"
      + name        = "sg-egg-border-gw01"
      + profileid   = (known after apply)
      + role        = "general"
      + siteid      = (known after apply)
      + tenantid    = 1
    }

  # netris_softgate.softgates["2"] will be created
  + resource "netris_softgate" "softgates" {
      + description = "Border Gateway — SoftGate 02 (Stateful NAT, Border BGP Routing, L4 Load Balancing & External Ingress/Egress Gateway)"
      + flavor      = "sg-hs"
      + id          = (known after apply)
      + mainip      = "172.16.6.14"
      + mgmtip      = "172.16.7.54"
      + name        = "sg-egg-border-gw02"
      + profileid   = (known after apply)
      + role        = "general"
      + siteid      = (known after apply)
      + tenantid    = 1
    }

  # netris_softgate.softgates["3"] will be created
  + resource "netris_softgate" "softgates" {
      + description = "Border Gateway — SoftGate 03 (Stateful NAT, Border BGP Routing, L4 Load Balancing & External Ingress/Egress Gateway)"
      + flavor      = "sg-hs"
      + id          = (known after apply)
      + mainip      = "172.16.6.15"
      + mgmtip      = "172.16.7.55"
      + name        = "sg-egg-border-gw03"
      + profileid   = (known after apply)
      + role        = "general"
      + siteid      = (known after apply)
      + tenantid    = 1
    }

  # netris_softgate.softgates["4"] will be created
  + resource "netris_softgate" "softgates" {
      + description = "Border Gateway — SoftGate 04 (Stateful NAT, Border BGP Routing, L4 Load Balancing & External Ingress/Egress Gateway)"
      + flavor      = "sg-hs"
      + id          = (known after apply)
      + mainip      = "172.16.6.16"
      + mgmtip      = "172.16.7.56"
      + name        = "sg-egg-border-gw04"
      + profileid   = (known after apply)
      + role        = "general"
      + siteid      = (known after apply)
      + tenantid    = 1
    }

  # netris_subnet.subnets["sub-ew-loopbacks"] will be created
  + resource "netris_subnet" "subnets" {
      + id       = (known after apply)
      + name     = "sub-ew-loopbacks"
      + prefix   = "172.16.5.0/24"
      + purpose  = "loopback"
      + siteids  = (known after apply)
      + tenantid = 1
    }

  # netris_subnet.subnets["sub-ew-p2p"] will be created
  + resource "netris_subnet" "subnets" {
      + id       = (known after apply)
      + name     = "sub-ew-p2p"
      + prefix   = "172.18.0.0/16"
      + purpose  = "common"
      + siteids  = (known after apply)
      + tenantid = 1
    }

  # netris_subnet.subnets["sub-ns-loopbacks"] will be created
  + resource "netris_subnet" "subnets" {
      + id       = (known after apply)
      + name     = "sub-ns-loopbacks"
      + prefix   = "172.16.6.0/24"
      + purpose  = "loopback"
      + siteids  = (known after apply)
      + tenantid = 1
    }

  # netris_subnet.subnets["sub-ns-mgmt"] will be created
  + resource "netris_subnet" "subnets" {
      + id       = (known after apply)
      + name     = "sub-ns-mgmt"
      + prefix   = "172.16.7.0/24"
      + purpose  = "management"
      + siteids  = (known after apply)
      + tenantid = 1
    }

  # netris_subnet.subnets["sub-oob"] will be created
  + resource "netris_subnet" "subnets" {
      + id       = (known after apply)
      + name     = "sub-oob"
      + prefix   = "172.16.9.0/24"
      + purpose  = "management"
      + siteids  = (known after apply)
      + tenantid = 1
    }

  # netris_subnet.subnets["sub-storage"] will be created
  + resource "netris_subnet" "subnets" {
      + id       = (known after apply)
      + name     = "sub-storage"
      + prefix   = "172.16.8.0/24"
      + purpose  = "common"
      + siteids  = (known after apply)
      + tenantid = 1
    }

  # netris_switch.switches["1"] will be created
  + resource "netris_switch" "switches" {
      + asnumber                 = "4200000000"
      + description              = "Backend Spectrum-X AI Fabric — Plane 1 Spine 01 (Aggregates Plane 1 Leaves for East-West RoCE GPU Interconnect)"
      + enable_evpn_route_server = false
      + id                       = (known after apply)
      + macaddress               = (known after apply)
      + mainip                   = "172.16.5.1"
      + mgmtip                   = "172.16.7.1"
      + name                     = "sw-egg-backend-plane1-spine01"
      + nos                      = "cumulus_nvue"
      + portcount                = 64
      + profileid                = (known after apply)
      + role                     = "spine"
      + siteid                   = (known after apply)
      + tenantid                 = 1
    }

  # netris_switch.switches["10"] will be created
  + resource "netris_switch" "switches" {
      + asnumber                 = "4200000010"
      + description              = "Backend Spectrum-X AI Fabric — Plane 1 Leaf 08 (Dedicated RoCE Compute Access Leaf for GPU Fleet)"
      + enable_evpn_route_server = false
      + id                       = (known after apply)
      + macaddress               = (known after apply)
      + mainip                   = "172.16.5.10"
      + mgmtip                   = "172.16.7.10"
      + name                     = "sw-egg-backend-plane1-leaf08"
      + nos                      = "cumulus_nvue"
      + portcount                = 64
      + profileid                = (known after apply)
      + role                     = "leaf"
      + siteid                   = (known after apply)
      + tenantid                 = 1
    }

  # netris_switch.switches["11"] will be created
  + resource "netris_switch" "switches" {
      + asnumber                 = "4200000000"
      + description              = "Backend Spectrum-X AI Fabric — Plane 2 Spine 01 (Aggregates Plane 2 Leaves for East-West RoCE GPU Interconnect)"
      + enable_evpn_route_server = false
      + id                       = (known after apply)
      + macaddress               = (known after apply)
      + mainip                   = "172.16.5.11"
      + mgmtip                   = "172.16.7.11"
      + name                     = "sw-egg-backend-plane2-spine01"
      + nos                      = "cumulus_nvue"
      + portcount                = 64
      + profileid                = (known after apply)
      + role                     = "spine"
      + siteid                   = (known after apply)
      + tenantid                 = 1
    }

  # netris_switch.switches["12"] will be created
  + resource "netris_switch" "switches" {
      + asnumber                 = "4200000000"
      + description              = "Backend Spectrum-X AI Fabric — Plane 2 Spine 02 (Aggregates Plane 2 Leaves for East-West RoCE GPU Interconnect)"
      + enable_evpn_route_server = false
      + id                       = (known after apply)
      + macaddress               = (known after apply)
      + mainip                   = "172.16.5.12"
      + mgmtip                   = "172.16.7.12"
      + name                     = "sw-egg-backend-plane2-spine02"
      + nos                      = "cumulus_nvue"
      + portcount                = 64
      + profileid                = (known after apply)
      + role                     = "spine"
      + siteid                   = (known after apply)
      + tenantid                 = 1
    }

  # netris_switch.switches["13"] will be created
  + resource "netris_switch" "switches" {
      + asnumber                 = "4200000013"
      + description              = "Backend Spectrum-X AI Fabric — Plane 2 Leaf 01 (Dedicated RoCE Compute Access Leaf for GPU Fleet)"
      + enable_evpn_route_server = false
      + id                       = (known after apply)
      + macaddress               = (known after apply)
      + mainip                   = "172.16.5.13"
      + mgmtip                   = "172.16.7.13"
      + name                     = "sw-egg-backend-plane2-leaf01"
      + nos                      = "cumulus_nvue"
      + portcount                = 64
      + profileid                = (known after apply)
      + role                     = "leaf"
      + siteid                   = (known after apply)
      + tenantid                 = 1
    }

  # netris_switch.switches["14"] will be created
  + resource "netris_switch" "switches" {
      + asnumber                 = "4200000014"
      + description              = "Backend Spectrum-X AI Fabric — Plane 2 Leaf 02 (Dedicated RoCE Compute Access Leaf for GPU Fleet)"
      + enable_evpn_route_server = false
      + id                       = (known after apply)
      + macaddress               = (known after apply)
      + mainip                   = "172.16.5.14"
      + mgmtip                   = "172.16.7.14"
      + name                     = "sw-egg-backend-plane2-leaf02"
      + nos                      = "cumulus_nvue"
      + portcount                = 64
      + profileid                = (known after apply)
      + role                     = "leaf"
      + siteid                   = (known after apply)
      + tenantid                 = 1
    }

  # netris_switch.switches["15"] will be created
  + resource "netris_switch" "switches" {
      + asnumber                 = "4200000015"
      + description              = "Backend Spectrum-X AI Fabric — Plane 2 Leaf 03 (Dedicated RoCE Compute Access Leaf for GPU Fleet)"
      + enable_evpn_route_server = false
      + id                       = (known after apply)
      + macaddress               = (known after apply)
      + mainip                   = "172.16.5.15"
      + mgmtip                   = "172.16.7.15"
      + name                     = "sw-egg-backend-plane2-leaf03"
      + nos                      = "cumulus_nvue"
      + portcount                = 64
      + profileid                = (known after apply)
      + role                     = "leaf"
      + siteid                   = (known after apply)
      + tenantid                 = 1
    }

  # netris_switch.switches["16"] will be created
  + resource "netris_switch" "switches" {
      + asnumber                 = "4200000016"
      + description              = "Backend Spectrum-X AI Fabric — Plane 2 Leaf 04 (Dedicated RoCE Compute Access Leaf for GPU Fleet)"
      + enable_evpn_route_server = false
      + id                       = (known after apply)
      + macaddress               = (known after apply)
      + mainip                   = "172.16.5.16"
      + mgmtip                   = "172.16.7.16"
      + name                     = "sw-egg-backend-plane2-leaf04"
      + nos                      = "cumulus_nvue"
      + portcount                = 64
      + profileid                = (known after apply)
      + role                     = "leaf"
      + siteid                   = (known after apply)
      + tenantid                 = 1
    }

  # netris_switch.switches["17"] will be created
  + resource "netris_switch" "switches" {
      + asnumber                 = "4200000017"
      + description              = "Backend Spectrum-X AI Fabric — Plane 2 Leaf 05 (Dedicated RoCE Compute Access Leaf for GPU Fleet)"
      + enable_evpn_route_server = false
      + id                       = (known after apply)
      + macaddress               = (known after apply)
      + mainip                   = "172.16.5.17"
      + mgmtip                   = "172.16.7.17"
      + name                     = "sw-egg-backend-plane2-leaf05"
      + nos                      = "cumulus_nvue"
      + portcount                = 64
      + profileid                = (known after apply)
      + role                     = "leaf"
      + siteid                   = (known after apply)
      + tenantid                 = 1
    }

  # netris_switch.switches["18"] will be created
  + resource "netris_switch" "switches" {
      + asnumber                 = "4200000018"
      + description              = "Backend Spectrum-X AI Fabric — Plane 2 Leaf 06 (Dedicated RoCE Compute Access Leaf for GPU Fleet)"
      + enable_evpn_route_server = false
      + id                       = (known after apply)
      + macaddress               = (known after apply)
      + mainip                   = "172.16.5.18"
      + mgmtip                   = "172.16.7.18"
      + name                     = "sw-egg-backend-plane2-leaf06"
      + nos                      = "cumulus_nvue"
      + portcount                = 64
      + profileid                = (known after apply)
      + role                     = "leaf"
      + siteid                   = (known after apply)
      + tenantid                 = 1
    }

  # netris_switch.switches["19"] will be created
  + resource "netris_switch" "switches" {
      + asnumber                 = "4200000019"
      + description              = "Backend Spectrum-X AI Fabric — Plane 2 Leaf 07 (Dedicated RoCE Compute Access Leaf for GPU Fleet)"
      + enable_evpn_route_server = false
      + id                       = (known after apply)
      + macaddress               = (known after apply)
      + mainip                   = "172.16.5.19"
      + mgmtip                   = "172.16.7.19"
      + name                     = "sw-egg-backend-plane2-leaf07"
      + nos                      = "cumulus_nvue"
      + portcount                = 64
      + profileid                = (known after apply)
      + role                     = "leaf"
      + siteid                   = (known after apply)
      + tenantid                 = 1
    }

  # netris_switch.switches["2"] will be created
  + resource "netris_switch" "switches" {
      + asnumber                 = "4200000000"
      + description              = "Backend Spectrum-X AI Fabric — Plane 1 Spine 02 (Aggregates Plane 1 Leaves for East-West RoCE GPU Interconnect)"
      + enable_evpn_route_server = false
      + id                       = (known after apply)
      + macaddress               = (known after apply)
      + mainip                   = "172.16.5.2"
      + mgmtip                   = "172.16.7.2"
      + name                     = "sw-egg-backend-plane1-spine02"
      + nos                      = "cumulus_nvue"
      + portcount                = 64
      + profileid                = (known after apply)
      + role                     = "spine"
      + siteid                   = (known after apply)
      + tenantid                 = 1
    }

  # netris_switch.switches["20"] will be created
  + resource "netris_switch" "switches" {
      + asnumber                 = "4200000020"
      + description              = "Backend Spectrum-X AI Fabric — Plane 2 Leaf 08 (Dedicated RoCE Compute Access Leaf for GPU Fleet)"
      + enable_evpn_route_server = false
      + id                       = (known after apply)
      + macaddress               = (known after apply)
      + mainip                   = "172.16.5.20"
      + mgmtip                   = "172.16.7.20"
      + name                     = "sw-egg-backend-plane2-leaf08"
      + nos                      = "cumulus_nvue"
      + portcount                = 64
      + profileid                = (known after apply)
      + role                     = "leaf"
      + siteid                   = (known after apply)
      + tenantid                 = 1
    }

  # netris_switch.switches["21"] will be created
  + resource "netris_switch" "switches" {
      + asnumber                 = "4200000000"
      + description              = "Backend Spectrum-X AI Fabric — Plane 3 Spine 01 (Aggregates Plane 3 Leaves for East-West RoCE GPU Interconnect)"
      + enable_evpn_route_server = false
      + id                       = (known after apply)
      + macaddress               = (known after apply)
      + mainip                   = "172.16.5.21"
      + mgmtip                   = "172.16.7.21"
      + name                     = "sw-egg-backend-plane3-spine01"
      + nos                      = "cumulus_nvue"
      + portcount                = 64
      + profileid                = (known after apply)
      + role                     = "spine"
      + siteid                   = (known after apply)
      + tenantid                 = 1
    }

  # netris_switch.switches["22"] will be created
  + resource "netris_switch" "switches" {
      + asnumber                 = "4200000000"
      + description              = "Backend Spectrum-X AI Fabric — Plane 3 Spine 02 (Aggregates Plane 3 Leaves for East-West RoCE GPU Interconnect)"
      + enable_evpn_route_server = false
      + id                       = (known after apply)
      + macaddress               = (known after apply)
      + mainip                   = "172.16.5.22"
      + mgmtip                   = "172.16.7.22"
      + name                     = "sw-egg-backend-plane3-spine02"
      + nos                      = "cumulus_nvue"
      + portcount                = 64
      + profileid                = (known after apply)
      + role                     = "spine"
      + siteid                   = (known after apply)
      + tenantid                 = 1
    }

  # netris_switch.switches["23"] will be created
  + resource "netris_switch" "switches" {
      + asnumber                 = "4200000023"
      + description              = "Backend Spectrum-X AI Fabric — Plane 3 Leaf 01 (Dedicated RoCE Compute Access Leaf for GPU Fleet)"
      + enable_evpn_route_server = false
      + id                       = (known after apply)
      + macaddress               = (known after apply)
      + mainip                   = "172.16.5.23"
      + mgmtip                   = "172.16.7.23"
      + name                     = "sw-egg-backend-plane3-leaf01"
      + nos                      = "cumulus_nvue"
      + portcount                = 64
      + profileid                = (known after apply)
      + role                     = "leaf"
      + siteid                   = (known after apply)
      + tenantid                 = 1
    }

  # netris_switch.switches["24"] will be created
  + resource "netris_switch" "switches" {
      + asnumber                 = "4200000024"
      + description              = "Backend Spectrum-X AI Fabric — Plane 3 Leaf 02 (Dedicated RoCE Compute Access Leaf for GPU Fleet)"
      + enable_evpn_route_server = false
      + id                       = (known after apply)
      + macaddress               = (known after apply)
      + mainip                   = "172.16.5.24"
      + mgmtip                   = "172.16.7.24"
      + name                     = "sw-egg-backend-plane3-leaf02"
      + nos                      = "cumulus_nvue"
      + portcount                = 64
      + profileid                = (known after apply)
      + role                     = "leaf"
      + siteid                   = (known after apply)
      + tenantid                 = 1
    }

  # netris_switch.switches["25"] will be created
  + resource "netris_switch" "switches" {
      + asnumber                 = "4200000025"
      + description              = "Backend Spectrum-X AI Fabric — Plane 3 Leaf 03 (Dedicated RoCE Compute Access Leaf for GPU Fleet)"
      + enable_evpn_route_server = false
      + id                       = (known after apply)
      + macaddress               = (known after apply)
      + mainip                   = "172.16.5.25"
      + mgmtip                   = "172.16.7.25"
      + name                     = "sw-egg-backend-plane3-leaf03"
      + nos                      = "cumulus_nvue"
      + portcount                = 64
      + profileid                = (known after apply)
      + role                     = "leaf"
      + siteid                   = (known after apply)
      + tenantid                 = 1
    }

  # netris_switch.switches["26"] will be created
  + resource "netris_switch" "switches" {
      + asnumber                 = "4200000026"
      + description              = "Backend Spectrum-X AI Fabric — Plane 3 Leaf 04 (Dedicated RoCE Compute Access Leaf for GPU Fleet)"
      + enable_evpn_route_server = false
      + id                       = (known after apply)
      + macaddress               = (known after apply)
      + mainip                   = "172.16.5.26"
      + mgmtip                   = "172.16.7.26"
      + name                     = "sw-egg-backend-plane3-leaf04"
      + nos                      = "cumulus_nvue"
      + portcount                = 64
      + profileid                = (known after apply)
      + role                     = "leaf"
      + siteid                   = (known after apply)
      + tenantid                 = 1
    }

  # netris_switch.switches["27"] will be created
  + resource "netris_switch" "switches" {
      + asnumber                 = "4200000027"
      + description              = "Backend Spectrum-X AI Fabric — Plane 3 Leaf 05 (Dedicated RoCE Compute Access Leaf for GPU Fleet)"
      + enable_evpn_route_server = false
      + id                       = (known after apply)
      + macaddress               = (known after apply)
      + mainip                   = "172.16.5.27"
      + mgmtip                   = "172.16.7.27"
      + name                     = "sw-egg-backend-plane3-leaf05"
      + nos                      = "cumulus_nvue"
      + portcount                = 64
      + profileid                = (known after apply)
      + role                     = "leaf"
      + siteid                   = (known after apply)
      + tenantid                 = 1
    }

  # netris_switch.switches["28"] will be created
  + resource "netris_switch" "switches" {
      + asnumber                 = "4200000028"
      + description              = "Backend Spectrum-X AI Fabric — Plane 3 Leaf 06 (Dedicated RoCE Compute Access Leaf for GPU Fleet)"
      + enable_evpn_route_server = false
      + id                       = (known after apply)
      + macaddress               = (known after apply)
      + mainip                   = "172.16.5.28"
      + mgmtip                   = "172.16.7.28"
      + name                     = "sw-egg-backend-plane3-leaf06"
      + nos                      = "cumulus_nvue"
      + portcount                = 64
      + profileid                = (known after apply)
      + role                     = "leaf"
      + siteid                   = (known after apply)
      + tenantid                 = 1
    }

  # netris_switch.switches["29"] will be created
  + resource "netris_switch" "switches" {
      + asnumber                 = "4200000029"
      + description              = "Backend Spectrum-X AI Fabric — Plane 3 Leaf 07 (Dedicated RoCE Compute Access Leaf for GPU Fleet)"
      + enable_evpn_route_server = false
      + id                       = (known after apply)
      + macaddress               = (known after apply)
      + mainip                   = "172.16.5.29"
      + mgmtip                   = "172.16.7.29"
      + name                     = "sw-egg-backend-plane3-leaf07"
      + nos                      = "cumulus_nvue"
      + portcount                = 64
      + profileid                = (known after apply)
      + role                     = "leaf"
      + siteid                   = (known after apply)
      + tenantid                 = 1
    }

  # netris_switch.switches["3"] will be created
  + resource "netris_switch" "switches" {
      + asnumber                 = "4200000003"
      + description              = "Backend Spectrum-X AI Fabric — Plane 1 Leaf 01 (Dedicated RoCE Compute Access Leaf for GPU Fleet)"
      + enable_evpn_route_server = false
      + id                       = (known after apply)
      + macaddress               = (known after apply)
      + mainip                   = "172.16.5.3"
      + mgmtip                   = "172.16.7.3"
      + name                     = "sw-egg-backend-plane1-leaf01"
      + nos                      = "cumulus_nvue"
      + portcount                = 64
      + profileid                = (known after apply)
      + role                     = "leaf"
      + siteid                   = (known after apply)
      + tenantid                 = 1
    }

  # netris_switch.switches["30"] will be created
  + resource "netris_switch" "switches" {
      + asnumber                 = "4200000030"
      + description              = "Backend Spectrum-X AI Fabric — Plane 3 Leaf 08 (Dedicated RoCE Compute Access Leaf for GPU Fleet)"
      + enable_evpn_route_server = false
      + id                       = (known after apply)
      + macaddress               = (known after apply)
      + mainip                   = "172.16.5.30"
      + mgmtip                   = "172.16.7.30"
      + name                     = "sw-egg-backend-plane3-leaf08"
      + nos                      = "cumulus_nvue"
      + portcount                = 64
      + profileid                = (known after apply)
      + role                     = "leaf"
      + siteid                   = (known after apply)
      + tenantid                 = 1
    }

  # netris_switch.switches["31"] will be created
  + resource "netris_switch" "switches" {
      + asnumber                 = "4200000000"
      + description              = "Backend Spectrum-X AI Fabric — Plane 4 Spine 01 (Aggregates Plane 4 Leaves for East-West RoCE GPU Interconnect)"
      + enable_evpn_route_server = false
      + id                       = (known after apply)
      + macaddress               = (known after apply)
      + mainip                   = "172.16.5.31"
      + mgmtip                   = "172.16.7.31"
      + name                     = "sw-egg-backend-plane4-spine01"
      + nos                      = "cumulus_nvue"
      + portcount                = 64
      + profileid                = (known after apply)
      + role                     = "spine"
      + siteid                   = (known after apply)
      + tenantid                 = 1
    }

  # netris_switch.switches["32"] will be created
  + resource "netris_switch" "switches" {
      + asnumber                 = "4200000000"
      + description              = "Backend Spectrum-X AI Fabric — Plane 4 Spine 02 (Aggregates Plane 4 Leaves for East-West RoCE GPU Interconnect)"
      + enable_evpn_route_server = false
      + id                       = (known after apply)
      + macaddress               = (known after apply)
      + mainip                   = "172.16.5.32"
      + mgmtip                   = "172.16.7.32"
      + name                     = "sw-egg-backend-plane4-spine02"
      + nos                      = "cumulus_nvue"
      + portcount                = 64
      + profileid                = (known after apply)
      + role                     = "spine"
      + siteid                   = (known after apply)
      + tenantid                 = 1
    }

  # netris_switch.switches["33"] will be created
  + resource "netris_switch" "switches" {
      + asnumber                 = "4200000033"
      + description              = "Backend Spectrum-X AI Fabric — Plane 4 Leaf 01 (Dedicated RoCE Compute Access Leaf for GPU Fleet)"
      + enable_evpn_route_server = false
      + id                       = (known after apply)
      + macaddress               = (known after apply)
      + mainip                   = "172.16.5.33"
      + mgmtip                   = "172.16.7.33"
      + name                     = "sw-egg-backend-plane4-leaf01"
      + nos                      = "cumulus_nvue"
      + portcount                = 64
      + profileid                = (known after apply)
      + role                     = "leaf"
      + siteid                   = (known after apply)
      + tenantid                 = 1
    }

  # netris_switch.switches["34"] will be created
  + resource "netris_switch" "switches" {
      + asnumber                 = "4200000034"
      + description              = "Backend Spectrum-X AI Fabric — Plane 4 Leaf 02 (Dedicated RoCE Compute Access Leaf for GPU Fleet)"
      + enable_evpn_route_server = false
      + id                       = (known after apply)
      + macaddress               = (known after apply)
      + mainip                   = "172.16.5.34"
      + mgmtip                   = "172.16.7.34"
      + name                     = "sw-egg-backend-plane4-leaf02"
      + nos                      = "cumulus_nvue"
      + portcount                = 64
      + profileid                = (known after apply)
      + role                     = "leaf"
      + siteid                   = (known after apply)
      + tenantid                 = 1
    }

  # netris_switch.switches["35"] will be created
  + resource "netris_switch" "switches" {
      + asnumber                 = "4200000035"
      + description              = "Backend Spectrum-X AI Fabric — Plane 4 Leaf 03 (Dedicated RoCE Compute Access Leaf for GPU Fleet)"
      + enable_evpn_route_server = false
      + id                       = (known after apply)
      + macaddress               = (known after apply)
      + mainip                   = "172.16.5.35"
      + mgmtip                   = "172.16.7.35"
      + name                     = "sw-egg-backend-plane4-leaf03"
      + nos                      = "cumulus_nvue"
      + portcount                = 64
      + profileid                = (known after apply)
      + role                     = "leaf"
      + siteid                   = (known after apply)
      + tenantid                 = 1
    }

  # netris_switch.switches["36"] will be created
  + resource "netris_switch" "switches" {
      + asnumber                 = "4200000036"
      + description              = "Backend Spectrum-X AI Fabric — Plane 4 Leaf 04 (Dedicated RoCE Compute Access Leaf for GPU Fleet)"
      + enable_evpn_route_server = false
      + id                       = (known after apply)
      + macaddress               = (known after apply)
      + mainip                   = "172.16.5.36"
      + mgmtip                   = "172.16.7.36"
      + name                     = "sw-egg-backend-plane4-leaf04"
      + nos                      = "cumulus_nvue"
      + portcount                = 64
      + profileid                = (known after apply)
      + role                     = "leaf"
      + siteid                   = (known after apply)
      + tenantid                 = 1
    }

  # netris_switch.switches["37"] will be created
  + resource "netris_switch" "switches" {
      + asnumber                 = "4200000037"
      + description              = "Backend Spectrum-X AI Fabric — Plane 4 Leaf 05 (Dedicated RoCE Compute Access Leaf for GPU Fleet)"
      + enable_evpn_route_server = false
      + id                       = (known after apply)
      + macaddress               = (known after apply)
      + mainip                   = "172.16.5.37"
      + mgmtip                   = "172.16.7.37"
      + name                     = "sw-egg-backend-plane4-leaf05"
      + nos                      = "cumulus_nvue"
      + portcount                = 64
      + profileid                = (known after apply)
      + role                     = "leaf"
      + siteid                   = (known after apply)
      + tenantid                 = 1
    }

  # netris_switch.switches["38"] will be created
  + resource "netris_switch" "switches" {
      + asnumber                 = "4200000038"
      + description              = "Backend Spectrum-X AI Fabric — Plane 4 Leaf 06 (Dedicated RoCE Compute Access Leaf for GPU Fleet)"
      + enable_evpn_route_server = false
      + id                       = (known after apply)
      + macaddress               = (known after apply)
      + mainip                   = "172.16.5.38"
      + mgmtip                   = "172.16.7.38"
      + name                     = "sw-egg-backend-plane4-leaf06"
      + nos                      = "cumulus_nvue"
      + portcount                = 64
      + profileid                = (known after apply)
      + role                     = "leaf"
      + siteid                   = (known after apply)
      + tenantid                 = 1
    }

  # netris_switch.switches["39"] will be created
  + resource "netris_switch" "switches" {
      + asnumber                 = "4200000039"
      + description              = "Backend Spectrum-X AI Fabric — Plane 4 Leaf 07 (Dedicated RoCE Compute Access Leaf for GPU Fleet)"
      + enable_evpn_route_server = false
      + id                       = (known after apply)
      + macaddress               = (known after apply)
      + mainip                   = "172.16.5.39"
      + mgmtip                   = "172.16.7.39"
      + name                     = "sw-egg-backend-plane4-leaf07"
      + nos                      = "cumulus_nvue"
      + portcount                = 64
      + profileid                = (known after apply)
      + role                     = "leaf"
      + siteid                   = (known after apply)
      + tenantid                 = 1
    }

  # netris_switch.switches["4"] will be created
  + resource "netris_switch" "switches" {
      + asnumber                 = "4200000004"
      + description              = "Backend Spectrum-X AI Fabric — Plane 1 Leaf 02 (Dedicated RoCE Compute Access Leaf for GPU Fleet)"
      + enable_evpn_route_server = false
      + id                       = (known after apply)
      + macaddress               = (known after apply)
      + mainip                   = "172.16.5.4"
      + mgmtip                   = "172.16.7.4"
      + name                     = "sw-egg-backend-plane1-leaf02"
      + nos                      = "cumulus_nvue"
      + portcount                = 64
      + profileid                = (known after apply)
      + role                     = "leaf"
      + siteid                   = (known after apply)
      + tenantid                 = 1
    }

  # netris_switch.switches["40"] will be created
  + resource "netris_switch" "switches" {
      + asnumber                 = "4200000040"
      + description              = "Backend Spectrum-X AI Fabric — Plane 4 Leaf 08 (Dedicated RoCE Compute Access Leaf for GPU Fleet)"
      + enable_evpn_route_server = false
      + id                       = (known after apply)
      + macaddress               = (known after apply)
      + mainip                   = "172.16.5.40"
      + mgmtip                   = "172.16.7.40"
      + name                     = "sw-egg-backend-plane4-leaf08"
      + nos                      = "cumulus_nvue"
      + portcount                = 64
      + profileid                = (known after apply)
      + role                     = "leaf"
      + siteid                   = (known after apply)
      + tenantid                 = 1
    }

  # netris_switch.switches["41"] will be created
  + resource "netris_switch" "switches" {
      + asnumber                 = "4200000041"
      + description              = "Frontend North-South Fabric — Spine 01 (Aggregates Frontend & In-Band Management Leaves and Core Routing)"
      + enable_evpn_route_server = false
      + id                       = (known after apply)
      + macaddress               = (known after apply)
      + mainip                   = "172.16.6.1"
      + mgmtip                   = "172.16.7.41"
      + name                     = "sw-egg-frontend-spine01"
      + nos                      = "cumulus_nvue"
      + portcount                = 64
      + profileid                = (known after apply)
      + role                     = "spine"
      + siteid                   = (known after apply)
      + tenantid                 = 1
    }

  # netris_switch.switches["42"] will be created
  + resource "netris_switch" "switches" {
      + asnumber                 = "4200000042"
      + description              = "Frontend North-South Fabric — Spine 02 (Aggregates Frontend & In-Band Management Leaves and Core Routing)"
      + enable_evpn_route_server = false
      + id                       = (known after apply)
      + macaddress               = (known after apply)
      + mainip                   = "172.16.6.2"
      + mgmtip                   = "172.16.7.42"
      + name                     = "sw-egg-frontend-spine02"
      + nos                      = "cumulus_nvue"
      + portcount                = 64
      + profileid                = (known after apply)
      + role                     = "spine"
      + siteid                   = (known after apply)
      + tenantid                 = 1
    }

  # netris_switch.switches["43"] will be created
  + resource "netris_switch" "switches" {
      + asnumber                 = "4200000043"
      + description              = "Frontend North-South Fabric — Leaf 01 (GPU In-Band Mgmt, Cluster Services & SoftGate Border Uplinks)"
      + enable_evpn_route_server = false
      + id                       = (known after apply)
      + macaddress               = (known after apply)
      + mainip                   = "172.16.6.3"
      + mgmtip                   = "172.16.7.43"
      + name                     = "sw-egg-frontend-leaf01"
      + nos                      = "cumulus_nvue"
      + portcount                = 64
      + profileid                = (known after apply)
      + role                     = "leaf"
      + siteid                   = (known after apply)
      + tenantid                 = 1
    }

  # netris_switch.switches["44"] will be created
  + resource "netris_switch" "switches" {
      + asnumber                 = "4200000044"
      + description              = "Frontend North-South Fabric — Leaf 02 (GPU In-Band Mgmt, Cluster Services & SoftGate Border Uplinks)"
      + enable_evpn_route_server = false
      + id                       = (known after apply)
      + macaddress               = (known after apply)
      + mainip                   = "172.16.6.4"
      + mgmtip                   = "172.16.7.44"
      + name                     = "sw-egg-frontend-leaf02"
      + nos                      = "cumulus_nvue"
      + portcount                = 64
      + profileid                = (known after apply)
      + role                     = "leaf"
      + siteid                   = (known after apply)
      + tenantid                 = 1
    }

  # netris_switch.switches["45"] will be created
  + resource "netris_switch" "switches" {
      + asnumber                 = "4200000045"
      + description              = "Frontend North-South Fabric — Leaf 03 (GPU In-Band Mgmt, Cluster Services & SoftGate Border Uplinks)"
      + enable_evpn_route_server = false
      + id                       = (known after apply)
      + macaddress               = (known after apply)
      + mainip                   = "172.16.6.5"
      + mgmtip                   = "172.16.7.45"
      + name                     = "sw-egg-frontend-leaf03"
      + nos                      = "cumulus_nvue"
      + portcount                = 64
      + profileid                = (known after apply)
      + role                     = "leaf"
      + siteid                   = (known after apply)
      + tenantid                 = 1
    }

  # netris_switch.switches["46"] will be created
  + resource "netris_switch" "switches" {
      + asnumber                 = "4200000046"
      + description              = "Frontend North-South Fabric — Leaf 04 (GPU In-Band Mgmt, Cluster Services & SoftGate Border Uplinks)"
      + enable_evpn_route_server = false
      + id                       = (known after apply)
      + macaddress               = (known after apply)
      + mainip                   = "172.16.6.6"
      + mgmtip                   = "172.16.7.46"
      + name                     = "sw-egg-frontend-leaf04"
      + nos                      = "cumulus_nvue"
      + portcount                = 64
      + profileid                = (known after apply)
      + role                     = "leaf"
      + siteid                   = (known after apply)
      + tenantid                 = 1
    }

  # netris_switch.switches["47"] will be created
  + resource "netris_switch" "switches" {
      + asnumber                 = "4200000047"
      + description              = "Frontend North-South Fabric — Leaf 05 (GPU In-Band Mgmt, Cluster Services & SoftGate Border Uplinks)"
      + enable_evpn_route_server = false
      + id                       = (known after apply)
      + macaddress               = (known after apply)
      + mainip                   = "172.16.6.7"
      + mgmtip                   = "172.16.7.47"
      + name                     = "sw-egg-frontend-leaf05"
      + nos                      = "cumulus_nvue"
      + portcount                = 64
      + profileid                = (known after apply)
      + role                     = "leaf"
      + siteid                   = (known after apply)
      + tenantid                 = 1
    }

  # netris_switch.switches["48"] will be created
  + resource "netris_switch" "switches" {
      + asnumber                 = "4200000048"
      + description              = "Frontend North-South Fabric — Leaf 06 (GPU In-Band Mgmt, Cluster Services & SoftGate Border Uplinks)"
      + enable_evpn_route_server = false
      + id                       = (known after apply)
      + macaddress               = (known after apply)
      + mainip                   = "172.16.6.8"
      + mgmtip                   = "172.16.7.48"
      + name                     = "sw-egg-frontend-leaf06"
      + nos                      = "cumulus_nvue"
      + portcount                = 64
      + profileid                = (known after apply)
      + role                     = "leaf"
      + siteid                   = (known after apply)
      + tenantid                 = 1
    }

  # netris_switch.switches["49"] will be created
  + resource "netris_switch" "switches" {
      + asnumber                 = "4200000049"
      + description              = "Out-of-Band (OOB) Management — Switch 01 (Dedicated 1G/10G Network for IPMI, BMC, Switch Consoles & Telemetry)"
      + enable_evpn_route_server = false
      + id                       = (known after apply)
      + macaddress               = (known after apply)
      + mainip                   = "172.16.6.9"
      + mgmtip                   = "172.16.7.49"
      + name                     = "sw-egg-oob-mgmt01"
      + nos                      = "cumulus_nvue"
      + portcount                = 48
      + profileid                = (known after apply)
      + role                     = "leaf"
      + siteid                   = (known after apply)
      + tenantid                 = 1
    }

  # netris_switch.switches["5"] will be created
  + resource "netris_switch" "switches" {
      + asnumber                 = "4200000005"
      + description              = "Backend Spectrum-X AI Fabric — Plane 1 Leaf 03 (Dedicated RoCE Compute Access Leaf for GPU Fleet)"
      + enable_evpn_route_server = false
      + id                       = (known after apply)
      + macaddress               = (known after apply)
      + mainip                   = "172.16.5.5"
      + mgmtip                   = "172.16.7.5"
      + name                     = "sw-egg-backend-plane1-leaf03"
      + nos                      = "cumulus_nvue"
      + portcount                = 64
      + profileid                = (known after apply)
      + role                     = "leaf"
      + siteid                   = (known after apply)
      + tenantid                 = 1
    }

  # netris_switch.switches["50"] will be created
  + resource "netris_switch" "switches" {
      + asnumber                 = "4200000050"
      + description              = "Out-of-Band (OOB) Management — Switch 02 (Dedicated 1G/10G Network for IPMI, BMC, Switch Consoles & Telemetry)"
      + enable_evpn_route_server = false
      + id                       = (known after apply)
      + macaddress               = (known after apply)
      + mainip                   = "172.16.6.10"
      + mgmtip                   = "172.16.7.50"
      + name                     = "sw-egg-oob-mgmt02"
      + nos                      = "cumulus_nvue"
      + portcount                = 48
      + profileid                = (known after apply)
      + role                     = "leaf"
      + siteid                   = (known after apply)
      + tenantid                 = 1
    }

  # netris_switch.switches["51"] will be created
  + resource "netris_switch" "switches" {
      + asnumber                 = "4200000051"
      + description              = "Out-of-Band (OOB) Management — Switch 03 (Dedicated 1G/10G Network for IPMI, BMC, Switch Consoles & Telemetry)"
      + enable_evpn_route_server = false
      + id                       = (known after apply)
      + macaddress               = (known after apply)
      + mainip                   = "172.16.6.11"
      + mgmtip                   = "172.16.7.51"
      + name                     = "sw-egg-oob-mgmt03"
      + nos                      = "cumulus_nvue"
      + portcount                = 48
      + profileid                = (known after apply)
      + role                     = "leaf"
      + siteid                   = (known after apply)
      + tenantid                 = 1
    }

  # netris_switch.switches["52"] will be created
  + resource "netris_switch" "switches" {
      + asnumber                 = "4200000052"
      + description              = "Out-of-Band (OOB) Management — Switch 04 (Dedicated 1G/10G Network for IPMI, BMC, Switch Consoles & Telemetry)"
      + enable_evpn_route_server = false
      + id                       = (known after apply)
      + macaddress               = (known after apply)
      + mainip                   = "172.16.6.12"
      + mgmtip                   = "172.16.7.52"
      + name                     = "sw-egg-oob-mgmt04"
      + nos                      = "cumulus_nvue"
      + portcount                = 48
      + profileid                = (known after apply)
      + role                     = "leaf"
      + siteid                   = (known after apply)
      + tenantid                 = 1
    }

  # netris_switch.switches["6"] will be created
  + resource "netris_switch" "switches" {
      + asnumber                 = "4200000006"
      + description              = "Backend Spectrum-X AI Fabric — Plane 1 Leaf 04 (Dedicated RoCE Compute Access Leaf for GPU Fleet)"
      + enable_evpn_route_server = false
      + id                       = (known after apply)
      + macaddress               = (known after apply)
      + mainip                   = "172.16.5.6"
      + mgmtip                   = "172.16.7.6"
      + name                     = "sw-egg-backend-plane1-leaf04"
      + nos                      = "cumulus_nvue"
      + portcount                = 64
      + profileid                = (known after apply)
      + role                     = "leaf"
      + siteid                   = (known after apply)
      + tenantid                 = 1
    }

  # netris_switch.switches["7"] will be created
  + resource "netris_switch" "switches" {
      + asnumber                 = "4200000007"
      + description              = "Backend Spectrum-X AI Fabric — Plane 1 Leaf 05 (Dedicated RoCE Compute Access Leaf for GPU Fleet)"
      + enable_evpn_route_server = false
      + id                       = (known after apply)
      + macaddress               = (known after apply)
      + mainip                   = "172.16.5.7"
      + mgmtip                   = "172.16.7.7"
      + name                     = "sw-egg-backend-plane1-leaf05"
      + nos                      = "cumulus_nvue"
      + portcount                = 64
      + profileid                = (known after apply)
      + role                     = "leaf"
      + siteid                   = (known after apply)
      + tenantid                 = 1
    }

  # netris_switch.switches["8"] will be created
  + resource "netris_switch" "switches" {
      + asnumber                 = "4200000008"
      + description              = "Backend Spectrum-X AI Fabric — Plane 1 Leaf 06 (Dedicated RoCE Compute Access Leaf for GPU Fleet)"
      + enable_evpn_route_server = false
      + id                       = (known after apply)
      + macaddress               = (known after apply)
      + mainip                   = "172.16.5.8"
      + mgmtip                   = "172.16.7.8"
      + name                     = "sw-egg-backend-plane1-leaf06"
      + nos                      = "cumulus_nvue"
      + portcount                = 64
      + profileid                = (known after apply)
      + role                     = "leaf"
      + siteid                   = (known after apply)
      + tenantid                 = 1
    }

  # netris_switch.switches["9"] will be created
  + resource "netris_switch" "switches" {
      + asnumber                 = "4200000009"
      + description              = "Backend Spectrum-X AI Fabric — Plane 1 Leaf 07 (Dedicated RoCE Compute Access Leaf for GPU Fleet)"
      + enable_evpn_route_server = false
      + id                       = (known after apply)
      + macaddress               = (known after apply)
      + mainip                   = "172.16.5.9"
      + mgmtip                   = "172.16.7.9"
      + name                     = "sw-egg-backend-plane1-leaf07"
      + nos                      = "cumulus_nvue"
      + portcount                = 64
      + profileid                = (known after apply)
      + role                     = "leaf"
      + siteid                   = (known after apply)
      + tenantid                 = 1
    }

  # netris_vnet.vnets["vnet-egg-inband-mgmt"] will be created
  + resource "netris_vnet" "vnets" {
      + id       = (known after apply)
      + ipfamily = "dual"
      + name     = "vnet-egg-inband-mgmt"
      + state    = "active"
      + tags     = (known after apply)
      + tenantid = 1
      + vlanid   = "100"
      + vxlanid  = (known after apply)

      + dhcprelay (known after apply)

      + dhcpv6relay (known after apply)

      + ipv6nd (known after apply)

      + sites {
          + id = (known after apply)
        }
    }

  # netris_vnet.vnets["vnet-egg-oob"] will be created
  + resource "netris_vnet" "vnets" {
      + id       = (known after apply)
      + ipfamily = "dual"
      + name     = "vnet-egg-oob"
      + state    = "active"
      + tags     = (known after apply)
      + tenantid = 1
      + vlanid   = "10"
      + vxlanid  = (known after apply)

      + dhcprelay (known after apply)

      + dhcpv6relay (known after apply)

      + ipv6nd (known after apply)

      + sites {
          + id = (known after apply)
        }
    }

  # netris_vnet.vnets["vnet-egg-storage"] will be created
  + resource "netris_vnet" "vnets" {
      + id       = (known after apply)
      + ipfamily = "dual"
      + name     = "vnet-egg-storage"
      + state    = "active"
      + tags     = (known after apply)
      + tenantid = 1
      + vlanid   = "200"
      + vxlanid  = (known after apply)

      + dhcprelay (known after apply)

      + dhcpv6relay (known after apply)

      + ipv6nd (known after apply)

      + sites {
          + id = (known after apply)
        }
    }

  # netris_vpc.inband_mgmt will be created
  + resource "netris_vpc" "inband_mgmt" {
      + id       = (known after apply)
      + name     = "egg-inband-mgmt"
      + tenantid = 1
    }

  # netris_vpc.oob_mgmt will be created
  + resource "netris_vpc" "oob_mgmt" {
      + id       = (known after apply)
      + name     = "egg-oob-mgmt"
      + tenantid = 1
    }

  # netris_vpc.storage will be created
  + resource "netris_vpc" "storage" {
      + id       = (known after apply)
      + name     = "egg-storage-vpc"
      + tenantid = 1
    }

Plan: 2178 to add, 0 to change, 0 to destroy.

✓ 'tofu plan' completed successfully.